52.04921, (6.113921, 2.655807, 5.389094), (-0.057406, 0.200098, -0.087349, 0.974185)
52.06329, (6.122781, 2.651285, 5.381410), (-0.058591, 0.199690, -0.088780, 0.974068)
52.07718, (6.134442, 2.648376, 5.371498), (-0.059168, 0.198899, -0.089231, 0.974154)
52.09093, (6.145636, 2.646405, 5.363457), (-0.060028, 0.199627, -0.089469, 0.973931)
52.10496, (6.158221, 2.643915, 5.356289), (-0.061715, 0.199911, -0.090038, 0.973715)
52.11876, (6.168213, 2.640527, 5.348786), (-0.063828, 0.200355, -0.090671, 0.973428)
52.13256, (6.177506, 2.636338, 5.343546), (-0.065932, 0.201457, -0.091981, 0.972938)
52.14655, (6.190116, 2.634196, 5.338623), (-0.066727, 0.201796, -0.092851, 0.972731)
52.1604, (6.201028, 2.630055, 5.335855), (-0.066855, 0.202430, -0.093364, 0.972541)
52.17442, (6.211797, 2.627000, 5.331042), (-0.067756, 0.202987, -0.094069, 0.972294)
52.18807, (6.221590, 2.626188, 5.331605), (-0.068109, 0.204158, -0.094420, 0.971990)
52.20211, (6.233419, 2.622980, 5.332282), (-0.069989, 0.204554, -0.094701, 0.971746)
52.21598, (6.244447, 2.620116, 5.329034), (-0.071185, 0.205073, -0.095319, 0.971490)
52.22982, (6.254211, 2.616837, 5.333440), (-0.072866, 0.205974, -0.096478, 0.971060)
52.24373, (6.262640, 2.611310, 5.335602), (-0.071925, 0.206945, -0.097290, 0.970843)
52.25775, (6.273677, 2.603203, 5.340962), (-0.071451, 0.207321, -0.098068, 0.970719)
52.27156, (6.284616, 2.596674, 5.345437), (-0.071292, 0.207844, -0.098796, 0.970545)
52.2854, (6.294432, 2.587526, 5.358005), (-0.071405, 0.207964, -0.100055, 0.970382)
52.29921, (6.303451, 2.580502, 5.368731), (-0.070686, 0.208616, -0.100835, 0.970214)
52.31318, (6.314168, 2.571970, 5.382105), (-0.069080, 0.208145, -0.100605, 0.970455)
52.32712, (6.324087, 2.561709, 5.394898), (-0.068637, 0.208101, -0.100498, 0.970507)
52.34092, (6.335132, 2.548702, 5.413109), (-0.067021, 0.207833, -0.100592, 0.970667)
52.35505, (6.345440, 2.535944, 5.431251), (-0.065710, 0.207961, -0.101369, 0.970649)
52.36884, (6.355358, 2.526160, 5.451041), (-0.062174, 0.207899, -0.103136, 0.970709)
52.38266, (6.364686, 2.515978, 5.469116), (-0.060131, 0.208063, -0.104286, 0.970680)
52.39659, (6.375607, 2.507447, 5.491002), (-0.057948, 0.208399, -0.105440, 0.970615)
52.41058, (6.385047, 2.499083, 5.511967), (-0.057322, 0.208835, -0.106125, 0.970484)
52.42455, (6.395036, 2.491632, 5.531459), (-0.057589, 0.208471, -0.106631, 0.970491)
52.43832, (6.402994, 2.481717, 5.549980), (-0.056064, 0.208679, -0.107025, 0.970493)
52.45238, (6.413980, 2.472315, 5.569580), (-0.054019, 0.208429, -0.107294, 0.970633)
52.46608, (6.425861, 2.465727, 5.589145), (-0.051772, 0.208658, -0.106191, 0.970827)
52.48005, (6.436306, 2.462620, 5.607038), (-0.051769, 0.208704, -0.105746, 0.970866)
52.49398, (6.448179, 2.461042, 5.624276), (-0.052095, 0.208574, -0.106570, 0.970786)
52.50793, (6.459595, 2.460198, 5.638709), (-0.052342, 0.208482, -0.107903, 0.970645)
52.52173, (6.468726, 2.452855, 5.651540), (-0.053206, 0.207713, -0.108328, 0.970716)
52.53558, (6.478902, 2.448062, 5.668152), (-0.052787, 0.207461, -0.108464, 0.970778)
52.54944, (6.488790, 2.446611, 5.681804), (-0.052814, 0.206846, -0.109712, 0.970767)
52.56334, (6.499209, 2.442263, 5.697717), (-0.052457, 0.206626, -0.110272, 0.970770)
52.57717, (6.510228, 2.444024, 5.711970), (-0.053377, 0.205022, -0.111132, 0.970962)
52.59117, (6.522917, 2.443695, 5.727708), (-0.054225, 0.204235, -0.111859, 0.970997)
52.60497, (6.534243, 2.442728, 5.743332), (-0.054244, 0.203785, -0.112276, 0.971043)
52.61904, (6.543013, 2.440206, 5.757061), (-0.054875, 0.202349, -0.112605, 0.971269)
52.6327, (6.551278, 2.437781, 5.769592), (-0.055397, 0.201755, -0.112479, 0.971378)
52.64661, (6.560841, 2.435673, 5.782122), (-0.055044, 0.201176, -0.112727, 0.971489)
52.66068, (6.571413, 2.434201, 5.796173), (-0.054912, 0.200403, -0.112640, 0.971666)
52.67458, (6.582002, 2.433436, 5.809286), (-0.053974, 0.199995, -0.112827, 0.971781)
52.68913, (6.589271, 2.433683, 5.821075), (-0.054130, 0.199626, -0.113515, 0.971768)
52.70271, (6.595684, 2.432288, 5.831647), (-0.054115, 0.199637, -0.114614, 0.971638)
52.71651, (6.600997, 2.429678, 5.840482), (-0.053615, 0.199340, -0.115049, 0.971675)
52.73035, (6.607463, 2.430912, 5.850448), (-0.053169, 0.199141, -0.114794, 0.971771)
52.74397, (6.613817, 2.432584, 5.860168), (-0.053449, 0.199133, -0.115297, 0.971698)
52.75827, (6.617503, 2.434951, 5.870914), (-0.054160, 0.199242, -0.115082, 0.971661)
52.7716, (6.622772, 2.435460, 5.881767), (-0.055379, 0.199188, -0.115716, 0.971528)
52.78571, (6.626060, 2.437159, 5.891632), (-0.056846, 0.198786, -0.115841, 0.971511)
52.79923, (6.628528, 2.439275, 5.902717), (-0.058226, 0.198195, -0.115323, 0.971612)
52.81323, (6.630970, 2.442309, 5.912143), (-0.059470, 0.197141, -0.114275, 0.971875)
52.82704, (6.630043, 2.446008, 5.921259), (-0.060441, 0.196151, -0.113694, 0.972083)
52.841, (6.629262, 2.449179, 5.930235), (-0.060561, 0.194518, -0.114156, 0.972350)
52.85503, (6.626629, 2.449917, 5.940236), (-0.060961, 0.193100, -0.113707, 0.972660)
52.86884, (6.625609, 2.449172, 5.949845), (-0.060604, 0.191344, -0.113300, 0.973077)
52.88267, (6.623294, 2.449859, 5.958876), (-0.060300, 0.189527, -0.112224, 0.973575)
52.89685, (6.619629, 2.452846, 5.968220), (-0.059535, 0.187321, -0.112064, 0.974068)
52.91068, (6.615759, 2.455755, 5.975588), (-0.059875, 0.184972, -0.112320, 0.974466)
52.92443, (6.613017, 2.458460, 5.984671), (-0.060028, 0.182940, -0.112797, 0.974785)
52.9384, (6.605369, 2.458991, 5.991860), (-0.060299, 0.181557, -0.113611, 0.974933)
52.95238, (6.600974, 2.460036, 5.997419), (-0.059593, 0.180270, -0.113990, 0.975171)
52.96659, (6.596211, 2.463236, 6.005306), (-0.059172, 0.179078, -0.113725, 0.975447)
52.98041, (6.590971, 2.464260, 6.011891), (-0.060073, 0.179006, -0.112286, 0.975572)
52.99408, (6.584675, 2.469838, 6.019053), (-0.060750, 0.178825, -0.111452, 0.975659)
53.00803, (6.578414, 2.473856, 6.026258), (-0.061368, 0.177897, -0.111214, 0.975817)
53.02206, (6.567789, 2.477006, 6.029302), (-0.062175, 0.177719, -0.111528, 0.975762)
53.03577, (6.559166, 2.478845, 6.033974), (-0.062298, 0.177061, -0.110896, 0.975946)
53.04957, (6.552513, 2.481066, 6.039388), (-0.062363, 0.176400, -0.110438, 0.976113)
53.06344, (6.542199, 2.483444, 6.043762), (-0.061978, 0.176396, -0.109301, 0.976267)
53.07711, (6.531372, 2.487030, 6.048882), (-0.062334, 0.176048, -0.108297, 0.976419)
53.0911, (6.520501, 2.492505, 6.053011), (-0.062426, 0.175422, -0.107530, 0.976610)
53.10493, (6.506975, 2.497429, 6.054637), (-0.062722, 0.174335, -0.107174, 0.976825)
53.11893, (6.491662, 2.501026, 6.057243), (-0.062945, 0.173029, -0.105677, 0.977206)
53.13278, (6.479174, 2.504927, 6.060070), (-0.063524, 0.171885, -0.103809, 0.977571)
53.14675, (6.465858, 2.509785, 6.062686), (-0.063666, 0.171039, -0.102513, 0.977846)
53.16058, (6.452426, 2.515312, 6.064403), (-0.063505, 0.169932, -0.101175, 0.978189)
53.17447, (6.437031, 2.520202, 6.065524), (-0.064079, 0.168342, -0.099686, 0.978580)
53.1885, (6.416571, 2.525854, 6.064413), (-0.063895, 0.165906, -0.098841, 0.979093)
53.20242, (6.398859, 2.529292, 6.064481), (-0.063713, 0.164244, -0.097954, 0.979474)
53.21625, (6.380225, 2.534236, 6.064961), (-0.063629, 0.163168, -0.096628, 0.979791)
53.23001, (6.362638, 2.539269, 6.064699), (-0.063785, 0.162166, -0.095443, 0.980063)
53.24386, (6.343604, 2.545395, 6.062964), (-0.063986, 0.161017, -0.094202, 0.980360)
53.25787, (6.321890, 2.551514, 6.062782), (-0.064160, 0.159753, -0.093532, 0.980619)
53.2721, (6.300839, 2.555356, 6.062126), (-0.063927, 0.157923, -0.092757, 0.981005)
53.28568, (6.277356, 2.561119, 6.060205), (-0.063281, 0.155431, -0.091321, 0.981579)
53.29948, (6.255906, 2.565985, 6.058795), (-0.063427, 0.153522, -0.089956, 0.981996)
53.31338, (6.229464, 2.573577, 6.056103), (-0.062916, 0.151548, -0.088765, 0.982444)
53.3274, (6.203032, 2.579978, 6.054599), (-0.063449, 0.150008, -0.087148, 0.982791)
53.34121, (6.176159, 2.585969, 6.053243), (-0.063568, 0.148155, -0.084930, 0.983258)
53.35549, (6.148905, 2.593212, 6.051462), (-0.063431, 0.146471, -0.083284, 0.983660)
53.36912, (6.116675, 2.601084, 6.047317), (-0.062557, 0.142082, -0.079811, 0.984647)
53.38289, (6.090063, 2.606084, 6.045392), (-0.062494, 0.139544, -0.078255, 0.985139)
53.3969, (6.058374, 2.613708, 6.041687), (-0.061397, 0.136363, -0.075112, 0.985897)
53.41066, (6.029531, 2.622739, 6.035441), (-0.061196, 0.134588, -0.072669, 0.986337)
53.4247, (5.999378, 2.633195, 6.030859), (-0.060661, 0.133618, -0.070335, 0.986671)
53.43858, (5.972908, 2.643574, 6.025286), (-0.059925, 0.134385, -0.067441, 0.986814)
53.45251, (5.947227, 2.654610, 6.019740), (-0.058880, 0.134814, -0.064635, 0.987006)
53.46635, (5.929253, 2.662567, 6.014385), (-0.059566, 0.136678, -0.061131, 0.986932)
53.48013, (5.905070, 2.670894, 6.009096), (-0.059605, 0.136907, -0.058318, 0.987068)
53.49398, (5.892147, 2.680372, 5.999009), (-0.060909, 0.143253, -0.055350, 0.986258)
53.50817, (5.868971, 2.688553, 5.992229), (-0.061101, 0.145390, -0.053527, 0.986034)
53.5219, (5.851613, 2.699637, 5.983574), (-0.062358, 0.150582, -0.052678, 0.985222)
53.53591, (5.829077, 2.710363, 5.976218), (-0.062602, 0.153244, -0.050492, 0.984910)
53.55014, (5.807698, 2.717024, 5.968461), (-0.063282, 0.155703, -0.049134, 0.984550)
53.56382, (5.786592, 2.724400, 5.962004), (-0.063294, 0.158156, -0.047048, 0.984260)
53.57763, (5.765034, 2.728008, 5.953918), (-0.063497, 0.160465, -0.044901, 0.983973)
53.59151, (5.738851, 2.735198, 5.946631), (-0.062976, 0.163108, -0.043425, 0.983638)
53.60548, (5.709204, 2.742268, 5.940723), (-0.062940, 0.165280, -0.041612, 0.983356)
53.61944, (5.682221, 2.750211, 5.934419), (-0.062751, 0.166691, -0.039422, 0.983220)
53.6331, (5.652486, 2.757527, 5.931053), (-0.062895, 0.168373, -0.037356, 0.983005)
53.64738, (5.619131, 2.763804, 5.927846), (-0.062690, 0.169595, -0.034190, 0.982924)
53.66075, (5.583650, 2.769142, 5.922770), (-0.062030, 0.170333, -0.031566, 0.982926)
53.67462, (5.547223, 2.774580, 5.917717), (-0.061316, 0.170436, -0.028812, 0.983037)
53.68852, (5.508952, 2.779521, 5.910809), (-0.060575, 0.171122, -0.025629, 0.983052)
53.70253, (5.472759, 2.788714, 5.902767), (-0.058440, 0.170777, -0.021839, 0.983333)
53.71643, (5.438149, 2.793936, 5.894671), (-0.058426, 0.170755, -0.018595, 0.983404)
53.7304, (5.400072, 2.805996, 5.886451), (-0.057884, 0.170400, -0.014245, 0.983570)
53.74418, (5.364929, 2.817414, 5.876265), (-0.058207, 0.169915, -0.011973, 0.983665)
53.75811, (5.328284, 2.832930, 5.864179), (-0.059182, 0.169222, -0.010098, 0.983748)
53.77196, (5.291196, 2.845095, 5.850596), (-0.060888, 0.169038, -0.007358, 0.983700)
53.7859, (5.255608, 2.860246, 5.834127), (-0.063553, 0.169670, -0.004319, 0.983440)
53.8001, (5.221035, 2.875726, 5.816345), (-0.065533, 0.170469, -0.002031, 0.983180)
53.81393, (5.185338, 2.888744, 5.801994), (-0.067043, 0.170798, 0.000790, 0.983022)
53.82777, (5.148611, 2.905482, 5.776930), (-0.072384, 0.173033, 0.001764, 0.982251)
53.84145, (5.110866, 2.921460, 5.754643), (-0.075920, 0.174550, 0.002815, 0.981713)
53.85535, (5.073375, 2.931799, 5.730659), (-0.079604, 0.176104, 0.003903, 0.981140)
53.86927, (5.035835, 2.942592, 5.706046), (-0.081199, 0.178343, 0.005842, 0.980595)
53.88306, (4.998122, 2.952890, 5.680017), (-0.083202, 0.180470, 0.008320, 0.980020)
53.89705, (4.958277, 2.964549, 5.655039), (-0.085467, 0.183091, 0.011617, 0.979305)
53.911, (4.920049, 2.977177, 5.630436), (-0.088242, 0.184807, 0.014084, 0.978704)
53.9248, (4.876734, 2.991309, 5.603592), (-0.090167, 0.187336, 0.017077, 0.978000)
53.93869, (4.835279, 3.001511, 5.576533), (-0.092621, 0.188824, 0.020280, 0.977423)
53.953, (4.793657, 3.009422, 5.547371), (-0.095579, 0.190306, 0.022447, 0.976803)
53.96664, (4.751129, 3.020154, 5.519642), (-0.097782, 0.192119, 0.025684, 0.976150)
53.9804, (4.708684, 3.029156, 5.483978), (-0.100301, 0.193747, 0.029127, 0.975476)
53.99426, (4.667191, 3.039695, 5.450722), (-0.102392, 0.195394, 0.032627, 0.974819)
54.00808, (4.623347, 3.045193, 5.414259), (-0.104570, 0.197963, 0.035195, 0.973980)
54.02206, (4.579473, 3.052737, 5.375708), (-0.105795, 0.201098, 0.037204, 0.973131)
54.03594, (4.536840, 3.059561, 5.339026), (-0.108176, 0.204150, 0.038759, 0.972172)
54.0499, (4.494972, 3.072550, 5.302424), (-0.110702, 0.207361, 0.039776, 0.971167)
54.06367, (4.450785, 3.079598, 5.265128), (-0.114419, 0.210379, 0.041392, 0.970018)
54.07762, (4.406659, 3.088219, 5.227757), (-0.116958, 0.213903, 0.042006, 0.968918)
54.09147, (4.362343, 3.094854, 5.189545), (-0.119744, 0.217252, 0.043653, 0.967759)
54.1058, (4.315195, 3.104725, 5.153207), (-0.120722, 0.220765, 0.044943, 0.966783)
54.11934, (4.270362, 3.112268, 5.116689), (-0.122591, 0.223168, 0.046546, 0.965920)
54.13321, (4.224029, 3.119792, 5.082311), (-0.125301, 0.225721, 0.048194, 0.964898)
54.14717, (4.175962, 3.125196, 5.046413), (-0.127529, 0.227826, 0.049644, 0.964037)
54.16119, (4.120085, 3.128340, 5.010847), (-0.129354, 0.229281, 0.050589, 0.963400)
54.17504, (4.071300, 3.134112, 4.975221), (-0.131419, 0.231006, 0.051506, 0.962659)
54.18905, (4.016544, 3.136852, 4.940701), (-0.131468, 0.231711, 0.052126, 0.962450)
54.20298, (3.966459, 3.140551, 4.904429), (-0.130701, 0.232911, 0.053485, 0.962190)
54.21673, (3.915951, 3.142866, 4.868538), (-0.129526, 0.234644, 0.054971, 0.961844)
54.23069, (3.863780, 3.139911, 4.837125), (-0.128908, 0.236719, 0.056162, 0.961349)
54.24461, (3.814034, 3.141592, 4.809298), (-0.129774, 0.238127, 0.056624, 0.960858)
54.25899, (3.763792, 3.142880, 4.780986), (-0.132658, 0.239275, 0.056399, 0.960192)
54.27242, (3.710702, 3.144909, 4.752150), (-0.134489, 0.239343, 0.056078, 0.959939)
54.28639, (3.658037, 3.144413, 4.725192), (-0.135174, 0.239439, 0.055468, 0.959854)
54.3004, (3.606523, 3.146454, 4.696552), (-0.135674, 0.240446, 0.056301, 0.959483)
54.31414, (3.554562, 3.149099, 4.673395), (-0.135525, 0.241155, 0.055820, 0.959355)
54.32804, (3.503625, 3.147531, 4.652908), (-0.135743, 0.242598, 0.054046, 0.959062)
54.3421, (3.452586, 3.149015, 4.627540), (-0.136306, 0.243766, 0.054018, 0.958687)
54.35665, (3.404026, 3.144614, 4.614631), (-0.137605, 0.244889, 0.052213, 0.958315)
54.3699, (3.346883, 3.140596, 4.595717), (-0.138510, 0.246185, 0.051589, 0.957886)
54.3838, (3.295425, 3.139018, 4.580491), (-0.138177, 0.246728, 0.051400, 0.957805)
54.39642, (3.250641, 3.138019, 4.571276), (-0.136458, 0.247549, 0.051368, 0.957841)
54.41032, (3.199219, 3.133056, 4.560937), (-0.135521, 0.248605, 0.050604, 0.957742)
54.42431, (3.147297, 3.127135, 4.554348), (-0.135007, 0.249994, 0.049450, 0.957513)
54.43845, (3.093800, 3.121125, 4.548821), (-0.132882, 0.251734, 0.048551, 0.957400)
54.45208, (3.044721, 3.115020, 4.544011), (-0.130553, 0.253210, 0.048069, 0.957356)
54.46597, (2.994848, 3.111192, 4.541798), (-0.129058, 0.254532, 0.048426, 0.957190)
54.47968, (2.943833, 3.106962, 4.539699), (-0.126912, 0.256176, 0.049077, 0.957005)
54.49377, (2.888367, 3.101465, 4.546931), (-0.124819, 0.258857, 0.048948, 0.956566)
54.50753, (2.834747, 3.094832, 4.550482), (-0.123628, 0.261337, 0.048275, 0.956080)
54.52146, (2.779320, 3.086628, 4.554649), (-0.122306, 0.264247, 0.047951, 0.955466)
54.53537, (2.726014, 3.078724, 4.561100), (-0.120506, 0.266646, 0.048580, 0.954997)
54.5494, (2.671844, 3.073038, 4.569860), (-0.117930, 0.268909, 0.050320, 0.954593)
54.56332, (2.619232, 3.065442, 4.578927), (-0.116418, 0.270537, 0.052183, 0.954219)
54.57714, (2.561893, 3.058147, 4.594419), (-0.115248, 0.273848, 0.053330, 0.953353)
54.59115, (2.505137, 3.052011, 4.606260), (-0.113350, 0.276064, 0.054442, 0.952878)
54.60487, (2.446017, 3.043383, 4.619485), (-0.112253, 0.278524, 0.056095, 0.952196)
54.61893, (2.386763, 3.034405, 4.638993), (-0.111084, 0.280094, 0.059097, 0.951691)
54.63262, (2.328247, 3.028721, 4.656912), (-0.109223, 0.281988, 0.060536, 0.951256)
54.64666, (2.269143, 3.019223, 4.677678), (-0.107808, 0.282992, 0.062649, 0.950983)
54.66054, (2.206695, 3.011543, 4.701154), (-0.106397, 0.284871, 0.063703, 0.950511)
54.67438, (2.142276, 2.996949, 4.726396), (-0.106220, 0.285994, 0.066018, 0.950035)
54.68823, (2.076400, 2.983351, 4.750902), (-0.104898, 0.287068, 0.069177, 0.949633)
54.70211, (2.011643, 2.969686, 4.779031), (-0.102640, 0.287585, 0.072979, 0.949439)
54.7159, (1.948910, 2.958601, 4.804098), (-0.100873, 0.289084, 0.075662, 0.948963)
54.72986, (1.889346, 2.944534, 4.833836), (-0.099398, 0.289685, 0.079610, 0.948612)
54.74397, (1.823772, 2.926983, 4.869903), (-0.097108, 0.290024, 0.083733, 0.948391)
54.75767, (1.760727, 2.909905, 4.901237), (-0.094783, 0.289748, 0.087992, 0.948325)
54.7715, (1.698153, 2.895845, 4.929994), (-0.093017, 0.290621, 0.091029, 0.947946)
54.78532, (1.635577, 2.881782, 4.958755), (-0.091249, 0.291490, 0.094064, 0.947554)
54.79941, (1.573003, 2.867720, 4.987516), (-0.089481, 0.292355, 0.097098, 0.947150)
54.81345, (1.510429, 2.853658, 5.016277), (-0.087711, 0.293216, 0.100131, 0.946734)
54.82736, (1.473376, 2.848941, 5.047126), (-0.071076, 0.283212, 0.115383, 0.949435)
54.84115, (1.415028, 2.836347, 5.076508), (-0.067602, 0.282646, 0.119873, 0.949301)
54.85501, (1.367113, 2.836007, 5.108715), (-0.068128, 0.280086, 0.121295, 0.949841)
54.86882, (1.311041, 2.825577, 5.138555), (-0.065228, 0.279224, 0.125332, 0.949774)
54.88274, (1.254961, 2.815146, 5.168398), (-0.062327, 0.278355, 0.129368, 0.949683)
54.8965, (1.198884, 2.804717, 5.198240), (-0.059424, 0.277479, 0.133399, 0.949568)
54.91051, (1.229173, 2.815831, 5.194907), (-0.067262, 0.281816, 0.135040, 0.947534)
54.92425, (1.192235, 2.806897, 5.217963), (-0.068167, 0.283218, 0.136761, 0.946804)
54.93812, (1.160540, 2.801152, 5.240054), (-0.067969, 0.283994, 0.137777, 0.946438)
54.95216, (1.135750, 2.791455, 5.256553), (-0.068169, 0.287844, 0.137697, 0.945272)
54.96582, (1.106468, 2.783667, 5.275918), (-0.067425, 0.289310, 0.139829, 0.944564)
54.97969, (1.082343, 2.778183, 5.292017), (-0.065181, 0.291892, 0.142074, 0.943592)
54.99383, (1.061144, 2.776386, 5.308497), (-0.063131, 0.292954, 0.145121, 0.942938)
55.00747, (1.044755, 2.774490, 5.322950), (-0.062289, 0.293297, 0.147994, 0.942441)
55.02149, (1.025694, 2.774831, 5.340003), (-0.062075, 0.294361, 0.150847, 0.941671)
55.03517, (1.013249, 2.775501, 5.352589), (-0.062858, 0.294146, 0.153813, 0.941206)
55.04903, (1.003843, 2.776437, 5.364799), (-0.063917, 0.294775, 0.155035, 0.940737)
55.06289, (0.993933, 2.777280, 5.375951), (-0.064003, 0.294993, 0.156889, 0.940356)
55.07685, (1.000426, 2.776985, 5.379545), (-0.064552, 0.296452, 0.156906, 0.939856)
55.09084, (0.998642, 2.775499, 5.387251), (-0.064254, 0.297657, 0.157451, 0.939405)
55.10486, (1.002220, 2.773947, 5.390578), (-0.062877, 0.299309, 0.156152, 0.939190)
55.11861, (1.007801, 2.772589, 5.394672), (-0.062035, 0.300940, 0.155066, 0.938904)
55.13248, (1.026289, 2.777206, 5.395069), (-0.060186, 0.301999, 0.152736, 0.939067)
55.14658, (1.035354, 2.780148, 5.398410), (-0.058949, 0.302948, 0.152429, 0.938889)
55.16025, (1.050812, 2.783791, 5.397899), (-0.057666, 0.303198, 0.151966, 0.938963)
55.1741, (1.074109, 2.792447, 5.392394), (-0.056245, 0.302757, 0.150491, 0.939429)
55.18797, (1.099651, 2.798034, 5.388246), (-0.056521, 0.302727, 0.148099, 0.939802)
55.20178, (1.124629, 2.803100, 5.382785), (-0.056429, 0.302783, 0.145824, 0.940146)
55.21565, (1.148045, 2.806746, 5.378334), (-0.056520, 0.303191, 0.143715, 0.940333)
55.22963, (1.187444, 2.813253, 5.358552), (-0.056628, 0.303843, 0.137299, 0.941075)
55.24345, (1.219966, 2.819639, 5.347600), (-0.056518, 0.304564, 0.133481, 0.941398)
55.2574, (1.262434, 2.828094, 5.330298), (-0.057815, 0.306662, 0.127622, 0.941450)
55.27121, (1.301801, 2.835881, 5.315854), (-0.058923, 0.308167, 0.123260, 0.941471)
55.28513, (1.344992, 2.845904, 5.299404), (-0.060323, 0.310645, 0.116791, 0.941393)
55.2991, (1.387079, 2.856960, 5.281289), (-0.060971, 0.313102, 0.111871, 0.941135)
55.31301, (1.436574, 2.865448, 5.257232), (-0.062005, 0.315034, 0.106964, 0.940993)
55.32677, (1.484539, 2.872633, 5.234741), (-0.062955, 0.316172, 0.102693, 0.941024)
55.34065, (1.535905, 2.883106, 5.208438), (-0.062708, 0.317228, 0.099955, 0.940980)
55.35453, (1.589447, 2.892035, 5.182922), (-0.062937, 0.317470, 0.095541, 0.941342)
55.3684, (1.644057, 2.899404, 5.153592), (-0.064115, 0.317552, 0.091457, 0.941640)
55.38235, (1.699590, 2.913598, 5.124187), (-0.063675, 0.317789, 0.085390, 0.942159)
55.39636, (1.756646, 2.926376, 5.088238), (-0.063641, 0.317623, 0.079745, 0.942712)
55.41049, (1.813334, 2.935185, 5.052108), (-0.065246, 0.317829, 0.073897, 0.943009)
55.42419, (1.871621, 2.947619, 5.017353), (-0.066682, 0.317275, 0.067528, 0.943573)
55.43803, (1.923966, 2.957892, 4.976236), (-0.069839, 0.317731, 0.059222, 0.943749)
55.45218, (1.972388, 2.975179, 4.935511), (-0.071916, 0.319845, 0.050291, 0.943397)
55.46575, (2.019906, 3.008523, 4.889948), (-0.075314, 0.322156, 0.038916, 0.942883)
55.47968, (2.050614, 3.029490, 4.833398), (-0.084340, 0.323217, 0.029935, 0.942083)
55.49364, (2.081847, 3.038870, 4.773840), (-0.096366, 0.320639, 0.025124, 0.941952)
55.50751, (2.126791, 3.055718, 4.726484), (-0.100983, 0.320890, 0.018116, 0.941544)
55.5214, (2.144476, 3.057449, 4.658641), (-0.106652, 0.316799, 0.019726, 0.942271)
55.53534, (2.168443, 3.057899, 4.594312), (-0.109619, 0.314243, 0.021506, 0.942747)
55.54936, (2.190530, 3.074855, 4.532061), (-0.113484, 0.314237, 0.022166, 0.942277)
55.56319, (2.209675, 3.091877, 4.469294), (-0.119549, 0.314069, 0.021575, 0.941596)
55.57725, (2.227977, 3.107812, 4.407174), (-0.126057, 0.312495, 0.020841, 0.941288)
55.59151, (2.240523, 3.122964, 4.345263), (-0.133453, 0.310241, 0.017609, 0.941080)
55.60515, (2.252061, 3.134395, 4.285085), (-0.142147, 0.307896, 0.014248, 0.940634)
55.61885, (2.259441, 3.145260, 4.222923), (-0.151474, 0.305297, 0.011099, 0.940067)
55.63285, (2.266176, 3.155890, 4.159434), (-0.159559, 0.303981, 0.008097, 0.939186)
55.64693, (2.273753, 3.164390, 4.089851), (-0.165889, 0.302425, 0.006611, 0.938604)
55.66087, (2.277387, 3.165965, 4.026026), (-0.172147, 0.301995, 0.004989, 0.937624)
55.67485, (2.278831, 3.172809, 3.963433), (-0.177832, 0.300757, 0.003790, 0.936967)
55.68868, (2.279023, 3.180951, 3.902320), (-0.184148, 0.299708, 0.001775, 0.936089)
55.70247, (2.272429, 3.183202, 3.845505), (-0.192300, 0.297118, -0.001640, 0.935275)
55.71669, (2.276195, 3.190216, 3.783041), (-0.199022, 0.295564, -0.004041, 0.934353)
55.73041, (2.268231, 3.191644, 3.726287), (-0.205886, 0.292391, -0.004428, 0.933863)
55.7443, (2.248543, 3.186060, 3.672233), (-0.208883, 0.289513, -0.001170, 0.934103)
55.75799, (2.242521, 3.190991, 3.613285), (-0.213766, 0.287457, -0.001295, 0.933633)
55.77215, (2.227639, 3.188355, 3.565110), (-0.218055, 0.284678, -0.001833, 0.933492)
55.7859, (2.211921, 3.184788, 3.520615), (-0.222351, 0.282076, -0.002447, 0.933267)
55.79977, (2.196470, 3.177449, 3.472542), (-0.226755, 0.279432, -0.002495, 0.933003)
55.81377, (2.179764, 3.172290, 3.427416), (-0.229101, 0.276195, -0.002099, 0.933394)
55.82783, (2.161047, 3.167732, 3.388319), (-0.231485, 0.273285, -0.001967, 0.933663)
55.84157, (2.149951, 3.166515, 3.341989), (-0.234662, 0.269696, -0.002913, 0.933911)
55.85561, (2.127708, 3.159168, 3.315580), (-0.236733, 0.266166, -0.002679, 0.934401)
55.86944, (2.109171, 3.154874, 3.280820), (-0.239738, 0.263845, -0.003806, 0.934290)
55.88338, (2.090772, 3.150469, 3.248201), (-0.242771, 0.261596, -0.003136, 0.934141)
55.89728, (2.071203, 3.141025, 3.218939), (-0.247330, 0.259939, -0.001992, 0.933411)
55.91132, (2.051124, 3.138403, 3.194442), (-0.250579, 0.259686, -0.000116, 0.932616)
55.92518, (2.031696, 3.137008, 3.167185), (-0.253750, 0.258973, 0.001112, 0.931957)
55.93941, (2.013012, 3.136476, 3.140165), (-0.257599, 0.257635, 0.002836, 0.931267)
55.95314, (1.989846, 3.132693, 3.123386), (-0.262978, 0.258055, 0.005025, 0.929637)
55.96685, (1.964597, 3.133289, 3.102913), (-0.266735, 0.258648, 0.007353, 0.928386)
55.98081, (1.946659, 3.129195, 3.076755), (-0.270877, 0.256910, 0.009110, 0.927653)
55.99465, (1.920012, 3.130122, 3.058349), (-0.276484, 0.258179, 0.013342, 0.925593)
56.00902, (1.893287, 3.129857, 3.040788), (-0.280660, 0.258892, 0.017157, 0.924073)
56.02258, (1.868537, 3.130583, 3.023198), (-0.284387, 0.258597, 0.021920, 0.922915)
56.03644, (1.839525, 3.133057, 3.008837), (-0.288206, 0.259158, 0.026530, 0.921450)
56.0503, (1.814240, 3.136196, 2.992196), (-0.292782, 0.259097, 0.032438, 0.919834)
56.06427, (1.782900, 3.135664, 2.979199), (-0.298371, 0.260754, 0.038670, 0.917326)
56.07845, (1.755098, 3.134331, 2.967360), (-0.303510, 0.261408, 0.045121, 0.915157)
56.09242, (1.725620, 3.136952, 2.955327), (-0.307018, 0.262513, 0.051406, 0.913337)
56.10626, (1.694771, 3.137418, 2.946513), (-0.311157, 0.263159, 0.058003, 0.911353)
56.12037, (1.661480, 3.136338, 2.937231), (-0.317115, 0.264435, 0.065236, 0.908436)
56.13407, (1.632967, 3.130941, 2.930605), (-0.322996, 0.264645, 0.072854, 0.905720)
56.14821, (1.603544, 3.126305, 2.927610), (-0.327881, 0.265885, 0.081200, 0.902888)
56.1619, (1.579085, 3.124568, 2.927657), (-0.331546, 0.266644, 0.089378, 0.900550)
56.17595, (1.555768, 3.125314, 2.928458), (-0.336044, 0.266791, 0.098103, 0.897927)
56.18974, (1.527931, 3.127974, 2.927674), (-0.342083, 0.267275, 0.105985, 0.894601)
56.20359, (1.503879, 3.126500, 2.929160), (-0.350070, 0.266427, 0.114596, 0.890694)
56.21753, (1.482458, 3.127781, 2.931207), (-0.354327, 0.266295, 0.122343, 0.888016)
56.23158, (1.464146, 3.128483, 2.936070), (-0.353341, 0.267224, 0.129599, 0.887100)
56.24548, (1.444900, 3.129178, 2.938493), (-0.353385, 0.267642, 0.136237, 0.885961)
56.25946, (1.437633, 3.125831, 2.946619), (-0.347232, 0.267888, 0.139708, 0.887777)
56.27335, (1.429673, 3.125218, 2.956353), (-0.345543, 0.268233, 0.141905, 0.887983)
56.28716, (1.423844, 3.125525, 2.966215), (-0.345996, 0.268584, 0.143405, 0.887460)
56.30112, (1.421632, 3.125604, 2.972784), (-0.344378, 0.269783, 0.143639, 0.887687)
56.315, (1.418077, 3.120148, 2.986647), (-0.342432, 0.271642, 0.141615, 0.888198)
56.32895, (1.415481, 3.116796, 2.997952), (-0.341079, 0.272194, 0.139952, 0.888813)
56.34285, (1.413934, 3.117262, 3.007500), (-0.339137, 0.272179, 0.138558, 0.889779)
56.35674, (1.418153, 3.119482, 3.019596), (-0.337130, 0.272421, 0.135946, 0.890870)
56.37061, (1.422559, 3.121140, 3.031050), (-0.335775, 0.273646, 0.135251, 0.891112)
56.38455, (1.429090, 3.122015, 3.042985), (-0.334079, 0.275440, 0.135953, 0.891090)
56.39848, (1.431702, 3.121762, 3.057989), (-0.333051, 0.277289, 0.134754, 0.891083)
56.41259, (1.437330, 3.124439, 3.070587), (-0.331916, 0.278842, 0.132858, 0.891307)
56.42641, (1.442491, 3.125627, 3.084200), (-0.331439, 0.280268, 0.132511, 0.891088)
56.44015, (1.451372, 3.133196, 3.102053), (-0.331244, 0.282627, 0.131440, 0.890575)
56.45408, (1.459018, 3.129963, 3.119030), (-0.329220, 0.284113, 0.131715, 0.890812)
56.46791, (1.466280, 3.124298, 3.138061), (-0.324455, 0.285498, 0.131667, 0.892123)
56.48185, (1.476134, 3.115337, 3.163477), (-0.317226, 0.287701, 0.130689, 0.894157)
56.49566, (1.491196, 3.108798, 3.190207), (-0.308345, 0.289531, 0.129854, 0.896791)
56.50959, (1.505859, 3.099462, 3.218123), (-0.297513, 0.291595, 0.128921, 0.899910)
56.52361, (1.519999, 3.086333, 3.253119), (-0.288067, 0.293569, 0.127071, 0.902601)
56.53755, (1.531028, 3.078400, 3.278175), (-0.282068, 0.295233, 0.126299, 0.904060)
56.55104, (1.548269, 3.068103, 3.312675), (-0.272752, 0.296419, 0.124247, 0.906810)
56.56504, (1.575542, 3.051986, 3.367614), (-0.256976, 0.296863, 0.118123, 0.912076)
56.57896, (1.590377, 3.041496, 3.399622), (-0.249051, 0.298216, 0.116379, 0.914055)
56.59278, (1.649436, 3.017638, 3.471832), (-0.210989, 0.300529, 0.105683, 0.924120)
56.60663, (1.688735, 2.997247, 3.516605), (-0.192841, 0.302346, 0.099197, 0.928202)
56.62045, (1.716511, 2.981077, 3.558307), (-0.179145, 0.303703, 0.095367, 0.930901)
56.63433, (1.759806, 2.965055, 3.607105), (-0.157190, 0.306351, 0.086170, 0.934888)
56.64808, (1.799751, 2.942921, 3.653035), (-0.139490, 0.308029, 0.077752, 0.937878)
56.66242, (1.841079, 2.923880, 3.697778), (-0.122347, 0.309375, 0.066637, 0.940680)
56.67578, (1.877903, 2.907904, 3.740998), (-0.106615, 0.310043, 0.059729, 0.942836)
56.6895, (1.915934, 2.890754, 3.786799), (-0.092886, 0.309969, 0.052223, 0.944756)
56.70313, (1.950965, 2.877870, 3.833305), (-0.077531, 0.310588, 0.045292, 0.946294)
56.71707, (1.988067, 2.864597, 3.874306), (-0.063300, 0.309751, 0.039686, 0.947878)
56.73083, (2.021382, 2.846476, 3.917781), (-0.050740, 0.309884, 0.035183, 0.948767)
56.74461, (2.056490, 2.836890, 3.958941), (-0.039449, 0.310250, 0.030702, 0.949340)
56.75868, (2.088917, 2.823485, 3.999830), (-0.028488, 0.311213, 0.027017, 0.949529)
56.77225, (2.123767, 2.820493, 4.039171), (-0.021599, 0.311895, 0.021047, 0.949638)
56.7863, (2.155304, 2.811606, 4.075797), (-0.014953, 0.312909, 0.014765, 0.949551)
56.79994, (2.185949, 2.804819, 4.112567), (-0.010906, 0.313783, 0.009771, 0.949382)
56.81368, (2.223827, 2.800690, 4.142056), (-0.006987, 0.315639, 0.007791, 0.948822)
56.82755, (2.258757, 2.798368, 4.166465), (-0.000973, 0.318119, 0.007101, 0.948024)
56.84138, (2.291420, 2.790928, 4.192672), (0.003662, 0.321443, 0.005994, 0.946903)
56.85501, (2.324190, 2.790133, 4.218592), (0.008111, 0.325474, 0.004356, 0.945506)
56.86873, (2.359676, 2.790784, 4.243497), (0.011219, 0.329400, 0.002627, 0.944120)
56.8826, (2.390251, 2.789720, 4.265946), (0.012247, 0.333216, 0.000487, 0.942771)
56.89651, (2.418785, 2.798536, 4.286721), (0.011560, 0.335675, -0.002126, 0.941905)
56.91071, (2.446749, 2.807001, 4.308083), (0.010947, 0.336111, -0.003141, 0.941754)
56.92428, (2.474267, 2.818391, 4.330300), (0.009966, 0.335599, -0.003507, 0.941946)
56.93814, (2.503771, 2.823005, 4.351452), (0.010503, 0.335829, -0.005520, 0.941848)
56.95197, (2.524296, 2.832302, 4.361449), (0.006649, 0.332461, -0.006959, 0.943068)
56.96587, (2.550124, 2.836933, 4.374769), (0.004511, 0.330863, -0.010012, 0.943615)
56.97973, (2.576418, 2.837979, 4.387780), (0.001633, 0.329823, -0.013129, 0.943950)
56.99374, (2.602383, 2.845714, 4.400230), (0.000176, 0.329161, -0.014801, 0.944158)
57.00771, (2.623221, 2.851146, 4.413786), (-0.001831, 0.329857, -0.016537, 0.943884)
57.02162, (2.645511, 2.859315, 4.421276), (-0.004588, 0.329386, -0.019016, 0.943993)
57.03516, (2.669587, 2.865179, 4.432241), (-0.007786, 0.329564, -0.022200, 0.943840)
57.04909, (2.694479, 2.871000, 4.440475), (-0.010949, 0.330335, -0.024383, 0.943485)
57.06292, (2.720448, 2.878335, 4.450695), (-0.014495, 0.332176, -0.026166, 0.942743)
57.07688, (2.746219, 2.886406, 4.459425), (-0.019359, 0.335380, -0.025245, 0.941546)
57.09087, (2.769873, 2.897159, 4.465474), (-0.023990, 0.336730, -0.023142, 0.941011)
57.10458, (2.791031, 2.906340, 4.475816), (-0.027846, 0.338048, -0.022510, 0.940448)
57.1185, (2.812186, 2.912490, 4.484567), (-0.033761, 0.338883, -0.019630, 0.940018)
57.13248, (2.838502, 2.914774, 4.494857), (-0.038731, 0.341298, -0.018089, 0.938983)
57.14614, (2.866950, 2.912668, 4.500237), (-0.043203, 0.343697, -0.015074, 0.937965)
57.16003, (2.892530, 2.911026, 4.507077), (-0.046029, 0.345497, -0.012776, 0.937203)
57.174, (2.914160, 2.902038, 4.512492), (-0.046287, 0.347856, -0.011693, 0.936332)
57.18795, (2.936846, 2.892793, 4.521475), (-0.046588, 0.350386, -0.010205, 0.935390)
57.20189, (2.964912, 2.888510, 4.528744), (-0.045441, 0.352370, -0.008585, 0.934718)
57.21594, (2.993956, 2.884638, 4.535568), (-0.044749, 0.353947, -0.005818, 0.934176)
57.22991, (3.020326, 2.880579, 4.545332), (-0.044129, 0.354832, -0.001624, 0.933887)
57.2439, (3.040853, 2.875822, 4.555937), (-0.043468, 0.355162, 0.001122, 0.933793)
57.25771, (3.056746, 2.869338, 4.567921), (-0.042833, 0.351862, 0.001123, 0.935071)
57.27176, (3.074989, 2.864870, 4.578327), (-0.041294, 0.348840, 0.000259, 0.936272)
57.28567, (3.094505, 2.859683, 4.586625), (-0.038487, 0.345382, -0.000208, 0.937673)
57.2993, (3.118729, 2.859367, 4.594430), (-0.034674, 0.341393, -0.000466, 0.939281)
57.31341, (3.140230, 2.854792, 4.608387), (-0.034472, 0.339748, -0.001036, 0.939884)
57.32713, (3.154772, 2.850857, 4.617624), (-0.035336, 0.336969, -0.002252, 0.940850)
57.34113, (3.165134, 2.847508, 4.626402), (-0.035788, 0.332965, -0.004292, 0.942250)
57.35496, (3.178401, 2.842880, 4.632866), (-0.034855, 0.326811, -0.005289, 0.944432)
57.36892, (3.194598, 2.839978, 4.641927), (-0.032554, 0.321165, -0.005845, 0.946446)
57.38276, (3.214696, 2.835710, 4.652341), (-0.031434, 0.315964, -0.005788, 0.948233)
57.39714, (3.234879, 2.840124, 4.665557), (-0.030378, 0.309529, -0.005628, 0.950388)
57.41061, (3.252412, 2.842530, 4.674630), (-0.029330, 0.304393, -0.007220, 0.952068)
57.42451, (3.271255, 2.842031, 4.687218), (-0.028236, 0.298765, -0.008716, 0.953869)
57.43838, (3.292140, 2.839404, 4.699606), (-0.027268, 0.293851, -0.010500, 0.955404)
57.45246, (3.324650, 2.822212, 4.720193), (-0.025830, 0.288087, -0.013490, 0.957161)
57.46613, (3.363889, 2.801133, 4.747965), (-0.023943, 0.280632, -0.016846, 0.959369)
57.4799, (3.389923, 2.793604, 4.769361), (-0.022012, 0.275215, -0.018572, 0.960951)
57.49383, (3.424714, 2.782512, 4.813235), (-0.017616, 0.264611, -0.026969, 0.963817)
57.50781, (3.457228, 2.772703, 4.846723), (-0.013960, 0.255978, -0.032826, 0.966024)
57.5217, (3.489992, 2.754555, 4.881894), (-0.011241, 0.248143, -0.036753, 0.967961)
57.53583, (3.529496, 2.733521, 4.920228), (-0.002618, 0.241126, -0.040463, 0.969647)
57.54941, (3.566794, 2.712541, 4.955572), (0.005317, 0.234177, -0.044442, 0.971163)
57.56324, (3.599528, 2.697487, 4.992264), (0.015572, 0.228903, -0.047340, 0.972173)
57.57702, (3.635679, 2.688099, 5.026222), (0.024885, 0.224377, -0.049789, 0.972911)
57.59102, (3.672346, 2.676964, 5.060564), (0.030421, 0.222019, -0.052207, 0.973168)
57.60476, (3.715477, 2.665939, 5.091906), (0.034090, 0.219903, -0.054737, 0.973388)
57.61873, (3.754442, 2.656565, 5.123109), (0.036924, 0.218668, -0.058085, 0.973369)
57.63245, (3.795881, 2.667471, 5.148932), (0.032855, 0.224185, -0.060735, 0.972097)
57.64622, (3.833154, 2.671443, 5.173940), (0.030893, 0.225823, -0.062992, 0.971639)
57.66015, (3.872723, 2.670891, 5.198071), (0.030832, 0.224754, -0.064794, 0.971770)
57.67403, (3.907132, 2.675887, 5.219781), (0.030809, 0.225422, -0.064256, 0.971652)
57.68785, (3.940830, 2.678078, 5.240803), (0.030797, 0.226228, -0.062574, 0.971575)
57.702, (3.977377, 2.679772, 5.263669), (0.030534, 0.226065, -0.061753, 0.971673)
57.71563, (4.012249, 2.687163, 5.286422), (0.028022, 0.226421, -0.059430, 0.971811)
57.72972, (4.044299, 2.691841, 5.306164), (0.024612, 0.225970, -0.058419, 0.972069)
57.74345, (4.075088, 2.695353, 5.323253), (0.021189, 0.225249, -0.057911, 0.972348)
57.75734, (4.106029, 2.698578, 5.339730), (0.018718, 0.224514, -0.057731, 0.972579)
57.77119, (4.131564, 2.697915, 5.348513), (0.016323, 0.223476, -0.056287, 0.972946)
57.7853, (4.157489, 2.700373, 5.358290), (0.017622, 0.222794, -0.055845, 0.973105)
57.79897, (4.182390, 2.700132, 5.366744), (0.018596, 0.221940, -0.056328, 0.973254)
57.81274, (4.209724, 2.700378, 5.377157), (0.018984, 0.220829, -0.055801, 0.973530)
57.82675, (4.237587, 2.700140, 5.386046), (0.017951, 0.221060, -0.054540, 0.973569)
57.84066, (4.263372, 2.703183, 5.392980), (0.014227, 0.221367, -0.053856, 0.973599)
57.8545, (4.288731, 2.703980, 5.399563), (0.010821, 0.220852, -0.053070, 0.973802)
57.86844, (4.312336, 2.702005, 5.402503), (0.008720, 0.220364, -0.051926, 0.973996)
57.88223, (4.338640, 2.702894, 5.409183), (0.007856, 0.219624, -0.050869, 0.974226)
57.89612, (4.367584, 2.700291, 5.409890), (0.009866, 0.219481, -0.047889, 0.974391)
57.91011, (4.394521, 2.701684, 5.413931), (0.009161, 0.219556, -0.046615, 0.974443)
57.92385, (4.422809, 2.705522, 5.414839), (0.006973, 0.219506, -0.046223, 0.974491)
57.93763, (4.450439, 2.707705, 5.415806), (0.004938, 0.219452, -0.046004, 0.974526)
57.95181, (4.480201, 2.708428, 5.407174), (0.000878, 0.220142, -0.049365, 0.974218)
57.96708, (4.508327, 2.708637, 5.405822), (-0.000833, 0.220572, -0.049817, 0.974097)
57.98242, (4.572405, 2.704939, 5.390700), (-0.000684, 0.222925, -0.052694, 0.973410)
57.99578, (4.601784, 2.705158, 5.387764), (-0.001859, 0.223244, -0.053069, 0.973315)
58.01151, (4.627347, 2.716377, 5.368276), (-0.002123, 0.224860, -0.056222, 0.972765)
58.02475, (4.654612, 2.721314, 5.356474), (-0.004635, 0.225423, -0.058079, 0.972517)
58.04004, (4.677400, 2.727993, 5.343676), (-0.009225, 0.225710, -0.061057, 0.972236)
58.05497, (4.701921, 2.734287, 5.329988), (-0.012699, 0.225416, -0.063546, 0.972105)
58.06998, (4.724396, 2.741128, 5.313002), (-0.014533, 0.224225, -0.065292, 0.972239)
58.08475, (4.745040, 2.746562, 5.296882), (-0.014875, 0.223488, -0.066619, 0.972314)
58.09935, (4.762642, 2.747036, 5.278202), (-0.016054, 0.221018, -0.065954, 0.972905)
58.11382, (4.783550, 2.752968, 5.262701), (-0.017690, 0.219772, -0.067356, 0.973062)
58.12822, (4.800359, 2.756612, 5.247058), (-0.018439, 0.219346, -0.069281, 0.973010)
58.14265, (4.816419, 2.754384, 5.230268), (-0.020357, 0.218918, -0.071543, 0.972904)
58.15688, (4.830207, 2.756380, 5.215865), (-0.020046, 0.219124, -0.073806, 0.972695)
58.17123, (4.846889, 2.756606, 5.200039), (-0.021333, 0.218523, -0.075420, 0.972679)
58.18482, (4.853415, 2.758994, 5.184865), (-0.020736, 0.218425, -0.076769, 0.972608)
58.19882, (4.863301, 2.760651, 5.169834), (-0.021696, 0.219602, -0.077862, 0.972235)
58.21286, (4.871922, 2.761908, 5.154715), (-0.021798, 0.220998, -0.078176, 0.971892)
58.22687, (4.880343, 2.761314, 5.138812), (-0.021770, 0.221398, -0.078774, 0.971753)
58.241, (4.873822, 2.757193, 5.126363), (-0.020990, 0.222167, -0.078524, 0.971615)
58.25501, (4.871939, 2.758205, 5.112911), (-0.019417, 0.221819, -0.078459, 0.971732)
58.26916, (4.868423, 2.759365, 5.101132), (-0.018218, 0.221255, -0.078036, 0.971918)
58.28293, (4.858392, 2.763772, 5.095249), (-0.017800, 0.219666, -0.076831, 0.972382)
58.29686, (4.851482, 2.766856, 5.087385), (-0.018935, 0.217845, -0.076193, 0.972821)
58.31086, (4.841842, 2.772740, 5.079434), (-0.020119, 0.215577, -0.075080, 0.973388)
58.32471, (4.835833, 2.776823, 5.070606), (-0.020850, 0.214654, -0.074649, 0.973610)
58.33853, (4.806096, 2.786431, 5.066717), (-0.021560, 0.206882, -0.071680, 0.975498)
58.35248, (4.792642, 2.791562, 5.057823), (-0.022080, 0.203785, -0.070364, 0.976234)
58.36635, (4.778506, 2.795923, 5.050654), (-0.023422, 0.200937, -0.068362, 0.976935)
58.38012, (4.764936, 2.803184, 5.043421), (-0.023376, 0.198277, -0.067099, 0.977567)
58.39392, (4.747900, 2.807100, 5.033240), (-0.023676, 0.195540, -0.065924, 0.978191)
58.40824, (4.729077, 2.811857, 5.024564), (-0.024015, 0.193547, -0.065119, 0.978633)
58.42243, (4.710928, 2.818946, 5.015611), (-0.022763, 0.191860, -0.066213, 0.978922)
58.43602, (4.690450, 2.825155, 5.004508), (-0.021965, 0.191179, -0.067009, 0.979019)
58.44987, (4.668752, 2.833575, 4.992920), (-0.021203, 0.191162, -0.067388, 0.979013)
58.46387, (4.646429, 2.839801, 4.980261), (-0.020567, 0.190287, -0.067589, 0.979183)
58.47769, (4.622005, 2.847015, 4.965573), (-0.019225, 0.188905, -0.067372, 0.979493)
58.49163, (4.593182, 2.853361, 4.949166), (-0.018224, 0.187693, -0.065492, 0.979872)
58.50544, (4.566771, 2.861500, 4.936589), (-0.017820, 0.185885, -0.064468, 0.980292)
58.51953, (4.536325, 2.870222, 4.925696), (-0.019029, 0.184029, -0.062938, 0.980719)
58.53332, (4.501588, 2.877008, 4.912908), (-0.021676, 0.183275, -0.062499, 0.980834)
58.54718, (4.469409, 2.883990, 4.899897), (-0.022847, 0.182727, -0.062000, 0.980941)
58.56105, (4.429526, 2.887146, 4.885902), (-0.025743, 0.182126, -0.059331, 0.981146)
58.57531, (4.398154, 2.893592, 4.872922), (-0.026540, 0.180965, -0.058345, 0.981399)
58.58891, (4.366778, 2.900038, 4.859942), (-0.027338, 0.179804, -0.057359, 0.981648)
58.60294, (4.329700, 2.904902, 4.847580), (-0.027993, 0.178595, -0.054789, 0.981997)
58.61667, (4.288327, 2.906877, 4.836671), (-0.028532, 0.177513, -0.052296, 0.982314)
58.63097, (4.222577, 2.897273, 4.828691), (-0.025256, 0.174662, -0.044828, 0.983283)
58.64468, (4.161458, 2.894175, 4.820621), (-0.021526, 0.171318, -0.039837, 0.984175)
58.65855, (4.103309, 2.896887, 4.811085), (-0.019061, 0.166099, -0.036081, 0.985264)
58.67245, (4.044649, 2.896513, 4.801958), (-0.017750, 0.159198, -0.031994, 0.986568)
58.68632, (3.986929, 2.895623, 4.793757), (-0.016174, 0.148687, -0.027720, 0.988363)
58.70033, (3.930052, 2.895720, 4.784112), (-0.014766, 0.137951, -0.023889, 0.990041)
58.71425, (3.867914, 2.897668, 4.776560), (-0.012892, 0.128358, -0.020647, 0.991429)
58.72803, (3.807965, 2.897269, 4.766574), (-0.011111, 0.115357, -0.017867, 0.993101)
58.74212, (3.741452, 2.894790, 4.754632), (-0.007915, 0.096382, -0.015138, 0.995198)
58.75605, (3.682735, 2.892636, 4.743812), (-0.006189, 0.083758, -0.011619, 0.996399)
58.77006, (3.619600, 2.893919, 4.730234), (-0.004563, 0.066106, -0.010604, 0.997746)
58.78408, (3.558253, 2.894882, 4.718120), (-0.004860, 0.051805, -0.010298, 0.998592)
58.79764, (3.495726, 2.893051, 4.703852), (-0.007180, 0.036093, -0.011842, 0.999253)
58.8116, (3.433779, 2.893463, 4.692192), (-0.006648, 0.023224, -0.010264, 0.999656)
58.82565, (3.375798, 2.888672, 4.671753), (-0.006740, 0.006614, -0.012360, 0.999879)
58.83949, (3.317122, 2.884560, 4.656426), (-0.006276, -0.007579, -0.011229, 0.999889)
58.85375, (3.263148, 2.885581, 4.641642), (-0.003412, -0.020694, -0.010667, 0.999723)
58.8675, (3.209748, 2.883099, 4.627141), (-0.003516, -0.032389, -0.010420, 0.999415)
58.88168, (3.153205, 2.885026, 4.614824), (-0.002305, -0.045189, -0.009606, 0.998930)
58.89568, (3.095273, 2.885793, 4.601911), (-0.002481, -0.057001, -0.008837, 0.998332)
58.90956, (3.047903, 2.883049, 4.594224), (-0.006913, -0.067854, -0.010777, 0.997613)
58.92355, (2.996995, 2.880546, 4.586346), (-0.004724, -0.079937, -0.009981, 0.996739)
58.93771, (2.948115, 2.875777, 4.575558), (-0.003648, -0.091372, -0.009171, 0.995768)
58.95166, (2.901050, 2.876495, 4.566737), (-0.002390, -0.101696, -0.008139, 0.994779)
58.96588, (2.854589, 2.876198, 4.560511), (-0.001811, -0.111665, -0.006832, 0.993721)
58.97947, (2.805969, 2.873588, 4.555560), (-0.000415, -0.121275, -0.005265, 0.992605)
58.99318, (2.756036, 2.869748, 4.550372), (0.000845, -0.132042, -0.003025, 0.991239)
59.00713, (2.710751, 2.869047, 4.547460), (0.003139, -0.143953, -0.001659, 0.989578)
59.02114, (2.664168, 2.867770, 4.544092), (0.005867, -0.155544, 0.001026, 0.987811)
59.03514, (2.617066, 2.861536, 4.539824), (0.009315, -0.166875, 0.004329, 0.985925)
59.04893, (2.571285, 2.856143, 4.539692), (0.014143, -0.178831, 0.007439, 0.983750)
59.06301, (2.523989, 2.846795, 4.537906), (0.020086, -0.189338, 0.012177, 0.981631)
59.07706, (2.486089, 2.836827, 4.539290), (0.029242, -0.200856, 0.017877, 0.979021)
59.09116, (2.444299, 2.825495, 4.543396), (0.035803, -0.211059, 0.022334, 0.976562)
59.10488, (2.406278, 2.818812, 4.550485), (0.043515, -0.221566, 0.025904, 0.973830)
59.11872, (2.371240, 2.802052, 4.563604), (0.053178, -0.227743, 0.029092, 0.971833)
59.1327, (2.336765, 2.786808, 4.579022), (0.062142, -0.234274, 0.032419, 0.969641)
59.1467, (2.306934, 2.770177, 4.590988), (0.069561, -0.237847, 0.035387, 0.968162)
59.16056, (2.277406, 2.759709, 4.607345), (0.078365, -0.242898, 0.039517, 0.966074)
59.17444, (2.252449, 2.741827, 4.627332), (0.086453, -0.246624, 0.045483, 0.964175)
59.18826, (2.223602, 2.723457, 4.645494), (0.093681, -0.251219, 0.049593, 0.962109)
59.20215, (2.198245, 2.705402, 4.666724), (0.100789, -0.255262, 0.051855, 0.960205)
59.21621, (2.172525, 2.690467, 4.684797), (0.106755, -0.259833, 0.054530, 0.958184)
59.23016, (2.153899, 2.679254, 4.703578), (0.113156, -0.263075, 0.054605, 0.956559)
59.24425, (2.132119, 2.661937, 4.721627), (0.120718, -0.267686, 0.056501, 0.954243)
59.25818, (2.112092, 2.644523, 4.742939), (0.126567, -0.272929, 0.057964, 0.951909)
59.27219, (2.090931, 2.627302, 4.762415), (0.132987, -0.277834, 0.060202, 0.949473)
59.28595, (2.077082, 2.606384, 4.780942), (0.139145, -0.282885, 0.061245, 0.947029)
59.30005, (2.058604, 2.593681, 4.795993), (0.144006, -0.287959, 0.061839, 0.944732)
59.31394, (2.042839, 2.582867, 4.816313), (0.149664, -0.294009, 0.061752, 0.941990)
59.32799, (2.030531, 2.573420, 4.836077), (0.153276, -0.299541, 0.061562, 0.939676)
59.34197, (2.019186, 2.560675, 4.856317), (0.158875, -0.304653, 0.062268, 0.937053)
59.35598, (2.008953, 2.544422, 4.871973), (0.163528, -0.309444, 0.063049, 0.934627)
59.36991, (2.003145, 2.529167, 4.887850), (0.169260, -0.313707, 0.063624, 0.932143)
59.38385, (1.998037, 2.512181, 4.904294), (0.173782, -0.318038, 0.063804, 0.929828)
59.39802, (1.989458, 2.497580, 4.924192), (0.177875, -0.322351, 0.064349, 0.927529)
59.41185, (1.981439, 2.482769, 4.940457), (0.181893, -0.326035, 0.064754, 0.925431)
59.42558, (1.978086, 2.469045, 4.956527), (0.187022, -0.330407, 0.065270, 0.922819)
59.43993, (1.977623, 2.458149, 4.971323), (0.192309, -0.333565, 0.066044, 0.920538)
59.45356, (1.973219, 2.448868, 4.988917), (0.196514, -0.335668, 0.066745, 0.918833)
59.46741, (1.970869, 2.438432, 5.008514), (0.198542, -0.337463, 0.066690, 0.917743)
59.48139, (1.971067, 2.431567, 5.030193), (0.202349, -0.340424, 0.067298, 0.915771)
59.49541, (1.971678, 2.420710, 5.048823), (0.204161, -0.343489, 0.067249, 0.914227)
59.50932, (1.970337, 2.408602, 5.068856), (0.205716, -0.346962, 0.067786, 0.912526)
59.52324, (1.967466, 2.400460, 5.089824), (0.207800, -0.350446, 0.068553, 0.910663)
59.53705, (1.965037, 2.390211, 5.109649), (0.210929, -0.353759, 0.069066, 0.908622)
59.55111, (1.964320, 2.376881, 5.126233), (0.212740, -0.356827, 0.068976, 0.907005)
59.56541, (1.958931, 2.372150, 5.149393), (0.215135, -0.360527, 0.068795, 0.904989)
59.57894, (1.960385, 2.359936, 5.169878), (0.216883, -0.363945, 0.067846, 0.903274)
59.5929, (1.960019, 2.352332, 5.191937), (0.220140, -0.367097, 0.067794, 0.901211)
59.60691, (1.958704, 2.345397, 5.211122), (0.222293, -0.369455, 0.067519, 0.899739)
59.62064, (1.958530, 2.341318, 5.238600), (0.224746, -0.370134, 0.066151, 0.898952)
59.63451, (1.960525, 2.333977, 5.263648), (0.225632, -0.371265, 0.065552, 0.898307)
59.64849, (1.962964, 2.328007, 5.295901), (0.226919, -0.371524, 0.064904, 0.897923)
59.66236, (1.964786, 2.321897, 5.328779), (0.226156, -0.369833, 0.064676, 0.898830)
59.6763, (1.965323, 2.318822, 5.360975), (0.226363, -0.368201, 0.064152, 0.899484)
59.69044, (1.970842, 2.316030, 5.397432), (0.226387, -0.364427, 0.062682, 0.901118)
59.70426, (1.975615, 2.310649, 5.433922), (0.227147, -0.361955, 0.062037, 0.901967)
59.71804, (1.984350, 2.299941, 5.471790), (0.227252, -0.356677, 0.062290, 0.904023)
59.7319, (1.992132, 2.289027, 5.507551), (0.228096, -0.352427, 0.062695, 0.905448)
59.74581, (1.999303, 2.276776, 5.545055), (0.231017, -0.348438, 0.062519, 0.906264)
59.7597, (2.007782, 2.263712, 5.580654), (0.233316, -0.344958, 0.062381, 0.907015)
59.77354, (2.018079, 2.250620, 5.618999), (0.236714, -0.340128, 0.061824, 0.907997)
59.78725, (2.028765, 2.241248, 5.658607), (0.239474, -0.335134, 0.061306, 0.909164)
59.80117, (2.038237, 2.232643, 5.698360), (0.241419, -0.329618, 0.060060, 0.910748)
59.81509, (2.049001, 2.225201, 5.743345), (0.243490, -0.322813, 0.058141, 0.912756)
59.82899, (2.061589, 2.218215, 5.788520), (0.245914, -0.315862, 0.055998, 0.914670)
59.84293, (2.076884, 2.214960, 5.838755), (0.247822, -0.309832, 0.053881, 0.916344)
59.85715, (2.090569, 2.213062, 5.885015), (0.249585, -0.303397, 0.052030, 0.918123)
59.87074, (2.112207, 2.223582, 5.937897), (0.251585, -0.295033, 0.046678, 0.920588)
59.88454, (2.139150, 2.230536, 5.989089), (0.252560, -0.286992, 0.040553, 0.923149)
59.89839, (2.173446, 2.228432, 6.041251), (0.253138, -0.278020, 0.031964, 0.926069)
59.91229, (2.208418, 2.222694, 6.084542), (0.253553, -0.266960, 0.024488, 0.929432)
59.92622, (2.241014, 2.222760, 6.127845), (0.255478, -0.257990, 0.020162, 0.931539)
59.94007, (2.277265, 2.217364, 6.163878), (0.256977, -0.248208, 0.017431, 0.933837)
59.9542, (2.309752, 2.211219, 6.207795), (0.258291, -0.239095, 0.014196, 0.935905)
59.96782, (2.336520, 2.209027, 6.251102), (0.258982, -0.230889, 0.012446, 0.937797)
59.9816, (2.363865, 2.204202, 6.289017), (0.258753, -0.223574, 0.009946, 0.939661)
59.9954, (2.388305, 2.198462, 6.325753), (0.259336, -0.216315, 0.008018, 0.941216)
60.00933, (2.415825, 2.192154, 6.362766), (0.260496, -0.209895, 0.004977, 0.942370)
60.02299, (2.441474, 2.182573, 6.397747), (0.261348, -0.202509, 0.002275, 0.943760)
60.0369, (2.469208, 2.173327, 6.435675), (0.262318, -0.196358, 0.000549, 0.944792)
60.05081, (2.495934, 2.163634, 6.470747), (0.263654, -0.189932, -0.001858, 0.945732)
60.06451, (2.521638, 2.153730, 6.500977), (0.264342, -0.184136, -0.003555, 0.946681)
60.07859, (2.548366, 2.144159, 6.532189), (0.266144, -0.179004, -0.005850, 0.947149)
60.09227, (2.574903, 2.132782, 6.562047), (0.267942, -0.174642, -0.007437, 0.947445)
60.10597, (2.599747, 2.122391, 6.591372), (0.270157, -0.170108, -0.008673, 0.947630)
60.11975, (2.623219, 2.114891, 6.622234), (0.271842, -0.166655, -0.008812, 0.947761)
60.13378, (2.645789, 2.107840, 6.650912), (0.273012, -0.163171, -0.010718, 0.948011)
60.1476, (2.663872, 2.105870, 6.679413), (0.274168, -0.160249, -0.013004, 0.948147)
60.16156, (2.687257, 2.101631, 6.707632), (0.274507, -0.157847, -0.016046, 0.948405)
60.17522, (2.710053, 2.099206, 6.731595), (0.275273, -0.155108, -0.019701, 0.948566)
60.18922, (2.732223, 2.095977, 6.745935), (0.276033, -0.153405, -0.020832, 0.948598)
60.20343, (2.752827, 2.092125, 6.763299), (0.277031, -0.151639, -0.020808, 0.948592)
60.21691, (2.776124, 2.085687, 6.782349), (0.277835, -0.150187, -0.022243, 0.948555)
60.23071, (2.792447, 2.085313, 6.799857), (0.278859, -0.150684, -0.021346, 0.948196)
60.24453, (2.813500, 2.082655, 6.815795), (0.279449, -0.150232, -0.021355, 0.948094)
60.25836, (2.833081, 2.079877, 6.830745), (0.280444, -0.148465, -0.021129, 0.948084)
60.27222, (2.854221, 2.076669, 6.843841), (0.280312, -0.146556, -0.021226, 0.948418)
60.28613, (2.871303, 2.075012, 6.855912), (0.281454, -0.144414, -0.021152, 0.948410)
60.30013, (2.888237, 2.072136, 6.867299), (0.281862, -0.142408, -0.021904, 0.948575)
60.31393, (2.905349, 2.069896, 6.876047), (0.282179, -0.141158, -0.022628, 0.948650)
60.32773, (2.921978, 2.067314, 6.882037), (0.282949, -0.140771, -0.023160, 0.948466)
60.34174, (2.938964, 2.065120, 6.889746), (0.284055, -0.139299, -0.023648, 0.948340)
60.35564, (2.954520, 2.061150, 6.892266), (0.285093, -0.140069, -0.023580, 0.947917)
60.36935, (2.969589, 2.058833, 6.896770), (0.285888, -0.139059, -0.023737, 0.947822)
60.38328, (2.985981, 2.057353, 6.898421), (0.286072, -0.138392, -0.024107, 0.947855)
60.39721, (3.001070, 2.057703, 6.900438), (0.286574, -0.137543, -0.024945, 0.947805)
60.41113, (3.014050, 2.057368, 6.898572), (0.286100, -0.137423, -0.026357, 0.947928)
60.42497, (3.027169, 2.056198, 6.898329), (0.286336, -0.136621, -0.027140, 0.947951)
60.43904, (3.039990, 2.053901, 6.892984), (0.285841, -0.136853, -0.028301, 0.948032)
60.4529, (3.051856, 2.056111, 6.888206), (0.286111, -0.136165, -0.028995, 0.948029)
60.46697, (3.064036, 2.058014, 6.880126), (0.286220, -0.135457, -0.030192, 0.948060)
60.48106, (3.074830, 2.061273, 6.871314), (0.285774, -0.134947, -0.030984, 0.948242)
60.49454, (3.084407, 2.063651, 6.862706), (0.284998, -0.134185, -0.032018, 0.948549)
60.50847, (3.093626, 2.066536, 6.851853), (0.284165, -0.133348, -0.033087, 0.948880)
60.52228, (3.104222, 2.070098, 6.842665), (0.283806, -0.132319, -0.033937, 0.949102)
60.53611, (3.113556, 2.078439, 6.822433), (0.282622, -0.131013, -0.034325, 0.949622)
60.55001, (3.122381, 2.085406, 6.806114), (0.281805, -0.129627, -0.034533, 0.950048)
60.56395, (3.130903, 2.094567, 6.785618), (0.280584, -0.128079, -0.034723, 0.950612)
60.57785, (3.138596, 2.104223, 6.762952), (0.279267, -0.126140, -0.034735, 0.951258)
60.59172, (3.145572, 2.116659, 6.737498), (0.277535, -0.124188, -0.034643, 0.952025)
60.6059, (3.152350, 2.130135, 6.713917), (0.276277, -0.122366, -0.034323, 0.952638)
60.61951, (3.159097, 2.139976, 6.689646), (0.274337, -0.120705, -0.034695, 0.953397)
60.63343, (3.161583, 2.159512, 6.658736), (0.270266, -0.119974, -0.034203, 0.954669)
60.64738, (3.165233, 2.175938, 6.624655), (0.266661, -0.118897, -0.034758, 0.955797)
60.66127, (3.169058, 2.192575, 6.587629), (0.263146, -0.118754, -0.034179, 0.956809)
60.6751, (3.171323, 2.209442, 6.551368), (0.259665, -0.118002, -0.033700, 0.957869)
60.68896, (3.176191, 2.224859, 6.515211), (0.256072, -0.117132, -0.033782, 0.958940)
60.70274, (3.179536, 2.241012, 6.474133), (0.252117, -0.116648, -0.033512, 0.960056)
60.71671, (3.184610, 2.257488, 6.434376), (0.249153, -0.116201, -0.033801, 0.960873)
60.73061, (3.184620, 2.272574, 6.387215), (0.245403, -0.115115, -0.033663, 0.961973)
60.74453, (3.188210, 2.286161, 6.343594), (0.242070, -0.114878, -0.034029, 0.962833)
60.75844, (3.190622, 2.301874, 6.299620), (0.238899, -0.114625, -0.033583, 0.963670)
60.77238, (3.193597, 2.318286, 6.252677), (0.235827, -0.114331, -0.032871, 0.964486)
60.78606, (3.193832, 2.332777, 6.201158), (0.232033, -0.113238, -0.032122, 0.965560)
60.80002, (3.197611, 2.347014, 6.153056), (0.228357, -0.113365, -0.031969, 0.966426)
60.81385, (3.198170, 2.360651, 6.103184), (0.224762, -0.112863, -0.032313, 0.967316)
60.82787, (3.197642, 2.375011, 6.053930), (0.221885, -0.113205, -0.032246, 0.967942)
60.84173, (3.197522, 2.388651, 6.000189), (0.218983, -0.112991, -0.032231, 0.968628)
60.85605, (3.198104, 2.401689, 5.946284), (0.215911, -0.113110, -0.032115, 0.969308)
60.86954, (3.200055, 2.412193, 5.893941), (0.212991, -0.114302, -0.032095, 0.969814)
60.88336, (3.199988, 2.425244, 5.841731), (0.210130, -0.114705, -0.032327, 0.970383)
60.89736, (3.196339, 2.437230, 5.786908), (0.207170, -0.115851, -0.031988, 0.970895)
60.91119, (3.196339, 2.449337, 5.732750), (0.204291, -0.116159, -0.032394, 0.971454)
60.92511, (3.197661, 2.462195, 5.678227), (0.202124, -0.117667, -0.031670, 0.971750)
60.93895, (3.197353, 2.472649, 5.623416), (0.198825, -0.118667, -0.031198, 0.972324)
60.95284, (3.196777, 2.484684, 5.571809), (0.195802, -0.119705, -0.030513, 0.972832)
60.96674, (3.195192, 2.495730, 5.515670), (0.192463, -0.120210, -0.030215, 0.973445)
60.98106, (3.195836, 2.505341, 5.464031), (0.190366, -0.121162, -0.030598, 0.973727)
60.99475, (3.196519, 2.516388, 5.409722), (0.187899, -0.121341, -0.030396, 0.974190)
61.00846, (3.198029, 2.526381, 5.356516), (0.185201, -0.121713, -0.030511, 0.974657)
61.02236, (3.197560, 2.537442, 5.308448), (0.182369, -0.120719, -0.030256, 0.975322)
61.03614, (3.197343, 2.549609, 5.258389), (0.180002, -0.120480, -0.030305, 0.975790)
61.05008, (3.199321, 2.561543, 5.211421), (0.176604, -0.119574, -0.029937, 0.976533)
61.06387, (3.199880, 2.573320, 5.162823), (0.172497, -0.118075, -0.029443, 0.977464)
61.07806, (3.200649, 2.585810, 5.117268), (0.167647, -0.115982, -0.029308, 0.978562)
61.09186, (3.201190, 2.602569, 5.073884), (0.163339, -0.113538, -0.029863, 0.979560)
61.10603, (3.200910, 2.617233, 5.029946), (0.156786, -0.111338, -0.029509, 0.980893)
61.11961, (3.200949, 2.633246, 4.985189), (0.149997, -0.108825, -0.029695, 0.982230)
61.13352, (3.203717, 2.653129, 4.945404), (0.144322, -0.106516, -0.030108, 0.983320)
61.14732, (3.203359, 2.673745, 4.902886), (0.135273, -0.102434, -0.029203, 0.985066)
61.16127, (3.203085, 2.693052, 4.860951), (0.128783, -0.099824, -0.028641, 0.986220)
61.17507, (3.204105, 2.707424, 4.819953), (0.120396, -0.096856, -0.029604, 0.987546)
61.18893, (3.200402, 2.723746, 4.779059), (0.113953, -0.094289, -0.030317, 0.988537)
61.20288, (3.195896, 2.741709, 4.740350), (0.107962, -0.092005, -0.031192, 0.989397)
61.21675, (3.191489, 2.754433, 4.704171), (0.101190, -0.089767, -0.031876, 0.990296)
61.23102, (3.186842, 2.761511, 4.666885), (0.095394, -0.087766, -0.032224, 0.991039)
61.24455, (3.178967, 2.770060, 4.629885), (0.091787, -0.085515, -0.031213, 0.991609)
61.25834, (3.168946, 2.773812, 4.596703), (0.089848, -0.084503, -0.030288, 0.991902)
61.27211, (3.158898, 2.779400, 4.565955), (0.086881, -0.084081, -0.029578, 0.992223)
61.28595, (3.153398, 2.785901, 4.537335), (0.083044, -0.084274, -0.029756, 0.992530)
61.29987, (3.142711, 2.795066, 4.519995), (0.081043, -0.085130, -0.029728, 0.992623)
61.31371, (3.128249, 2.805121, 4.502820), (0.077894, -0.084862, -0.029645, 0.992901)
61.3274, (3.118707, 2.814045, 4.474826), (0.073963, -0.083960, -0.029524, 0.993282)
61.34148, (3.110320, 2.813641, 4.459900), (0.071262, -0.084643, -0.029830, 0.993412)
61.35559, (3.106740, 2.806044, 4.446369), (0.071991, -0.084267, -0.027486, 0.993459)
61.36909, (3.098190, 2.810141, 4.423491), (0.069032, -0.083624, -0.027031, 0.993736)
61.38299, (3.092488, 2.806892, 4.410101), (0.071398, -0.080527, -0.024048, 0.993901)
61.39692, (3.084733, 2.809688, 4.393658), (0.070516, -0.079034, -0.022102, 0.994129)
61.41092, (3.077522, 2.813902, 4.384410), (0.069774, -0.076244, -0.022507, 0.994390)
61.42472, (3.069900, 2.818593, 4.377535), (0.068128, -0.072745, -0.023651, 0.994740)
61.43867, (3.062725, 2.821409, 4.366925), (0.066288, -0.070239, -0.024064, 0.995034)
61.45267, (3.056072, 2.824194, 4.353996), (0.064642, -0.068802, -0.023924, 0.995246)
61.46668, (3.047548, 2.825965, 4.339235), (0.063934, -0.067996, -0.023603, 0.995355)
61.48053, (3.037839, 2.824320, 4.326175), (0.062737, -0.067521, -0.023144, 0.995475)
61.4947, (3.027047, 2.824827, 4.314289), (0.062670, -0.068972, -0.022276, 0.995399)
61.50842, (3.017431, 2.825507, 4.299984), (0.061643, -0.068919, -0.021778, 0.995478)
61.52225, (3.003173, 2.827770, 4.285263), (0.061855, -0.073034, -0.021235, 0.995183)
61.53608, (2.991153, 2.829429, 4.270671), (0.060990, -0.076016, -0.020583, 0.995027)
61.54995, (2.979470, 2.831925, 4.257945), (0.060262, -0.079091, -0.020392, 0.994835)
61.56364, (2.965589, 2.842866, 4.248115), (0.059341, -0.084946, -0.019628, 0.994423)
61.5776, (2.953376, 2.851083, 4.237918), (0.057402, -0.087719, -0.019995, 0.994289)
61.59151, (2.946038, 2.858515, 4.228162), (0.053736, -0.091242, -0.021474, 0.994146)
61.60543, (2.938237, 2.865957, 4.219073), (0.049236, -0.094073, -0.022565, 0.994091)
61.61929, (2.929152, 2.870265, 4.207191), (0.046313, -0.096484, -0.023113, 0.993988)
61.63378, (2.924962, 2.875134, 4.196959), (0.042944, -0.099774, -0.023108, 0.993814)
61.6474, (2.917314, 2.878134, 4.185194), (0.039919, -0.102210, -0.023636, 0.993681)
61.66114, (2.910867, 2.881978, 4.175495), (0.036248, -0.103608, -0.022748, 0.993697)
61.67512, (2.903347, 2.885405, 4.164123), (0.032797, -0.105798, -0.022274, 0.993597)
61.68904, (2.896419, 2.891743, 4.156567), (0.031310, -0.106273, -0.020738, 0.993628)
61.70314, (2.887891, 2.894194, 4.145202), (0.028494, -0.108312, -0.020471, 0.993498)
61.71693, (2.880730, 2.898846, 4.135260), (0.026386, -0.111914, -0.019541, 0.993175)
61.7308, (2.871290, 2.901474, 4.124989), (0.023342, -0.116154, -0.018475, 0.992785)
61.74463, (2.858672, 2.909728, 4.116933), (0.020575, -0.121642, -0.016965, 0.992216)
61.75898, (2.851516, 2.914035, 4.107491), (0.017343, -0.126480, -0.016263, 0.991684)
61.7725, (2.828512, 2.929343, 4.095912), (0.012615, -0.142811, -0.014526, 0.989563)
61.78637, (2.813045, 2.937330, 4.086103), (0.008227, -0.153544, -0.014046, 0.988008)
61.80016, (2.794055, 2.943543, 4.075017), (0.002235, -0.170372, -0.013545, 0.985284)
61.81405, (2.779454, 2.952694, 4.067329), (-0.001468, -0.183934, -0.012460, 0.982859)
61.82787, (2.762428, 2.958596, 4.056479), (-0.007123, -0.198721, -0.012531, 0.979950)
61.84175, (2.743818, 2.971981, 4.044966), (-0.011318, -0.212319, -0.013341, 0.977044)
61.85571, (2.726917, 2.981172, 4.033617), (-0.015089, -0.226580, -0.014164, 0.973773)
61.86967, (2.712586, 2.988371, 4.022883), (-0.019260, -0.239115, -0.014041, 0.970699)
61.88373, (2.686351, 2.989290, 4.012626), (-0.020237, -0.256169, -0.015222, 0.966300)
61.89813, (2.667085, 2.992402, 4.002271), (-0.022382, -0.272774, -0.015920, 0.961686)
61.91163, (2.646546, 2.994953, 3.990348), (-0.026140, -0.286867, -0.015920, 0.957482)
61.92553, (2.627463, 3.000236, 3.979779), (-0.029480, -0.300060, -0.016068, 0.953329)
61.93973, (2.608379, 3.005517, 3.969210), (-0.032814, -0.313192, -0.016212, 0.948984)
61.95358, (2.583079, 3.009791, 3.956223), (-0.034590, -0.336368, -0.014344, 0.940986)
61.9677, (2.562906, 3.014748, 3.945153), (-0.037724, -0.350633, -0.014199, 0.935645)
61.98161, (2.542731, 3.019706, 3.934082), (-0.040848, -0.364815, -0.014051, 0.930078)
61.99566, (2.522558, 3.024663, 3.923011), (-0.043963, -0.378907, -0.013900, 0.924285)
62.00945, (2.506260, 3.023479, 3.890598), (-0.040291, -0.401780, -0.013252, 0.914754)
62.0236, (2.494556, 3.031083, 3.883365), (-0.036270, -0.419253, -0.011709, 0.907069)
62.03776, (2.501875, 3.027053, 3.897516), (-0.030662, -0.420952, -0.004403, 0.906554)
62.0517, (2.486781, 3.031054, 3.889112), (-0.031448, -0.433875, -0.003414, 0.900418)
62.06574, (2.478134, 3.037961, 3.889891), (-0.031105, -0.440514, -0.003905, 0.897198)
62.0796, (2.470894, 3.041039, 3.884492), (-0.032014, -0.448759, -0.001660, 0.893078)
62.09362, (2.460804, 3.045664, 3.881185), (-0.032578, -0.457498, 0.000381, 0.888614)
62.10744, (2.450369, 3.049883, 3.881174), (-0.033883, -0.464013, 0.001826, 0.885179)
62.12133, (2.440116, 3.054694, 3.884900), (-0.034251, -0.470669, 0.003504, 0.881638)
62.13536, (2.432093, 3.056889, 3.888074), (-0.034859, -0.477587, 0.005396, 0.877876)
62.14923, (2.423194, 3.058162, 3.893433), (-0.035673, -0.483519, 0.006881, 0.874580)
62.16305, (2.412048, 3.058672, 3.894661), (-0.036889, -0.490549, 0.008146, 0.870594)
62.17703, (2.401806, 3.061627, 3.896205), (-0.037645, -0.498463, 0.009588, 0.866040)
62.19135, (2.391565, 3.064581, 3.897751), (-0.038398, -0.506333, 0.011029, 0.861412)
62.20485, (2.379247, 3.068941, 3.904533), (-0.038719, -0.510527, 0.013625, 0.858881)
62.21868, (2.368660, 3.072106, 3.907021), (-0.039417, -0.517893, 0.015207, 0.854401)
62.23288, (2.358995, 3.075581, 3.915878), (-0.038447, -0.521348, 0.015498, 0.852337)
62.24662, (2.348503, 3.078787, 3.919278), (-0.038961, -0.528240, 0.016942, 0.848032)
62.26066, (2.329763, 3.039697, 3.943939), (-0.020227, -0.517520, 0.014547, 0.855308)
62.27461, (2.314683, 3.036679, 3.951164), (-0.017502, -0.519969, 0.014394, 0.853884)
62.28853, (2.304630, 3.031912, 3.958537), (-0.014478, -0.522298, 0.013614, 0.852532)
62.30237, (2.294736, 3.025635, 3.967312), (-0.012351, -0.525680, 0.014052, 0.850477)
62.31639, (2.285418, 3.018285, 3.976893), (-0.010916, -0.528336, 0.015101, 0.848831)
62.3301, (2.276828, 3.011982, 3.990842), (-0.008675, -0.531325, 0.016238, 0.846968)
62.34443, (2.270171, 3.004534, 4.004021), (-0.006727, -0.531825, 0.017782, 0.846641)
62.35752, (2.260623, 2.998298, 4.014913), (-0.004679, -0.534759, 0.018646, 0.844786)
62.37127, (2.250339, 2.998917, 4.027430), (-0.000687, -0.533294, 0.015270, 0.845792)
62.38514, (2.240678, 2.992235, 4.041624), (0.002030, -0.534499, 0.013741, 0.845055)
62.399, (2.231130, 2.977878, 4.062259), (0.005896, -0.533622, 0.011407, 0.845626)
62.41271, (2.222293, 2.967414, 4.081433), (0.010078, -0.532831, 0.011915, 0.846078)
62.42668, (2.216681, 2.952801, 4.103075), (0.014592, -0.529653, 0.011822, 0.848007)
62.44062, (2.204225, 2.944777, 4.126163), (0.018351, -0.527231, 0.011530, 0.849446)
62.45462, (2.191952, 2.939708, 4.155527), (0.021281, -0.525647, 0.011098, 0.850364)
62.46846, (2.176910, 2.933929, 4.185242), (0.023265, -0.524055, 0.009436, 0.851314)
62.48256, (2.161911, 2.928208, 4.212842), (0.026518, -0.522582, 0.008214, 0.852137)
62.49676, (2.148415, 2.923243, 4.242694), (0.030607, -0.521427, 0.006912, 0.852719)
62.51006, (2.133466, 2.920737, 4.274189), (0.032956, -0.519859, 0.004539, 0.853604)
62.52386, (2.116500, 2.920256, 4.305721), (0.034606, -0.517950, 0.004191, 0.854700)
62.53784, (2.101058, 2.919710, 4.341375), (0.035974, -0.516611, 0.003894, 0.855456)
62.55172, (2.086072, 2.916607, 4.372308), (0.038556, -0.515401, 0.003059, 0.856076)
62.56554, (2.071701, 2.911856, 4.404669), (0.040607, -0.513967, 0.001822, 0.856846)
62.57964, (2.054643, 2.912651, 4.442590), (0.041034, -0.512106, 0.001034, 0.857941)
62.59338, (2.038529, 2.916539, 4.474172), (0.041640, -0.511024, -0.001561, 0.858556)
62.6073, (2.021395, 2.923169, 4.513572), (0.041069, -0.510206, -0.002740, 0.859067)
62.62105, (2.005005, 2.923812, 4.547883), (0.042677, -0.508960, -0.003837, 0.859723)
62.63499, (1.988614, 2.924458, 4.582196), (0.044284, -0.507711, -0.004935, 0.860374)
62.64952, (1.975288, 2.929217, 4.620270), (0.041404, -0.505342, -0.005090, 0.861911)
62.66285, (1.960851, 2.932175, 4.656741), (0.042507, -0.503988, -0.005701, 0.862645)
62.67661, (1.947560, 2.937095, 4.693490), (0.043698, -0.503065, -0.005480, 0.863126)
62.69054, (1.932627, 2.941469, 4.729207), (0.044151, -0.501628, -0.006204, 0.863934)
62.70434, (1.919259, 2.948138, 4.767479), (0.043364, -0.500614, -0.007376, 0.864552)
62.71821, (1.903533, 2.953316, 4.805360), (0.043423, -0.499375, -0.008642, 0.865254)
62.73199, (1.889373, 2.956580, 4.844394), (0.043150, -0.497760, -0.009971, 0.866184)
62.74573, (1.878923, 2.958349, 4.880186), (0.042708, -0.495385, -0.011140, 0.867552)
62.75948, (1.868690, 2.961966, 4.917918), (0.042880, -0.493882, -0.011972, 0.868388)
62.77328, (1.859654, 2.965504, 4.952926), (0.042724, -0.491811, -0.012719, 0.869560)
62.7871, (1.850159, 2.967561, 4.990720), (0.042592, -0.489549, -0.013591, 0.870829)
62.80139, (1.838687, 2.967026, 5.028348), (0.042062, -0.487641, -0.014393, 0.871912)
62.81463, (1.831051, 2.967634, 5.065118), (0.042249, -0.485727, -0.015054, 0.872959)
62.8285, (1.823422, 2.968721, 5.100095), (0.042464, -0.483487, -0.015842, 0.874178)
62.84228, (1.814810, 2.970914, 5.136193), (0.042984, -0.481240, -0.016550, 0.875378)
62.85614, (1.812007, 2.968419, 5.169501), (0.042967, -0.479327, -0.015859, 0.876440)
62.86992, (1.805618, 2.966950, 5.202737), (0.044470, -0.476826, -0.014732, 0.877748)
62.8839, (1.799991, 2.963676, 5.234175), (0.045211, -0.475561, -0.013559, 0.878416)
62.89774, (1.793902, 2.961990, 5.263741), (0.046901, -0.473854, -0.011409, 0.879279)
62.91169, (1.789348, 2.962062, 5.294118), (0.048777, -0.472555, -0.009680, 0.879897)
62.92538, (1.783287, 2.960566, 5.326441), (0.049679, -0.470798, -0.009350, 0.880791)
62.93928, (1.780463, 2.964767, 5.357795), (0.050174, -0.468406, -0.008615, 0.882046)
62.95323, (1.779583, 2.969952, 5.385716), (0.050807, -0.466012, -0.010009, 0.883262)
62.96701, (1.777765, 2.972142, 5.415353), (0.050853, -0.463837, -0.010681, 0.884395)
62.981, (1.776228, 2.973250, 5.444365), (0.050361, -0.461754, -0.011155, 0.885507)
62.99471, (1.779359, 2.977047, 5.473275), (0.049467, -0.459395, -0.011847, 0.886774)
63.00871, (1.781782, 2.982013, 5.500822), (0.048447, -0.455848, -0.012571, 0.888649)
63.02245, (1.786440, 2.991483, 5.521932), (0.047181, -0.451810, -0.013705, 0.890761)
63.0363, (1.790825, 3.000301, 5.545507), (0.045324, -0.448211, -0.016186, 0.892632)
63.05015, (1.793761, 3.010582, 5.565209), (0.042899, -0.443987, -0.018345, 0.894818)
63.06403, (1.803361, 3.014349, 5.576159), (0.038454, -0.440559, -0.021526, 0.896642)
63.07798, (1.807750, 3.024064, 5.588137), (0.037526, -0.436728, -0.022492, 0.898529)
63.09176, (1.816076, 3.026577, 5.591865), (0.035454, -0.433351, -0.023096, 0.900231)
63.10555, (1.821320, 3.032798, 5.607700), (0.033919, -0.430050, -0.024282, 0.901841)
63.1195, (1.830009, 3.038294, 5.623221), (0.032374, -0.427310, -0.025737, 0.903159)
63.1336, (1.856171, 3.046404, 5.609618), (0.025363, -0.425888, -0.021844, 0.904156)
63.14786, (1.868514, 3.064932, 5.612041), (0.020436, -0.424269, -0.019973, 0.905085)
63.16106, (1.880229, 3.092935, 5.611374), (0.017133, -0.422470, -0.018823, 0.906020)
63.17484, (1.895509, 3.113667, 5.608358), (0.010604, -0.421515, -0.022112, 0.906490)
63.18871, (1.905653, 3.134568, 5.610983), (0.004650, -0.420520, -0.025707, 0.906907)
63.2026, (1.917801, 3.155742, 5.610816), (-0.001662, -0.419921, -0.028132, 0.907123)
63.21661, (1.932177, 3.172978, 5.605132), (-0.006719, -0.419654, -0.028370, 0.907216)
63.23036, (1.947816, 3.190626, 5.600592), (-0.009426, -0.419976, -0.026890, 0.907088)
63.24419, (1.963949, 3.210903, 5.593382), (-0.011544, -0.419663, -0.025638, 0.907245)
63.25805, (1.977248, 3.226758, 5.587973), (-0.015996, -0.418170, -0.025084, 0.907882)
63.27198, (1.991850, 3.244426, 5.588812), (-0.019472, -0.417377, -0.025838, 0.908158)
63.28595, (2.004021, 3.264574, 5.584116), (-0.022611, -0.415445, -0.026981, 0.908937)
63.30023, (2.014541, 3.286308, 5.576062), (-0.022879, -0.414634, -0.029232, 0.909231)
63.31368, (2.030025, 3.300186, 5.569543), (-0.023184, -0.413929, -0.029801, 0.909526)
63.32796, (2.044558, 3.311685, 5.567580), (-0.024344, -0.413195, -0.029039, 0.909854)
63.34165, (2.057756, 3.322421, 5.564457), (-0.025501, -0.411045, -0.027793, 0.910835)
63.35551, (2.071366, 3.338369, 5.562181), (-0.028156, -0.409624, -0.027800, 0.911396)
63.36936, (2.082155, 3.353757, 5.561223), (-0.030902, -0.408350, -0.028237, 0.911865)
63.38322, (2.094631, 3.366083, 5.555773), (-0.033599, -0.406716, -0.028596, 0.912489)
63.39698, (2.106692, 3.367712, 5.553420), (-0.035155, -0.407525, -0.027875, 0.912091)
63.41066, (2.119259, 3.374732, 5.548511), (-0.035338, -0.407304, -0.027817, 0.912185)
63.42465, (2.134542, 3.377585, 5.544398), (-0.035576, -0.407596, -0.028090, 0.912037)
63.43882, (2.151369, 3.381134, 5.543041), (-0.035857, -0.406789, -0.028136, 0.912384)
63.45235, (2.170124, 3.381411, 5.543341), (-0.036102, -0.405323, -0.028105, 0.913028)
63.46624, (2.185917, 3.384992, 5.541383), (-0.037166, -0.404511, -0.028189, 0.913343)
63.48017, (2.205768, 3.379539, 5.538146), (-0.035018, -0.402744, -0.028700, 0.914192)
63.49405, (2.225361, 3.377768, 5.537816), (-0.034159, -0.401680, -0.028885, 0.914687)
63.50785, (2.244440, 3.376541, 5.540005), (-0.033314, -0.399370, -0.029321, 0.915715)
63.5218, (2.268609, 3.373562, 5.544185), (-0.032470, -0.396779, -0.029555, 0.916863)
63.53575, (2.291138, 3.370419, 5.548154), (-0.030354, -0.393639, -0.029918, 0.918277)
63.54969, (2.312724, 3.365297, 5.552593), (-0.027257, -0.389411, -0.030485, 0.920156)
63.56342, (2.334740, 3.360827, 5.557909), (-0.023419, -0.384720, -0.031420, 0.922201)
63.57761, (2.358250, 3.356128, 5.565552), (-0.020113, -0.379344, -0.031977, 0.924484)
63.5915, (2.385326, 3.353179, 5.577101), (-0.015638, -0.372609, -0.032852, 0.927275)
63.60518, (2.413650, 3.356761, 5.591331), (-0.011774, -0.363015, -0.032408, 0.931145)
63.61909, (2.438326, 3.353192, 5.598430), (-0.009850, -0.357484, -0.032416, 0.933305)
63.63303, (2.467550, 3.354549, 5.621748), (-0.006574, -0.345513, -0.034671, 0.937750)
63.64685, (2.496044, 3.348970, 5.635939), (-0.003444, -0.335683, -0.036660, 0.941255)
63.66051, (2.528182, 3.347573, 5.648407), (0.004056, -0.324508, -0.038147, 0.945105)
63.67434, (2.560396, 3.339770, 5.656892), (0.011142, -0.313785, -0.039978, 0.948587)
63.68795, (2.601222, 3.328302, 5.669053), (0.022398, -0.296904, -0.039690, 0.953819)
63.70176, (2.636629, 3.317685, 5.680402), (0.028743, -0.284093, -0.038696, 0.957584)
63.71572, (2.674242, 3.303853, 5.692229), (0.034737, -0.271794, -0.038655, 0.960951)
63.72997, (2.710206, 3.281817, 5.698326), (0.041140, -0.257673, -0.039200, 0.964560)
63.74327, (2.747042, 3.267730, 5.708919), (0.048294, -0.246221, -0.040197, 0.967175)
63.75689, (2.782687, 3.256361, 5.714531), (0.055246, -0.234344, -0.039291, 0.969787)
63.77077, (2.829545, 3.225052, 5.701862), (0.065314, -0.217879, -0.041138, 0.972919)
63.78481, (2.868786, 3.206891, 5.707137), (0.071626, -0.204389, -0.041940, 0.975364)
63.79847, (2.908812, 3.185328, 5.706933), (0.074194, -0.183886, -0.043520, 0.979177)
63.81227, (2.947796, 3.167336, 5.710599), (0.080107, -0.169971, -0.044191, 0.981193)
63.82632, (2.981937, 3.133363, 5.687076), (0.083367, -0.152100, -0.048573, 0.983644)
63.84003, (3.020764, 3.109629, 5.678660), (0.089054, -0.137789, -0.050015, 0.985181)
63.85392, (3.052643, 3.089219, 5.661945), (0.093663, -0.123431, -0.049679, 0.986673)
63.86762, (3.093412, 3.069116, 5.652855), (0.097769, -0.110291, -0.048322, 0.987898)
63.88148, (3.130406, 3.049326, 5.633242), (0.098496, -0.098580, -0.045854, 0.989180)
63.89533, (3.166750, 3.027490, 5.611994), (0.099545, -0.087363, -0.044398, 0.990196)
63.90916, (3.200518, 3.009287, 5.591554), (0.100373, -0.077635, -0.045043, 0.990893)
63.92306, (3.234455, 2.993647, 5.571389), (0.102742, -0.067277, -0.046583, 0.991337)
63.93696, (3.267550, 2.976320, 5.548997), (0.104919, -0.056813, -0.048425, 0.991675)
63.95077, (3.299962, 2.957579, 5.523760), (0.106967, -0.046157, -0.051125, 0.991874)
63.96475, (3.334770, 2.939408, 5.497884), (0.109764, -0.035601, -0.052987, 0.991906)
63.97871, (3.362551, 2.918510, 5.463305), (0.112376, -0.024395, -0.054744, 0.991857)
63.99251, (3.386651, 2.899373, 5.434812), (0.115797, -0.013370, -0.056103, 0.991597)
64.00629, (3.414099, 2.876842, 5.405972), (0.119379, -0.002919, -0.058313, 0.991131)
64.0201, (3.442160, 2.853962, 5.377309), (0.122416, 0.008501, -0.060363, 0.990605)
64.03461, (3.456759, 2.823503, 5.338061), (0.125213, 0.020043, -0.061212, 0.990037)
64.04783, (3.474612, 2.800837, 5.303669), (0.126781, 0.031488, -0.061595, 0.989516)
64.06165, (3.489239, 2.778982, 5.270686), (0.129601, 0.042681, -0.062528, 0.988672)
64.07571, (3.497219, 2.758108, 5.234952), (0.133228, 0.053210, -0.062330, 0.987691)
64.0895, (3.501823, 2.728575, 5.193185), (0.135439, 0.063413, -0.063780, 0.986695)
64.10328, (3.509971, 2.703381, 5.155505), (0.137859, 0.072845, -0.064322, 0.985673)
64.11729, (3.508978, 2.681479, 5.115576), (0.141854, 0.081619, -0.063550, 0.984468)
64.13129, (3.510701, 2.658944, 5.074418), (0.145312, 0.090572, -0.063123, 0.983207)
64.14514, (3.509380, 2.636557, 5.033508), (0.147722, 0.097746, -0.062256, 0.982216)
64.15932, (3.499899, 2.620499, 4.998013), (0.151226, 0.103070, -0.061337, 0.981196)
64.17299, (3.498845, 2.598191, 4.959863), (0.153896, 0.110686, -0.061791, 0.979922)
64.18688, (3.489316, 2.581805, 4.925485), (0.156713, 0.115465, -0.061170, 0.978962)
64.20098, (3.471741, 2.575190, 4.895043), (0.159625, 0.117098, -0.061315, 0.978289)
64.21464, (3.463296, 2.564715, 4.863888), (0.163204, 0.123162, -0.060693, 0.976991)
64.22843, (3.446765, 2.561110, 4.836005), (0.165765, 0.123291, -0.060387, 0.976563)
64.2422, (3.427490, 2.561556, 4.812594), (0.169866, 0.121246, -0.058275, 0.976242)
64.25619, (3.406449, 2.556547, 4.787879), (0.174008, 0.121144, -0.057025, 0.975599)
64.26991, (3.386980, 2.548895, 4.761918), (0.176980, 0.121671, -0.056838, 0.975010)
64.28389, (3.370178, 2.541703, 4.735714), (0.180107, 0.123659, -0.056400, 0.974212)
64.29784, (3.352345, 2.540923, 4.718609), (0.182278, 0.120864, -0.056123, 0.974175)
64.31161, (3.328744, 2.535235, 4.697351), (0.184991, 0.121644, -0.055875, 0.973581)
64.32563, (3.300252, 2.527467, 4.680016), (0.187969, 0.117555, -0.056335, 0.973486)
64.33958, (3.268906, 2.516109, 4.660064), (0.191136, 0.114527, -0.056791, 0.973204)
64.35351, (3.238702, 2.504725, 4.641725), (0.194905, 0.109975, -0.056057, 0.973024)
64.36755, (3.209084, 2.490014, 4.624785), (0.199189, 0.103522, -0.053411, 0.973013)
64.38173, (3.171799, 2.472131, 4.608642), (0.204096, 0.095922, -0.050668, 0.972922)
64.39555, (3.129165, 2.455612, 4.591662), (0.207925, 0.090238, -0.048417, 0.972769)
64.40927, (3.077498, 2.432202, 4.576102), (0.215558, 0.074016, -0.045358, 0.972625)
64.42345, (3.027737, 2.411063, 4.557156), (0.222980, 0.059571, -0.043920, 0.972010)
64.43737, (2.976146, 2.389023, 4.540034), (0.229232, 0.046611, -0.041301, 0.971378)
64.45131, (2.920927, 2.366251, 4.519309), (0.236626, 0.028955, -0.036853, 0.970470)
64.46519, (2.862990, 2.351403, 4.498954), (0.244579, 0.014520, -0.033091, 0.968956)
64.4792, (2.798943, 2.332762, 4.473815), (0.251716, -0.006661, -0.028988, 0.967344)
64.49313, (2.720306, 2.307333, 4.447426), (0.259859, -0.034910, -0.024919, 0.964694)
64.50707, (2.652202, 2.277431, 4.417816), (0.263965, -0.061341, -0.017402, 0.962422)
64.52117, (2.582888, 2.257727, 4.392529), (0.269563, -0.083548, -0.010545, 0.959294)
64.53516, (2.514613, 2.252803, 4.362064), (0.279973, -0.111353, -0.001907, 0.953526)
64.5497, (2.449700, 2.233933, 4.336990), (0.286135, -0.130635, 0.003069, 0.949238)
64.56306, (2.384785, 2.215064, 4.311915), (0.292167, -0.149858, 0.008044, 0.944519)
64.57717, (2.319869, 2.196194, 4.286840), (0.298067, -0.169012, 0.013015, 0.939373)
64.59121, (2.328655, 2.262537, 4.243069), (0.299440, -0.188476, 0.018914, 0.935123)
64.60522, (2.278141, 2.258918, 4.215899), (0.304301, -0.206861, 0.023719, 0.929541)
64.61931, (2.276250, 2.280765, 4.199629), (0.300258, -0.205882, 0.027827, 0.930958)
64.63333, (2.255232, 2.290299, 4.186240), (0.299669, -0.211876, 0.030112, 0.929731)
64.64733, (2.252022, 2.300407, 4.188254), (0.290201, -0.200754, 0.032382, 0.935111)
64.66131, (2.236234, 2.303801, 4.176670), (0.288938, -0.203338, 0.038505, 0.934712)
64.67522, (2.222935, 2.301356, 4.161322), (0.287592, -0.205328, 0.048128, 0.934246)
64.68915, (2.206860, 2.305554, 4.146368), (0.287098, -0.211031, 0.055124, 0.932739)
64.70361, (2.194962, 2.309306, 4.134079), (0.288697, -0.218145, 0.061806, 0.930187)
64.71706, (2.183918, 2.302684, 4.117637), (0.290892, -0.224586, 0.067750, 0.927552)
64.73093, (2.182318, 2.296691, 4.107444), (0.295157, -0.230252, 0.073383, 0.924382)
64.7449, (2.180848, 2.298292, 4.100167), (0.298344, -0.234450, 0.076803, 0.922023)
64.75876, (2.172089, 2.297943, 4.088319), (0.299833, -0.240560, 0.082145, 0.919502)
64.77284, (2.182309, 2.313386, 4.095773), (0.296634, -0.240255, 0.077595, 0.921013)
64.78673, (2.187547, 2.319459, 4.093193), (0.294270, -0.243057, 0.075812, 0.921185)
64.80063, (2.191946, 2.323717, 4.087858), (0.292220, -0.246403, 0.075725, 0.920956)
64.81458, (2.208118, 2.327929, 4.084049), (0.290812, -0.250281, 0.075530, 0.920371)
64.82854, (2.218850, 2.333708, 4.083727), (0.290247, -0.254144, 0.076945, 0.919373)
64.8424, (2.237178, 2.339637, 4.092313), (0.290260, -0.257766, 0.077746, 0.918293)
64.85673, (2.250999, 2.345346, 4.098646), (0.288941, -0.259649, 0.077804, 0.918173)
64.87031, (2.263828, 2.348443, 4.103207), (0.287375, -0.260378, 0.075795, 0.918626)
64.8841, (2.276106, 2.348974, 4.109351), (0.286838, -0.261560, 0.074491, 0.918565)
64.89811, (2.288746, 2.352257, 4.116643), (0.287127, -0.263242, 0.074140, 0.918022)
64.91194, (2.299134, 2.354292, 4.129910), (0.288146, -0.264579, 0.073621, 0.917360)
64.92588, (2.303407, 2.357488, 4.148704), (0.288904, -0.264589, 0.072982, 0.917170)
64.93981, (2.293518, 2.357713, 4.173782), (0.289193, -0.260320, 0.070194, 0.918517)
64.95368, (2.279825, 2.360350, 4.192444), (0.290224, -0.257859, 0.068922, 0.918982)
64.96775, (2.266961, 2.357364, 4.210144), (0.290757, -0.257394, 0.068017, 0.919012)
64.98164, (2.244100, 2.348953, 4.226598), (0.290762, -0.257173, 0.069516, 0.918960)
64.9954, (2.232549, 2.343580, 4.245802), (0.292383, -0.256850, 0.068311, 0.918626)
65.0097, (2.196585, 2.325773, 4.268012), (0.295388, -0.258743, 0.073163, 0.916758)
65.02324, (2.157583, 2.326262, 4.300275), (0.301003, -0.255287, 0.073905, 0.915841)
65.03709, (2.119528, 2.297555, 4.309571), (0.299052, -0.257072, 0.078235, 0.915621)
65.05135, (2.073672, 2.285656, 4.337561), (0.305391, -0.253586, 0.082092, 0.914162)
65.06491, (2.028986, 2.268007, 4.363891), (0.307753, -0.252052, 0.085649, 0.913467)
65.07883, (1.972518, 2.246184, 4.397181), (0.309845, -0.249298, 0.091101, 0.912988)
65.09258, (1.921467, 2.232553, 4.431458), (0.312471, -0.246870, 0.094834, 0.912372)
65.10642, (1.878175, 2.217581, 4.459201), (0.314670, -0.245458, 0.097650, 0.911701)
65.1204, (1.834875, 2.202607, 4.486948), (0.316864, -0.244042, 0.100464, 0.911015)
65.13435, (1.776835, 2.185239, 4.527982), (0.318792, -0.240913, 0.105471, 0.910609)
65.14825, (1.716149, 2.173625, 4.575473), (0.321577, -0.239012, 0.109252, 0.909684)
65.16232, (1.648609, 2.156385, 4.614298), (0.323105, -0.235977, 0.113343, 0.909435)
65.17622, (1.514138, 2.120258, 4.717479), (0.323156, -0.235773, 0.122176, 0.908325)
65.18997, (1.449119, 2.101111, 4.763358), (0.324901, -0.234208, 0.126126, 0.907567)
65.2043, (1.384096, 2.081964, 4.809239), (0.326639, -0.232637, 0.130073, 0.906790)
65.21781, (1.289838, 2.035779, 4.885298), (0.324615, -0.232039, 0.131178, 0.907511)
65.23158, (1.202509, 2.000868, 4.946058), (0.328707, -0.231477, 0.129198, 0.906465)
65.24546, (1.124524, 1.973847, 5.003668), (0.332509, -0.228007, 0.127227, 0.906236)
65.25932, (1.049530, 1.945637, 5.060164), (0.334201, -0.226155, 0.128951, 0.905834)
65.27338, (0.970935, 1.913855, 5.118584), (0.336562, -0.219985, 0.129281, 0.906432)
65.2872, (0.889325, 1.884532, 5.180826), (0.337947, -0.217786, 0.131411, 0.906141)
65.30106, (0.809633, 1.858804, 5.242351), (0.340670, -0.216069, 0.133456, 0.905234)
65.31498, (0.723198, 1.836740, 5.304639), (0.340573, -0.219635, 0.134690, 0.904229)
65.32891, (0.643794, 1.812432, 5.360029), (0.341636, -0.221782, 0.136304, 0.903061)
65.34285, (0.562872, 1.786120, 5.416211), (0.344635, -0.220741, 0.137343, 0.902018)
65.35715, (0.482796, 1.761943, 5.468797), (0.347581, -0.218824, 0.137117, 0.901389)
65.37061, (0.398869, 1.738688, 5.520867), (0.350818, -0.216299, 0.135823, 0.900941)
65.38457, (0.313747, 1.719685, 5.572461), (0.353597, -0.214815, 0.134989, 0.900334)
65.39837, (0.232227, 1.701620, 5.618908), (0.356892, -0.213956, 0.135049, 0.899229)
65.41234, (0.161140, 1.685703, 5.660040), (0.359513, -0.215068, 0.135975, 0.897779)
65.42639, (0.092517, 1.672301, 5.696147), (0.362891, -0.214617, 0.137576, 0.896282)
65.44054, (0.031627, 1.662673, 5.731127), (0.365612, -0.214265, 0.139380, 0.894981)
65.45435, (-0.033085, 1.661525, 5.762895), (0.369263, -0.210948, 0.140739, 0.894057)
65.46845, (-0.097256, 1.659180, 5.796089), (0.371942, -0.207814, 0.141494, 0.893562)
65.48213, (-0.157048, 1.654441, 5.829401), (0.373048, -0.205649, 0.141465, 0.893606)
65.49651, (-0.212339, 1.652712, 5.859615), (0.372632, -0.205449, 0.142066, 0.893730)
65.50986, (-0.262783, 1.653780, 5.886642), (0.372255, -0.207474, 0.143078, 0.893258)
65.52346, (-0.316652, 1.658022, 5.912389), (0.373497, -0.208549, 0.146128, 0.891994)
65.53738, (-0.366544, 1.658605, 5.934117), (0.373902, -0.209165, 0.146284, 0.891655)
65.55126, (-0.409840, 1.658490, 5.944893), (0.373228, -0.207757, 0.144214, 0.892603)
65.56519, (-0.456808, 1.660956, 5.962121), (0.374009, -0.205875, 0.142692, 0.892957)
65.57919, (-0.488927, 1.664928, 5.959360), (0.373904, -0.198320, 0.138042, 0.895438)
65.59299, (-0.525603, 1.665934, 5.960745), (0.373614, -0.192696, 0.135388, 0.897191)
65.60703, (-0.559448, 1.670873, 5.957546), (0.371781, -0.187319, 0.134490, 0.899223)
65.62078, (-0.589722, 1.678826, 5.955667), (0.370378, -0.183146, 0.134026, 0.900730)
65.63474, (-0.619392, 1.685928, 5.952243), (0.368599, -0.180548, 0.134418, 0.901925)
65.64922, (-0.644826, 1.694210, 5.942102), (0.366335, -0.179375, 0.135242, 0.902958)
65.66265, (-0.671411, 1.703962, 5.930913), (0.363819, -0.177731, 0.134711, 0.904378)
65.67648, (-0.699644, 1.715893, 5.920855), (0.360471, -0.175655, 0.134693, 0.906126)
65.69068, (-0.723325, 1.729128, 5.908370), (0.356535, -0.173307, 0.132782, 0.908414)
65.70447, (-0.745427, 1.738762, 5.887942), (0.351955, -0.171212, 0.130338, 0.910948)
65.71828, (-0.768321, 1.749358, 5.865955), (0.348740, -0.169711, 0.128975, 0.912658)
65.73229, (-0.786978, 1.761436, 5.836890), (0.346633, -0.168858, 0.127420, 0.913836)
65.74612, (-0.805751, 1.775689, 5.807865), (0.346637, -0.166481, 0.125383, 0.914553)
65.75991, (-0.822344, 1.791600, 5.778938), (0.346216, -0.164660, 0.122558, 0.915424)
65.77354, (-0.839484, 1.811022, 5.748562), (0.344090, -0.163272, 0.119265, 0.916908)
65.78796, (-0.855924, 1.831808, 5.723847), (0.342549, -0.161633, 0.115765, 0.918223)
65.80128, (-0.870269, 1.854097, 5.698253), (0.339683, -0.160595, 0.112654, 0.919855)
65.81519, (-0.885613, 1.875619, 5.669944), (0.336662, -0.158807, 0.109124, 0.921700)
65.82899, (-0.897033, 1.899458, 5.642891), (0.333792, -0.158137, 0.104780, 0.923362)
65.84284, (-0.912602, 1.924284, 5.615273), (0.331612, -0.157257, 0.101097, 0.924707)
65.85685, (-0.928793, 1.944858, 5.580168), (0.327843, -0.155071, 0.097761, 0.926777)
65.87062, (-0.936172, 1.970419, 5.540654), (0.324100, -0.153698, 0.092159, 0.928893)
65.88463, (-0.950703, 1.998316, 5.507179), (0.322736, -0.150096, 0.087638, 0.930394)
65.89851, (-0.964809, 2.024711, 5.478601), (0.320671, -0.147580, 0.083452, 0.931894)
65.91245, (-0.984293, 2.053590, 5.444932), (0.316274, -0.143107, 0.078493, 0.934521)
65.92626, (-0.999423, 2.081993, 5.414968), (0.312443, -0.139701, 0.074092, 0.936682)
65.94023, (-1.015996, 2.110578, 5.384272), (0.307303, -0.135461, 0.070692, 0.939265)
65.95404, (-1.033060, 2.139122, 5.354953), (0.301499, -0.130201, 0.067386, 0.942128)
65.96812, (-1.048339, 2.168458, 5.324790), (0.296920, -0.125934, 0.063408, 0.944436)
65.98205, (-1.063848, 2.197517, 5.293184), (0.292119, -0.120681, 0.060243, 0.946823)
65.99558, (-1.078349, 2.225028, 5.259192), (0.287021, -0.115729, 0.057187, 0.949187)
66.00957, (-1.094951, 2.254961, 5.229746), (0.281945, -0.110125, 0.054112, 0.951552)
66.02335, (-1.111591, 2.285311, 5.201307), (0.277637, -0.104901, 0.050944, 0.953582)
66.03727, (-1.128165, 2.314119, 5.171571), (0.272320, -0.099648, 0.048526, 0.955802)
66.05109, (-1.148423, 2.345172, 5.143019), (0.267101, -0.092837, 0.045756, 0.958094)
66.06499, (-1.160094, 2.370554, 5.119328), (0.261224, -0.085726, 0.042461, 0.960526)
66.07891, (-1.176260, 2.394469, 5.093647), (0.254212, -0.075286, 0.039485, 0.963405)
66.09312, (-1.193783, 2.418143, 5.076009), (0.245908, -0.063796, 0.035812, 0.966528)
66.10661, (-1.211612, 2.441900, 5.056443), (0.235213, -0.050831, 0.031780, 0.970093)
66.12041, (-1.227157, 2.464416, 5.025569), (0.223330, -0.038867, 0.029604, 0.973518)
66.13418, (-1.241518, 2.480356, 4.982729), (0.213326, -0.024900, 0.029063, 0.976231)
66.14797, (-1.250294, 2.492508, 4.940639), (0.205009, -0.012354, 0.029345, 0.978242)
66.16181, (-1.263733, 2.499939, 4.896431), (0.196986, -0.000033, 0.031115, 0.979912)
66.17573, (-1.276387, 2.506857, 4.854540), (0.190419, 0.011697, 0.032124, 0.981108)
66.18948, (-1.286989, 2.514024, 4.811562), (0.184188, 0.022824, 0.031972, 0.982106)
66.20328, (-1.292842, 2.520058, 4.769839), (0.179784, 0.032913, 0.030502, 0.982682)
66.21702, (-1.304286, 2.526603, 4.733044), (0.176923, 0.042524, 0.030222, 0.982841)
66.23083, (-1.314224, 2.531134, 4.696413), (0.175480, 0.051729, 0.028041, 0.982723)
66.24518, (-1.321378, 2.531182, 4.653742), (0.171945, 0.060013, 0.027913, 0.982881)
66.25842, (-1.323601, 2.535169, 4.615721), (0.168059, 0.067228, 0.026934, 0.983113)
66.27261, (-1.318080, 2.539922, 4.588723), (0.168330, 0.069027, 0.028333, 0.982903)
66.28641, (-1.313490, 2.544023, 4.563065), (0.168198, 0.070619, 0.029538, 0.982777)
66.30012, (-1.307057, 2.545429, 4.541004), (0.167131, 0.069667, 0.029730, 0.983021)
66.31402, (-1.301317, 2.545207, 4.521684), (0.165662, 0.068815, 0.028480, 0.983367)
66.32775, (-1.295408, 2.547506, 4.501609), (0.164519, 0.069978, 0.026367, 0.983535)
66.34164, (-1.290872, 2.550465, 4.480868), (0.164571, 0.072087, 0.023472, 0.983448)
66.35542, (-1.285598, 2.549803, 4.470921), (0.165019, 0.077801, 0.015356, 0.983097)
66.36948, (-1.274825, 2.543266, 4.472512), (0.163913, 0.085965, 0.008861, 0.982682)
66.38335, (-1.270679, 2.555658, 4.464652), (0.166319, 0.091796, 0.004233, 0.981781)
66.39683, (-1.272669, 2.548875, 4.476458), (0.162961, 0.101852, -0.005652, 0.981345)
66.4107, (-1.280102, 2.551466, 4.494497), (0.162044, 0.106509, -0.009248, 0.980975)
66.42458, (-1.290293, 2.547187, 4.507192), (0.161875, 0.111512, -0.010960, 0.980429)
66.43835, (-1.305183, 2.542573, 4.524977), (0.162475, 0.114451, -0.010533, 0.979996)
66.45233, (-1.295322, 2.546068, 4.502379), (0.163141, 0.119757, -0.011324, 0.979242)
66.46619, (-1.340824, 2.533146, 4.569243), (0.159751, 0.123440, -0.012332, 0.979332)
66.48007, (-1.365921, 2.535517, 4.596435), (0.161526, 0.129294, -0.012999, 0.978276)
66.49399, (-1.395298, 2.508248, 4.611420), (0.156728, 0.134111, -0.010818, 0.978434)
66.50798, (-1.427124, 2.497116, 4.634562), (0.160796, 0.139742, -0.009220, 0.977002)
66.52189, (-1.458960, 2.483025, 4.653108), (0.163752, 0.144205, -0.008017, 0.975872)
66.53625, (-1.492053, 2.471613, 4.677184), (0.167973, 0.147268, -0.007534, 0.974700)
66.54955, (-1.518746, 2.460952, 4.697161), (0.168977, 0.151868, -0.007790, 0.973818)
66.56352, (-1.545449, 2.450286, 4.717144), (0.169978, 0.156465, -0.008046, 0.972914)
66.57753, (-1.589460, 2.442706, 4.746244), (0.173278, 0.160676, -0.008217, 0.971643)
66.59128, (-1.645206, 2.442428, 4.787625), (0.177909, 0.163400, -0.010124, 0.970333)
66.60513, (-1.678374, 2.433491, 4.811511), (0.179592, 0.167706, -0.010580, 0.969283)
66.61913, (-1.783807, 2.437407, 4.919358), (0.173596, 0.170720, -0.008559, 0.969869)
66.63302, (-1.847064, 2.431234, 4.972167), (0.174666, 0.174904, -0.005725, 0.968952)
66.64692, (-1.919110, 2.422915, 5.029678), (0.177657, 0.177748, -0.002347, 0.967904)
66.66085, (-1.987780, 2.409873, 5.083225), (0.178617, 0.180953, 0.000074, 0.967136)
66.67469, (-2.058045, 2.399267, 5.143033), (0.180277, 0.184591, 0.002172, 0.966138)
66.68902, (-2.129651, 2.388353, 5.204392), (0.181016, 0.188011, 0.005441, 0.965327)
66.70245, (-2.201949, 2.380298, 5.271350), (0.181328, 0.191280, 0.009007, 0.964599)
66.71625, (-2.274698, 2.369295, 5.339261), (0.182099, 0.193248, 0.012329, 0.964024)
66.73021, (-2.346122, 2.358930, 5.407177), (0.184043, 0.194289, 0.014692, 0.963413)
66.74406, (-2.421827, 2.347652, 5.473334), (0.186231, 0.195576, 0.017841, 0.962678)
66.758, (-2.503034, 2.323768, 5.544463), (0.188774, 0.194190, 0.020916, 0.962402)
66.77184, (-2.575670, 2.301389, 5.611428), (0.192235, 0.195053, 0.024779, 0.961450)
66.78568, (-2.647811, 2.283947, 5.675962), (0.194396, 0.196495, 0.027641, 0.960644)
66.79963, (-2.709785, 2.259164, 5.731484), (0.199201, 0.198922, 0.030153, 0.959083)
66.81354, (-2.774288, 2.239996, 5.784753), (0.203183, 0.200781, 0.031653, 0.957811)
66.82735, (-2.838873, 2.223080, 5.830004), (0.206534, 0.201658, 0.033568, 0.956844)
66.84174, (-2.898507, 2.206964, 5.880951), (0.210071, 0.201676, 0.035477, 0.956001)
66.85513, (-2.944650, 2.198269, 5.924348), (0.213148, 0.197690, 0.039524, 0.955994)
66.86893, (-2.998491, 2.188522, 5.971144), (0.216141, 0.195466, 0.042904, 0.955634)
66.88295, (-3.047683, 2.191705, 6.011862), (0.218511, 0.191797, 0.044106, 0.955783)
66.89678, (-3.098685, 2.184416, 6.058384), (0.221025, 0.190017, 0.045547, 0.955493)
66.91075, (-3.135329, 2.184982, 6.087372), (0.218004, 0.188405, 0.041753, 0.956679)
66.92456, (-3.171117, 2.177947, 6.117687), (0.216257, 0.188869, 0.039512, 0.957079)
66.93854, (-3.205942, 2.170742, 6.150127), (0.216232, 0.189151, 0.038478, 0.957071)
66.95242, (-3.237823, 2.161971, 6.180221), (0.215851, 0.191430, 0.036455, 0.956783)
66.96631, (-3.267566, 2.153237, 6.211352), (0.214490, 0.193365, 0.036051, 0.956716)
66.98006, (-3.292029, 2.146916, 6.245220), (0.214583, 0.194891, 0.037255, 0.956339)
66.99445, (-3.321893, 2.138382, 6.278332), (0.214411, 0.196151, 0.038006, 0.956090)
67.00787, (-3.354681, 2.130966, 6.312778), (0.214627, 0.196805, 0.038217, 0.955899)
67.02177, (-3.362639, 2.126957, 6.328042), (0.216036, 0.199752, 0.043582, 0.954740)
67.03564, (-3.389678, 2.120961, 6.357985), (0.216653, 0.200826, 0.044632, 0.954326)
67.04955, (-3.401497, 2.117772, 6.374926), (0.217767, 0.203326, 0.046807, 0.953439)
67.06347, (-3.405432, 2.120726, 6.391161), (0.217699, 0.207343, 0.048560, 0.952501)
67.07738, (-3.416256, 2.123266, 6.408300), (0.218419, 0.211544, 0.049241, 0.951377)
67.09116, (-3.433786, 2.120687, 6.432028), (0.218911, 0.213624, 0.050411, 0.950737)
67.10506, (-3.443402, 2.125432, 6.448616), (0.220165, 0.217294, 0.050765, 0.949597)
67.11906, (-3.439800, 2.141505, 6.447990), (0.219623, 0.224987, 0.047819, 0.948082)
67.13297, (-3.452668, 2.151775, 6.460196), (0.219340, 0.230735, 0.047694, 0.946772)
67.14674, (-3.461810, 2.165933, 6.467108), (0.216573, 0.235489, 0.047169, 0.946264)
67.16115, (-3.474574, 2.179165, 6.474597), (0.213936, 0.239727, 0.048000, 0.945758)
67.17452, (-3.489699, 2.199130, 6.482189), (0.211483, 0.244113, 0.048516, 0.945161)
67.18829, (-3.506439, 2.216067, 6.485053), (0.206869, 0.247401, 0.050191, 0.945240)
67.20223, (-3.522209, 2.233342, 6.493563), (0.204424, 0.251684, 0.051319, 0.944580)
67.21598, (-3.541178, 2.252446, 6.490478), (0.198483, 0.256430, 0.052906, 0.944484)
67.22996, (-3.560417, 2.267128, 6.488377), (0.191887, 0.260999, 0.053773, 0.944546)
67.24374, (-3.580845, 2.282071, 6.484800), (0.187364, 0.265755, 0.053891, 0.944121)
67.25767, (-3.604108, 2.298973, 6.479212), (0.184767, 0.269968, 0.054444, 0.943406)
67.27159, (-3.630887, 2.310004, 6.469081), (0.182188, 0.275009, 0.054345, 0.942457)
67.28539, (-3.655335, 2.321236, 6.462487), (0.178276, 0.279329, 0.054492, 0.941926)
67.29925, (-3.679626, 2.334756, 6.456240), (0.175208, 0.283148, 0.055083, 0.941326)
67.31364, (-3.712189, 2.351645, 6.449500), (0.172036, 0.285814, 0.055516, 0.941080)
67.32709, (-3.739398, 2.363673, 6.442039), (0.166981, 0.287386, 0.056273, 0.941467)
67.34083, (-3.765656, 2.381760, 6.439157), (0.162857, 0.287451, 0.058028, 0.942063)
67.35466, (-3.791795, 2.396616, 6.434140), (0.159180, 0.290346, 0.058772, 0.941757)
67.36855, (-3.819865, 2.412696, 6.427613), (0.154246, 0.290830, 0.060038, 0.942349)
67.38245, (-3.843550, 2.426130, 6.423120), (0.148635, 0.292285, 0.059889, 0.942810)
67.39626, (-3.867985, 2.440357, 6.421583), (0.141946, 0.293587, 0.059805, 0.943441)
67.41039, (-3.891767, 2.454377, 6.419346), (0.136675, 0.295708, 0.060294, 0.943526)
67.42406, (-3.914103, 2.469983, 6.416585), (0.132205, 0.297141, 0.061650, 0.943625)
67.43788, (-3.937119, 2.486243, 6.412640), (0.126991, 0.298560, 0.062923, 0.943809)
67.45168, (-3.957554, 2.504499, 6.413726), (0.122681, 0.299912, 0.063908, 0.943885)
67.46598, (-3.976171, 2.522181, 6.415041), (0.116212, 0.301322, 0.065112, 0.944172)
67.47952, (-3.996764, 2.543036, 6.418675), (0.109819, 0.304436, 0.065618, 0.943903)
67.4934, (-4.018260, 2.563535, 6.421117), (0.103244, 0.307791, 0.066741, 0.943478)
67.5071, (-4.039284, 2.584010, 6.422715), (0.096846, 0.310989, 0.067401, 0.943061)
67.52111, (-4.057273, 2.606864, 6.426497), (0.090342, 0.315384, 0.069922, 0.942063)
67.53481, (-4.076720, 2.626067, 6.427593), (0.084560, 0.318410, 0.071216, 0.941484)
67.54898, (-4.099328, 2.644680, 6.428721), (0.082921, 0.321690, 0.074849, 0.940233)
67.56284, (-4.122220, 2.661155, 6.433241), (0.079552, 0.324142, 0.077799, 0.939442)
67.57678, (-4.140334, 2.672594, 6.440832), (0.078973, 0.324734, 0.080305, 0.939075)
67.59073, (-4.159044, 2.690074, 6.449423), (0.075728, 0.326882, 0.081196, 0.938521)
67.60471, (-4.180889, 2.703272, 6.455833), (0.072053, 0.328777, 0.081126, 0.938154)
67.61833, (-4.198012, 2.719841, 6.463280), (0.069571, 0.329713, 0.080941, 0.938029)
67.63183, (-4.216532, 2.732972, 6.473003), (0.066912, 0.331426, 0.080964, 0.937617)
67.64568, (-4.230732, 2.737881, 6.480527), (0.065784, 0.332495, 0.081323, 0.937287)
67.65951, (-4.244617, 2.745395, 6.489705), (0.065930, 0.333211, 0.083049, 0.936871)
67.67326, (-4.256750, 2.751664, 6.499047), (0.065537, 0.333667, 0.084007, 0.936651)
67.68714, (-4.270926, 2.757676, 6.508379), (0.063868, 0.334851, 0.084770, 0.936274)
67.70103, (-4.276437, 2.767056, 6.523023), (0.062859, 0.334665, 0.085708, 0.936324)
67.71499, (-4.287167, 2.775793, 6.534214), (0.060819, 0.335432, 0.086666, 0.936096)
67.72873, (-4.290732, 2.782525, 6.551089), (0.059365, 0.335964, 0.087775, 0.935895)
67.74282, (-4.296140, 2.786717, 6.563597), (0.058260, 0.336129, 0.088552, 0.935832)
67.75704, (-4.301579, 2.788275, 6.578717), (0.057892, 0.336307, 0.089725, 0.935679)
67.77079, (-4.301618, 2.785718, 6.591710), (0.059080, 0.336916, 0.090200, 0.935340)
67.78451, (-4.300925, 2.784756, 6.604880), (0.059912, 0.337732, 0.091386, 0.934878)
67.79855, (-4.299193, 2.786472, 6.620669), (0.059790, 0.337987, 0.092081, 0.934725)
67.81277, (-4.295282, 2.789242, 6.639256), (0.059623, 0.338043, 0.092199, 0.934704)
67.82635, (-4.291762, 2.791357, 6.655817), (0.060144, 0.337614, 0.092272, 0.934818)
67.84014, (-4.284556, 2.791246, 6.669915), (0.061491, 0.336780, 0.091868, 0.935071)
67.8543, (-4.274670, 2.790360, 6.683625), (0.062966, 0.335958, 0.092300, 0.935226)
67.86806, (-4.258233, 2.793187, 6.695354), (0.065113, 0.335222, 0.092253, 0.935348)
67.88191, (-4.235701, 2.796917, 6.708490), (0.066631, 0.334996, 0.091812, 0.935365)
67.89535, (-4.218208, 2.800571, 6.721857), (0.067538, 0.334558, 0.091894, 0.935449)
67.90945, (-4.190761, 2.806084, 6.732740), (0.067225, 0.333837, 0.091982, 0.935721)
67.923, (-4.155666, 2.806220, 6.738861), (0.065410, 0.333691, 0.091627, 0.935936)
67.93686, (-4.121643, 2.808108, 6.743550), (0.066635, 0.333784, 0.090958, 0.935882)
67.95127, (-4.081346, 2.809955, 6.746064), (0.068703, 0.334239, 0.089062, 0.935752)
67.96464, (-4.037198, 2.815388, 6.751261), (0.070763, 0.335233, 0.086257, 0.935506)
67.97852, (-3.982283, 2.823037, 6.755429), (0.071274, 0.334350, 0.083616, 0.936023)
67.99236, (-3.924280, 2.829642, 6.760827), (0.070266, 0.333527, 0.080475, 0.936668)
68.00639, (-3.861429, 2.835783, 6.763076), (0.069111, 0.331946, 0.077761, 0.937544)
68.02026, (-3.800079, 2.843093, 6.766073), (0.069178, 0.330466, 0.075624, 0.938237)
68.03401, (-3.710452, 2.854764, 6.764118), (0.069342, 0.327928, 0.072014, 0.939398)
68.04791, (-3.631177, 2.865231, 6.765684), (0.069385, 0.326326, 0.069777, 0.940122)
68.06195, (-3.536160, 2.870966, 6.766284), (0.068193, 0.324346, 0.067252, 0.941077)
68.07572, (-3.432720, 2.871116, 6.765316), (0.066093, 0.322127, 0.062857, 0.942292)
68.08957, (-3.335804, 2.870672, 6.764169), (0.065240, 0.321548, 0.058153, 0.942852)
68.10365, (-3.243393, 2.870976, 6.763031), (0.064436, 0.320345, 0.054259, 0.943548)
68.11732, (-3.117719, 2.852782, 6.759492), (0.061618, 0.321844, 0.047138, 0.943609)
68.13129, (-3.014184, 2.846780, 6.756781), (0.059983, 0.321515, 0.041996, 0.944069)
68.14513, (-2.897053, 2.830697, 6.753096), (0.059878, 0.324227, 0.034341, 0.943458)
68.15902, (-2.781972, 2.814803, 6.749268), (0.061773, 0.326244, 0.027403, 0.942867)
68.17281, (-2.662848, 2.799456, 6.748160), (0.062867, 0.326848, 0.021541, 0.942738)
68.18671, (-2.543726, 2.782460, 6.750120), (0.063064, 0.327656, 0.016390, 0.942548)
68.20057, (-2.417927, 2.772830, 6.755753), (0.065775, 0.328659, 0.009266, 0.942110)
68.21465, (-2.299622, 2.766356, 6.757301), (0.068745, 0.330371, 0.002496, 0.941341)
68.22836, (-2.183069, 2.760156, 6.761799), (0.070504, 0.332088, -0.001364, 0.940609)
68.24222, (-2.063004, 2.753991, 6.771184), (0.072100, 0.333451, -0.002345, 0.940003)
68.25632, (-1.939953, 2.744799, 6.777899), (0.072493, 0.334722, -0.005470, 0.939508)
68.27062, (-1.826444, 2.747434, 6.798031), (0.071176, 0.337226, -0.007389, 0.938700)
68.28401, (-1.708737, 2.743601, 6.805924), (0.070701, 0.337859, -0.011618, 0.938466)
68.29785, (-1.611064, 2.749438, 6.815423), (0.070664, 0.339363, -0.015656, 0.937867)
68.31188, (-1.501091, 2.754283, 6.821711), (0.074056, 0.338388, -0.016404, 0.937945)
68.32561, (-1.392398, 2.760057, 6.829185), (0.078236, 0.337076, -0.017152, 0.938064)
68.33948, (-1.288419, 2.766601, 6.834211), (0.081677, 0.332665, -0.016587, 0.939355)
68.35349, (-1.198770, 2.781289, 6.837914), (0.083468, 0.325206, -0.016293, 0.941811)
68.36749, (-1.096770, 2.791133, 6.841521), (0.084791, 0.321679, -0.018210, 0.942869)
68.38118, (-0.998286, 2.803384, 6.836627), (0.081471, 0.319201, -0.017029, 0.944025)
68.39536, (-0.895898, 2.817345, 6.834831), (0.079391, 0.318716, -0.017316, 0.944361)
68.40951, (-0.798107, 2.830338, 6.833519), (0.078945, 0.318050, -0.018173, 0.944607)
68.4233, (-0.712709, 2.841706, 6.825736), (0.077072, 0.318427, -0.020083, 0.944596)
68.43701, (-0.625068, 2.848530, 6.816757), (0.076797, 0.317769, -0.022665, 0.944781)
68.45104, (-0.550585, 2.849426, 6.798378), (0.080240, 0.318276, -0.025107, 0.944263)
68.46474, (-0.466161, 2.851385, 6.786668), (0.081425, 0.316956, -0.025601, 0.944592)
68.47842, (-0.384188, 2.855448, 6.774776), (0.080466, 0.315470, -0.025646, 0.945170)
68.49228, (-0.303247, 2.858529, 6.762710), (0.078630, 0.314653, -0.025688, 0.945596)
68.50616, (-0.224869, 2.858863, 6.748078), (0.075388, 0.313827, -0.025747, 0.946132)
68.52008, (-0.150692, 2.852947, 6.731367), (0.071301, 0.312655, -0.025580, 0.946841)
68.53391, (-0.079724, 2.847865, 6.713262), (0.070004, 0.311045, -0.026468, 0.947444)
68.54771, (-0.010470, 2.844385, 6.693547), (0.071432, 0.308920, -0.026964, 0.948018)
68.56169, (0.042783, 2.834486, 6.664187), (0.074608, 0.305634, -0.026861, 0.948841)
68.57561, (0.097833, 2.827784, 6.639357), (0.075687, 0.303442, -0.026540, 0.949469)
68.58952, (0.158369, 2.822537, 6.615375), (0.075915, 0.301940, -0.027322, 0.949907)
68.60334, (0.216858, 2.815604, 6.589556), (0.075602, 0.300924, -0.029013, 0.950204)
68.61748, (0.268269, 2.810407, 6.560760), (0.075956, 0.300196, -0.030240, 0.950368)
68.63111, (0.316354, 2.809836, 6.529827), (0.077495, 0.299061, -0.030696, 0.950586)
68.64503, (0.368134, 2.810613, 6.500081), (0.078823, 0.296984, -0.030845, 0.951124)
68.65897, (0.417290, 2.813591, 6.471983), (0.080109, 0.294920, -0.029826, 0.951691)
68.67275, (0.466501, 2.814133, 6.439851), (0.080386, 0.292332, -0.028726, 0.952499)
68.68668, (0.517590, 2.816000, 6.410012), (0.081769, 0.290300, -0.028444, 0.953011)
68.70072, (0.560616, 2.823975, 6.372819), (0.082897, 0.288286, -0.027215, 0.953561)
68.71455, (0.607162, 2.834594, 6.336303), (0.083654, 0.285183, -0.024227, 0.954508)
68.72839, (0.657772, 2.853786, 6.298781), (0.084829, 0.280434, -0.019159, 0.955926)
68.74226, (0.711057, 2.866659, 6.262045), (0.083865, 0.276177, -0.016296, 0.957302)
68.7563, (0.758797, 2.881992, 6.223261), (0.082635, 0.273270, -0.013516, 0.958286)
68.77035, (0.804813, 2.895060, 6.179329), (0.081897, 0.271464, -0.013268, 0.958866)
68.78403, (0.850774, 2.905589, 6.135123), (0.082179, 0.270032, -0.013641, 0.959241)
68.79804, (0.894210, 2.915481, 6.089261), (0.083030, 0.268601, -0.014921, 0.959550)
68.81187, (0.932550, 2.923156, 6.044632), (0.085236, 0.266845, -0.017373, 0.959806)
68.82572, (0.969714, 2.931998, 6.002332), (0.087621, 0.264034, -0.019745, 0.960322)
68.83978, (1.008444, 2.938800, 5.959103), (0.088362, 0.261669, -0.021909, 0.960855)
68.85381, (1.042737, 2.945329, 5.915795), (0.088019, 0.260402, -0.023974, 0.961181)
68.86781, (1.077606, 2.958058, 5.874544), (0.088694, 0.260009, -0.025604, 0.961183)
68.88149, (1.108558, 2.972853, 5.835361), (0.088595, 0.258339, -0.027670, 0.961585)
68.89542, (1.144696, 2.985116, 5.794213), (0.089051, 0.256423, -0.029222, 0.962010)
68.90952, (1.168788, 3.012075, 5.759068), (0.083663, 0.250235, -0.025965, 0.964214)
68.92361, (1.202101, 3.027649, 5.723608), (0.081363, 0.246633, -0.024622, 0.965374)
68.93716, (1.237389, 3.045403, 5.691308), (0.076427, 0.240562, -0.020844, 0.967396)
68.95119, (1.265737, 3.062582, 5.654091), (0.070766, 0.234279, -0.018527, 0.969413)
68.96526, (1.290672, 3.081968, 5.610342), (0.067222, 0.228543, -0.016933, 0.971063)
68.97912, (1.313090, 3.102890, 5.565536), (0.066185, 0.223279, -0.014766, 0.972393)
68.993, (1.338876, 3.119353, 5.522535), (0.064539, 0.218937, -0.014014, 0.973501)
69.0071, (1.366881, 3.137187, 5.482082), (0.062440, 0.214543, -0.012934, 0.974631)
69.021, (1.394886, 3.155025, 5.441623), (0.060339, 0.210143, -0.011854, 0.975735)
69.03511, (1.416039, 3.174030, 5.400370), (0.057443, 0.204345, -0.010184, 0.977159)
69.04884, (1.436690, 3.188709, 5.356226), (0.053630, 0.199810, -0.009702, 0.978318)
69.06281, (1.460502, 3.209532, 5.316958), (0.051506, 0.195820, -0.010060, 0.979235)
69.07716, (1.482703, 3.224518, 5.276965), (0.049063, 0.192600, -0.007920, 0.980018)
69.09066, (1.504681, 3.239901, 5.242272), (0.046022, 0.189365, -0.006136, 0.980809)
69.10462, (1.525551, 3.255296, 5.206747), (0.043159, 0.185872, -0.003537, 0.981619)
69.11857, (1.543623, 3.266487, 5.170077), (0.041374, 0.182771, -0.001376, 0.982284)
69.13255, (1.564594, 3.274140, 5.133202), (0.040946, 0.179423, 0.001840, 0.982918)
69.1465, (1.581431, 3.276491, 5.099439), (0.039287, 0.177434, 0.005939, 0.983330)
69.16045, (1.600578, 3.280555, 5.068241), (0.037097, 0.174563, 0.011201, 0.983883)
69.17443, (1.615346, 3.286343, 5.038888), (0.034030, 0.171680, 0.014838, 0.984453)
69.18835, (1.631025, 3.289546, 5.014733), (0.030715, 0.168020, 0.016548, 0.985166)
69.20224, (1.642114, 3.291241, 4.988959), (0.028814, 0.165389, 0.017523, 0.985652)
69.21626, (1.655088, 3.288018, 4.967351), (0.028859, 0.162517, 0.016636, 0.986143)
69.23002, (1.669531, 3.286127, 4.946234), (0.029003, 0.159946, 0.015621, 0.986576)
69.24435, (1.686447, 3.280954, 4.927917), (0.030022, 0.157701, 0.013371, 0.986940)
69.25791, (1.701876, 3.276217, 4.911843), (0.030820, 0.155009, 0.012204, 0.987357)
69.27206, (1.717518, 3.271686, 4.903600), (0.032705, 0.152125, 0.011746, 0.987750)
69.28579, (1.732248, 3.272479, 4.895177), (0.034603, 0.149302, 0.011985, 0.988113)
69.29971, (1.746295, 3.276925, 4.891900), (0.035394, 0.146834, 0.011426, 0.988462)
69.31368, (1.759369, 3.279676, 4.890734), (0.034481, 0.144598, 0.011543, 0.988822)
69.32757, (1.775795, 3.281312, 4.889407), (0.033575, 0.142114, 0.011177, 0.989218)
69.34149, (1.791388, 3.283617, 4.898871), (0.032973, 0.140754, 0.010506, 0.989440)
69.35528, (1.806210, 3.283900, 4.903166), (0.033213, 0.139163, 0.009649, 0.989665)
69.3692, (1.821405, 3.284346, 4.914877), (0.033829, 0.139188, 0.006542, 0.989666)
69.38321, (1.838724, 3.283806, 4.924651), (0.033479, 0.137810, 0.004950, 0.989880)
69.39778, (1.858751, 3.281240, 4.943030), (0.032665, 0.137575, 0.004106, 0.989944)
69.41106, (1.879607, 3.278265, 4.959202), (0.032962, 0.136481, 0.003835, 0.990087)
69.42484, (1.899693, 3.273813, 4.976707), (0.033743, 0.135281, 0.003252, 0.990227)
69.43895, (1.924287, 3.266169, 5.003400), (0.035846, 0.133849, 0.002003, 0.990351)
69.45261, (1.950590, 3.264812, 5.024939), (0.038054, 0.132828, 0.001051, 0.990408)
69.46651, (1.985221, 3.262122, 5.052134), (0.039845, 0.132106, -0.000123, 0.990435)
69.48029, (2.022470, 3.261793, 5.079904), (0.041206, 0.131471, -0.001694, 0.990462)
69.49419, (2.063588, 3.262409, 5.108542), (0.041635, 0.130854, -0.004497, 0.990517)
69.50813, (2.112204, 3.265605, 5.141726), (0.041554, 0.130397, -0.007572, 0.990562)
69.52213, (2.160188, 3.268638, 5.171306), (0.042315, 0.130760, -0.010485, 0.990455)
69.53589, (2.219696, 3.271600, 5.200086), (0.042818, 0.132941, -0.014713, 0.990089)
69.55004, (2.280437, 3.273405, 5.228363), (0.042444, 0.135362, -0.017393, 0.989734)
69.56367, (2.353450, 3.274776, 5.262160), (0.040238, 0.139350, -0.020211, 0.989219)
69.57755, (2.409916, 3.276901, 5.293484), (0.039577, 0.141114, -0.022665, 0.988942)
69.59142, (2.493739, 3.277035, 5.335181), (0.027818, 0.144585, -0.024720, 0.988792)
69.60532, (2.555497, 3.278807, 5.367965), (0.025781, 0.146050, -0.027094, 0.988570)
69.61929, (2.635473, 3.282771, 5.401695), (0.018368, 0.148074, -0.031230, 0.988312)
69.63322, (2.701180, 3.285086, 5.434903), (0.015511, 0.149632, -0.033871, 0.988040)
69.64715, (2.804823, 3.273190, 5.458461), (0.013519, 0.152837, -0.035544, 0.987520)
69.66093, (2.883705, 3.269286, 5.488019), (0.012689, 0.154074, -0.036907, 0.987288)
69.67504, (2.959142, 3.268440, 5.513824), (0.011226, 0.154472, -0.039837, 0.987130)
69.68887, (3.037422, 3.275573, 5.537879), (0.010274, 0.153934, -0.045274, 0.986990)
69.70258, (3.117175, 3.273818, 5.561904), (0.006404, 0.154350, -0.048348, 0.986812)
69.71651, (3.201644, 3.266648, 5.585833), (0.001841, 0.153936, -0.050967, 0.986764)
69.73019, (3.280777, 3.263010, 5.611028), (-0.000974, 0.153460, -0.050628, 0.986857)
69.74392, (3.359339, 3.260838, 5.636400), (-0.003431, 0.151399, -0.051521, 0.987123)
69.75742, (3.435176, 3.257749, 5.660967), (-0.007600, 0.149703, -0.052997, 0.987281)
69.77139, (3.511534, 3.258724, 5.686684), (-0.009902, 0.148037, -0.054511, 0.987429)
69.78499, (3.586020, 3.253585, 5.707012), (-0.011759, 0.146527, -0.053621, 0.987682)
69.79894, (3.662179, 3.251764, 5.727775), (-0.010978, 0.145955, -0.053827, 0.987765)
69.81274, (3.736689, 3.246740, 5.745932), (-0.010931, 0.145411, -0.053925, 0.987840)
69.82657, (3.805089, 3.238276, 5.763099), (-0.007994, 0.144593, -0.054316, 0.987967)
69.84048, (3.874957, 3.229415, 5.782977), (-0.006844, 0.143646, -0.055294, 0.988060)
69.85434, (3.937851, 3.212918, 5.796065), (0.001808, 0.138854, -0.056805, 0.988681)
69.86823, (4.004611, 3.203238, 5.814774), (0.006784, 0.134185, -0.060137, 0.989107)
69.8821, (4.073246, 3.194002, 5.833199), (0.008848, 0.130627, -0.060966, 0.989516)
69.89617, (4.146175, 3.184415, 5.851345), (0.009574, 0.124201, -0.063559, 0.990173)
69.90991, (4.209992, 3.178682, 5.872618), (0.011633, 0.119980, -0.065150, 0.990568)
69.92385, (4.273526, 3.167969, 5.890154), (0.013383, 0.115090, -0.067335, 0.990980)
69.93821, (4.330156, 3.159744, 5.903719), (0.017383, 0.109397, -0.069698, 0.991399)
69.95195, (4.381588, 3.149084, 5.912795), (0.022123, 0.102979, -0.072188, 0.991814)
69.96575, (4.443465, 3.139991, 5.928665), (0.024641, 0.098692, -0.074045, 0.992053)
69.97959, (4.479886, 3.137275, 5.944998), (0.027347, 0.084620, -0.074576, 0.993242)
69.99343, (4.525263, 3.126918, 5.960128), (0.029867, 0.073329, -0.075407, 0.994004)
70.0076, (4.570777, 3.114300, 5.972473), (0.034240, 0.064142, -0.076927, 0.994382)
70.02092, (4.608687, 3.105023, 5.972734), (0.040777, 0.055650, -0.078432, 0.994529)
70.03497, (4.651119, 3.100772, 5.975323), (0.045391, 0.047390, -0.080806, 0.994568)
70.04866, (4.697674, 3.093604, 5.981302), (0.048406, 0.039350, -0.082690, 0.994621)
70.0628, (4.737965, 3.096308, 5.984082), (0.048113, 0.031758, -0.082540, 0.994919)
70.0766, (4.780842, 3.092231, 5.984533), (0.048666, 0.023022, -0.082283, 0.995154)
70.09048, (4.818321, 3.087825, 5.980897), (0.049652, 0.015386, -0.082395, 0.995243)
70.10429, (4.853701, 3.086705, 5.966684), (0.051633, 0.008183, -0.081187, 0.995327)
70.11819, (4.897202, 3.085022, 5.956017), (0.052453, -0.001107, -0.079315, 0.995468)
70.13216, (4.935318, 3.091003, 5.949669), (0.051960, -0.009414, -0.078673, 0.995501)
70.14606, (4.976732, 3.094074, 5.942641), (0.052001, -0.018336, -0.077271, 0.995484)
70.16035, (5.018353, 3.095024, 5.930671), (0.053135, -0.028653, -0.075774, 0.995296)
70.17388, (5.061337, 3.090240, 5.921664), (0.053950, -0.036954, -0.075419, 0.995005)
70.18776, (5.102920, 3.099040, 5.908159), (0.057182, -0.042401, -0.073191, 0.994774)
70.2017, (5.153065, 3.107632, 5.893959), (0.056591, -0.048497, -0.071173, 0.994676)
70.21553, (5.203251, 3.120985, 5.887114), (0.055033, -0.053695, -0.068045, 0.994715)
70.22961, (5.250710, 3.127071, 5.877176), (0.052786, -0.059537, -0.065581, 0.994670)
70.24388, (5.303813, 3.132318, 5.869615), (0.051916, -0.064569, -0.063459, 0.994539)
70.25774, (5.356174, 3.139656, 5.858323), (0.051305, -0.067638, -0.060108, 0.994575)
70.27139, (5.412011, 3.147421, 5.842743), (0.049227, -0.067024, -0.058191, 0.994836)
70.28532, (5.470517, 3.160170, 5.830745), (0.048680, -0.067211, -0.056075, 0.994972)
70.29966, (5.530482, 3.172059, 5.820585), (0.045912, -0.067675, -0.052545, 0.995264)
70.31326, (5.584657, 3.181745, 5.811779), (0.042641, -0.066068, -0.049935, 0.995652)
70.32703, (5.645251, 3.188689, 5.803761), (0.039642, -0.064861, -0.047089, 0.995994)
70.34058, (5.703057, 3.198797, 5.792651), (0.037996, -0.063517, -0.044210, 0.996277)
70.35438, (5.759491, 3.204424, 5.780066), (0.035514, -0.063839, -0.042685, 0.996414)
70.36823, (5.814067, 3.213772, 5.773192), (0.033640, -0.060056, -0.042419, 0.996726)
70.38221, (5.871879, 3.222482, 5.769633), (0.030571, -0.059275, -0.041816, 0.996897)
70.39617, (5.929513, 3.230840, 5.768768), (0.026197, -0.059359, -0.040546, 0.997069)
70.41003, (5.982157, 3.239785, 5.766705), (0.020320, -0.058935, -0.039731, 0.997264)
70.42397, (6.038156, 3.246639, 5.763746), (0.015888, -0.059108, -0.039175, 0.997356)
70.43836, (6.090622, 3.243117, 5.757331), (0.011953, -0.059931, -0.037290, 0.997434)
70.45192, (6.142288, 3.245037, 5.753059), (0.008608, -0.060664, -0.035223, 0.997500)
70.46564, (6.194471, 3.248851, 5.754223), (0.006970, -0.061182, -0.033535, 0.997539)
70.47948, (6.249246, 3.245434, 5.753098), (0.002659, -0.061321, -0.033186, 0.997563)
70.49345, (6.303512, 3.249329, 5.755708), (-0.002720, -0.059691, -0.033245, 0.997660)
70.50764, (6.361718, 3.252141, 5.761233), (-0.007672, -0.054980, -0.035709, 0.997819)
70.5218, (6.419354, 3.256445, 5.763750), (-0.011506, -0.046245, -0.036783, 0.998186)
70.53549, (6.481721, 3.261540, 5.770841), (-0.014750, -0.035764, -0.038267, 0.998518)
70.54939, (6.549652, 3.275826, 5.783732), (-0.018746, -0.018735, -0.039463, 0.998870)
70.56314, (6.626114, 3.276966, 5.790039), (-0.028089, 0.001451, -0.039249, 0.998834)
70.57728, (6.694594, 3.274044, 5.791128), (-0.035920, 0.020056, -0.035498, 0.998523)
70.59087, (6.749651, 3.268108, 5.780697), (-0.043907, 0.043908, -0.033032, 0.997524)
70.60457, (6.811663, 3.263637, 5.779634), (-0.051884, 0.057649, -0.033463, 0.996426)
70.6186, (6.838349, 3.273852, 5.787280), (-0.054063, 0.075718, -0.037076, 0.994972)
70.63229, (6.880678, 3.280176, 5.787636), (-0.058508, 0.086974, -0.036881, 0.993807)
70.6461, (6.923002, 3.281311, 5.789889), (-0.059312, 0.097238, -0.035462, 0.992859)
70.65998, (6.960234, 3.276445, 5.790442), (-0.059203, 0.106976, -0.032040, 0.991980)
70.6739, (6.989216, 3.270286, 5.784895), (-0.053773, 0.110480, -0.024793, 0.992113)
70.68785, (7.009761, 3.274269, 5.793134), (-0.050505, 0.110316, -0.022128, 0.992366)
70.70181, (7.029372, 3.275069, 5.800768), (-0.051374, 0.111742, -0.022612, 0.992151)
70.71558, (7.048137, 3.284754, 5.804741), (-0.051438, 0.112091, -0.023079, 0.992097)
70.72983, (7.073913, 3.285285, 5.811769), (-0.049809, 0.112194, -0.022458, 0.992183)
70.74345, (7.095492, 3.283664, 5.817715), (-0.048302, 0.112324, -0.021357, 0.992267)
70.75729, (7.114565, 3.285025, 5.824307), (-0.047230, 0.112871, -0.020549, 0.992274)
70.77121, (7.131843, 3.282073, 5.832035), (-0.047352, 0.112238, -0.019886, 0.992353)
70.7853, (7.150726, 3.283060, 5.840272), (-0.047045, 0.112250, -0.019284, 0.992378)
70.79932, (7.168112, 3.283052, 5.847998), (-0.046014, 0.112434, -0.019294, 0.992406)
70.81288, (7.188387, 3.282632, 5.854383), (-0.045826, 0.114137, -0.018789, 0.992230)
70.8268, (7.205194, 3.281066, 5.861959), (-0.044515, 0.114003, -0.018605, 0.992308)
70.8407, (7.224061, 3.280870, 5.868949), (-0.044080, 0.115548, -0.017985, 0.992160)
70.85468, (7.229701, 3.271140, 5.884087), (-0.043957, 0.114954, -0.020198, 0.992192)
70.86865, (7.239212, 3.266875, 5.892743), (-0.043430, 0.116127, -0.022021, 0.992040)
70.88273, (7.249064, 3.265381, 5.899114), (-0.041543, 0.117424, -0.023545, 0.991933)
70.89642, (7.258732, 3.262515, 5.906360), (-0.039618, 0.118266, -0.025328, 0.991868)
70.9102, (7.266282, 3.258244, 5.916676), (-0.037523, 0.119164, -0.026162, 0.991820)
70.92403, (7.272934, 3.253610, 5.925627), (-0.035763, 0.119784, -0.026430, 0.991804)
70.93803, (7.279348, 3.251619, 5.931544), (-0.033813, 0.120346, -0.026440, 0.991804)
70.95185, (7.285014, 3.250312, 5.937553), (-0.031946, 0.120508, -0.026840, 0.991835)
70.96572, (7.285979, 3.249340, 5.939351), (-0.030194, 0.120550, -0.027412, 0.991869)
70.97971, (7.286576, 3.247451, 5.937407), (-0.028285, 0.120248, -0.026458, 0.991988)
70.99354, (7.283178, 3.244088, 5.928535), (-0.024409, 0.119726, -0.023298, 0.992233)
71.00752, (7.285047, 3.241465, 5.925513), (-0.022560, 0.119509, -0.021884, 0.992336)
71.02127, (7.288349, 3.239145, 5.926077), (-0.020621, 0.119768, -0.021388, 0.992357)
71.03526, (7.280881, 3.248647, 5.899821), (-0.021051, 0.120231, -0.020717, 0.992307)
71.0491, (7.279787, 3.253422, 5.887301), (-0.020859, 0.120599, -0.020994, 0.992260)
71.0634, (7.273526, 3.262427, 5.860881), (-0.023216, 0.123195, -0.023531, 0.991832)
71.0769, (7.272956, 3.266023, 5.848619), (-0.022780, 0.123717, -0.023646, 0.991774)
71.09071, (7.267318, 3.274107, 5.818361), (-0.024885, 0.126176, -0.024456, 0.991394)
71.10462, (7.255003, 3.283267, 5.783453), (-0.027764, 0.128395, -0.025373, 0.991010)
71.11862, (7.243044, 3.293576, 5.753679), (-0.030004, 0.129463, -0.027181, 0.990757)
71.13247, (7.227671, 3.304074, 5.721642), (-0.032862, 0.130300, -0.028987, 0.990506)
71.14645, (7.210933, 3.315136, 5.686264), (-0.034580, 0.130930, -0.029121, 0.990360)
71.16024, (7.189165, 3.327765, 5.646331), (-0.036771, 0.131551, -0.028266, 0.990224)
71.17412, (7.167310, 3.341190, 5.604190), (-0.040381, 0.131367, -0.027244, 0.990136)
71.18812, (7.141117, 3.355691, 5.561697), (-0.043376, 0.131081, -0.026017, 0.990081)
71.20199, (7.117108, 3.366511, 5.521690), (-0.046836, 0.130769, -0.025149, 0.989987)
71.21584, (7.093228, 3.379184, 5.478921), (-0.049463, 0.130502, -0.024493, 0.989911)
71.22971, (7.063889, 3.391228, 5.428186), (-0.053430, 0.130367, -0.021785, 0.989785)
71.24371, (7.037645, 3.401357, 5.376441), (-0.057378, 0.130102, -0.018514, 0.989666)
71.25762, (7.004809, 3.412273, 5.327508), (-0.059907, 0.130566, -0.015716, 0.989503)
71.27151, (6.975450, 3.419306, 5.278193), (-0.063449, 0.130175, -0.014535, 0.989352)
71.28553, (6.937871, 3.425333, 5.225704), (-0.066056, 0.130494, -0.013839, 0.989150)
71.29936, (6.909015, 3.431599, 5.174633), (-0.069057, 0.129536, -0.012376, 0.989090)
71.3133, (6.872072, 3.437189, 5.119819), (-0.071801, 0.131111, -0.011259, 0.988700)
71.32712, (6.838144, 3.442879, 5.071059), (-0.073549, 0.132334, -0.010001, 0.988422)
71.3411, (6.806174, 3.447577, 5.022340), (-0.075600, 0.132799, -0.009351, 0.988211)
71.3551, (6.768908, 3.455017, 4.977004), (-0.077341, 0.134365, -0.009595, 0.987863)
71.36892, (6.735332, 3.461353, 4.930965), (-0.079692, 0.134844, -0.009655, 0.987610)
71.38296, (6.700227, 3.468716, 4.885607), (-0.081977, 0.135722, -0.009482, 0.987304)
71.39669, (6.664673, 3.479520, 4.851525), (-0.085139, 0.137680, -0.011207, 0.986747)
71.4105, (6.627197, 3.485171, 4.815459), (-0.087867, 0.140165, -0.011026, 0.986160)
71.42439, (6.587463, 3.489258, 4.777088), (-0.089326, 0.143026, -0.010776, 0.985621)
71.43833, (6.554159, 3.492414, 4.736763), (-0.089077, 0.144364, -0.009691, 0.985459)
71.45223, (6.516433, 3.493538, 4.699549), (-0.088447, 0.146872, -0.008595, 0.985156)
71.46627, (6.478404, 3.493420, 4.661590), (-0.086433, 0.148168, -0.007165, 0.985152)
71.48003, (6.439920, 3.494835, 4.622498), (-0.086022, 0.149779, -0.006000, 0.984952)
71.49388, (6.402235, 3.492656, 4.579902), (-0.080962, 0.149983, -0.004655, 0.985357)
71.50786, (6.365447, 3.491882, 4.538548), (-0.079313, 0.150611, -0.004416, 0.985397)
71.5218, (6.328940, 3.491648, 4.496363), (-0.078221, 0.150829, -0.004538, 0.985450)
71.53565, (6.291476, 3.492739, 4.454934), (-0.077069, 0.150882, -0.004375, 0.985533)
71.54955, (6.255082, 3.489761, 4.411105), (-0.076626, 0.150892, -0.003887, 0.985568)
71.56351, (6.219359, 3.486152, 4.364171), (-0.076043, 0.151105, -0.003152, 0.985584)
71.57745, (6.182164, 3.483523, 4.316016), (-0.075453, 0.151679, -0.002374, 0.985543)
71.59122, (6.144780, 3.481904, 4.270861), (-0.075071, 0.152285, -0.002946, 0.985477)
71.60516, (6.108210, 3.480464, 4.226238), (-0.074971, 0.152454, -0.002702, 0.985459)
71.61926, (6.071769, 3.475907, 4.178461), (-0.076658, 0.152232, -0.002814, 0.985363)
71.63309, (6.034680, 3.472313, 4.131249), (-0.076417, 0.152410, -0.002107, 0.985356)
71.6471, (5.999574, 3.466647, 4.084467), (-0.076076, 0.152590, -0.001045, 0.985357)
71.66086, (5.962790, 3.461841, 4.038826), (-0.076436, 0.153778, -0.000077, 0.985145)
71.67464, (5.927281, 3.458800, 3.992386), (-0.076169, 0.154376, 0.000483, 0.985072)
71.68864, (5.890362, 3.453833, 3.946123), (-0.076298, 0.155393, 0.000738, 0.984902)
71.70254, (5.861976, 3.452077, 3.900760), (-0.074843, 0.155518, 0.001740, 0.984992)
71.71643, (5.829198, 3.451232, 3.859358), (-0.073655, 0.155552, 0.002352, 0.985075)
71.73049, (5.795341, 3.447621, 3.818979), (-0.073730, 0.155319, 0.002886, 0.985105)
71.74425, (5.762977, 3.444749, 3.779470), (-0.073802, 0.154385, 0.003013, 0.985246)
71.75817, (5.731697, 3.441013, 3.738977), (-0.073589, 0.152479, 0.003733, 0.985556)
71.7721, (5.698691, 3.437849, 3.697426), (-0.073297, 0.152203, 0.004273, 0.985618)
71.78602, (5.665686, 3.434684, 3.655874), (-0.073004, 0.151928, 0.004813, 0.985680)
71.80028, (5.632683, 3.431520, 3.614326), (-0.072712, 0.151653, 0.005353, 0.985741)
71.81426, (5.614884, 3.428713, 3.586082), (-0.072408, 0.146179, 0.009299, 0.986561)
71.82793, (5.590789, 3.403667, 3.556775), (-0.067408, 0.137028, 0.012066, 0.988197)
71.84183, (5.562402, 3.393981, 3.521447), (-0.065296, 0.133978, 0.012975, 0.988746)
71.85602, (5.533410, 3.385626, 3.485129), (-0.064042, 0.131614, 0.014133, 0.989129)
71.86962, (5.501748, 3.361049, 3.459915), (-0.057226, 0.122061, 0.016011, 0.990742)
71.88327, (5.470108, 3.341714, 3.437419), (-0.051823, 0.111890, 0.017007, 0.992223)
71.89744, (5.435424, 3.320838, 3.414120), (-0.048485, 0.102896, 0.018688, 0.993334)
71.911, (5.401534, 3.301440, 3.393158), (-0.043935, 0.092618, 0.020909, 0.994512)
71.92483, (5.369556, 3.275565, 3.372475), (-0.039970, 0.083158, 0.022553, 0.995479)
71.93879, (5.338520, 3.257085, 3.351479), (-0.032526, 0.074348, 0.022947, 0.996438)
71.95268, (5.303071, 3.237494, 3.332550), (-0.025551, 0.067095, 0.023871, 0.997134)
71.96645, (5.268404, 3.215106, 3.317294), (-0.020759, 0.062208, 0.022893, 0.997585)
71.98055, (5.230390, 3.194063, 3.309121), (-0.016272, 0.058680, 0.020099, 0.997942)
71.99436, (5.189599, 3.172230, 3.298736), (-0.012226, 0.053841, 0.018379, 0.998306)
72.00847, (5.141404, 3.153371, 3.288381), (-0.004561, 0.048636, 0.016732, 0.998666)
72.02209, (5.081839, 3.129908, 3.279187), (0.002980, 0.043507, 0.016786, 0.998908)
72.03603, (5.029444, 3.111168, 3.270521), (0.011315, 0.038176, 0.016765, 0.999066)
72.04994, (4.968131, 3.089486, 3.267803), (0.018557, 0.033991, 0.018855, 0.999072)
72.06417, (4.905296, 3.073934, 3.271402), (0.026441, 0.030037, 0.021270, 0.998973)
72.07796, (4.838637, 3.056805, 3.274123), (0.032562, 0.025596, 0.024456, 0.998843)
72.09171, (4.767224, 3.037573, 3.276996), (0.038995, 0.020660, 0.028293, 0.998625)
72.10561, (4.685721, 3.012811, 3.284354), (0.045307, 0.014923, 0.033359, 0.998305)
72.11961, (4.600035, 2.986267, 3.293519), (0.053429, 0.009214, 0.039415, 0.997751)
72.13337, (4.516228, 2.951958, 3.303773), (0.060539, 0.003490, 0.043702, 0.997203)
72.14729, (4.424838, 2.912550, 3.317125), (0.069373, -0.000879, 0.049378, 0.996368)
72.16094, (4.333237, 2.871590, 3.330389), (0.078080, -0.004907, 0.055898, 0.995367)
72.17467, (4.237596, 2.834759, 3.346820), (0.088406, -0.008685, 0.062739, 0.994069)
72.18864, (4.135387, 2.801609, 3.368701), (0.098815, -0.011581, 0.069691, 0.992595)
72.20251, (4.040949, 2.752265, 3.391745), (0.105270, -0.016593, 0.075760, 0.991415)
72.21648, (3.936388, 2.708220, 3.422364), (0.112098, -0.018528, 0.082572, 0.990087)
72.23037, (3.829694, 2.670493, 3.455739), (0.119175, -0.020893, 0.087957, 0.988749)
72.24414, (3.727401, 2.631071, 3.488334), (0.125854, -0.024127, 0.094247, 0.987267)
72.25806, (3.620115, 2.585021, 3.526669), (0.131332, -0.026114, 0.099054, 0.986032)
72.2721, (3.514754, 2.541143, 3.567899), (0.135144, -0.028911, 0.105499, 0.984769)
72.28601, (3.408592, 2.499429, 3.604863), (0.139453, -0.030743, 0.110651, 0.983547)
72.29998, (3.301279, 2.470603, 3.645422), (0.144030, -0.031449, 0.116310, 0.982211)
72.31435, (3.201524, 2.440999, 3.688948), (0.149102, -0.029372, 0.119771, 0.981102)
72.32768, (3.097546, 2.405980, 3.729763), (0.154801, -0.027279, 0.124460, 0.979695)
72.34158, (2.993726, 2.373792, 3.770576), (0.160183, -0.023524, 0.127801, 0.978496)
72.35564, (2.891828, 2.348608, 3.816077), (0.163737, -0.016925, 0.127849, 0.978038)
72.36948, (2.786418, 2.324650, 3.866459), (0.165375, -0.009853, 0.127494, 0.977906)
72.38353, (2.684223, 2.301314, 3.918798), (0.166180, -0.002513, 0.128855, 0.977637)
72.39751, (2.585962, 2.275169, 3.964109), (0.167950, 0.004293, 0.130680, 0.977086)
72.41135, (2.494692, 2.246016, 4.004469), (0.170612, 0.010594, 0.134372, 0.976076)
72.42522, (2.402340, 2.221336, 4.042303), (0.175580, 0.016331, 0.138469, 0.974542)
72.43914, (2.317977, 2.201455, 4.079963), (0.180460, 0.020321, 0.142174, 0.973041)
72.45306, (2.235512, 2.185124, 4.115366), (0.183634, 0.023860, 0.144457, 0.972030)
72.46754, (2.149611, 2.162764, 4.151150), (0.184939, 0.027547, 0.147016, 0.971301)
72.48095, (2.080459, 2.144880, 4.177161), (0.184203, 0.027597, 0.148741, 0.971177)
72.49478, (2.010719, 2.135823, 4.203992), (0.185479, 0.027583, 0.150773, 0.970621)
72.50867, (1.953386, 2.135905, 4.230577), (0.188657, 0.025507, 0.152650, 0.969771)
72.5226, (1.894176, 2.131201, 4.257564), (0.191715, 0.024583, 0.154431, 0.968913)
72.53664, (1.856334, 2.146119, 4.284635), (0.196176, 0.022203, 0.152510, 0.968382)
72.55041, (1.803829, 2.156491, 4.318992), (0.199420, 0.022551, 0.151013, 0.967945)
72.56435, (1.770407, 2.170293, 4.347767), (0.197553, 0.023108, 0.144019, 0.969380)
72.5782, (1.725178, 2.174501, 4.377804), (0.198127, 0.023469, 0.142733, 0.969444)
72.59209, (1.715634, 2.187881, 4.392714), (0.196731, 0.027765, 0.138496, 0.970229)
72.60601, (1.692116, 2.191463, 4.410118), (0.199016, 0.031895, 0.136305, 0.969947)
72.62054, (1.673901, 2.193773, 4.427161), (0.201777, 0.037320, 0.133352, 0.969593)
72.63394, (1.646920, 2.195734, 4.445372), (0.202735, 0.040476, 0.131304, 0.969546)
72.64825, (1.641479, 2.195814, 4.457212), (0.203828, 0.045565, 0.129168, 0.969378)
72.66184, (1.618126, 2.199564, 4.476759), (0.205312, 0.048546, 0.127374, 0.969158)
72.67568, (1.623440, 2.200259, 4.484030), (0.207669, 0.049333, 0.126903, 0.968677)
72.68959, (1.629335, 2.207555, 4.483891), (0.210833, 0.051439, 0.126466, 0.967941)
72.70347, (1.631706, 2.216876, 4.489246), (0.213156, 0.053729, 0.124488, 0.967564)
72.7173, (1.642302, 2.227514, 4.492779), (0.215487, 0.056451, 0.121581, 0.967263)
72.73096, (1.647494, 2.235476, 4.498239), (0.217258, 0.059295, 0.119440, 0.966963)
72.74495, (1.689387, 2.252259, 4.487401), (0.218240, 0.066229, 0.113490, 0.967008)
72.75906, (1.715468, 2.268990, 4.482037), (0.219543, 0.072426, 0.108753, 0.966813)
72.77254, (1.741860, 2.283565, 4.472985), (0.219155, 0.079449, 0.102869, 0.966994)
72.78653, (1.779548, 2.300802, 4.465045), (0.218778, 0.087436, 0.094812, 0.967214)
72.80039, (1.815816, 2.319584, 4.454881), (0.217465, 0.096505, 0.087551, 0.967332)
72.81421, (1.855936, 2.341777, 4.448185), (0.216598, 0.107141, 0.080008, 0.967060)
72.8282, (1.903946, 2.362680, 4.434976), (0.212737, 0.123714, 0.070541, 0.966676)
72.8422, (1.943772, 2.380182, 4.422324), (0.209716, 0.137280, 0.062694, 0.966045)
72.856, (1.983346, 2.394418, 4.407974), (0.207282, 0.151117, 0.054669, 0.964992)
72.86996, (2.020486, 2.406107, 4.391556), (0.206001, 0.164872, 0.047811, 0.963377)
72.88393, (2.057253, 2.416945, 4.375492), (0.205993, 0.176122, 0.041726, 0.961669)
72.89776, (2.086994, 2.420269, 4.348470), (0.207449, 0.186973, 0.038736, 0.959430)
72.91164, (2.117469, 2.427900, 4.325364), (0.209041, 0.196458, 0.033562, 0.957382)
72.92612, (2.136531, 2.438699, 4.300051), (0.212412, 0.203467, 0.029569, 0.955305)
72.93948, (2.160157, 2.452414, 4.276083), (0.214719, 0.210147, 0.022887, 0.953525)
72.95345, (2.178670, 2.467214, 4.257081), (0.214761, 0.218042, 0.016542, 0.951873)
72.96726, (2.205128, 2.479382, 4.236134), (0.215264, 0.227046, 0.010695, 0.949735)
72.98127, (2.208311, 2.490815, 4.210529), (0.211400, 0.233691, 0.005752, 0.949034)
72.99509, (2.229051, 2.502825, 4.188187), (0.211120, 0.242243, 0.000082, 0.946967)
73.00891, (2.228719, 2.505189, 4.157659), (0.211023, 0.247126, -0.001829, 0.945724)
73.02281, (2.244620, 2.515072, 4.133250), (0.210742, 0.255014, -0.006842, 0.943668)
73.0368, (2.260512, 2.524951, 4.108842), (0.210440, 0.262878, -0.011853, 0.941525)
73.05081, (2.247304, 2.519010, 4.082806), (0.211364, 0.267926, -0.009659, 0.939919)
73.06476, (2.206377, 2.512001, 4.063330), (0.213740, 0.270937, -0.002237, 0.938565)
73.07922, (2.179382, 2.496802, 4.030275), (0.214956, 0.272283, 0.000633, 0.937900)
73.09249, (2.162230, 2.494608, 4.006104), (0.217370, 0.277943, 0.000215, 0.935681)
73.10641, (2.130208, 2.484550, 3.978272), (0.221301, 0.280730, -0.001126, 0.933925)
73.1203, (2.106053, 2.484517, 3.952371), (0.223207, 0.283688, -0.004478, 0.932566)
73.13435, (2.075857, 2.479384, 3.926835), (0.221638, 0.285843, -0.010489, 0.932234)
73.14859, (2.045539, 2.474742, 3.903173), (0.218278, 0.287577, -0.014642, 0.932438)
73.16227, (2.018462, 2.474288, 3.879306), (0.218903, 0.290037, -0.017409, 0.931481)
73.17612, (1.985522, 2.470754, 3.854999), (0.220127, 0.292376, -0.020178, 0.930405)
73.1901, (1.949146, 2.462014, 3.828382), (0.219389, 0.294632, -0.021680, 0.929834)
73.20399, (1.911692, 2.455885, 3.809528), (0.219664, 0.296507, -0.022325, 0.929157)
73.21783, (1.880225, 2.450900, 3.785469), (0.219862, 0.299452, -0.024500, 0.928110)
73.23233, (1.848749, 2.445912, 3.761415), (0.220057, 0.302392, -0.026674, 0.927050)
73.24577, (1.789224, 2.435476, 3.745543), (0.221407, 0.301910, -0.026039, 0.926904)
73.25962, (1.735216, 2.424313, 3.723294), (0.221471, 0.303690, -0.029095, 0.926216)
73.27354, (1.685786, 2.414292, 3.704748), (0.222330, 0.306719, -0.031795, 0.924923)
73.28755, (1.637033, 2.405583, 3.686116), (0.222579, 0.310333, -0.034388, 0.923564)
73.30147, (1.582721, 2.395422, 3.671958), (0.221522, 0.314932, -0.036222, 0.922190)
73.3153, (1.530059, 2.386276, 3.659708), (0.219778, 0.319051, -0.038121, 0.921114)
73.32932, (1.469778, 2.376221, 3.650486), (0.219007, 0.322205, -0.038803, 0.920171)
73.34317, (1.409194, 2.364780, 3.638522), (0.218755, 0.324667, -0.039467, 0.919337)
73.35722, (1.345622, 2.351574, 3.629315), (0.220909, 0.324070, -0.039227, 0.919042)
73.371, (1.271779, 2.338536, 3.625972), (0.222605, 0.324219, -0.037496, 0.918653)
73.38535, (1.200855, 2.326316, 3.627526), (0.224225, 0.322236, -0.035817, 0.919024)
73.39901, (1.125925, 2.313848, 3.629174), (0.225654, 0.320030, -0.035169, 0.919469)
73.4127, (1.044731, 2.300045, 3.633309), (0.227670, 0.314586, -0.034654, 0.920870)
73.42658, (0.962209, 2.288561, 3.639729), (0.230501, 0.308257, -0.034024, 0.922328)
73.44057, (0.872915, 2.273519, 3.648522), (0.233738, 0.299213, -0.033175, 0.924520)
73.45439, (0.785376, 2.262607, 3.658658), (0.236917, 0.288865, -0.031404, 0.927061)
73.46805, (0.693825, 2.251198, 3.671974), (0.240730, 0.276875, -0.030328, 0.929769)
73.4819, (0.596234, 2.235920, 3.682702), (0.243796, 0.262538, -0.027943, 0.933197)
73.49573, (0.497366, 2.225454, 3.699973), (0.249892, 0.245069, -0.023275, 0.936458)
73.50962, (0.396387, 2.211027, 3.713246), (0.255719, 0.229035, -0.017477, 0.939067)
73.52325, (0.303329, 2.198257, 3.724572), (0.260069, 0.216354, -0.013815, 0.940938)
73.53764, (0.188683, 2.187475, 3.740185), (0.267916, 0.194449, -0.005952, 0.943597)
73.55098, (0.084350, 2.175710, 3.757280), (0.271753, 0.181790, -0.001674, 0.945040)
73.56479, (-0.015132, 2.167182, 3.778791), (0.273940, 0.169116, 0.003654, 0.946754)
73.5788, (-0.111702, 2.163229, 3.801555), (0.273835, 0.160195, 0.006823, 0.948317)
73.5927, (-0.214770, 2.157552, 3.823829), (0.276278, 0.150629, 0.010640, 0.949141)
73.6066, (-0.305951, 2.147964, 3.851227), (0.274368, 0.147404, 0.013590, 0.950163)
73.62051, (-0.397825, 2.135304, 3.881481), (0.273222, 0.143166, 0.017673, 0.951074)
73.63446, (-0.492147, 2.124908, 3.905468), (0.273705, 0.134464, 0.022652, 0.952099)
73.64828, (-0.583310, 2.115312, 3.934306), (0.274109, 0.130927, 0.028265, 0.952325)
73.66215, (-0.678537, 2.105546, 3.958703), (0.275190, 0.122746, 0.032491, 0.952968)
73.67609, (-0.761664, 2.086895, 3.993333), (0.278863, 0.119721, 0.039488, 0.952021)
73.69052, (-0.845215, 2.066807, 4.031775), (0.280785, 0.115784, 0.045329, 0.951682)
73.70389, (-0.935437, 2.052991, 4.064223), (0.282116, 0.109795, 0.050308, 0.951748)
73.71776, (-1.018963, 2.040960, 4.106704), (0.283778, 0.106094, 0.052483, 0.951557)
73.73172, (-1.103387, 2.028124, 4.138201), (0.285323, 0.099793, 0.056394, 0.951552)
73.74543, (-1.174960, 2.014502, 4.164334), (0.288429, 0.092509, 0.061220, 0.951054)
73.75945, (-1.248749, 1.999760, 4.192554), (0.291636, 0.086064, 0.065633, 0.950386)
73.77318, (-1.314597, 1.995906, 4.222562), (0.295191, 0.079302, 0.070356, 0.949539)
73.78702, (-1.382321, 1.990156, 4.254528), (0.296353, 0.073498, 0.073416, 0.949412)
73.80087, (-1.451236, 1.986473, 4.288192), (0.296755, 0.068725, 0.075227, 0.949502)
73.81454, (-1.509797, 1.980811, 4.318227), (0.294838, 0.063467, 0.076038, 0.950400)
73.82841, (-1.568083, 1.978780, 4.344993), (0.293724, 0.058428, 0.076995, 0.950991)
73.8429, (-1.622194, 1.975236, 4.363210), (0.291836, 0.054662, 0.078170, 0.951700)
73.85621, (-1.679453, 1.970817, 4.385088), (0.291619, 0.050667, 0.080941, 0.951756)
73.87006, (-1.730164, 1.966652, 4.404895), (0.290684, 0.046186, 0.084462, 0.951964)
73.88402, (-1.782814, 1.961626, 4.427401), (0.290434, 0.041362, 0.086866, 0.952046)
73.89792, (-1.829806, 1.956264, 4.443856), (0.288207, 0.040186, 0.087066, 0.952755)
73.91207, (-1.878481, 1.951499, 4.460647), (0.287579, 0.037272, 0.086924, 0.953076)
73.92618, (-1.925697, 1.946912, 4.474852), (0.287240, 0.033634, 0.087958, 0.953219)
73.93983, (-1.967740, 1.941433, 4.487001), (0.286972, 0.030604, 0.089609, 0.953247)
73.95382, (-2.010314, 1.936549, 4.501142), (0.286539, 0.027148, 0.092604, 0.953196)
73.96755, (-2.042480, 1.934931, 4.513529), (0.285124, 0.024153, 0.095065, 0.953459)
73.98145, (-2.084699, 1.933972, 4.525346), (0.283922, 0.021044, 0.098111, 0.953582)
73.99577, (-2.121892, 1.938708, 4.530537), (0.282643, 0.017513, 0.099591, 0.953881)
74.00892, (-2.157193, 1.941663, 4.537168), (0.280881, 0.013132, 0.101759, 0.954242)
74.02314, (-2.183092, 1.947576, 4.544494), (0.278724, 0.008181, 0.104577, 0.954625)
74.03673, (-2.213419, 1.951656, 4.545116), (0.276534, 0.004004, 0.106614, 0.955064)
74.05063, (-2.243583, 1.959330, 4.544246), (0.275555, -0.000430, 0.108837, 0.955104)
74.06456, (-2.267431, 1.969570, 4.540099), (0.275209, -0.005178, 0.109744, 0.955086)
74.07847, (-2.288530, 1.980925, 4.531587), (0.273801, -0.008441, 0.109115, 0.955540)
74.09224, (-2.309629, 1.991785, 4.528066), (0.271886, -0.011571, 0.110232, 0.955925)
74.10616, (-2.325232, 2.003678, 4.521705), (0.269652, -0.014001, 0.111038, 0.956432)
74.12016, (-2.331603, 2.016109, 4.507776), (0.265169, -0.016173, 0.111293, 0.957621)
74.1341, (-2.344882, 2.030106, 4.496665), (0.262302, -0.018761, 0.112161, 0.958262)
74.14783, (-2.347294, 2.048591, 4.482774), (0.259291, -0.021250, 0.112154, 0.959030)
74.1618, (-2.355988, 2.062761, 4.468676), (0.255758, -0.023637, 0.113498, 0.959764)
74.17647, (-2.351230, 2.077703, 4.450382), (0.250909, -0.025676, 0.115063, 0.960805)
74.19006, (-2.347064, 2.093143, 4.431118), (0.246533, -0.028263, 0.116085, 0.961742)
74.20367, (-2.347316, 2.110144, 4.412735), (0.242732, -0.030881, 0.117402, 0.962468)
74.21763, (-2.332051, 2.134057, 4.386659), (0.237119, -0.033952, 0.116101, 0.963920)
74.23135, (-2.314923, 2.155166, 4.364120), (0.232492, -0.035971, 0.113849, 0.965242)
74.24527, (-2.306169, 2.173697, 4.340152), (0.228277, -0.037401, 0.113768, 0.966203)
74.25932, (-2.274739, 2.189314, 4.313081), (0.223692, -0.039552, 0.113371, 0.967236)
74.27296, (-2.247003, 2.210217, 4.289508), (0.220689, -0.041034, 0.113425, 0.967857)
74.28682, (-2.212824, 2.231783, 4.263884), (0.217176, -0.043379, 0.111332, 0.968792)
74.30052, (-2.183898, 2.254149, 4.239992), (0.213498, -0.045168, 0.110582, 0.969613)
74.31497, (-2.132601, 2.274500, 4.219409), (0.207802, -0.046486, 0.106652, 0.971228)
74.3281, (-2.087066, 2.299346, 4.199450), (0.202150, -0.048412, 0.104124, 0.972600)
74.34183, (-2.038523, 2.326411, 4.176031), (0.196894, -0.049478, 0.101101, 0.973942)
74.35578, (-1.981126, 2.354240, 4.151571), (0.191843, -0.050617, 0.097562, 0.975252)
74.36976, (-1.922368, 2.383221, 4.129933), (0.187132, -0.051618, 0.094482, 0.976417)
74.38356, (-1.849897, 2.408262, 4.109176), (0.180294, -0.051591, 0.091085, 0.978027)
74.39735, (-1.788250, 2.432853, 4.087026), (0.174555, -0.053000, 0.088128, 0.979263)
74.41145, (-1.710261, 2.460583, 4.066082), (0.167223, -0.051035, 0.081758, 0.981197)
74.4253, (-1.649146, 2.486476, 4.044236), (0.161692, -0.051794, 0.078604, 0.982341)
74.43891, (-1.527318, 2.521822, 4.023332), (0.151814, -0.046097, 0.065056, 0.985188)
74.45288, (-1.450338, 2.549528, 3.999554), (0.144829, -0.045082, 0.060247, 0.986591)
74.46719, (-1.339455, 2.580812, 3.979581), (0.137385, -0.038261, 0.050766, 0.988476)
74.48053, (-1.252515, 2.609802, 3.956813), (0.131023, -0.035055, 0.044635, 0.989753)
74.49419, (-1.167513, 2.638592, 3.934988), (0.124479, -0.033267, 0.038940, 0.990900)
74.50814, (-1.054801, 2.664475, 3.911131), (0.117258, -0.028364, 0.030915, 0.992215)
74.52205, (-0.964754, 2.692859, 3.888975), (0.110607, -0.026141, 0.024894, 0.993208)
74.53577, (-0.874708, 2.721243, 3.866820), (0.103948, -0.023916, 0.018870, 0.994116)
74.54968, (-0.713538, 2.724962, 3.840566), (0.088943, -0.008489, 0.002428, 0.995998)
74.56341, (-0.610932, 2.748519, 3.817619), (0.081193, -0.004528, -0.005059, 0.996675)
74.57732, (-0.508305, 2.772077, 3.794669), (0.073432, -0.000566, -0.012548, 0.997221)
74.59112, (-0.405698, 2.795631, 3.771722), (0.065663, 0.003396, -0.020033, 0.997635)
74.6049, (-0.303085, 2.819184, 3.748775), (0.057884, 0.007358, -0.027515, 0.997917)
74.61862, (-0.200471, 2.842739, 3.725827), (0.050098, 0.011318, -0.034994, 0.998067)
74.63297, (-0.109966, 2.771653, 3.759478), (0.072606, 0.008420, -0.028446, 0.996920)
74.64602, (-0.011686, 2.783039, 3.776058), (0.070131, 0.012028, -0.035431, 0.996836)
74.65981, (0.080833, 2.790785, 3.788949), (0.067621, 0.016673, -0.043531, 0.996622)
74.67366, (0.168958, 2.794691, 3.797091), (0.067581, 0.021011, -0.050285, 0.996224)
74.68748, (0.254814, 2.789689, 3.814048), (0.069463, 0.024620, -0.056148, 0.995699)
74.70105, (0.341458, 2.792605, 3.834215), (0.070524, 0.028352, -0.060903, 0.995246)
74.71479, (0.418699, 2.778306, 3.877120), (0.070278, 0.033360, -0.062602, 0.995002)
74.72916, (0.496778, 2.780555, 3.917339), (0.071168, 0.039165, -0.064929, 0.994578)
74.74249, (0.573547, 2.781656, 3.958409), (0.071911, 0.045387, -0.068391, 0.994028)
74.75665, (0.650334, 2.781397, 3.991129), (0.071206, 0.051052, -0.071910, 0.993556)
74.77042, (0.705452, 2.786239, 4.054641), (0.073186, 0.056869, -0.069246, 0.993285)
74.78453, (0.774186, 2.787106, 4.103582), (0.073978, 0.059505, -0.066773, 0.993241)
74.79794, (0.829975, 2.782674, 4.146646), (0.076969, 0.058495, -0.061443, 0.993418)
74.81173, (0.889158, 2.784243, 4.191267), (0.082481, 0.055741, -0.057485, 0.993371)
74.82565, (0.932639, 2.783091, 4.228759), (0.087693, 0.050117, -0.054251, 0.993406)
74.83922, (0.975146, 2.779068, 4.265800), (0.090921, 0.044152, -0.051202, 0.993560)
74.8532, (1.012152, 2.774121, 4.295539), (0.093290, 0.035788, -0.048372, 0.993819)
74.86675, (1.048976, 2.773527, 4.324247), (0.098943, 0.030491, -0.047867, 0.993473)
74.88068, (1.082055, 2.770733, 4.341909), (0.109334, 0.024998, -0.053527, 0.992248)
74.89456, (1.117716, 2.767270, 4.359462), (0.116062, 0.022007, -0.056668, 0.991380)
74.90855, (1.156014, 2.767240, 4.380760), (0.121405, 0.018787, -0.057311, 0.990769)
74.9231, (1.185128, 2.768290, 4.393521), (0.127236, 0.017360, -0.058929, 0.989968)
74.93634, (1.216088, 2.777468, 4.407829), (0.131738, 0.013401, -0.061066, 0.989311)
74.95028, (1.230421, 2.788477, 4.424457), (0.133654, 0.010482, -0.060717, 0.989111)
74.96403, (1.254726, 2.792413, 4.439830), (0.132919, 0.005674, -0.059324, 0.989334)
74.97804, (1.278566, 2.797394, 4.455326), (0.135197, 0.002650, -0.058544, 0.989084)
74.99195, (1.297121, 2.808753, 4.465446), (0.143856, -0.001645, -0.051195, 0.988272)
75.00587, (1.309711, 2.806896, 4.467893), (0.153307, -0.002599, -0.047613, 0.987028)
75.02003, (1.318926, 2.800525, 4.459060), (0.162496, -0.004162, -0.043287, 0.985750)
75.03392, (1.333865, 2.799600, 4.463836), (0.168568, -0.005949, -0.040979, 0.984820)
75.04771, (1.352676, 2.801017, 4.470343), (0.174374, -0.008503, -0.038909, 0.983874)
75.06171, (1.343260, 2.779969, 4.450341), (0.189060, -0.006411, -0.034531, 0.981337)
75.07565, (1.349187, 2.779822, 4.445757), (0.195270, -0.005018, -0.034054, 0.980145)
75.08982, (1.360214, 2.785829, 4.443201), (0.199169, -0.005536, -0.034141, 0.979355)
75.10351, (1.370157, 2.793937, 4.436101), (0.202579, -0.005798, -0.033717, 0.978668)
75.11747, (1.379173, 2.798471, 4.416582), (0.202821, -0.002936, -0.034959, 0.978587)
75.13145, (1.392337, 2.808597, 4.403769), (0.205380, -0.000644, -0.033921, 0.978094)
75.1454, (1.403200, 2.816347, 4.384125), (0.203465, 0.002163, -0.031857, 0.978562)
75.15939, (1.416662, 2.817348, 4.365391), (0.201709, 0.004481, -0.030717, 0.978954)
75.17331, (1.428861, 2.827454, 4.344463), (0.201182, 0.007778, -0.025907, 0.979181)
75.18724, (1.442241, 2.831618, 4.317197), (0.201013, 0.010382, -0.023228, 0.979258)
75.20107, (1.451074, 2.837349, 4.288898), (0.198997, 0.014007, -0.020656, 0.979682)
75.21495, (1.459281, 2.837526, 4.262995), (0.197383, 0.016507, -0.018370, 0.980015)
75.22931, (1.466850, 2.835187, 4.231577), (0.197454, 0.018740, -0.015853, 0.980005)
75.24284, (1.472134, 2.832674, 4.199867), (0.198535, 0.020797, -0.012300, 0.979796)
75.25673, (1.482459, 2.832952, 4.165207), (0.201217, 0.022697, -0.007415, 0.979256)
75.27069, (1.497692, 2.828869, 4.129678), (0.202976, 0.022616, -0.002178, 0.978920)
75.28462, (1.508696, 2.826123, 4.098482), (0.204360, 0.022339, 0.004660, 0.978630)
75.29845, (1.518527, 2.824637, 4.067287), (0.206509, 0.022497, 0.008593, 0.978148)
75.31228, (1.530593, 2.825196, 4.034075), (0.207878, 0.022306, 0.012671, 0.977818)
75.3261, (1.545024, 2.833930, 4.000781), (0.207760, 0.022546, 0.016069, 0.977788)
75.34003, (1.561794, 2.839681, 3.971673), (0.206768, 0.023513, 0.020566, 0.977891)
75.35392, (1.576761, 2.840493, 3.936061), (0.204300, 0.025198, 0.024174, 0.978285)
75.3679, (1.570827, 2.833537, 3.894065), (0.201958, 0.031183, 0.026814, 0.978530)
75.38242, (1.608202, 2.838966, 3.855963), (0.206668, 0.024200, 0.030175, 0.977646)
75.39571, (1.619750, 2.838185, 3.808984), (0.209607, 0.025770, 0.031875, 0.976926)
75.40959, (1.635568, 2.851565, 3.764429), (0.215778, 0.022835, 0.033784, 0.975591)
75.42354, (1.648304, 2.853789, 3.729646), (0.216931, 0.022778, 0.034437, 0.975313)
75.43742, (1.670579, 2.854154, 3.692870), (0.211931, 0.020813, 0.037214, 0.976354)
75.45125, (1.688424, 2.873050, 3.665148), (0.210296, 0.020042, 0.038989, 0.976655)
75.46528, (1.707143, 2.877740, 3.625624), (0.204760, 0.016577, 0.043580, 0.977701)
75.47921, (1.727582, 2.883068, 3.582668), (0.202353, 0.012947, 0.048161, 0.978042)
75.49305, (1.745552, 2.889690, 3.539973), (0.200784, 0.010052, 0.054586, 0.978062)
75.50701, (1.769393, 2.892911, 3.503728), (0.197653, 0.006033, 0.060539, 0.978382)
75.52104, (1.793000, 2.898195, 3.457748), (0.195571, 0.000327, 0.066477, 0.978434)
75.53533, (1.819333, 2.904507, 3.413979), (0.190622, -0.005272, 0.067421, 0.979331)
75.54869, (1.844101, 2.911805, 3.366801), (0.186969, -0.009654, 0.068214, 0.979947)
75.56258, (1.866896, 2.915341, 3.318526), (0.182451, -0.012079, 0.067245, 0.980838)
75.57642, (1.899671, 2.927758, 3.276058), (0.177099, -0.012722, 0.067296, 0.981807)
75.59033, (1.923387, 2.942835, 3.229752), (0.172350, -0.013038, 0.072553, 0.982274)
75.60412, (1.972853, 2.936317, 3.178293), (0.164414, -0.015859, 0.070020, 0.983775)
75.61808, (2.004472, 2.953550, 3.132664), (0.160729, -0.016112, 0.076175, 0.983923)
75.63196, (2.045231, 2.949890, 3.073117), (0.150390, -0.018257, 0.076451, 0.985497)
75.64584, (2.080022, 2.974861, 3.035272), (0.146462, -0.016882, 0.079437, 0.985877)
75.65969, (2.123978, 2.992955, 2.987922), (0.139458, -0.016031, 0.080367, 0.986831)
75.67358, (2.161422, 3.005439, 2.937507), (0.132642, -0.015226, 0.081852, 0.987661)
75.688, (2.195869, 3.018028, 2.888228), (0.126525, -0.014832, 0.083888, 0.988299)
75.70126, (2.268039, 3.068713, 2.843231), (0.095950, -0.001810, 0.079054, 0.992240)
75.71507, (2.320627, 3.097929, 2.785821), (0.080812, 0.002121, 0.079989, 0.993512)
75.72885, (2.374770, 3.132761, 2.727465), (0.069428, 0.004714, 0.081002, 0.994282)
75.74274, (2.432066, 3.169099, 2.674714), (0.058901, 0.008380, 0.081812, 0.994871)
75.75665, (2.489107, 3.194929, 2.616510), (0.043269, 0.012654, 0.081174, 0.995680)
75.77043, (2.547749, 3.217784, 2.557621), (0.027355, 0.015840, 0.081256, 0.996192)
75.78411, (2.600023, 3.242598, 2.499173), (0.015889, 0.020068, 0.082611, 0.996253)
75.79803, (2.655114, 3.266345, 2.435482), (0.008441, 0.025430, 0.082621, 0.996221)
75.8119, (2.709069, 3.292229, 2.377374), (-0.002910, 0.028828, 0.083119, 0.996118)
75.82579, (2.762519, 3.302059, 2.313412), (-0.002230, 0.039868, 0.075510, 0.996345)
75.84015, (2.817303, 3.321524, 2.261771), (-0.012931, 0.047561, 0.072853, 0.996124)
75.85361, (2.874380, 3.337615, 2.207629), (-0.024100, 0.053112, 0.070629, 0.995796)
75.86757, (2.924875, 3.349679, 2.151512), (-0.029136, 0.060090, 0.067681, 0.995470)
75.88139, (2.978703, 3.361288, 2.095692), (-0.037201, 0.064939, 0.066541, 0.994973)
75.89532, (3.033697, 3.375654, 2.047357), (-0.040808, 0.069725, 0.066123, 0.994536)
75.90925, (3.095495, 3.387073, 1.999335), (-0.049620, 0.073013, 0.065941, 0.993911)
75.92321, (3.150938, 3.399549, 1.959688), (-0.057671, 0.075930, 0.065736, 0.993271)
75.93712, (3.205883, 3.402003, 1.918492), (-0.065946, 0.078712, 0.065145, 0.992578)
75.951, (3.264910, 3.414307, 1.872167), (-0.073629, 0.082143, 0.063830, 0.991845)
75.965, (3.326376, 3.408395, 1.837352), (-0.075312, 0.084030, 0.063842, 0.991560)
75.97892, (3.386360, 3.408481, 1.795274), (-0.079026, 0.088175, 0.063706, 0.990920)
75.99314, (3.460222, 3.407247, 1.756459), (-0.078974, 0.092273, 0.060946, 0.990724)
76.00669, (3.521729, 3.411329, 1.713362), (-0.084291, 0.096155, 0.059845, 0.989984)
76.02077, (3.592154, 3.402305, 1.672399), (-0.088270, 0.103023, 0.055762, 0.989184)
76.03484, (3.662520, 3.391930, 1.634210), (-0.087492, 0.110698, 0.050452, 0.988709)
76.04881, (3.732391, 3.383285, 1.594565), (-0.090211, 0.115128, 0.048324, 0.988065)
76.06264, (3.804726, 3.376628, 1.555352), (-0.091850, 0.119198, 0.045586, 0.987561)
76.07652, (3.872539, 3.372451, 1.514192), (-0.095315, 0.123873, 0.043298, 0.986760)
76.09054, (3.938290, 3.368350, 1.474551), (-0.097412, 0.128970, 0.041280, 0.985989)
76.10432, (4.009117, 3.354462, 1.434393), (-0.097500, 0.132540, 0.038870, 0.985604)
76.11811, (4.080754, 3.359144, 1.402579), (-0.095992, 0.131702, 0.038849, 0.985866)
76.13246, (4.148863, 3.349279, 1.367144), (-0.099547, 0.133401, 0.035634, 0.985406)
76.14578, (4.210249, 3.337461, 1.338141), (-0.101084, 0.133659, 0.033533, 0.985288)
76.15969, (4.270600, 3.323392, 1.310982), (-0.101566, 0.133218, 0.030334, 0.985402)
76.17357, (4.329363, 3.307252, 1.280983), (-0.101295, 0.132123, 0.028741, 0.985625)
76.18752, (4.391588, 3.291577, 1.251249), (-0.102327, 0.131391, 0.027497, 0.985652)
76.20147, (4.446378, 3.271159, 1.231049), (-0.102154, 0.129939, 0.026221, 0.985897)
76.21533, (4.506076, 3.257684, 1.206260), (-0.102149, 0.129783, 0.023985, 0.985975)
76.22932, (4.554883, 3.243328, 1.196803), (-0.100489, 0.126231, 0.020239, 0.986691)
76.2432, (4.604589, 3.230653, 1.189198), (-0.100340, 0.121698, 0.016588, 0.987343)
76.25704, (4.656753, 3.218302, 1.179372), (-0.100830, 0.117157, 0.013238, 0.987893)
76.27103, (4.707693, 3.202052, 1.171044), (-0.101807, 0.114336, 0.010094, 0.988160)
76.28526, (4.754897, 3.192959, 1.176826), (-0.099079, 0.111292, 0.007656, 0.988807)
76.29922, (4.802197, 3.184245, 1.178943), (-0.096665, 0.109490, 0.003943, 0.989269)
76.31287, (4.845022, 3.179867, 1.186743), (-0.093923, 0.107720, -0.000366, 0.989735)
76.32684, (4.886309, 3.174831, 1.200667), (-0.091583, 0.106795, -0.006303, 0.990034)
76.34072, (4.928125, 3.163136, 1.214459), (-0.091519, 0.105156, -0.008044, 0.990203)
76.35464, (4.962604, 3.160156, 1.236165), (-0.084992, 0.104751, -0.012701, 0.990779)
76.36827, (5.001842, 3.153373, 1.259220), (-0.082548, 0.103594, -0.015634, 0.991065)
76.38193, (5.029179, 3.145770, 1.300605), (-0.078027, 0.102651, -0.017533, 0.991497)
76.39602, (5.065663, 3.138955, 1.325967), (-0.074948, 0.101888, -0.020887, 0.991749)
76.40978, (5.091277, 3.122987, 1.378517), (-0.069550, 0.101603, -0.019064, 0.992208)
76.42373, (5.114340, 3.107698, 1.427791), (-0.063653, 0.101976, -0.018144, 0.992583)
76.43739, (5.140423, 3.095387, 1.478715), (-0.056419, 0.101189, -0.019921, 0.993066)
76.45132, (5.163696, 3.080913, 1.536418), (-0.048988, 0.100064, -0.020790, 0.993557)
76.46517, (5.182658, 3.064095, 1.602359), (-0.041662, 0.099290, -0.023205, 0.993915)
76.47898, (5.193551, 3.049587, 1.675576), (-0.035520, 0.099012, -0.026186, 0.994107)
76.49301, (5.213814, 3.035510, 1.751355), (-0.028213, 0.098839, -0.029139, 0.994277)
76.50687, (5.230597, 3.010551, 1.828386), (-0.022338, 0.099418, -0.030385, 0.994331)
76.52087, (5.248957, 2.990003, 1.902072), (-0.015006, 0.099487, -0.030996, 0.994443)
76.53462, (5.260180, 2.962010, 1.994267), (-0.004280, 0.099531, -0.029106, 0.994600)
76.54816, (5.271529, 2.944958, 2.081593), (0.004209, 0.098912, -0.031050, 0.994603)
76.56206, (5.282202, 2.923601, 2.178109), (0.011420, 0.097674, -0.032092, 0.994635)
76.5763, (5.296767, 2.906111, 2.275990), (0.017850, 0.097142, -0.032153, 0.994591)
76.58978, (5.315702, 2.885509, 2.376451), (0.023934, 0.096586, -0.032472, 0.994507)
76.60358, (5.328572, 2.861511, 2.470888), (0.029391, 0.096457, -0.032481, 0.994373)
76.61737, (5.330760, 2.840371, 2.572044), (0.038061, 0.096902, -0.033403, 0.994005)
76.63116, (5.315790, 2.802861, 2.659704), (0.044252, 0.098482, -0.034406, 0.993559)
76.64497, (5.341167, 2.806082, 2.765408), (0.058619, 0.094658, -0.034672, 0.993178)
76.65896, (5.315899, 2.843127, 2.864014), (0.077213, 0.098160, -0.046410, 0.991085)
76.67274, (5.369353, 2.799550, 2.965873), (0.069789, 0.086721, -0.036836, 0.993102)
76.6865, (5.365212, 2.770576, 3.066202), (0.066535, 0.087896, -0.030542, 0.993436)
76.70034, (5.380315, 2.758254, 3.152766), (0.068162, 0.082131, -0.024920, 0.993976)
76.71425, (5.375909, 2.782899, 3.234408), (0.081269, 0.077896, -0.021472, 0.993412)
76.72854, (5.388718, 2.781591, 3.326658), (0.086955, 0.072695, -0.017440, 0.993403)
76.74197, (5.397635, 2.781961, 3.420939), (0.086746, 0.070807, -0.009404, 0.993667)
76.75578, (5.407429, 2.796744, 3.515100), (0.089335, 0.069969, -0.008345, 0.993506)
76.76978, (5.420985, 2.809899, 3.606782), (0.088070, 0.067135, -0.008632, 0.993812)
76.78351, (5.420909, 2.819557, 3.704395), (0.085384, 0.065542, -0.008110, 0.994157)
76.79741, (5.429968, 2.824324, 3.796219), (0.085715, 0.063100, -0.008120, 0.994286)
76.81147, (5.445889, 2.836039, 3.883707), (0.088673, 0.058667, -0.007303, 0.994305)
76.82525, (5.453821, 2.836591, 3.969611), (0.090702, 0.056450, -0.004642, 0.994266)
76.83921, (5.464000, 2.837664, 4.056293), (0.093256, 0.054959, -0.003237, 0.994119)
76.85313, (5.480994, 2.833661, 4.146253), (0.093464, 0.053772, -0.002018, 0.994168)
76.86713, (5.499764, 2.832553, 4.233588), (0.093916, 0.053584, -0.001235, 0.994136)
76.88137, (5.522128, 2.828715, 4.319189), (0.094199, 0.053455, 0.000289, 0.994117)
76.89508, (5.542109, 2.831287, 4.400080), (0.097965, 0.052930, 0.001536, 0.993780)
76.90884, (5.562325, 2.829944, 4.480272), (0.100299, 0.051895, 0.001577, 0.993602)
76.92316, (5.578017, 2.830197, 4.561798), (0.101801, 0.051534, 0.001280, 0.993468)
76.93656, (5.594711, 2.834153, 4.639006), (0.103600, 0.051218, -0.000214, 0.993300)
76.95043, (5.614601, 2.835635, 4.711767), (0.104722, 0.050667, -0.000142, 0.993210)
76.9642, (5.633619, 2.837363, 4.784489), (0.106001, 0.050576, 0.000414, 0.993079)
76.97828, (5.655518, 2.836441, 4.844740), (0.106486, 0.049577, 0.002766, 0.993074)
76.9919, (5.674404, 2.833462, 4.908257), (0.105946, 0.048439, 0.004462, 0.993181)
77.00558, (5.690369, 2.828236, 4.962795), (0.106017, 0.047333, 0.003962, 0.993229)
77.01965, (5.705447, 2.820970, 5.013580), (0.105649, 0.047647, 0.003659, 0.993255)
77.03352, (5.721637, 2.807906, 5.079912), (0.103529, 0.050694, 0.005740, 0.993317)
77.04738, (5.741309, 2.820258, 5.104863), (0.106233, 0.048812, 0.004353, 0.993133)
77.06146, (5.756413, 2.827635, 5.149077), (0.109563, 0.047049, -0.000236, 0.992866)
77.07557, (5.765924, 2.816025, 5.199121), (0.109754, 0.047958, -0.001072, 0.992801)
77.08894, (5.781551, 2.813363, 5.241266), (0.109374, 0.048135, -0.000403, 0.992834)
77.10288, (5.799687, 2.814449, 5.268319), (0.111371, 0.046117, 0.002207, 0.992706)
77.11686, (5.812643, 2.813969, 5.301694), (0.111993, 0.044807, 0.004550, 0.992688)
77.13078, (5.821227, 2.803874, 5.329963), (0.108845, 0.044605, 0.006810, 0.993034)
77.14471, (5.830557, 2.802328, 5.355866), (0.109786, 0.043747, 0.007139, 0.992966)
77.15877, (5.840693, 2.800739, 5.379183), (0.111012, 0.044476, 0.007104, 0.992798)
77.17242, (5.848260, 2.797503, 5.393099), (0.112269, 0.045854, 0.007337, 0.992592)
77.18625, (5.856252, 2.794569, 5.411551), (0.113555, 0.046662, 0.007756, 0.992405)
77.20006, (5.861956, 2.793055, 5.421131), (0.117986, 0.047270, 0.008676, 0.991852)
77.21399, (5.866978, 2.788607, 5.436981), (0.122487, 0.048625, 0.009944, 0.991228)
77.22837, (5.834851, 2.803645, 5.434837), (0.130742, 0.059323, 0.008212, 0.989606)
77.24187, (5.860722, 2.776691, 5.436043), (0.132403, 0.048656, 0.013260, 0.989912)
77.25578, (5.865819, 2.794914, 5.447617), (0.139628, 0.045638, 0.014323, 0.989048)
77.26968, (5.863632, 2.803646, 5.454839), (0.141357, 0.040483, 0.017050, 0.988984)
77.28367, (5.862150, 2.813269, 5.466987), (0.141131, 0.033231, 0.021833, 0.989192)
77.29738, (5.864476, 2.827568, 5.473407), (0.139916, 0.027123, 0.023033, 0.989524)
77.31143, (5.859034, 2.836006, 5.467219), (0.136290, 0.021072, 0.026264, 0.990097)
77.32513, (5.859035, 2.864777, 5.466211), (0.142585, 0.016740, 0.027829, 0.989250)
77.33913, (5.857198, 2.880964, 5.466523), (0.144926, 0.012763, 0.030370, 0.988894)
77.35293, (5.872059, 2.903612, 5.455255), (0.144404, 0.007514, 0.028399, 0.989083)
77.36687, (5.874958, 2.915306, 5.463908), (0.139118, 0.011362, 0.031724, 0.989702)
77.38126, (5.892777, 2.927029, 5.458891), (0.132545, 0.010124, 0.034835, 0.990513)
77.39481, (5.887279, 2.958682, 5.462669), (0.126376, 0.001806, 0.030424, 0.991514)
77.40868, (5.891316, 2.980931, 5.480581), (0.124965, -0.003160, 0.027322, 0.991780)
77.42247, (5.898020, 3.000040, 5.485202), (0.121126, -0.007676, 0.025633, 0.992277)
77.43644, (5.914921, 3.028270, 5.474261), (0.115189, -0.016882, 0.019131, 0.993016)
77.45029, (5.913694, 3.038096, 5.464399), (0.112198, -0.020499, 0.014365, 0.993371)
77.46423, (5.916964, 3.050545, 5.459788), (0.116075, -0.022185, 0.011381, 0.992927)
77.47817, (5.922829, 3.057697, 5.449806), (0.119592, -0.024420, 0.012798, 0.992440)
77.49207, (5.929464, 3.060303, 5.414424), (0.126778, -0.031243, 0.020386, 0.991229)
77.50594, (5.934887, 3.073298, 5.396011), (0.127619, -0.035969, 0.023624, 0.990889)
77.51988, (5.940571, 3.085898, 5.385794), (0.127874, -0.039813, 0.024591, 0.990686)
77.53374, (5.933902, 3.082217, 5.397877), (0.119568, -0.040825, 0.031098, 0.991499)
77.54768, (5.941606, 3.104318, 5.412194), (0.123265, -0.042589, 0.032154, 0.990938)
77.56167, (5.948268, 3.111397, 5.400521), (0.125458, -0.047425, 0.035725, 0.990321)
77.57543, (5.957520, 3.116155, 5.382014), (0.123273, -0.054247, 0.037457, 0.990181)
77.58931, (5.959224, 3.113804, 5.379358), (0.126502, -0.055440, 0.038766, 0.989657)
77.60317, (5.966136, 3.114340, 5.376000), (0.126701, -0.057724, 0.039073, 0.989489)
77.61709, (5.958124, 3.132246, 5.358734), (0.118841, -0.064922, 0.036939, 0.990100)
77.63095, (5.949670, 3.143691, 5.361771), (0.119860, -0.065945, 0.031196, 0.990107)
77.64484, (5.955389, 3.152747, 5.367317), (0.124008, -0.067327, 0.028885, 0.989573)
77.65888, (5.971722, 3.138120, 5.351436), (0.125316, -0.069870, 0.034749, 0.989043)
77.67275, (5.984050, 3.143758, 5.345478), (0.130089, -0.072548, 0.037113, 0.988148)
77.68655, (5.987054, 3.147521, 5.341945), (0.132043, -0.075676, 0.040382, 0.987526)
77.70043, (5.991975, 3.148671, 5.342836), (0.134144, -0.076332, 0.039484, 0.987228)
77.71445, (6.005877, 3.158054, 5.331066), (0.128564, -0.074062, 0.037481, 0.988221)
77.72841, (6.015842, 3.162750, 5.323920), (0.127110, -0.076372, 0.036543, 0.988269)
77.74224, (6.030292, 3.175218, 5.318370), (0.119946, -0.077702, 0.032133, 0.989213)
77.75613, (6.037273, 3.181427, 5.313123), (0.119171, -0.079541, 0.033213, 0.989125)
77.76994, (6.043573, 3.181095, 5.306299), (0.119519, -0.082248, 0.034422, 0.988820)
77.78444, (6.044140, 3.186092, 5.308706), (0.122608, -0.086651, 0.036412, 0.987994)
77.79775, (6.049027, 3.190403, 5.302731), (0.122915, -0.090423, 0.036680, 0.987608)
77.81161, (6.040245, 3.185803, 5.302451), (0.132909, -0.094543, 0.038158, 0.985871)
77.82555, (6.036296, 3.190920, 5.309087), (0.144521, -0.096574, 0.044223, 0.983784)
77.83945, (6.043135, 3.187703, 5.316218), (0.146942, -0.100353, 0.047209, 0.982908)
77.85332, (6.036462, 3.178885, 5.308516), (0.146937, -0.101189, 0.050484, 0.982661)
77.86732, (6.042645, 3.188779, 5.307088), (0.150424, -0.103687, 0.051497, 0.981820)
77.88127, (6.042315, 3.189353, 5.311951), (0.148476, -0.103805, 0.051094, 0.982125)
77.89517, (6.043630, 3.191046, 5.314299), (0.152377, -0.104512, 0.050215, 0.981497)
77.90908, (6.045159, 3.193891, 5.320769), (0.144907, -0.102787, 0.046189, 0.983007)
77.92298, (6.055016, 3.204319, 5.336980), (0.139906, -0.095498, 0.039482, 0.984758)
77.93675, (6.058978, 3.209003, 5.337954), (0.143880, -0.088380, 0.034417, 0.985040)
77.95069, (6.059066, 3.205997, 5.328863), (0.141444, -0.083685, 0.031618, 0.985896)
77.96462, (6.062431, 3.208019, 5.323195), (0.135226, -0.082210, 0.027192, 0.987024)
77.9785, (6.062218, 3.211042, 5.319756), (0.133092, -0.079747, 0.023858, 0.987602)
77.99233, (6.058850, 3.219826, 5.321021), (0.131425, -0.079002, 0.020230, 0.987966)
78.00627, (6.062615, 3.211511, 5.321527), (0.134560, -0.071272, 0.019468, 0.988147)
78.02025, (6.059036, 3.196024, 5.319240), (0.136430, -0.069130, 0.025618, 0.987903)
78.03422, (6.059669, 3.189552, 5.315468), (0.138723, -0.068131, 0.028602, 0.987571)
78.04789, (6.058139, 3.169376, 5.311336), (0.136201, -0.068293, 0.034237, 0.987731)
78.06185, (6.065816, 3.173652, 5.300597), (0.135141, -0.073535, 0.034217, 0.987501)
78.07581, (6.073415, 3.180288, 5.299252), (0.139271, -0.077200, 0.033043, 0.986687)
78.08954, (6.079484, 3.186970, 5.302396), (0.140682, -0.076635, 0.026692, 0.986724)
78.104, (6.073526, 3.194839, 5.306985), (0.139561, -0.072961, 0.021592, 0.987286)
78.11734, (6.076887, 3.184609, 5.301914), (0.139161, -0.074061, 0.018385, 0.987325)
78.1312, (6.077208, 3.191897, 5.302496), (0.145739, -0.069545, 0.016547, 0.986737)
78.14546, (6.077919, 3.197857, 5.305855), (0.146484, -0.065829, 0.011862, 0.986949)
78.15939, (6.081874, 3.200163, 5.316443), (0.143673, -0.064186, 0.009663, 0.987494)
78.17308, (6.087124, 3.195806, 5.331212), (0.145340, -0.058083, 0.007446, 0.987647)
78.187, (6.097735, 3.184152, 5.343496), (0.144099, -0.052497, 0.004952, 0.988158)
78.2009, (6.096939, 3.186933, 5.354949), (0.145566, -0.047552, 0.004088, 0.988197)
78.21468, (6.101229, 3.198971, 5.374502), (0.144425, -0.043215, -0.002793, 0.988568)
78.22845, (6.097893, 3.196454, 5.388431), (0.145622, -0.042821, -0.005078, 0.988400)
78.24296, (6.095507, 3.189083, 5.401314), (0.146078, -0.042833, -0.005691, 0.988329)
78.25616, (6.092813, 3.178418, 5.412260), (0.142708, -0.045527, -0.004416, 0.988707)
78.2701, (6.087698, 3.177098, 5.423615), (0.139499, -0.047427, -0.003138, 0.989081)
78.28373, (6.094116, 3.171712, 5.441366), (0.141869, -0.042245, -0.003047, 0.988979)
78.29769, (6.096079, 3.167928, 5.459485), (0.152743, -0.034701, -0.001006, 0.987656)
78.31187, (6.104994, 3.152438, 5.473861), (0.155225, -0.030933, 0.003312, 0.987389)
78.32557, (6.114845, 3.145502, 5.474959), (0.155824, -0.028192, 0.013180, 0.987295)
78.33952, (6.117841, 3.138020, 5.488480), (0.157970, -0.027381, 0.016858, 0.986920)
78.35356, (6.112581, 3.118205, 5.504721), (0.161125, -0.028341, 0.023653, 0.986244)
78.36739, (6.110668, 3.112450, 5.517836), (0.160156, -0.027155, 0.025444, 0.986390)
78.38182, (6.106433, 3.126935, 5.543564), (0.164318, -0.030014, 0.021841, 0.985709)
78.39537, (6.087941, 3.133191, 5.567232), (0.169657, -0.033224, 0.020936, 0.984721)
78.40907, (6.071500, 3.132081, 5.589747), (0.172498, -0.038303, 0.020216, 0.984057)
78.42297, (6.047797, 3.131058, 5.623807), (0.177956, -0.045415, 0.016601, 0.982850)
78.43692, (6.042871, 3.133332, 5.677433), (0.181989, -0.048007, 0.011417, 0.982062)
78.45073, (6.029739, 3.122679, 5.732202), (0.174792, -0.046785, 0.012172, 0.983418)
78.46478, (6.018633, 3.113996, 5.774003), (0.172217, -0.046753, 0.010788, 0.983890)
78.47867, (6.019633, 3.090166, 5.807695), (0.157159, -0.050407, 0.016465, 0.986149)
78.49241, (6.009932, 3.087019, 5.842272), (0.155677, -0.053373, 0.018171, 0.986198)
78.5067, (6.010852, 3.096935, 5.867539), (0.151201, -0.060344, 0.026757, 0.986297)
78.52004, (6.002437, 3.089809, 5.898774), (0.149383, -0.063683, 0.031802, 0.986214)
78.53394, (5.977507, 3.092514, 5.931105), (0.146705, -0.066558, 0.038335, 0.986194)
78.54777, (5.956786, 3.087542, 5.962398), (0.134934, -0.074395, 0.044545, 0.987053)
78.56191, (5.942366, 3.092681, 6.010693), (0.112292, -0.085133, 0.047327, 0.988890)
78.57582, (5.929338, 3.090720, 6.047773), (0.105068, -0.090010, 0.050813, 0.989079)
78.58964, (5.916306, 3.088760, 6.084862), (0.097834, -0.094880, 0.054295, 0.989181)
78.60382, (5.878850, 3.128849, 6.160197), (0.056679, -0.104462, 0.020807, 0.992694)
78.61768, (5.838807, 3.153262, 6.202899), (0.047715, -0.112252, 0.023228, 0.992262)
78.63148, (5.803020, 3.160069, 6.248817), (0.031287, -0.105447, 0.017276, 0.993783)
78.64546, (5.769185, 3.192600, 6.302284), (0.025322, -0.100528, 0.016585, 0.994474)
78.65969, (5.739162, 3.215996, 6.340537), (0.013957, -0.092155, 0.020363, 0.995439)
78.67321, (5.711296, 3.239028, 6.379373), (0.004956, -0.092497, 0.022438, 0.995448)
78.68704, (5.696476, 3.272713, 6.398442), (0.018787, -0.095722, 0.026391, 0.994881)
78.70091, (5.676765, 3.283222, 6.422648), (0.020829, -0.101161, 0.030366, 0.994188)
78.71493, (5.664243, 3.287718, 6.457104), (0.022137, -0.107545, 0.033150, 0.993401)
78.72887, (5.646697, 3.287706, 6.492650), (0.023755, -0.112143, 0.037030, 0.992718)
78.7429, (5.629020, 3.274795, 6.524866), (0.025246, -0.113956, 0.039600, 0.992375)
78.75681, (5.626372, 3.257449, 6.563161), (0.028918, -0.109195, 0.038329, 0.992860)
78.77052, (5.613310, 3.253026, 6.598027), (0.029062, -0.108589, 0.039294, 0.992885)
78.78443, (5.620761, 3.188653, 6.640911), (0.036031, -0.097143, 0.047606, 0.993478)
78.79836, (5.626876, 3.144671, 6.684050), (0.045830, -0.095594, 0.053391, 0.992930)
78.81262, (5.625999, 3.117743, 6.722876), (0.053425, -0.095612, 0.055846, 0.992414)
78.82619, (5.643176, 3.061732, 6.767449), (0.075502, -0.099656, 0.052868, 0.990744)
78.83994, (5.642351, 3.030781, 6.806773), (0.081495, -0.099541, 0.054836, 0.990173)
78.85381, (5.641531, 2.999817, 6.846101), (0.087484, -0.099423, 0.056801, 0.989563)
78.86772, (5.661759, 2.897699, 6.937394), (0.113577, -0.108930, 0.031719, 0.987030)
78.88162, (5.673587, 2.855710, 6.994765), (0.117205, -0.106017, 0.018030, 0.987268)
78.89554, (5.687673, 2.831080, 7.051644), (0.124235, -0.102151, 0.008609, 0.986943)
78.90961, (5.708732, 2.808632, 7.107457), (0.128893, -0.096560, 0.003655, 0.986940)
78.92338, (5.726008, 2.783676, 7.160352), (0.135111, -0.097832, 0.004771, 0.985977)
78.93726, (5.746170, 2.754265, 7.198488), (0.138422, -0.102421, 0.005507, 0.985048)
78.95119, (5.770117, 2.753482, 7.233104), (0.148783, -0.112562, 0.000601, 0.982442)
78.96573, (5.802057, 2.773430, 7.265934), (0.167105, -0.124248, -0.015244, 0.977960)
78.97891, (5.823567, 2.775491, 7.296020), (0.174902, -0.128303, -0.027172, 0.975812)
78.99308, (5.833439, 2.776285, 7.325299), (0.177697, -0.124295, -0.029440, 0.975760)
79.00708, (5.846096, 2.784101, 7.359905), (0.183719, -0.117324, -0.030282, 0.975482)
79.02084, (5.861931, 2.789793, 7.395378), (0.190948, -0.112028, -0.033903, 0.974597)
79.03481, (5.890875, 2.795157, 7.427937), (0.187875, -0.096400, -0.039189, 0.976665)
79.04852, (5.909024, 2.801595, 7.440509), (0.184641, -0.089321, -0.038166, 0.977994)
79.06245, (5.932305, 2.823689, 7.457939), (0.189513, -0.086317, -0.035774, 0.977423)
79.07628, (5.959531, 2.849101, 7.480854), (0.198844, -0.087910, -0.035673, 0.975428)
79.09022, (5.983174, 2.858409, 7.509472), (0.208873, -0.089564, -0.038016, 0.973091)
79.10384, (6.003804, 2.862905, 7.529321), (0.212685, -0.088911, -0.039712, 0.972257)
79.118, (6.021825, 2.866164, 7.540089), (0.208802, -0.094846, -0.033304, 0.972778)
79.13152, (6.033127, 2.885863, 7.545879), (0.211343, -0.096729, -0.026330, 0.972257)
79.14532, (6.046020, 2.913204, 7.561802), (0.215595, -0.099022, -0.022958, 0.971178)
79.15948, (6.057801, 2.934021, 7.579790), (0.219428, -0.100065, -0.021991, 0.970234)
79.17328, (6.068364, 2.943277, 7.601117), (0.218108, -0.103327, -0.021966, 0.970191)
79.18703, (6.073294, 2.941550, 7.618794), (0.211059, -0.104115, -0.021843, 0.971667)
79.20099, (6.084419, 2.931325, 7.621175), (0.195009, -0.102290, -0.022792, 0.975187)
79.21497, (6.066706, 2.954251, 7.623834), (0.190977, -0.095830, -0.020149, 0.976698)
79.22874, (6.050987, 2.982407, 7.626807), (0.191812, -0.085868, -0.023619, 0.977383)
79.24264, (6.048377, 3.002710, 7.633314), (0.191340, -0.079393, -0.030495, 0.977832)
79.25659, (6.055772, 3.014913, 7.643519), (0.192968, -0.076165, -0.041401, 0.977368)
79.271, (6.060417, 3.005602, 7.644265), (0.183558, -0.076177, -0.041936, 0.979155)
79.28441, (6.063488, 3.009193, 7.646224), (0.178625, -0.073205, -0.043817, 0.980211)
79.29839, (6.060195, 3.034585, 7.632543), (0.169823, -0.070521, -0.038176, 0.982207)
79.31211, (6.070942, 3.048303, 7.627137), (0.165863, -0.070615, -0.039172, 0.982837)
79.326, (6.078931, 3.067421, 7.622263), (0.161792, -0.073118, -0.040120, 0.983294)
79.3399, (6.083893, 3.078396, 7.619098), (0.158790, -0.074003, -0.040074, 0.983719)
79.35384, (6.090722, 3.084390, 7.607212), (0.152051, -0.077755, -0.037150, 0.984609)
79.36755, (6.094274, 3.102441, 7.596170), (0.146955, -0.076422, -0.037459, 0.985475)
79.38158, (6.103218, 3.143460, 7.585849), (0.150142, -0.071969, -0.034780, 0.985428)
79.39552, (6.109323, 3.168671, 7.572994), (0.151635, -0.070926, -0.029903, 0.985435)
79.40952, (6.119357, 3.189412, 7.563553), (0.151267, -0.070800, -0.027791, 0.985563)
79.42386, (6.132294, 3.198851, 7.542334), (0.147730, -0.075771, -0.025971, 0.985779)
79.43742, (6.138569, 3.225918, 7.517452), (0.143308, -0.076866, -0.025366, 0.986363)
79.45111, (6.143745, 3.272901, 7.495997), (0.144834, -0.072008, -0.025844, 0.986494)
79.46545, (6.151791, 3.311858, 7.478100), (0.146815, -0.068096, -0.024349, 0.986517)
79.47897, (6.166864, 3.338605, 7.459432), (0.144835, -0.067085, -0.019611, 0.986984)
79.49271, (6.180022, 3.361089, 7.448776), (0.143237, -0.070395, -0.014350, 0.987077)
79.50658, (6.185579, 3.372191, 7.439992), (0.132573, -0.070963, -0.013700, 0.988535)
79.52068, (6.195165, 3.397113, 7.425734), (0.129522, -0.070741, -0.011684, 0.988981)
79.53438, (6.200839, 3.418231, 7.429099), (0.110171, -0.069252, -0.016955, 0.991352)
79.54825, (6.208372, 3.455498, 7.442855), (0.093539, -0.071558, -0.019670, 0.992846)
79.56256, (6.219817, 3.486764, 7.442489), (0.084372, -0.074227, -0.019672, 0.993471)
79.5761, (6.226251, 3.511262, 7.448118), (0.070121, -0.078176, -0.020048, 0.994268)
79.59009, (6.227949, 3.540107, 7.449289), (0.061029, -0.080154, -0.020818, 0.994695)
79.60406, (6.245136, 3.562498, 7.445476), (0.054309, -0.084015, -0.022517, 0.994729)
79.61811, (6.255831, 3.579502, 7.430007), (0.044970, -0.085715, -0.022248, 0.995056)
79.6319, (6.269136, 3.608180, 7.426534), (0.038602, -0.088178, -0.022382, 0.995105)
79.64571, (6.279460, 3.633686, 7.422890), (0.030268, -0.089897, -0.022576, 0.995235)
79.65943, (6.292032, 3.637300, 7.388051), (0.023722, -0.091746, -0.020402, 0.995291)
79.67354, (6.315870, 3.636217, 7.333041), (0.031574, -0.090354, -0.026162, 0.995065)
79.68794, (6.338626, 3.639951, 7.342843), (0.022283, -0.089430, -0.026221, 0.995399)
79.7018, (6.358562, 3.648920, 7.341615), (0.013461, -0.090385, -0.027204, 0.995444)
79.71577, (6.363426, 3.672315, 7.343084), (0.006747, -0.090823, -0.026025, 0.995504)
79.72899, (6.374926, 3.691430, 7.339052), (0.004888, -0.094328, -0.028727, 0.995115)
79.74358, (6.388116, 3.708111, 7.331684), (0.002360, -0.096507, -0.031009, 0.994846)
79.75679, (6.409658, 3.712707, 7.322145), (-0.000402, -0.097918, -0.035797, 0.994550)
79.77079, (6.442926, 3.707639, 7.291910), (-0.003012, -0.087636, -0.043559, 0.995195)
79.78459, (6.482482, 3.709331, 7.268356), (-0.000840, -0.072327, -0.048807, 0.996186)
79.79849, (6.518436, 3.710918, 7.249111), (-0.001619, -0.064907, -0.051575, 0.996556)
79.81251, (6.554101, 3.707029, 7.223158), (0.004495, -0.054561, -0.047154, 0.997386)
79.82674, (6.582824, 3.714441, 7.205737), (0.006586, -0.049217, -0.048061, 0.997609)
79.84032, (6.596040, 3.708972, 7.208375), (0.013160, -0.046641, -0.045170, 0.997803)
79.85492, (6.619235, 3.715048, 7.196309), (0.011720, -0.050106, -0.045815, 0.997624)
79.86874, (6.645963, 3.716208, 7.172870), (0.007197, -0.050334, -0.047342, 0.997584)
79.8827, (6.685150, 3.728310, 7.142440), (0.002296, -0.048518, -0.045654, 0.997776)
79.89649, (6.726484, 3.742454, 7.116508), (-0.000954, -0.045387, -0.041198, 0.998119)
79.91047, (6.764822, 3.755021, 7.087745), (-0.004125, -0.040573, -0.036862, 0.998488)
79.92428, (6.798849, 3.765762, 7.062759), (-0.006712, -0.036349, -0.035869, 0.998673)
79.93745, (6.832911, 3.774853, 7.039045), (-0.008850, -0.033242, -0.034774, 0.998803)
79.95148, (6.863973, 3.781751, 6.999770), (-0.016887, -0.026948, -0.035073, 0.998879)
79.96529, (6.871897, 3.799050, 6.951644), (-0.019462, -0.033097, -0.039589, 0.998478)
79.97914, (6.891379, 3.798527, 6.918293), (-0.024604, -0.036153, -0.046943, 0.997940)
79.99303, (6.936376, 3.799902, 6.877817), (-0.040339, -0.033674, -0.060337, 0.996794)
80.00726, (6.967959, 3.810730, 6.838819), (-0.045574, -0.029193, -0.062536, 0.996574)
80.02167, (7.007874, 3.810396, 6.791454), (-0.051759, -0.022092, -0.063790, 0.996375)
80.03535, (7.030723, 3.806759, 6.755439), (-0.055402, -0.022179, -0.066850, 0.995977)
80.04918, (7.049061, 3.799293, 6.718087), (-0.061584, -0.020737, -0.070324, 0.995405)
80.06253, (7.071980, 3.789073, 6.681198), (-0.067131, -0.020979, -0.076922, 0.994553)
80.07706, (7.097888, 3.782538, 6.643453), (-0.072168, -0.019896, -0.084027, 0.993648)
80.09024, (7.125900, 3.782846, 6.599287), (-0.075937, -0.017699, -0.084599, 0.993360)
80.10433, (7.151890, 3.781861, 6.561493), (-0.077524, -0.015090, -0.084294, 0.993306)
80.11796, (7.175635, 3.772284, 6.528893), (-0.082081, -0.011848, -0.084831, 0.992938)
80.13189, (7.195675, 3.760816, 6.495894), (-0.085815, -0.007305, -0.086075, 0.992559)
80.14578, (7.222634, 3.749995, 6.462956), (-0.088145, -0.004246, -0.088723, 0.992140)
80.15997, (7.245760, 3.738333, 6.429083), (-0.087331, 0.002198, -0.093270, 0.991801)
80.17365, (7.283869, 3.730705, 6.392248), (-0.080791, 0.010827, -0.092907, 0.992333)
80.18745, (7.314838, 3.727162, 6.365943), (-0.076959, 0.018964, -0.091348, 0.992660)
80.2019, (7.345404, 3.712527, 6.346767), (-0.076794, 0.028246, -0.090554, 0.992525)
80.21584, (7.373189, 3.702953, 6.316514), (-0.077113, 0.034857, -0.091722, 0.992182)
80.22987, (7.407668, 3.691000, 6.297739), (-0.072686, 0.045710, -0.095418, 0.991727)
80.2435, (7.423809, 3.670381, 6.268854), (-0.069749, 0.053935, -0.098030, 0.991270)
80.25782, (7.443604, 3.667099, 6.257174), (-0.066928, 0.057066, -0.100964, 0.990995)
80.27183, (7.472805, 3.663937, 6.248428), (-0.069989, 0.063611, -0.104819, 0.989984)
80.28551, (7.500572, 3.657990, 6.233974), (-0.072259, 0.073061, -0.107425, 0.988889)
80.29933, (7.521923, 3.651652, 6.214702), (-0.073409, 0.081494, -0.109077, 0.987964)
80.31345, (7.545810, 3.651177, 6.196174), (-0.072602, 0.088377, -0.110650, 0.987256)
80.32708, (7.561321, 3.645637, 6.202761), (-0.076377, 0.093654, -0.115798, 0.985894)
80.34091, (7.578496, 3.631240, 6.204550), (-0.077864, 0.098599, -0.121482, 0.984610)
80.3547, (7.599924, 3.617876, 6.199259), (-0.076952, 0.105142, -0.127239, 0.983277)
80.36845, (7.616544, 3.605589, 6.192329), (-0.075660, 0.113552, -0.131052, 0.981940)
80.38219, (7.633851, 3.601061, 6.186676), (-0.073437, 0.120730, -0.134091, 0.980842)
80.39645, (7.648118, 3.599976, 6.188781), (-0.070523, 0.123349, -0.133124, 0.980862)
80.40936, (7.653670, 3.594356, 6.197716), (-0.068995, 0.124354, -0.132671, 0.980905)
80.42394, (7.662203, 3.588399, 6.209898), (-0.067403, 0.123822, -0.134480, 0.980837)
80.43806, (7.667738, 3.581840, 6.218116), (-0.065406, 0.123943, -0.136904, 0.980621)
80.45203, (7.670922, 3.582250, 6.223220), (-0.062058, 0.123406, -0.136993, 0.980894)
80.46575, (7.672150, 3.583478, 6.234817), (-0.061462, 0.122714, -0.135305, 0.981252)
80.47949, (7.676605, 3.588225, 6.251089), (-0.063165, 0.122855, -0.134155, 0.981285)
80.49346, (7.676532, 3.596239, 6.271706), (-0.064698, 0.123185, -0.131875, 0.981452)
80.50745, (7.674628, 3.598793, 6.288005), (-0.065356, 0.122973, -0.129735, 0.981720)
80.52155, (7.665284, 3.600914, 6.306633), (-0.063574, 0.121631, -0.129505, 0.982035)
80.53475, (7.652651, 3.601121, 6.331654), (-0.060630, 0.119299, -0.129871, 0.982459)
80.54862, (7.649602, 3.602637, 6.348844), (-0.059709, 0.119496, -0.129754, 0.982507)
80.56253, (7.646546, 3.604153, 6.366044), (-0.058787, 0.119692, -0.129637, 0.982554)
80.57652, (7.599299, 3.615019, 6.421791), (-0.055633, 0.106663, -0.120752, 0.985366)
80.59051, (7.587996, 3.618482, 6.446309), (-0.054421, 0.104846, -0.119314, 0.985804)
80.60405, (7.576689, 3.621945, 6.470828), (-0.053208, 0.103028, -0.117875, 0.986235)
80.61799, (7.559505, 3.635551, 6.506351), (-0.052989, 0.097109, -0.116545, 0.987005)
80.63171, (7.508399, 3.648236, 6.566632), (-0.058774, 0.073992, -0.106806, 0.989779)
80.6455, (7.489693, 3.653972, 6.597960), (-0.058527, 0.068898, -0.104259, 0.990433)
80.65947, (7.448105, 3.646293, 6.619744), (-0.045812, 0.061597, -0.094695, 0.992542)
80.67339, (7.411355, 3.639425, 6.655954), (-0.031872, 0.048886, -0.085736, 0.994607)
80.68728, (7.370997, 3.627820, 6.691938), (-0.021999, 0.038423, -0.083201, 0.995549)
80.70123, (7.335034, 3.607842, 6.729143), (-0.010119, 0.025450, -0.079135, 0.996488)
80.71515, (7.300533, 3.601016, 6.764190), (-0.000901, 0.016397, -0.075435, 0.997016)
80.72891, (7.255955, 3.587892, 6.797766), (0.008316, 0.007934, -0.071311, 0.997388)
80.7439, (7.225813, 3.585725, 6.833129), (0.016098, -0.001400, -0.067767, 0.997570)
80.75771, (7.190341, 3.574197, 6.870527), (0.024114, -0.010868, -0.062035, 0.997724)
80.77132, (7.153127, 3.565245, 6.915348), (0.033159, -0.018489, -0.056151, 0.997700)
80.78525, (7.125914, 3.540106, 6.962864), (0.040073, -0.025437, -0.052821, 0.997475)
80.79852, (7.098728, 3.523039, 7.011056), (0.047990, -0.031320, -0.049429, 0.997132)
80.813, (7.076773, 3.487949, 7.078562), (0.053049, -0.028739, -0.049930, 0.996929)
80.82693, (7.051773, 3.453447, 7.139912), (0.053054, -0.028436, -0.046830, 0.997088)
80.84086, (7.023893, 3.430957, 7.190890), (0.058937, -0.033417, -0.043447, 0.996756)
80.85551, (6.992832, 3.380071, 7.277802), (0.047078, -0.029719, -0.041525, 0.997585)
80.86913, (6.963487, 3.352184, 7.340667), (0.046573, -0.033093, -0.040481, 0.997546)
80.88332, (6.931561, 3.293604, 7.399666), (0.027113, -0.035122, -0.048174, 0.997853)
80.89661, (6.891145, 3.240485, 7.452214), (0.010964, -0.036254, -0.053084, 0.997872)
80.91013, (6.859856, 3.201275, 7.511357), (0.007444, -0.039242, -0.052953, 0.997798)
80.92398, (6.828566, 3.162061, 7.570500), (0.003925, -0.042229, -0.052820, 0.997703)
80.93796, (6.799705, 3.131081, 7.623578), (-0.002717, -0.044837, -0.056543, 0.997389)
80.95187, (6.767706, 3.093373, 7.673007), (-0.008016, -0.045663, -0.061998, 0.996999)
80.96581, (6.733226, 3.033992, 7.709057), (-0.015644, -0.044841, -0.074225, 0.996110)
80.97994, (6.791922, 2.940327, 7.710719), (0.016388, -0.078467, -0.014352, 0.996679)
80.99372, (6.770854, 2.894833, 7.757076), (0.025274, -0.086469, -0.003702, 0.995927)
81.00762, (6.737819, 2.837474, 7.804027), (0.034055, -0.093756, 0.004398, 0.995003)
81.0214, (6.707798, 2.785321, 7.848399), (0.037798, -0.101965, 0.009395, 0.994025)
81.03512, (6.667762, 2.735931, 7.885538), (0.034295, -0.106559, 0.006738, 0.993692)
81.04888, (6.631064, 2.690102, 7.925553), (0.033926, -0.111777, 0.009115, 0.993112)
81.06274, (6.571128, 2.646984, 7.949685), (0.029640, -0.112860, 0.006519, 0.993147)
81.07664, (6.520628, 2.604997, 7.976091), (0.034378, -0.112972, 0.003393, 0.992998)
81.09113, (6.469119, 2.564567, 8.001353), (0.041383, -0.112186, -0.001489, 0.992824)
81.10435, (6.418790, 2.521802, 8.026316), (0.044267, -0.112272, -0.006334, 0.992671)
81.11891, (6.357221, 2.496626, 8.045367), (0.043647, -0.107951, -0.016175, 0.993066)
81.13226, (6.307536, 2.455324, 8.069822), (0.043960, -0.109446, -0.018952, 0.992839)
81.14594, (6.253544, 2.452601, 8.066172), (0.043644, -0.109019, -0.028872, 0.992661)
81.15971, (6.208611, 2.432212, 8.074780), (0.046794, -0.108708, -0.035101, 0.992351)
81.17348, (6.165451, 2.405113, 8.086487), (0.050276, -0.105958, -0.038796, 0.992341)
81.18765, (6.118077, 2.381903, 8.098942), (0.052788, -0.103356, -0.039410, 0.992461)
81.20094, (6.081522, 2.369306, 8.108037), (0.057414, -0.100852, -0.039456, 0.992459)
81.21512, (6.043930, 2.350192, 8.117298), (0.062114, -0.099697, -0.041800, 0.992197)
81.22856, (6.012824, 2.333814, 8.125858), (0.066849, -0.100749, -0.041495, 0.991796)
81.24254, (5.995144, 2.310205, 8.143961), (0.069102, -0.103774, -0.039073, 0.991428)
81.25648, (5.973725, 2.274011, 8.166238), (0.067956, -0.104044, -0.035577, 0.991610)
81.27036, (5.944530, 2.249463, 8.184372), (0.069084, -0.104762, -0.034085, 0.991509)
81.28416, (5.916191, 2.205733, 8.199068), (0.057229, -0.105407, -0.023337, 0.992507)
81.29807, (5.883230, 2.205335, 8.216139), (0.059936, -0.106142, -0.013646, 0.992449)
81.31188, (5.852638, 2.182467, 8.232379), (0.060301, -0.106527, -0.010723, 0.992422)
81.32581, (5.823826, 2.173926, 8.252725), (0.064435, -0.108887, -0.016596, 0.991825)
81.33955, (5.794415, 2.150527, 8.275195), (0.063730, -0.108694, -0.017656, 0.991873)
81.35328, (5.764623, 2.129447, 8.293839), (0.064281, -0.109242, -0.016538, 0.991797)
81.3672, (5.721842, 2.118255, 8.319081), (0.059920, -0.108474, -0.014225, 0.992190)
81.38113, (5.701527, 2.104795, 8.343790), (0.057765, -0.115122, -0.020224, 0.991464)
81.39482, (5.673705, 2.089335, 8.365780), (0.056290, -0.119703, -0.021539, 0.990979)
81.40791, (5.644380, 2.071521, 8.387362), (0.054234, -0.122420, -0.020547, 0.990782)
81.42176, (5.611831, 2.057301, 8.404893), (0.050624, -0.121267, -0.015987, 0.991199)
81.43545, (5.580454, 2.039635, 8.424300), (0.048183, -0.122704, -0.014894, 0.991161)
81.44993, (5.551746, 2.042757, 8.447654), (0.052518, -0.127185, -0.015783, 0.990362)
81.46362, (5.518634, 2.028999, 8.471891), (0.053377, -0.129979, -0.018271, 0.989910)
81.47894, (5.491850, 2.007618, 8.496159), (0.049587, -0.132368, -0.025079, 0.989642)
81.49397, (5.430264, 1.971805, 8.538198), (0.040022, -0.129743, -0.028664, 0.990325)
81.50684, (5.400144, 1.961998, 8.555952), (0.036531, -0.127943, -0.028663, 0.990694)
81.52223, (5.374413, 1.954343, 8.571553), (0.035611, -0.129571, -0.030149, 0.990472)
81.53736, (5.352959, 1.946435, 8.585848), (0.037448, -0.133322, -0.032856, 0.989820)
81.55247, (5.333800, 1.936049, 8.593527), (0.040790, -0.139377, -0.038015, 0.988668)
81.56723, (5.316358, 1.926763, 8.603079), (0.044070, -0.144771, -0.039395, 0.987698)
81.5826, (5.296594, 1.916270, 8.606130), (0.043088, -0.147543, -0.037887, 0.987390)
81.59715, (5.281295, 1.911830, 8.611584), (0.045392, -0.149509, -0.035935, 0.987064)
81.61186, (5.264407, 1.910784, 8.612205), (0.048032, -0.150729, -0.032376, 0.986877)
81.62621, (5.252167, 1.913359, 8.611248), (0.053595, -0.151710, -0.032334, 0.986441)
81.64016, (5.239860, 1.908537, 8.617049), (0.055266, -0.153306, -0.033452, 0.986065)
81.65442, (5.224854, 1.900730, 8.617624), (0.053908, -0.152511, -0.033266, 0.986270)
81.66842, (5.208145, 1.899476, 8.618179), (0.052273, -0.151952, -0.032259, 0.986477)
81.68262, (5.193802, 1.899699, 8.621645), (0.051373, -0.151900, -0.031899, 0.986544)
81.69685, (5.189822, 1.910819, 8.617573), (0.046412, -0.144027, -0.036523, 0.987810)
81.71078, (5.184746, 1.917355, 8.616053), (0.043164, -0.135999, -0.039576, 0.988977)
81.72486, (5.183349, 1.917435, 8.618703), (0.038564, -0.127999, -0.039533, 0.990236)
81.73885, (5.174670, 1.919150, 8.617319), (0.035459, -0.121753, -0.038803, 0.991168)
81.75258, (5.170829, 1.924924, 8.614407), (0.033231, -0.113660, -0.035769, 0.992319)
81.76692, (5.170237, 1.928993, 8.612349), (0.031462, -0.110129, -0.034675, 0.992814)
81.78082, (5.162477, 1.937641, 8.611755), (0.032634, -0.105637, -0.035578, 0.993232)
81.79474, (5.155869, 1.941224, 8.611095), (0.031232, -0.101629, -0.035540, 0.993697)
81.80812, (5.157969, 1.944040, 8.607215), (0.030464, -0.100903, -0.034842, 0.993819)
81.82198, (5.170607, 1.949595, 8.606490), (0.031448, -0.106009, -0.037236, 0.993170)
81.83601, (5.188538, 1.942475, 8.604120), (0.029497, -0.115338, -0.034795, 0.992278)
81.8498, (5.190029, 1.948496, 8.600838), (0.029804, -0.109210, -0.033564, 0.993005)
81.8642, (5.191267, 1.951343, 8.599022), (0.028812, -0.107318, -0.033141, 0.993255)
81.87792, (5.203245, 1.949664, 8.598870), (0.029720, -0.105898, -0.030243, 0.993473)
81.8914, (5.209960, 1.947781, 8.597646), (0.025467, -0.107595, -0.026467, 0.993516)
81.90529, (5.215102, 1.947955, 8.596447), (0.023380, -0.107616, -0.023205, 0.993647)
81.91912, (5.218702, 1.945641, 8.591698), (0.020209, -0.106378, -0.021110, 0.993896)
81.93304, (5.220037, 1.951199, 8.587255), (0.019569, -0.104318, -0.019178, 0.994166)
81.94695, (5.221601, 1.951915, 8.579632), (0.019503, -0.103001, -0.017496, 0.994336)
81.96092, (5.219932, 1.953008, 8.571315), (0.018915, -0.101993, -0.015820, 0.994480)
81.97495, (5.222657, 1.954002, 8.562070), (0.019567, -0.104285, -0.017264, 0.994205)
81.98889, (5.227424, 1.956919, 8.555914), (0.020274, -0.104396, -0.021354, 0.994100)
82.00257, (5.226347, 1.958877, 8.557458), (0.021822, -0.097348, -0.023347, 0.994737)
82.01656, (5.228131, 1.954328, 8.555656), (0.019525, -0.091049, -0.021964, 0.995413)
82.03036, (5.230106, 1.954811, 8.551943), (0.018877, -0.088695, -0.021695, 0.995644)
82.04442, (5.227676, 1.947056, 8.548651), (0.009047, -0.082443, -0.014443, 0.996450)
82.0582, (5.228929, 1.946372, 8.545153), (0.007136, -0.079631, -0.013194, 0.996712)
82.07225, (5.230179, 1.945688, 8.541655), (0.005225, -0.076819, -0.011944, 0.996960)
82.08601, (5.232203, 1.944785, 8.537033), (0.002975, -0.074881, -0.010882, 0.997129)
82.09991, (5.231294, 1.944873, 8.532329), (0.000595, -0.073382, -0.009574, 0.997258)
82.11404, (5.232382, 1.944247, 8.528572), (-0.001398, -0.070790, -0.008337, 0.997455)
82.12783, (5.233470, 1.943623, 8.524817), (-0.003392, -0.068198, -0.007099, 0.997641)
82.14167, (5.215654, 1.965348, 8.512086), (0.011004, -0.102935, -0.018330, 0.994458)
82.15553, (5.217180, 1.966316, 8.507209), (0.013824, -0.108819, -0.018628, 0.993791)
82.16956, (5.214633, 1.964272, 8.506010), (0.014696, -0.110879, -0.019346, 0.993537)
82.18343, (5.209701, 1.962328, 8.500951), (0.012389, -0.110518, -0.018266, 0.993629)
82.19722, (5.200169, 1.958624, 8.491032), (0.007342, -0.105615, -0.017089, 0.994233)
82.21096, (5.194454, 1.962270, 8.482556), (0.006844, -0.103389, -0.017595, 0.994462)
82.22478, (5.190902, 1.959460, 8.472676), (0.005805, -0.100785, -0.019294, 0.994704)
82.23871, (5.185513, 1.960453, 8.462473), (0.005513, -0.097998, -0.020180, 0.994967)
82.25265, (5.180442, 1.963100, 8.453571), (0.004941, -0.095548, -0.020583, 0.995200)
82.26659, (5.176246, 1.962522, 8.446409), (0.003546, -0.094806, -0.020471, 0.995279)
82.28034, (5.170450, 1.961120, 8.437737), (0.002410, -0.095851, -0.019711, 0.995198)
82.29437, (5.162043, 1.962820, 8.426438), (0.002005, -0.100591, -0.016954, 0.994781)
82.30828, (5.156541, 1.963028, 8.417465), (0.001165, -0.100649, -0.016580, 0.994783)
82.32257, (5.146643, 1.967626, 8.404137), (0.003850, -0.104377, -0.019735, 0.994335)
82.33646, (5.131544, 1.968203, 8.389607), (0.003311, -0.100452, -0.019071, 0.994754)
82.35004, (5.121100, 1.968830, 8.377497), (0.003092, -0.099408, -0.018930, 0.994862)
82.36396, (5.108338, 1.983076, 8.362558), (0.008284, -0.108025, -0.022315, 0.993863)
82.37883, (5.101317, 1.989982, 8.353426), (0.008848, -0.112877, -0.026045, 0.993228)
82.3925, (5.094904, 1.997485, 8.344839), (0.010078, -0.118856, -0.029600, 0.992419)
82.40559, (5.085533, 1.999488, 8.333936), (0.010088, -0.121676, -0.031820, 0.992009)
82.4198, (5.073542, 2.002085, 8.326026), (0.010567, -0.126026, -0.027438, 0.991591)
82.4336, (5.063770, 2.003734, 8.317361), (0.009681, -0.128443, -0.025937, 0.991330)
82.44749, (5.057091, 2.004954, 8.310797), (0.007550, -0.131716, -0.024464, 0.990957)
82.46136, (5.046626, 2.007928, 8.300730), (0.006528, -0.133650, -0.023139, 0.990737)
82.47536, (5.038815, 2.012933, 8.292815), (0.008132, -0.136678, -0.022143, 0.990335)
82.48875, (5.033097, 2.009046, 8.283850), (0.007703, -0.140403, -0.022184, 0.989816)
82.50317, (5.023677, 2.010059, 8.273934), (0.008216, -0.144062, -0.021536, 0.989300)
82.5167, (5.014379, 2.009684, 8.259689), (0.010107, -0.149623, -0.021267, 0.988463)
82.53064, (5.008593, 2.007755, 8.248825), (0.011045, -0.154932, -0.021471, 0.987630)
82.54437, (5.002971, 2.007297, 8.236520), (0.012030, -0.159228, -0.023901, 0.986879)
82.55828, (4.994280, 2.009047, 8.225575), (0.013339, -0.161245, -0.027111, 0.986452)
82.57217, (4.988560, 2.010247, 8.215765), (0.014438, -0.162198, -0.028989, 0.986227)
82.58604, (4.981266, 2.010609, 8.205088), (0.015126, -0.165365, -0.029803, 0.985666)
82.60013, (4.979630, 2.003020, 8.198721), (0.012590, -0.157139, -0.031595, 0.986991)
82.61334, (4.982556, 1.996288, 8.189345), (0.010326, -0.150499, -0.029944, 0.988103)
82.62756, (4.989404, 1.996837, 8.178049), (0.011924, -0.153874, -0.032658, 0.987479)
82.64158, (4.987329, 1.995262, 8.167859), (0.012145, -0.154909, -0.033582, 0.987283)
82.65555, (4.994999, 1.991931, 8.157251), (0.011650, -0.157958, -0.034078, 0.986789)
82.66966, (4.995311, 1.989344, 8.146015), (0.011713, -0.158957, -0.034218, 0.986623)
82.68324, (4.998244, 1.987693, 8.135405), (0.012181, -0.159706, -0.032823, 0.986544)
82.69705, (5.005464, 1.987835, 8.120799), (0.015100, -0.158394, -0.027617, 0.986874)
82.71301, (5.008247, 1.989200, 8.108574), (0.017320, -0.158392, -0.025289, 0.986900)
82.72511, (5.011698, 1.988428, 8.098346), (0.018501, -0.158761, -0.023803, 0.986857)
82.73904, (5.014380, 1.985599, 8.087770), (0.018094, -0.158757, -0.022652, 0.986892)
82.75285, (5.017771, 1.981826, 8.076614), (0.016775, -0.159193, -0.021036, 0.986881)
82.7666, (5.020579, 1.979364, 8.065533), (0.017168, -0.159699, -0.019674, 0.986820)
82.81644, (5.019825, 1.981963, 8.066490), (0.018809, -0.159691, -0.019972, 0.986786)