36.54968, (5.852649, -1.628172, 5.622957), (0.164487, -0.467022, 0.158034, 0.854318)
36.56357, (5.896860, -1.602368, 5.613871), (0.162198, -0.465845, 0.155435, 0.855874)
36.57746, (5.942484, -1.576971, 5.606110), (0.159804, -0.464547, 0.152713, 0.857518)
36.59136, (5.988309, -1.550944, 5.597458), (0.157578, -0.463639, 0.150221, 0.858861)
36.60565, (6.039426, -1.526076, 5.591079), (0.155769, -0.462829, 0.146716, 0.860233)
36.61939, (6.089540, -1.502450, 5.582423), (0.153220, -0.461776, 0.143726, 0.861760)
36.63341, (6.137881, -1.477047, 5.578017), (0.151730, -0.460669, 0.140741, 0.863107)
36.64693, (6.189051, -1.454825, 5.575770), (0.149007, -0.460222, 0.138006, 0.864261)
36.66091, (6.240609, -1.433233, 5.575175), (0.147273, -0.459399, 0.135494, 0.865393)
36.6747, (6.292271, -1.411762, 5.572824), (0.145943, -0.457560, 0.132167, 0.867105)
36.68836, (6.344870, -1.389664, 5.573359), (0.144007, -0.456564, 0.129477, 0.868359)
36.70223, (6.396907, -1.367939, 5.575209), (0.142775, -0.454966, 0.126700, 0.869809)
36.71614, (6.450519, -1.348549, 5.577302), (0.141265, -0.453272, 0.123004, 0.871469)
36.72997, (6.502908, -1.330295, 5.581827), (0.139943, -0.451719, 0.121365, 0.872718)
36.74381, (6.555190, -1.311504, 5.586089), (0.139290, -0.449644, 0.119290, 0.874179)
36.75771, (6.608399, -1.294665, 5.596716), (0.138450, -0.448242, 0.117119, 0.875325)
36.77161, (6.660548, -1.276678, 5.608135), (0.137791, -0.446947, 0.114683, 0.876413)
36.78561, (6.710629, -1.259916, 5.620817), (0.136879, -0.445583, 0.111604, 0.877647)
36.79939, (6.759018, -1.244661, 5.634337), (0.136016, -0.444341, 0.108238, 0.878832)
36.81322, (6.808412, -1.234572, 5.651090), (0.134459, -0.444052, 0.104968, 0.879614)
36.82754, (6.857009, -1.225288, 5.670195), (0.133686, -0.443320, 0.101664, 0.880489)
36.84098, (6.904199, -1.215873, 5.694592), (0.133851, -0.442774, 0.098485, 0.881099)
36.85504, (6.950660, -1.208549, 5.718182), (0.134111, -0.441918, 0.095353, 0.881834)
36.86868, (6.996250, -1.204989, 5.743203), (0.134802, -0.440732, 0.092093, 0.882668)
36.88254, (7.039639, -1.200187, 5.772844), (0.136399, -0.439909, 0.089247, 0.883125)
36.89651, (7.083685, -1.200091, 5.803761), (0.137912, -0.438525, 0.086411, 0.883861)
36.91024, (7.126070, -1.198277, 5.837178), (0.139547, -0.437429, 0.083561, 0.884421)
36.92422, (7.167337, -1.199418, 5.875241), (0.141098, -0.436564, 0.080168, 0.884916)
36.93801, (7.205002, -1.198831, 5.909917), (0.142409, -0.435123, 0.077048, 0.885693)
36.95194, (7.243437, -1.202217, 5.948038), (0.143735, -0.434162, 0.073658, 0.886238)
36.96605, (7.282195, -1.202602, 5.989322), (0.146393, -0.433115, 0.070397, 0.886581)
36.98034, (7.320632, -1.207156, 6.029606), (0.148462, -0.431618, 0.067098, 0.887222)
36.99371, (7.355594, -1.209899, 6.068895), (0.150571, -0.429999, 0.064979, 0.887810)
37.00775, (7.392982, -1.213617, 6.111640), (0.152629, -0.429042, 0.062003, 0.888135)
37.02145, (7.428749, -1.216542, 6.151768), (0.154397, -0.427446, 0.059110, 0.888796)
37.03542, (7.459528, -1.222414, 6.201345), (0.156239, -0.426480, 0.056445, 0.889111)
37.04909, (7.494225, -1.228304, 6.250562), (0.157865, -0.425194, 0.053250, 0.889636)
37.06301, (7.525805, -1.232778, 6.297235), (0.159853, -0.423385, 0.050616, 0.890298)
37.07705, (7.556514, -1.238836, 6.345715), (0.161654, -0.422085, 0.048013, 0.890734)
37.09063, (7.585059, -1.245092, 6.398070), (0.163840, -0.421077, 0.045925, 0.890922)
37.10442, (7.615719, -1.254069, 6.449480), (0.165091, -0.419925, 0.043271, 0.891367)
37.11834, (7.642319, -1.260865, 6.503273), (0.167195, -0.418903, 0.041121, 0.891558)
37.13216, (7.671813, -1.272739, 6.557340), (0.168651, -0.418438, 0.037559, 0.891659)
37.14601, (7.696881, -1.282049, 6.610629), (0.170776, -0.417753, 0.035449, 0.891662)
37.16002, (7.724338, -1.294593, 6.665439), (0.172952, -0.417191, 0.033091, 0.891596)
37.17377, (7.750717, -1.304393, 6.723541), (0.175313, -0.416735, 0.031232, 0.891416)
37.18767, (7.773550, -1.319597, 6.784947), (0.178273, -0.417057, 0.029914, 0.890723)
37.20161, (7.798667, -1.333628, 6.844993), (0.180612, -0.417142, 0.027702, 0.890283)
37.21591, (7.824940, -1.346725, 6.903593), (0.182749, -0.416737, 0.025243, 0.890110)
37.22937, (7.849737, -1.364069, 6.962099), (0.186195, -0.415826, 0.022522, 0.889895)
37.2436, (7.873703, -1.377819, 7.022593), (0.189863, -0.414693, 0.020381, 0.889700)
37.25736, (7.897985, -1.395139, 7.079938), (0.193713, -0.412078, 0.016592, 0.890164)
37.27124, (7.919672, -1.410575, 7.138613), (0.196200, -0.410028, 0.013303, 0.890621)
37.28491, (7.936499, -1.424074, 7.200060), (0.198946, -0.407608, 0.010323, 0.891162)
37.29919, (7.954188, -1.441014, 7.263241), (0.200859, -0.405880, 0.008019, 0.891545)
37.31281, (7.970442, -1.458640, 7.322859), (0.202940, -0.403501, 0.006061, 0.892169)
37.32658, (7.990555, -1.475977, 7.382670), (0.205674, -0.401826, 0.004957, 0.892306)
37.34053, (8.010367, -1.495590, 7.441001), (0.207470, -0.400469, 0.004363, 0.892503)
37.35463, (8.025362, -1.513984, 7.493138), (0.210446, -0.398375, 0.004894, 0.892741)
37.36816, (8.043194, -1.533891, 7.549294), (0.212696, -0.396883, 0.003807, 0.892877)
37.38194, (8.060040, -1.552085, 7.606838), (0.215936, -0.395755, 0.003079, 0.892603)
37.39575, (8.077122, -1.572911, 7.663100), (0.217589, -0.394842, 0.002011, 0.892609)
37.41006, (8.092424, -1.589276, 7.719381), (0.220803, -0.393064, 0.001198, 0.892606)
37.42375, (8.108251, -1.610026, 7.768298), (0.222492, -0.393620, -0.000832, 0.891942)
37.43771, (8.117268, -1.621628, 7.804115), (0.223227, -0.397902, -0.004046, 0.889847)
37.45135, (8.131969, -1.637073, 7.849367), (0.225065, -0.398696, -0.007674, 0.889004)
37.46553, (8.143459, -1.651381, 7.894027), (0.227232, -0.399053, -0.010980, 0.888258)
37.479, (8.155834, -1.666045, 7.937938), (0.228423, -0.399701, -0.013843, 0.887621)
37.49297, (8.166440, -1.681724, 7.981231), (0.230054, -0.400780, -0.016993, 0.886658)
37.50678, (8.176434, -1.698525, 8.022090), (0.231185, -0.402545, -0.020322, 0.885493)
37.52122, (8.185262, -1.712278, 8.061052), (0.232818, -0.404025, -0.023337, 0.884316)
37.53456, (8.195455, -1.729453, 8.096874), (0.233466, -0.405400, -0.027353, 0.883401)
37.54849, (8.204290, -1.744778, 8.130855), (0.235448, -0.406495, -0.030788, 0.882258)
37.56249, (8.212842, -1.761302, 8.165432), (0.237154, -0.407106, -0.033783, 0.881409)
37.57662, (8.221174, -1.777948, 8.201542), (0.239163, -0.407897, -0.036675, 0.880384)
37.59014, (8.226785, -1.790875, 8.232129), (0.241826, -0.407558, -0.039488, 0.879692)
37.60401, (8.235292, -1.806377, 8.264262), (0.243641, -0.408954, -0.041671, 0.878442)
37.61791, (8.240939, -1.818334, 8.287909), (0.245901, -0.408011, -0.044177, 0.878128)
37.63245, (8.248550, -1.834545, 8.317636), (0.247377, -0.408660, -0.046650, 0.877283)
37.64589, (8.255461, -1.849126, 8.348018), (0.249597, -0.409074, -0.048311, 0.876371)
37.65982, (8.262462, -1.861781, 8.367781), (0.249555, -0.408774, -0.049148, 0.876477)
37.67365, (8.269994, -1.873742, 8.388794), (0.251419, -0.408351, -0.050865, 0.876043)
37.6879, (8.276999, -1.884624, 8.407217), (0.252779, -0.408104, -0.051981, 0.875701)
37.70127, (8.285040, -1.894413, 8.424097), (0.253774, -0.407477, -0.052783, 0.875657)
37.7156, (8.291160, -1.902457, 8.444594), (0.255001, -0.407034, -0.053076, 0.875489)
37.72889, (8.297951, -1.915131, 8.462979), (0.255558, -0.406571, -0.054762, 0.875438)
37.74303, (8.304280, -1.920102, 8.475589), (0.255722, -0.405742, -0.055126, 0.875752)
37.75657, (8.311581, -1.927090, 8.487450), (0.256527, -0.405166, -0.055944, 0.875731)
37.77053, (8.319361, -1.931417, 8.497222), (0.257283, -0.404112, -0.056829, 0.875939)
37.78442, (8.326119, -1.933556, 8.504208), (0.257581, -0.403066, -0.057788, 0.876271)
37.79866, (8.334674, -1.934463, 8.508348), (0.257652, -0.401969, -0.058791, 0.876687)
37.81223, (8.343553, -1.935261, 8.512913), (0.257634, -0.400809, -0.059125, 0.877201)
37.8265, (8.352714, -1.937864, 8.518158), (0.257004, -0.399946, -0.059595, 0.877748)
37.84035, (8.363099, -1.935903, 8.519956), (0.256162, -0.398903, -0.059977, 0.878442)
37.85509, (8.371784, -1.931045, 8.520992), (0.255132, -0.398003, -0.060609, 0.879106)
37.868, (8.381289, -1.926122, 8.520734), (0.254187, -0.397160, -0.061987, 0.879665)
37.8818, (8.390574, -1.918889, 8.518606), (0.253242, -0.396426, -0.062535, 0.880230)
37.89558, (8.401355, -1.911392, 8.515288), (0.252132, -0.395885, -0.063463, 0.880726)
37.90992, (8.415707, -1.899897, 8.511194), (0.249972, -0.395637, -0.064413, 0.881383)
37.92327, (8.428028, -1.886412, 8.506516), (0.247377, -0.395113, -0.065640, 0.882260)
37.93716, (8.439063, -1.868194, 8.500352), (0.244657, -0.394495, -0.066138, 0.883257)
37.95116, (8.450817, -1.842884, 8.491619), (0.240317, -0.394432, -0.067087, 0.884404)
37.96513, (8.463168, -1.822323, 8.482241), (0.236434, -0.394205, -0.068479, 0.885445)
37.9787, (8.476599, -1.798594, 8.469633), (0.231866, -0.394280, -0.069689, 0.886524)
37.9925, (8.488770, -1.774147, 8.454752), (0.228007, -0.393849, -0.071144, 0.887600)
38.00629, (8.501183, -1.745259, 8.441002), (0.222833, -0.394009, -0.072725, 0.888715)
38.02079, (8.511940, -1.715220, 8.424597), (0.217715, -0.393744, -0.074129, 0.889984)
38.03409, (8.524652, -1.686418, 8.408803), (0.211539, -0.394144, -0.075694, 0.891164)
38.048, (8.536603, -1.656365, 8.390688), (0.207447, -0.393992, -0.076555, 0.892119)
38.06187, (8.548737, -1.628727, 8.368808), (0.202541, -0.393748, -0.077260, 0.893292)
38.07612, (8.559767, -1.599809, 8.343977), (0.197877, -0.393232, -0.077722, 0.894524)
38.0896, (8.571102, -1.569550, 8.321506), (0.193797, -0.393118, -0.077604, 0.895477)
38.10352, (8.582109, -1.539075, 8.296634), (0.189249, -0.392703, -0.077041, 0.896679)
38.11727, (8.593214, -1.507385, 8.270947), (0.185180, -0.391963, -0.075945, 0.897945)
38.13176, (8.599750, -1.477103, 8.243856), (0.181066, -0.391108, -0.074130, 0.899308)
38.14511, (8.606111, -1.446822, 8.217041), (0.177753, -0.389961, -0.072797, 0.900575)
38.15902, (8.612919, -1.415939, 8.187125), (0.174284, -0.389219, -0.070697, 0.901741)
38.17311, (8.620531, -1.387544, 8.150753), (0.170345, -0.387006, -0.070054, 0.903494)
38.18719, (8.623248, -1.359662, 8.119224), (0.166556, -0.385967, -0.069322, 0.904701)
38.20049, (8.625128, -1.328051, 8.085669), (0.162231, -0.385098, -0.068309, 0.905933)
38.21443, (8.624109, -1.289873, 8.048041), (0.159685, -0.384675, -0.065881, 0.906744)
38.22821, (8.633307, -1.264396, 8.009972), (0.157092, -0.385231, -0.065858, 0.906963)
38.24262, (8.635921, -1.234877, 7.965399), (0.157056, -0.383720, -0.063693, 0.907764)
38.25598, (8.642571, -1.208479, 7.927726), (0.155169, -0.383245, -0.063770, 0.908284)
38.27013, (8.644272, -1.177750, 7.891533), (0.152414, -0.381859, -0.063265, 0.909369)
38.28371, (8.649935, -1.146810, 7.856507), (0.148563, -0.381175, -0.063136, 0.910301)
38.29796, (8.658137, -1.116964, 7.818428), (0.144627, -0.380762, -0.064328, 0.911024)
38.31161, (8.664223, -1.089242, 7.778163), (0.139229, -0.377940, -0.068828, 0.912710)
38.32582, (8.683051, -1.031685, 7.747024), (0.135384, -0.380522, -0.078681, 0.911418)
38.33924, (8.682385, -1.021358, 7.701615), (0.129435, -0.379043, -0.086389, 0.912201)
38.35342, (8.689340, -1.011121, 7.663593), (0.125518, -0.379869, -0.084661, 0.912567)
38.36694, (8.703991, -0.992087, 7.616804), (0.121977, -0.382381, -0.084314, 0.912029)
38.38089, (8.704555, -0.964754, 7.570371), (0.121281, -0.384732, -0.083208, 0.911235)
38.39485, (8.707228, -0.942386, 7.530210), (0.118232, -0.386294, -0.083486, 0.910949)
38.40912, (8.711959, -0.916621, 7.492667), (0.116231, -0.388075, -0.085989, 0.910216)
38.42276, (8.713168, -0.891610, 7.453870), (0.114254, -0.388296, -0.087901, 0.910190)
38.43653, (8.715528, -0.880024, 7.411460), (0.111109, -0.388412, -0.088506, 0.910471)
38.45055, (8.714856, -0.861970, 7.364926), (0.106826, -0.388331, -0.087054, 0.911158)
38.46415, (8.708270, -0.840256, 7.322517), (0.104769, -0.387662, -0.085216, 0.911855)
38.47809, (8.705653, -0.819606, 7.281557), (0.100963, -0.387511, -0.084488, 0.912416)
38.492, (8.702281, -0.798988, 7.240120), (0.098051, -0.386576, -0.083696, 0.913203)
38.50654, (8.699518, -0.781839, 7.199898), (0.094922, -0.385223, -0.082746, 0.914192)
38.51984, (8.693216, -0.764638, 7.156845), (0.092469, -0.382550, -0.080765, 0.915741)
38.53387, (8.685918, -0.750048, 7.112692), (0.089549, -0.380191, -0.078453, 0.917214)
38.54773, (8.677018, -0.728833, 7.071744), (0.086899, -0.379086, -0.076460, 0.918094)
38.5618, (8.664368, -0.710871, 7.029247), (0.083307, -0.378609, -0.074685, 0.918769)
38.57526, (8.652257, -0.693934, 6.984968), (0.079645, -0.377378, -0.073443, 0.919700)
38.58917, (8.636745, -0.675268, 6.943439), (0.076327, -0.375286, -0.071829, 0.920964)
38.60302, (8.616620, -0.657432, 6.898199), (0.072757, -0.372375, -0.070126, 0.922565)
38.61899, (8.598093, -0.643208, 6.852145), (0.069254, -0.369529, -0.070067, 0.923982)
38.63241, (8.579739, -0.629753, 6.808629), (0.067087, -0.367526, -0.069035, 0.925018)
38.64591, (8.558372, -0.618720, 6.761485), (0.064420, -0.365156, -0.066587, 0.926325)
38.65954, (8.534571, -0.609177, 6.713240), (0.060764, -0.363611, -0.063558, 0.927392)
38.67359, (8.504381, -0.599862, 6.662025), (0.058263, -0.361696, -0.060966, 0.928474)
38.6869, (8.477026, -0.588939, 6.613966), (0.055643, -0.360371, -0.057965, 0.929342)
38.70055, (8.448619, -0.577527, 6.567603), (0.054767, -0.359978, -0.054462, 0.929758)
38.71426, (8.420049, -0.568221, 6.518144), (0.053083, -0.359565, -0.052433, 0.930132)
38.72875, (8.387364, -0.563231, 6.467767), (0.051196, -0.359064, -0.050726, 0.930526)
38.74212, (8.353186, -0.554915, 6.417911), (0.050296, -0.357819, -0.049096, 0.931142)
38.75563, (8.317493, -0.553758, 6.366282), (0.049881, -0.355881, -0.048562, 0.931935)
38.76932, (8.280891, -0.549604, 6.315215), (0.048677, -0.353762, -0.046984, 0.932886)
38.78403, (8.243049, -0.546243, 6.262956), (0.047653, -0.352250, -0.043163, 0.933695)
38.79699, (8.206045, -0.545514, 6.212462), (0.045728, -0.351933, -0.039583, 0.934069)
38.81093, (8.166500, -0.542560, 6.163480), (0.044060, -0.351201, -0.035687, 0.934582)
38.82475, (8.118498, -0.550736, 6.116643), (0.042523, -0.348819, -0.033900, 0.935611)
38.83907, (8.069999, -0.554714, 6.065636), (0.042197, -0.345129, -0.033766, 0.936998)
38.85265, (8.024248, -0.556576, 6.015302), (0.041671, -0.342315, -0.032385, 0.938102)
38.86684, (7.974265, -0.574045, 5.968751), (0.044019, -0.334792, -0.035129, 0.940608)
38.88028, (7.927519, -0.585923, 5.922554), (0.046080, -0.329605, -0.036389, 0.942291)
38.89461, (7.879005, -0.598658, 5.878767), (0.047606, -0.325315, -0.033998, 0.943795)
38.90805, (7.826284, -0.607930, 5.836398), (0.049082, -0.320788, -0.031989, 0.945337)
38.92203, (7.770798, -0.620662, 5.794484), (0.050677, -0.316730, -0.028353, 0.946737)
38.93584, (7.717499, -0.633882, 5.749759), (0.052919, -0.312854, -0.024381, 0.948012)
38.95014, (7.661672, -0.651683, 5.709709), (0.057832, -0.310674, -0.017098, 0.948602)
38.9637, (7.611798, -0.665783, 5.672954), (0.060662, -0.307670, -0.011737, 0.949485)
38.97756, (7.559706, -0.679274, 5.637093), (0.064570, -0.303298, -0.006728, 0.950682)
38.99143, (7.509536, -0.692927, 5.604268), (0.067343, -0.297046, -0.000891, 0.952485)
39.00591, (7.457364, -0.706524, 5.564591), (0.066979, -0.289078, 0.001958, 0.954958)
39.01924, (7.405732, -0.719343, 5.528299), (0.067427, -0.282990, 0.004983, 0.956737)
39.03318, (7.349874, -0.726249, 5.488223), (0.068162, -0.275457, 0.006670, 0.958871)
39.04698, (7.290848, -0.738943, 5.451116), (0.066886, -0.269299, 0.009075, 0.960688)
39.06141, (7.243776, -0.748473, 5.413861), (0.067471, -0.267513, 0.013416, 0.961096)
39.07505, (7.193449, -0.752746, 5.375021), (0.070151, -0.265847, 0.020331, 0.961245)
39.08902, (7.148645, -0.761421, 5.339036), (0.073605, -0.265959, 0.028267, 0.960755)
39.10263, (7.099867, -0.767118, 5.301415), (0.074627, -0.263693, 0.033762, 0.961123)
39.11696, (7.050331, -0.766528, 5.266789), (0.075799, -0.260722, 0.037142, 0.961717)
39.13033, (7.005918, -0.768336, 5.234398), (0.072853, -0.258308, 0.036339, 0.962626)
39.14442, (6.957343, -0.764841, 5.201764), (0.072116, -0.254908, 0.036276, 0.963590)
39.15807, (6.911459, -0.767555, 5.169625), (0.070850, -0.252109, 0.038418, 0.964337)
39.17233, (6.863914, -0.766407, 5.141721), (0.069620, -0.249967, 0.040366, 0.964904)
39.186, (6.812501, -0.769949, 5.108988), (0.069489, -0.246002, 0.042205, 0.965854)
39.19962, (6.765000, -0.772866, 5.078642), (0.069517, -0.242781, 0.043952, 0.966588)
39.21338, (6.716128, -0.774025, 5.046380), (0.068731, -0.238315, 0.045827, 0.967668)
39.22768, (6.666712, -0.775905, 5.014872), (0.068508, -0.234957, 0.048108, 0.968394)
39.24137, (6.611655, -0.777482, 4.996922), (0.064803, -0.228495, 0.048629, 0.970168)
39.25524, (6.552207, -0.786185, 4.978415), (0.061986, -0.222530, 0.048981, 0.971720)
39.26909, (6.493793, -0.795229, 4.954707), (0.060209, -0.218280, 0.050954, 0.972694)
39.28343, (6.438169, -0.805577, 4.932716), (0.058816, -0.214868, 0.053121, 0.973422)
39.29683, (6.379024, -0.820689, 4.916586), (0.056601, -0.212593, 0.057645, 0.973796)
39.31079, (6.316621, -0.833614, 4.904304), (0.056064, -0.209215, 0.061737, 0.974307)
39.32457, (6.252853, -0.849789, 4.894332), (0.055428, -0.205716, 0.065657, 0.974832)
39.33872, (6.189740, -0.860567, 4.889079), (0.055472, -0.202900, 0.068419, 0.975230)
39.35234, (6.123390, -0.874844, 4.882143), (0.055013, -0.198708, 0.069614, 0.976034)
39.36598, (6.064410, -0.891367, 4.879588), (0.055108, -0.196032, 0.072222, 0.976380)
39.37979, (6.000908, -0.907629, 4.876522), (0.056410, -0.192402, 0.077518, 0.976622)
39.39408, (5.940902, -0.931028, 4.876504), (0.058588, -0.189039, 0.084804, 0.976545)
39.40786, (5.879446, -0.946469, 4.880150), (0.060653, -0.187331, 0.091775, 0.976118)
39.42175, (5.822806, -0.962710, 4.885789), (0.064170, -0.186974, 0.096955, 0.975460)
39.43528, (5.763624, -0.976487, 4.887478), (0.065862, -0.185879, 0.101195, 0.975126)
39.44956, (5.709114, -0.986683, 4.895169), (0.067857, -0.185998, 0.102814, 0.974797)
39.46294, (5.655815, -0.997914, 4.899489), (0.069378, -0.185266, 0.103993, 0.974704)
39.47689, (5.608607, -1.015105, 4.906741), (0.070913, -0.186156, 0.104704, 0.974348)
39.49072, (5.559873, -1.033185, 4.917058), (0.073492, -0.185963, 0.104632, 0.974202)
39.50505, (5.511694, -1.048163, 4.925991), (0.076484, -0.185010, 0.104482, 0.974169)
39.51855, (5.465190, -1.061752, 4.936422), (0.079046, -0.184004, 0.103068, 0.974306)
39.53255, (5.419244, -1.079090, 4.945841), (0.081188, -0.182131, 0.102538, 0.974537)
39.54644, (5.377346, -1.095611, 4.955271), (0.083185, -0.181187, 0.102952, 0.974501)
39.56069, (5.329571, -1.113253, 4.964578), (0.083793, -0.179534, 0.102698, 0.974782)
39.57451, (5.282498, -1.131020, 4.975251), (0.084715, -0.178899, 0.102578, 0.974832)
39.58869, (5.234953, -1.152453, 4.982282), (0.085207, -0.177781, 0.102645, 0.974986)
39.60307, (5.190304, -1.174906, 4.988848), (0.086150, -0.176162, 0.103814, 0.975073)
39.61668, (5.146600, -1.196399, 4.998222), (0.087615, -0.175108, 0.105408, 0.974962)
39.62977, (5.102077, -1.217191, 5.006763), (0.089279, -0.173821, 0.108674, 0.974682)
39.64389, (5.058237, -1.237311, 5.013628), (0.091009, -0.173204, 0.112062, 0.974248)
39.65828, (5.017552, -1.255271, 5.020817), (0.092458, -0.173863, 0.115337, 0.973612)
39.67246, (4.978588, -1.270968, 5.027134), (0.092344, -0.175152, 0.118609, 0.972999)
39.68558, (4.938450, -1.287328, 5.032413), (0.093194, -0.175595, 0.121190, 0.972520)
39.69966, (4.905849, -1.303906, 5.034626), (0.093614, -0.178041, 0.124428, 0.971625)
39.71294, (4.874292, -1.317192, 5.038506), (0.095115, -0.179910, 0.127174, 0.970779)
39.72714, (4.844838, -1.331873, 5.038845), (0.096054, -0.181115, 0.129518, 0.970153)
39.74055, (4.815794, -1.345398, 5.039591), (0.096946, -0.181687, 0.131804, 0.969649)
39.75443, (4.785289, -1.359147, 5.041337), (0.097568, -0.182075, 0.134550, 0.969137)
39.7683, (4.760025, -1.367415, 5.042014), (0.096606, -0.181618, 0.136286, 0.969076)
39.78257, (4.735536, -1.376251, 5.045808), (0.095827, -0.181918, 0.137491, 0.968927)
39.79609, (4.715427, -1.380222, 5.046149), (0.093756, -0.181301, 0.138212, 0.969142)
39.81009, (4.696652, -1.388184, 5.045442), (0.091928, -0.180897, 0.140699, 0.969035)
39.8237, (4.677735, -1.395284, 5.043864), (0.090711, -0.179593, 0.143967, 0.968913)
39.83826, (4.658142, -1.403561, 5.043437), (0.089421, -0.178761, 0.146796, 0.968762)
39.85166, (4.643898, -1.411198, 5.043112), (0.086098, -0.176357, 0.150832, 0.968883)
39.86573, (4.627347, -1.420351, 5.041750), (0.084191, -0.174516, 0.153228, 0.969008)
39.87944, (4.612190, -1.431917, 5.038400), (0.082721, -0.173096, 0.154422, 0.969200)
39.89365, (4.597415, -1.441638, 5.035296), (0.081423, -0.172185, 0.156173, 0.969192)
39.90672, (4.581503, -1.451768, 5.031650), (0.079997, -0.171196, 0.158598, 0.969092)
39.92104, (4.569722, -1.465212, 5.028321), (0.079788, -0.170523, 0.160931, 0.968843)
39.93472, (4.556508, -1.476953, 5.025254), (0.078736, -0.169982, 0.163765, 0.968549)
39.94913, (4.541027, -1.494095, 5.020688), (0.077819, -0.168656, 0.165847, 0.968501)
39.96274, (4.526897, -1.508797, 5.020098), (0.076456, -0.167750, 0.167262, 0.968524)
39.97657, (4.510914, -1.519079, 5.018076), (0.075592, -0.166193, 0.169666, 0.968442)
39.99038, (4.499646, -1.528604, 5.021622), (0.074986, -0.164374, 0.169734, 0.968787)
40.00453, (4.484170, -1.544039, 5.022165), (0.074002, -0.162600, 0.171442, 0.968862)
40.01804, (4.468653, -1.558821, 5.021183), (0.073328, -0.161149, 0.173295, 0.968826)
40.03195, (4.451838, -1.571434, 5.023510), (0.073349, -0.159576, 0.174285, 0.968907)
40.04543, (4.434227, -1.584982, 5.025359), (0.072884, -0.157603, 0.175527, 0.969041)
40.0599, (4.416330, -1.595265, 5.031579), (0.072569, -0.157244, 0.176264, 0.968989)
40.0733, (4.397439, -1.607953, 5.035286), (0.072076, -0.156295, 0.177714, 0.968914)
40.08728, (4.376247, -1.624924, 5.040720), (0.070878, -0.157093, 0.180835, 0.968296)
40.10107, (4.357747, -1.639104, 5.049502), (0.070217, -0.158631, 0.184016, 0.967494)
40.11531, (4.337945, -1.653932, 5.058771), (0.070500, -0.159053, 0.186412, 0.966945)
40.12884, (4.321331, -1.673007, 5.068888), (0.071323, -0.159688, 0.188241, 0.966426)
40.14289, (4.302004, -1.694009, 5.078668), (0.072083, -0.159075, 0.189885, 0.966149)
40.15685, (4.285024, -1.715916, 5.093029), (0.074604, -0.157543, 0.191331, 0.965923)
40.17108, (4.268253, -1.732557, 5.105087), (0.076849, -0.156525, 0.193480, 0.965484)
40.18457, (4.251186, -1.749860, 5.116229), (0.078121, -0.155557, 0.195821, 0.965067)
40.19843, (4.233684, -1.761816, 5.129630), (0.080360, -0.154039, 0.198586, 0.964561)
40.21233, (4.217562, -1.776901, 5.145013), (0.082214, -0.153961, 0.200957, 0.963926)
40.22657, (4.199540, -1.797637, 5.158772), (0.083676, -0.154576, 0.203325, 0.963205)
40.2401, (4.183921, -1.813751, 5.174611), (0.086217, -0.155976, 0.204891, 0.962423)
40.25411, (4.168650, -1.830510, 5.188481), (0.088870, -0.157963, 0.205819, 0.961659)
40.26778, (4.152666, -1.846262, 5.201577), (0.091149, -0.160205, 0.207198, 0.960779)
40.28222, (4.134995, -1.861175, 5.214663), (0.094298, -0.162749, 0.208337, 0.959800)
40.29551, (4.118037, -1.874449, 5.225454), (0.099334, -0.167404, 0.209487, 0.958240)
40.30936, (4.104747, -1.889870, 5.234442), (0.103805, -0.172784, 0.209482, 0.956811)
40.32299, (4.087894, -1.905231, 5.242494), (0.108810, -0.177941, 0.209170, 0.955377)
40.33784, (4.070704, -1.917944, 5.253033), (0.112933, -0.184176, 0.209753, 0.953588)
40.35091, (4.055382, -1.928537, 5.264137), (0.115530, -0.189020, 0.209803, 0.952317)
40.36491, (4.043431, -1.934615, 5.276832), (0.117451, -0.192457, 0.208246, 0.951735)
40.37871, (4.032498, -1.938313, 5.286398), (0.118207, -0.195090, 0.207484, 0.951272)
40.39315, (4.021768, -1.943204, 5.294244), (0.118005, -0.196620, 0.207385, 0.951003)
40.4068, (4.012322, -1.949493, 5.301013), (0.118041, -0.198115, 0.206931, 0.950787)
40.42076, (4.004550, -1.956283, 5.306787), (0.117923, -0.199726, 0.205930, 0.950682)
40.43428, (3.995302, -1.959970, 5.312138), (0.117565, -0.201608, 0.206435, 0.950220)
40.4485, (3.988119, -1.965299, 5.317831), (0.117559, -0.204650, 0.207258, 0.949391)
40.46201, (3.979139, -1.969223, 5.316141), (0.118256, -0.206099, 0.209595, 0.948477)
40.47596, (3.969016, -1.974671, 5.317174), (0.117975, -0.207782, 0.210306, 0.947987)
40.48984, (3.958327, -1.977253, 5.319415), (0.118094, -0.209585, 0.210492, 0.947534)
40.50423, (3.951850, -1.973215, 5.317580), (0.116845, -0.210887, 0.207382, 0.948086)
40.51776, (3.947052, -1.975431, 5.318404), (0.116252, -0.211696, 0.206477, 0.948176)
40.53175, (3.945748, -1.980689, 5.316883), (0.116296, -0.211948, 0.207216, 0.947953)
40.54556, (3.942357, -1.984248, 5.315417), (0.116558, -0.212374, 0.208441, 0.947557)
40.55987, (3.939312, -1.984707, 5.314469), (0.116763, -0.212628, 0.209038, 0.947343)
40.57348, (3.937866, -1.982381, 5.315253), (0.116488, -0.212964, 0.209095, 0.947289)
40.58738, (3.938718, -1.979060, 5.315345), (0.115729, -0.212221, 0.209193, 0.947527)
40.60125, (3.941781, -1.975968, 5.316286), (0.115156, -0.211106, 0.209876, 0.947695)
40.61585, (3.934966, -1.981357, 5.316896), (0.114753, -0.209233, 0.210935, 0.947924)
40.62938, (3.939990, -1.977476, 5.315678), (0.113714, -0.207417, 0.212154, 0.948176)
40.6433, (3.940742, -1.975764, 5.315250), (0.113250, -0.206815, 0.212519, 0.948281)
40.65721, (3.944340, -1.972226, 5.313912), (0.113131, -0.205527, 0.212832, 0.948505)
40.67139, (3.964160, -1.957598, 5.308499), (0.111999, -0.203410, 0.210571, 0.949600)
40.68455, (3.968622, -1.951333, 5.307412), (0.111600, -0.202242, 0.210239, 0.949970)
40.69846, (3.976207, -1.945021, 5.305968), (0.110601, -0.200755, 0.208962, 0.950684)
40.71226, (3.983968, -1.935574, 5.302517), (0.109361, -0.198233, 0.207964, 0.951575)
40.72661, (3.994310, -1.922612, 5.298929), (0.106470, -0.194342, 0.206735, 0.952972)
40.74008, (4.003547, -1.912230, 5.295477), (0.103223, -0.190911, 0.206029, 0.954175)
40.75404, (4.013545, -1.900551, 5.292094), (0.100093, -0.187495, 0.205348, 0.955332)
40.7678, (4.023238, -1.887511, 5.287812), (0.095942, -0.183326, 0.204123, 0.956829)
40.78214, (4.032617, -1.875527, 5.282170), (0.092800, -0.179952, 0.203494, 0.957912)
40.79552, (4.044159, -1.866026, 5.274298), (0.089106, -0.177070, 0.203064, 0.958891)
40.8098, (4.052508, -1.856349, 5.266759), (0.085915, -0.173748, 0.202471, 0.959915)
40.82339, (4.060708, -1.845943, 5.257854), (0.082504, -0.170670, 0.202321, 0.960797)
40.83788, (4.071332, -1.835803, 5.248489), (0.079779, -0.167764, 0.201347, 0.961743)
40.85141, (4.079495, -1.821299, 5.241233), (0.077471, -0.165528, 0.201371, 0.962314)
40.86509, (4.084468, -1.809676, 5.231920), (0.074152, -0.162355, 0.201393, 0.963111)
40.87859, (4.086800, -1.790335, 5.228521), (0.068821, -0.161590, 0.198733, 0.964187)
40.89252, (4.096014, -1.775897, 5.214521), (0.063936, -0.161526, 0.197804, 0.964726)
40.90593, (4.108150, -1.764288, 5.199578), (0.061519, -0.161519, 0.198145, 0.964814)
40.91986, (4.120082, -1.753975, 5.187848), (0.059822, -0.160717, 0.200575, 0.964552)
40.93341, (4.128529, -1.741775, 5.179700), (0.056835, -0.159567, 0.201277, 0.964778)
40.94756, (4.131893, -1.725324, 5.170260), (0.053770, -0.158439, 0.201319, 0.965130)
40.96104, (4.137668, -1.709610, 5.158119), (0.049837, -0.157559, 0.199638, 0.965834)
40.97497, (4.145933, -1.696297, 5.144519), (0.046697, -0.156794, 0.197316, 0.966593)
40.98869, (4.154985, -1.681373, 5.131670), (0.045288, -0.156318, 0.196938, 0.966814)
41.00311, (4.167735, -1.672869, 5.116663), (0.042324, -0.155769, 0.196129, 0.967201)
41.01644, (4.176418, -1.659986, 5.105846), (0.041361, -0.155592, 0.195113, 0.967477)
41.03037, (4.184998, -1.646889, 5.093417), (0.038817, -0.155269, 0.194457, 0.967766)
41.04412, (4.193276, -1.630971, 5.081472), (0.037787, -0.154545, 0.192618, 0.968290)
41.05846, (4.202917, -1.617670, 5.068613), (0.036305, -0.154219, 0.190979, 0.968724)
41.07196, (4.215149, -1.602143, 5.057957), (0.034616, -0.154101, 0.189574, 0.969080)
41.08594, (4.231854, -1.580585, 5.051656), (0.034366, -0.155306, 0.187055, 0.969386)
41.09974, (4.242721, -1.565032, 5.040271), (0.032499, -0.154947, 0.185813, 0.969747)
41.11404, (4.265206, -1.537539, 5.038240), (0.031710, -0.157788, 0.183475, 0.969760)
41.12751, (4.294781, -1.515139, 5.039289), (0.030260, -0.160674, 0.180407, 0.969908)
41.14152, (4.316813, -1.495633, 5.034178), (0.028565, -0.162021, 0.178065, 0.970168)
41.15569, (4.349016, -1.466675, 5.039514), (0.027410, -0.164144, 0.173379, 0.970693)
41.16952, (4.382287, -1.442709, 5.043529), (0.025628, -0.166210, 0.168083, 0.971322)
41.18309, (4.410440, -1.416661, 5.046854), (0.025069, -0.167695, 0.163741, 0.971822)
41.19719, (4.483126, -1.382263, 5.080328), (0.034345, -0.166171, 0.148879, 0.974188)
41.211, (4.521691, -1.358935, 5.087473), (0.035453, -0.164393, 0.142624, 0.975385)
41.22526, (4.577014, -1.337265, 5.106979), (0.036966, -0.162147, 0.134504, 0.976858)
41.23846, (4.634217, -1.314396, 5.131068), (0.040308, -0.160036, 0.129135, 0.977798)
41.25238, (4.683051, -1.291606, 5.148146), (0.042538, -0.159394, 0.123281, 0.978563)
41.2661, (4.735184, -1.269006, 5.165592), (0.043629, -0.159993, 0.117521, 0.979126)
41.28022, (4.792091, -1.242975, 5.185091), (0.046063, -0.160333, 0.112196, 0.979583)
41.2937, (4.849061, -1.217235, 5.204494), (0.048288, -0.161184, 0.107038, 0.979914)
41.30708, (4.905525, -1.195345, 5.224213), (0.050119, -0.161621, 0.101036, 0.980387)
41.32082, (4.970793, -1.171523, 5.248826), (0.052201, -0.164251, 0.094683, 0.980475)
41.33501, (5.033040, -1.149722, 5.271942), (0.055139, -0.165886, 0.088271, 0.980637)
41.34842, (5.098932, -1.130896, 5.295573), (0.056914, -0.168268, 0.081894, 0.980684)
41.36231, (5.161014, -1.106429, 5.319570), (0.060535, -0.169767, 0.075507, 0.980721)
41.37603, (5.223557, -1.087449, 5.340228), (0.062315, -0.170834, 0.069578, 0.980863)
41.39032, (5.296560, -1.064740, 5.372112), (0.066048, -0.174495, 0.065563, 0.980250)
41.40401, (5.361300, -1.047381, 5.395433), (0.067983, -0.175691, 0.060030, 0.980259)
41.41821, (5.427339, -1.023699, 5.420390), (0.070449, -0.178367, 0.056674, 0.979801)
41.43171, (5.496613, -1.005160, 5.443015), (0.071625, -0.180769, 0.051476, 0.979563)
41.44592, (5.566075, -0.983493, 5.466779), (0.073945, -0.183096, 0.046904, 0.979188)
41.45927, (5.632907, -0.962435, 5.490630), (0.076062, -0.184959, 0.041799, 0.978906)
41.47326, (5.700633, -0.937815, 5.515122), (0.078285, -0.187126, 0.038588, 0.978451)
41.48715, (5.782019, -0.922837, 5.534866), (0.077109, -0.188796, 0.037671, 0.978259)
41.5018, (5.854287, -0.905359, 5.555293), (0.078166, -0.188799, 0.035698, 0.978249)
41.51502, (5.932639, -0.887462, 5.573444), (0.079961, -0.190339, 0.033529, 0.977882)
41.529, (6.018412, -0.862083, 5.588798), (0.082158, -0.194075, 0.032292, 0.977007)
41.5427, (6.102283, -0.843073, 5.609955), (0.082143, -0.196958, 0.028490, 0.976549)
41.55698, (6.185164, -0.823802, 5.629382), (0.082070, -0.199105, 0.025064, 0.976214)
41.57042, (6.268161, -0.802475, 5.648031), (0.082488, -0.201000, 0.020937, 0.975887)
41.5845, (6.352687, -0.787206, 5.669052), (0.083764, -0.202647, 0.014990, 0.975548)
41.598, (6.436558, -0.771039, 5.688106), (0.085263, -0.204293, 0.010325, 0.975135)
41.61221, (6.522278, -0.753954, 5.709671), (0.087629, -0.206916, 0.006246, 0.974407)
41.62559, (6.605971, -0.741035, 5.730892), (0.089747, -0.209239, 0.003053, 0.973733)
41.63961, (6.689341, -0.730227, 5.752979), (0.093132, -0.212087, 0.000080, 0.972803)
41.65319, (6.771621, -0.720459, 5.775038), (0.095523, -0.215733, -0.002984, 0.971764)
41.66742, (6.850856, -0.708770, 5.798371), (0.097587, -0.219184, -0.005972, 0.970773)
41.68095, (6.929873, -0.694321, 5.821130), (0.100183, -0.221808, -0.008952, 0.969889)
41.69455, (7.011744, -0.684714, 5.845888), (0.100885, -0.225172, -0.012227, 0.969005)
41.70871, (7.084822, -0.675508, 5.869737), (0.102686, -0.227999, -0.014245, 0.968127)
41.72218, (7.158927, -0.668802, 5.888131), (0.105489, -0.231838, -0.015549, 0.966893)
41.73622, (7.235288, -0.663204, 5.906031), (0.106797, -0.234832, -0.018091, 0.965982)
41.74989, (7.304103, -0.658267, 5.923819), (0.109999, -0.239427, -0.019398, 0.964468)
41.76418, (7.376012, -0.651689, 5.939923), (0.111439, -0.242259, -0.020962, 0.963563)
41.77771, (7.437810, -0.643179, 5.956027), (0.112421, -0.247360, -0.020952, 0.962151)
41.7917, (7.510953, -0.635185, 5.975074), (0.114239, -0.250739, -0.023040, 0.961014)
41.80565, (7.558638, -0.619738, 5.997815), (0.108999, -0.253601, -0.018766, 0.960965)
41.81997, (7.621716, -0.615355, 6.011633), (0.109668, -0.255942, -0.020668, 0.960229)
41.83374, (7.681562, -0.610124, 6.030465), (0.111594, -0.258349, -0.022884, 0.959312)
41.84757, (7.741255, -0.604959, 6.050186), (0.113646, -0.261560, -0.023966, 0.958174)
41.86119, (7.803131, -0.602393, 6.071478), (0.116662, -0.265254, -0.024645, 0.956777)
41.8753, (7.861706, -0.595207, 6.087647), (0.118944, -0.267170, -0.025515, 0.955940)
41.88873, (7.919508, -0.588874, 6.105060), (0.122478, -0.269513, -0.026010, 0.954822)
41.90266, (7.977794, -0.579698, 6.125247), (0.125361, -0.272710, -0.028152, 0.953479)
41.91604, (8.031256, -0.570290, 6.143436), (0.127102, -0.275831, -0.031279, 0.952252)
41.93077, (8.082756, -0.566156, 6.159721), (0.127682, -0.278926, -0.034414, 0.951164)
41.94389, (8.132169, -0.563884, 6.178485), (0.128279, -0.283239, -0.035868, 0.949755)
41.95774, (8.183142, -0.559962, 6.203217), (0.129861, -0.288381, -0.035972, 0.947987)
41.97158, (8.234249, -0.555222, 6.227722), (0.131257, -0.293530, -0.034839, 0.946255)
41.98593, (8.287484, -0.550361, 6.248241), (0.132747, -0.297317, -0.035863, 0.944825)
41.99943, (8.338503, -0.540663, 6.276736), (0.132559, -0.302246, -0.038079, 0.943200)
42.0133, (8.391198, -0.535016, 6.298905), (0.133775, -0.306199, -0.039271, 0.941703)
42.02728, (8.443911, -0.543445, 6.328855), (0.129338, -0.309624, -0.045131, 0.940940)
42.04113, (8.492035, -0.557858, 6.361234), (0.129850, -0.310795, -0.048350, 0.940323)
42.05541, (8.540762, -0.568042, 6.390827), (0.131029, -0.311357, -0.051503, 0.939806)
42.06903, (8.589160, -0.573292, 6.423748), (0.133534, -0.312895, -0.055436, 0.938719)
42.08342, (8.632868, -0.578805, 6.453569), (0.134999, -0.312852, -0.058932, 0.938310)
42.09698, (8.678792, -0.594300, 6.490924), (0.134689, -0.313019, -0.063869, 0.937976)
42.11074, (8.716753, -0.613341, 6.526354), (0.134719, -0.312334, -0.067601, 0.937938)
42.12441, (8.753836, -0.635809, 6.561301), (0.135697, -0.312627, -0.070631, 0.937476)
42.13838, (8.784009, -0.663955, 6.598330), (0.137596, -0.313663, -0.073772, 0.936611)
42.15212, (8.811521, -0.688571, 6.636582), (0.140223, -0.315172, -0.078509, 0.935329)
42.16576, (8.834926, -0.713134, 6.674357), (0.142112, -0.316482, -0.083176, 0.934197)
42.1798, (8.856639, -0.740213, 6.719541), (0.146049, -0.318487, -0.088939, 0.932376)
42.19355, (8.874955, -0.773007, 6.759627), (0.149272, -0.319967, -0.092834, 0.930979)
42.2074, (8.891586, -0.800432, 6.794271), (0.155888, -0.321346, -0.097135, 0.928978)
42.22138, (8.905807, -0.825400, 6.822121), (0.161817, -0.323084, -0.100103, 0.927044)
42.23521, (8.921368, -0.854173, 6.853861), (0.165866, -0.325614, -0.102438, 0.925187)
42.24921, (8.931454, -0.884490, 6.889198), (0.166465, -0.326208, -0.104903, 0.924593)
42.26305, (8.937227, -0.915945, 6.929022), (0.164361, -0.327374, -0.107311, 0.924282)
42.27704, (8.940693, -0.938858, 6.967995), (0.164109, -0.328776, -0.110723, 0.923426)
42.2909, (8.947374, -0.959753, 7.003137), (0.164114, -0.331710, -0.113480, 0.922040)
42.30482, (8.955711, -0.984662, 7.041040), (0.163474, -0.335543, -0.116332, 0.920410)
42.31878, (8.962269, -1.014695, 7.081096), (0.162497, -0.338145, -0.118616, 0.919339)
42.3327, (8.971690, -1.048430, 7.121089), (0.160046, -0.341307, -0.120376, 0.918371)
42.34644, (8.981430, -1.073201, 7.154895), (0.159961, -0.343941, -0.121413, 0.917266)
42.36041, (8.998338, -1.098329, 7.184538), (0.160100, -0.347782, -0.123210, 0.915552)
42.37418, (9.015823, -1.128275, 7.208829), (0.156166, -0.349657, -0.127894, 0.914874)
42.38723, (9.026751, -1.156251, 7.248266), (0.151345, -0.350886, -0.130992, 0.914776)
42.40104, (9.038330, -1.179953, 7.285820), (0.149653, -0.349978, -0.135030, 0.914815)
42.4151, (9.049271, -1.191610, 7.316930), (0.154414, -0.350051, -0.139904, 0.913262)
42.42911, (9.059006, -1.206901, 7.341055), (0.158382, -0.349340, -0.147176, 0.911711)
42.4427, (9.068056, -1.225647, 7.370546), (0.162167, -0.346960, -0.155501, 0.910571)
42.45641, (9.070532, -1.248660, 7.402014), (0.165363, -0.343242, -0.158281, 0.910927)
42.47036, (9.073557, -1.282195, 7.435228), (0.167277, -0.338996, -0.159077, 0.912028)
42.48429, (9.076174, -1.302700, 7.466444), (0.169729, -0.334840, -0.158464, 0.913216)
42.49815, (9.080420, -1.320733, 7.492971), (0.172216, -0.332055, -0.159671, 0.913557)
42.51202, (9.077681, -1.326534, 7.509835), (0.177473, -0.328923, -0.155781, 0.914355)
42.52596, (9.078020, -1.348612, 7.529440), (0.177358, -0.327513, -0.154684, 0.915070)
42.5398, (9.075309, -1.365942, 7.558508), (0.179052, -0.325135, -0.152483, 0.915957)
42.5537, (9.068354, -1.378357, 7.580928), (0.181701, -0.320223, -0.151579, 0.917315)
42.5676, (9.066595, -1.379591, 7.592912), (0.186078, -0.316415, -0.152700, 0.917572)
42.5815, (9.064259, -1.386414, 7.602942), (0.189088, -0.313942, -0.153116, 0.917737)
42.59542, (9.062680, -1.393834, 7.610002), (0.190966, -0.311670, -0.152251, 0.918267)
42.60928, (9.057558, -1.397321, 7.617960), (0.191979, -0.311772, -0.149640, 0.918450)
42.62312, (9.048637, -1.402603, 7.623055), (0.191237, -0.311747, -0.146362, 0.919141)
42.63704, (9.041836, -1.406085, 7.633948), (0.190349, -0.311903, -0.144243, 0.919608)
42.65103, (9.034201, -1.397856, 7.636669), (0.186528, -0.312903, -0.144416, 0.920023)
42.66491, (9.026492, -1.393273, 7.638066), (0.186194, -0.314289, -0.146782, 0.919244)
42.6787, (9.018527, -1.392812, 7.635988), (0.185653, -0.314619, -0.148462, 0.918971)
42.69258, (9.008317, -1.393043, 7.632336), (0.186651, -0.315505, -0.149554, 0.918287)
42.7067, (8.998894, -1.392431, 7.627128), (0.189116, -0.316149, -0.149207, 0.917618)
42.72063, (8.987766, -1.391112, 7.613764), (0.191459, -0.318017, -0.148045, 0.916674)
42.73472, (8.975077, -1.388743, 7.603059), (0.191458, -0.319378, -0.147524, 0.916285)
42.74829, (8.961790, -1.382716, 7.594747), (0.190416, -0.321070, -0.146814, 0.916025)
42.7622, (8.949202, -1.376084, 7.585952), (0.189569, -0.322509, -0.145708, 0.915872)
42.7758, (8.937162, -1.367633, 7.573483), (0.189089, -0.323829, -0.144555, 0.915688)
42.78978, (8.924865, -1.356308, 7.557967), (0.189196, -0.324408, -0.143661, 0.915601)
42.80368, (8.912798, -1.345983, 7.542786), (0.188748, -0.325131, -0.142813, 0.915570)
42.81754, (8.898767, -1.332926, 7.520636), (0.187838, -0.324800, -0.141898, 0.916017)
42.83167, (8.884179, -1.317744, 7.497929), (0.187247, -0.324950, -0.139916, 0.916389)
42.84526, (8.869520, -1.302987, 7.473236), (0.185975, -0.325490, -0.138565, 0.916662)
42.85942, (8.854678, -1.283442, 7.448493), (0.185150, -0.325561, -0.136955, 0.917046)
42.87306, (8.842161, -1.262912, 7.419693), (0.183316, -0.325106, -0.135346, 0.917814)
42.88696, (8.827224, -1.243187, 7.393699), (0.180693, -0.324219, -0.134175, 0.918820)
42.90092, (8.810431, -1.222113, 7.364070), (0.178217, -0.321793, -0.132359, 0.920418)
42.91488, (8.792622, -1.201748, 7.330250), (0.176038, -0.319061, -0.129026, 0.922260)
42.92913, (8.776516, -1.183643, 7.300246), (0.174428, -0.317563, -0.126996, 0.923364)
42.943, (8.753918, -1.156473, 7.255021), (0.173921, -0.313211, -0.121591, 0.925671)
42.95655, (8.730759, -1.134435, 7.213193), (0.171484, -0.310045, -0.118426, 0.927599)
42.97071, (8.703866, -1.109763, 7.171280), (0.168849, -0.306944, -0.115254, 0.929512)
42.98462, (8.674110, -1.083316, 7.128240), (0.165153, -0.305125, -0.110267, 0.931378)
42.9981, (8.645296, -1.062168, 7.081928), (0.161365, -0.303476, -0.106887, 0.932973)
43.01203, (8.612045, -1.037856, 7.030266), (0.157349, -0.301255, -0.102576, 0.934861)
43.0259, (8.578008, -1.010971, 6.980366), (0.154322, -0.300430, -0.099165, 0.935998)
43.03979, (8.541287, -0.990318, 6.922999), (0.150817, -0.299001, -0.096168, 0.937339)
43.05378, (8.504268, -0.969634, 6.865902), (0.147069, -0.298144, -0.091676, 0.938657)
43.06765, (8.466268, -0.948386, 6.808736), (0.144219, -0.298101, -0.086772, 0.939578)
43.08163, (8.427691, -0.927614, 6.751189), (0.140575, -0.298298, -0.082371, 0.940464)
43.09554, (8.385069, -0.906204, 6.691137), (0.137211, -0.298024, -0.078962, 0.941339)
43.10942, (8.343163, -0.887425, 6.631419), (0.134521, -0.297488, -0.076419, 0.942107)
43.12323, (8.300443, -0.866381, 6.568310), (0.132093, -0.297839, -0.072889, 0.942619)
43.1372, (8.262726, -0.852186, 6.508214), (0.129406, -0.299209, -0.069116, 0.942842)
43.15123, (8.225442, -0.837717, 6.446793), (0.126851, -0.300233, -0.064180, 0.943212)
43.1654, (8.191368, -0.821436, 6.390071), (0.126729, -0.302936, -0.058424, 0.942739)
43.17893, (8.157989, -0.803351, 6.334924), (0.128187, -0.304589, -0.054308, 0.942255)
43.19284, (8.122623, -0.791726, 6.277276), (0.127994, -0.304245, -0.052552, 0.942492)
43.20676, (8.087511, -0.779740, 6.214433), (0.128689, -0.301816, -0.051377, 0.943243)
43.22075, (8.058051, -0.768645, 6.146983), (0.128619, -0.297598, -0.052784, 0.944514)
43.23458, (8.024487, -0.756782, 6.079385), (0.126182, -0.293587, -0.052154, 0.946132)
43.2485, (7.987391, -0.756056, 6.012270), (0.122332, -0.288293, -0.051482, 0.948299)
43.26238, (7.943429, -0.747325, 5.948212), (0.119297, -0.283666, -0.048017, 0.950261)
43.27636, (7.898362, -0.737791, 5.885003), (0.116372, -0.278818, -0.045577, 0.952177)
43.29057, (7.850908, -0.729388, 5.823140), (0.111404, -0.273541, -0.043197, 0.954410)
43.30448, (7.800202, -0.718608, 5.760334), (0.106966, -0.267081, -0.041822, 0.956806)
43.31836, (7.751779, -0.707870, 5.695572), (0.102620, -0.262309, -0.038350, 0.958745)
43.33211, (7.699478, -0.704238, 5.626380), (0.097483, -0.257309, -0.033843, 0.960804)
43.346, (7.641356, -0.702710, 5.557945), (0.093553, -0.252811, -0.026443, 0.962619)
43.36021, (7.582839, -0.698717, 5.489943), (0.091451, -0.248679, -0.020088, 0.964050)
43.37337, (7.524124, -0.694006, 5.422344), (0.089135, -0.244977, -0.014160, 0.965319)
43.38759, (7.462213, -0.688673, 5.352800), (0.086082, -0.241893, -0.008649, 0.966438)
43.40116, (7.397738, -0.678999, 5.285218), (0.083393, -0.239519, -0.002930, 0.967299)
43.41514, (7.332529, -0.671682, 5.216195), (0.081106, -0.235780, 0.001943, 0.968414)
43.42922, (7.267612, -0.667551, 5.153489), (0.080582, -0.234714, 0.005471, 0.968703)
43.44287, (7.202201, -0.658078, 5.085660), (0.082946, -0.233806, 0.008977, 0.968697)
43.45674, (7.139821, -0.650349, 5.016411), (0.081206, -0.230880, 0.013780, 0.969490)
43.47072, (7.078976, -0.631077, 4.951948), (0.081058, -0.228766, 0.016311, 0.969964)
43.48456, (7.026213, -0.621951, 4.890878), (0.073984, -0.228583, 0.018655, 0.970530)
43.49846, (6.964178, -0.609022, 4.828400), (0.071479, -0.228195, 0.024594, 0.970676)
43.51249, (6.907218, -0.598068, 4.763721), (0.068974, -0.228224, 0.029164, 0.970724)
43.52632, (6.846280, -0.585493, 4.698888), (0.067255, -0.226191, 0.033121, 0.971194)
43.54034, (6.797446, -0.565592, 4.645922), (0.065500, -0.227028, 0.037699, 0.970952)
43.55409, (6.745933, -0.551407, 4.590698), (0.062170, -0.226261, 0.042671, 0.971144)
43.568, (6.690811, -0.536392, 4.532757), (0.058660, -0.224672, 0.047670, 0.971498)
43.58189, (6.638726, -0.522196, 4.477285), (0.053334, -0.224346, 0.052834, 0.971614)
43.59585, (6.588264, -0.510411, 4.423473), (0.047531, -0.223807, 0.057146, 0.971795)
43.60977, (6.537333, -0.498153, 4.372909), (0.042641, -0.222338, 0.062017, 0.972060)
43.6237, (6.489966, -0.493128, 4.321827), (0.037831, -0.220144, 0.066174, 0.972485)
43.63758, (6.444232, -0.484530, 4.274539), (0.033376, -0.218687, 0.070537, 0.972670)
43.65142, (6.396537, -0.474370, 4.226192), (0.027977, -0.216032, 0.075348, 0.973073)
43.66557, (6.354556, -0.462452, 4.184003), (0.023306, -0.214374, 0.079224, 0.973254)
43.67929, (6.315063, -0.454853, 4.140887), (0.017324, -0.212923, 0.083530, 0.973338)
43.69311, (6.267754, -0.441259, 4.094772), (0.013228, -0.211008, 0.088794, 0.973353)
43.707, (6.228595, -0.442298, 4.062221), (0.006194, -0.210684, 0.092649, 0.973134)
43.72094, (6.183580, -0.431658, 4.024970), (0.002792, -0.210558, 0.096677, 0.972785)
43.73474, (6.144919, -0.427929, 3.990551), (-0.000941, -0.210958, 0.098385, 0.972531)
43.74859, (6.104887, -0.418675, 3.955339), (-0.004328, -0.210551, 0.101330, 0.972307)
43.7626, (6.070042, -0.414143, 3.928721), (-0.008457, -0.210576, 0.102874, 0.972113)
43.77636, (6.036411, -0.410714, 3.901744), (-0.012714, -0.210158, 0.105205, 0.971907)
43.79023, (6.006661, -0.410171, 3.878224), (-0.015789, -0.210139, 0.107123, 0.971657)
43.80415, (5.974405, -0.411285, 3.855529), (-0.018738, -0.210052, 0.108878, 0.971428)
43.81834, (5.942347, -0.408889, 3.834718), (-0.021190, -0.211261, 0.111380, 0.970832)
43.83191, (5.908718, -0.404344, 3.809930), (-0.022535, -0.211752, 0.113255, 0.970478)
43.84579, (5.887161, -0.398692, 3.791257), (-0.022578, -0.215105, 0.115150, 0.969516)
43.85983, (5.855345, -0.398831, 3.763545), (-0.025770, -0.214840, 0.117253, 0.969243)
43.87356, (5.842809, -0.399642, 3.750019), (-0.026863, -0.216138, 0.119185, 0.968689)
43.88744, (5.827470, -0.401353, 3.736624), (-0.028774, -0.216317, 0.118869, 0.968633)
43.90126, (5.809400, -0.399337, 3.719256), (-0.030644, -0.216178, 0.118484, 0.968653)
43.91517, (5.790021, -0.402154, 3.700545), (-0.033528, -0.215342, 0.118220, 0.968776)
43.92921, (5.774136, -0.407234, 3.684194), (-0.037378, -0.215275, 0.117710, 0.968713)
43.94326, (5.761950, -0.416565, 3.671895), (-0.040660, -0.213193, 0.117137, 0.969110)
43.95715, (5.750366, -0.420780, 3.665006), (-0.042042, -0.211617, 0.116649, 0.969455)
43.97097, (5.732008, -0.424187, 3.649968), (-0.044511, -0.210045, 0.117012, 0.969643)
43.98513, (5.719996, -0.428100, 3.647356), (-0.046564, -0.206068, 0.114347, 0.970718)
43.99895, (5.707096, -0.431069, 3.639210), (-0.048780, -0.203762, 0.114493, 0.971078)
44.01263, (5.697830, -0.432504, 3.632334), (-0.049643, -0.202010, 0.115315, 0.971303)
44.02633, (5.687132, -0.435436, 3.623762), (-0.051006, -0.200394, 0.117151, 0.971348)
44.04033, (5.677330, -0.435681, 3.615935), (-0.051309, -0.198739, 0.119063, 0.971439)
44.05428, (5.670264, -0.437175, 3.606924), (-0.052826, -0.196385, 0.121449, 0.971541)
44.06785, (5.662366, -0.435231, 3.599111), (-0.054840, -0.194601, 0.122484, 0.971659)
44.08173, (5.656522, -0.431576, 3.592330), (-0.056730, -0.192694, 0.123230, 0.971836)
44.09563, (5.660053, -0.424614, 3.583444), (-0.060299, -0.189385, 0.123646, 0.972219)
44.10954, (5.658561, -0.420923, 3.573977), (-0.062363, -0.186125, 0.124422, 0.972619)
44.12378, (5.659060, -0.419632, 3.565278), (-0.066067, -0.181707, 0.124888, 0.973150)
44.13739, (5.661461, -0.414050, 3.557523), (-0.069450, -0.177338, 0.124712, 0.973743)
44.15133, (5.665570, -0.407587, 3.550941), (-0.073714, -0.173482, 0.123321, 0.974301)
44.1654, (5.667676, -0.403519, 3.544990), (-0.077882, -0.169540, 0.123386, 0.974662)
44.17913, (5.671783, -0.400922, 3.538936), (-0.081260, -0.165160, 0.123789, 0.975087)
44.19318, (5.675392, -0.396084, 3.535625), (-0.083905, -0.160915, 0.125837, 0.975311)
44.20683, (5.683100, -0.390637, 3.530882), (-0.087065, -0.158265, 0.126506, 0.975381)
44.22065, (5.686632, -0.387523, 3.524179), (-0.090664, -0.155239, 0.127064, 0.975467)
44.23454, (5.694020, -0.381007, 3.523303), (-0.093405, -0.153114, 0.127902, 0.975435)
44.24847, (5.707693, -0.376394, 3.526788), (-0.094972, -0.149678, 0.128524, 0.975735)
44.26251, (5.719929, -0.370405, 3.525407), (-0.097283, -0.146397, 0.129834, 0.975831)
44.27633, (5.732011, -0.362164, 3.524613), (-0.099609, -0.143991, 0.130780, 0.975829)
44.29019, (5.743126, -0.354526, 3.525026), (-0.100402, -0.141411, 0.130368, 0.976180)
44.30394, (5.758032, -0.349982, 3.527726), (-0.101152, -0.138892, 0.129690, 0.976554)
44.3175, (5.774164, -0.342804, 3.531156), (-0.101111, -0.135817, 0.128374, 0.977165)
44.33144, (5.797529, -0.339348, 3.532608), (-0.102949, -0.132059, 0.125703, 0.977835)
44.34527, (5.822950, -0.328639, 3.536481), (-0.104362, -0.126488, 0.123290, 0.978728)
44.35919, (5.843951, -0.321136, 3.539732), (-0.106300, -0.121032, 0.121547, 0.979427)
44.3731, (5.873463, -0.308806, 3.548106), (-0.109769, -0.109633, 0.119242, 0.980670)
44.38702, (5.897541, -0.298365, 3.555115), (-0.112532, -0.101788, 0.117566, 0.981404)
44.40141, (5.924903, -0.277240, 3.565100), (-0.116016, -0.087669, 0.114460, 0.982728)
44.4151, (5.959036, -0.266359, 3.577204), (-0.123239, -0.075465, 0.112191, 0.983123)
44.4286, (5.989762, -0.256710, 3.584591), (-0.130136, -0.060601, 0.113343, 0.983131)
44.44246, (6.019608, -0.246081, 3.594116), (-0.133616, -0.045356, 0.118859, 0.982834)
44.45638, (6.047585, -0.234339, 3.604998), (-0.134197, -0.025618, 0.127460, 0.982389)
44.47029, (6.084665, -0.213213, 3.616514), (-0.136522, -0.009820, 0.130404, 0.981968)
44.48429, (6.115113, -0.196323, 3.625126), (-0.141129, 0.007553, 0.131732, 0.981159)
44.49813, (6.152445, -0.182740, 3.633135), (-0.148798, 0.024172, 0.132490, 0.979654)
44.51206, (6.186238, -0.172482, 3.640510), (-0.151928, 0.041726, 0.133683, 0.978420)
44.52604, (6.222650, -0.164149, 3.647221), (-0.152749, 0.056620, 0.136743, 0.977120)
44.53995, (6.257121, -0.153043, 3.656098), (-0.153122, 0.068922, 0.139056, 0.975944)
44.55431, (6.294172, -0.140504, 3.666075), (-0.155113, 0.080458, 0.140075, 0.974600)
44.56818, (6.329809, -0.124878, 3.676787), (-0.156574, 0.093722, 0.141882, 0.972919)
44.5822, (6.377450, -0.114887, 3.679300), (-0.158038, 0.105375, 0.144795, 0.971058)
44.59561, (6.411914, -0.100421, 3.689672), (-0.158496, 0.118246, 0.145661, 0.969371)
44.60965, (6.456632, -0.091140, 3.696377), (-0.159073, 0.126730, 0.145188, 0.968275)
44.62351, (6.494891, -0.089736, 3.702166), (-0.158593, 0.136210, 0.144948, 0.967102)
44.63751, (6.533813, -0.088577, 3.707083), (-0.157487, 0.146006, 0.145260, 0.965805)
44.65132, (6.577435, -0.089648, 3.714967), (-0.155423, 0.153633, 0.144800, 0.965025)
44.66525, (6.615469, -0.088466, 3.719982), (-0.153532, 0.161116, 0.144031, 0.964222)
44.67941, (6.654607, -0.085721, 3.724832), (-0.152105, 0.167904, 0.143435, 0.963379)
44.69326, (6.694341, -0.082974, 3.730805), (-0.150207, 0.171977, 0.142020, 0.963168)
44.70696, (6.731924, -0.084460, 3.736038), (-0.147643, 0.177409, 0.141280, 0.962688)
44.72095, (6.774733, -0.087228, 3.744380), (-0.144033, 0.180354, 0.141217, 0.962697)
44.73476, (6.814119, -0.086911, 3.752540), (-0.140080, 0.183562, 0.141050, 0.962698)
44.74867, (6.851526, -0.087917, 3.762205), (-0.136932, 0.185766, 0.139542, 0.962948)
44.76278, (6.890576, -0.085280, 3.771186), (-0.133212, 0.187921, 0.138535, 0.963197)
44.77662, (6.932569, -0.085731, 3.778459), (-0.129261, 0.187908, 0.137778, 0.963846)
44.79034, (6.975427, -0.088735, 3.787507), (-0.125469, 0.189402, 0.136876, 0.964183)
44.8043, (7.021614, -0.085497, 3.799784), (-0.120874, 0.189698, 0.135901, 0.964850)
44.81863, (7.064077, -0.083206, 3.810113), (-0.117789, 0.191901, 0.133377, 0.965148)
44.83261, (7.110161, -0.076499, 3.824036), (-0.115502, 0.191698, 0.128779, 0.966089)
44.84605, (7.156606, -0.076957, 3.835407), (-0.113092, 0.192974, 0.125617, 0.966536)
44.8605, (7.203300, -0.077538, 3.846111), (-0.110136, 0.195012, 0.124117, 0.966662)
44.87385, (7.251441, -0.071239, 3.860391), (-0.106422, 0.197064, 0.121836, 0.966952)
44.88777, (7.296792, -0.068321, 3.876550), (-0.104299, 0.199300, 0.119707, 0.966991)
44.90162, (7.341005, -0.057316, 3.892321), (-0.101030, 0.200345, 0.117716, 0.967367)
44.91555, (7.384949, -0.056129, 3.909404), (-0.099318, 0.201280, 0.115219, 0.967650)
44.92946, (7.431589, -0.053234, 3.924775), (-0.097092, 0.202206, 0.113368, 0.967902)
44.9435, (7.474173, -0.053060, 3.944510), (-0.094230, 0.202046, 0.110216, 0.968582)
44.95739, (7.515450, -0.054610, 3.965155), (-0.090879, 0.202231, 0.107854, 0.969129)
44.97121, (7.556199, -0.053664, 3.986854), (-0.088329, 0.201310, 0.106262, 0.969732)
44.98512, (7.596179, -0.052245, 4.012483), (-0.084687, 0.199063, 0.104966, 0.970662)
44.99896, (7.642463, -0.052871, 4.038270), (-0.081115, 0.196172, 0.103812, 0.971679)
45.01278, (7.683897, -0.055918, 4.067584), (-0.077142, 0.193678, 0.102831, 0.972607)
45.02678, (7.730132, -0.062393, 4.099435), (-0.072133, 0.189327, 0.101278, 0.974010)
45.04058, (7.773957, -0.070443, 4.133958), (-0.066320, 0.186145, 0.100229, 0.975144)
45.05467, (7.821152, -0.079235, 4.168989), (-0.061157, 0.182954, 0.099209, 0.976189)
45.06877, (7.871094, -0.087986, 4.207744), (-0.055757, 0.179973, 0.097281, 0.977260)
45.08245, (7.919851, -0.098534, 4.247571), (-0.049685, 0.177242, 0.094542, 0.978355)
45.09626, (7.969892, -0.109385, 4.286371), (-0.044070, 0.173749, 0.092709, 0.979425)
45.11018, (8.019768, -0.120738, 4.329910), (-0.036855, 0.171243, 0.088987, 0.980510)
45.12416, (8.073614, -0.134121, 4.372707), (-0.029301, 0.168425, 0.086291, 0.981493)
45.13816, (8.126880, -0.150368, 4.412609), (-0.022244, 0.165635, 0.084154, 0.982338)
45.15209, (8.177561, -0.163142, 4.453457), (-0.016009, 0.163267, 0.081449, 0.983084)
45.16621, (8.233560, -0.176362, 4.495072), (-0.008861, 0.159834, 0.078233, 0.983999)
45.17994, (8.287306, -0.191199, 4.537509), (-0.002880, 0.157217, 0.073928, 0.984789)
45.19386, (8.345457, -0.204474, 4.579604), (0.002149, 0.155491, 0.069610, 0.985379)
45.20777, (8.402981, -0.216796, 4.621094), (0.005891, 0.155238, 0.064937, 0.985723)
45.22174, (8.462205, -0.225765, 4.660348), (0.008829, 0.154622, 0.060405, 0.986086)
45.23546, (8.522676, -0.232819, 4.698586), (0.011007, 0.153915, 0.055677, 0.986453)
45.24949, (8.582088, -0.244259, 4.732734), (0.014167, 0.153107, 0.051584, 0.986761)
45.26338, (8.638848, -0.255730, 4.769775), (0.018348, 0.152293, 0.048163, 0.986991)
45.27729, (8.701810, -0.267160, 4.801576), (0.020796, 0.154215, 0.044566, 0.986813)
45.29118, (8.756830, -0.273026, 4.835094), (0.024101, 0.154782, 0.039378, 0.986869)
45.30516, (8.810110, -0.280464, 4.864421), (0.026208, 0.154561, 0.035556, 0.986995)
45.31924, (8.860462, -0.282056, 4.894860), (0.029067, 0.154718, 0.033629, 0.986958)
45.3328, (8.916891, -0.283183, 4.924454), (0.034138, 0.153923, 0.031471, 0.986991)
45.34683, (8.969633, -0.289275, 4.953085), (0.034071, 0.152451, 0.029395, 0.987286)
45.36063, (9.021101, -0.296065, 4.981243), (0.034944, 0.151176, 0.026703, 0.987528)
45.37458, (9.070523, -0.295750, 5.011057), (0.036533, 0.149566, 0.023676, 0.987793)
45.38844, (9.116683, -0.300806, 5.036767), (0.036704, 0.148740, 0.020896, 0.987974)
45.40249, (9.165085, -0.302241, 5.061895), (0.037864, 0.148223, 0.018233, 0.988061)
45.41682, (9.210593, -0.303018, 5.085170), (0.039060, 0.148891, 0.015914, 0.987954)
45.43045, (9.257754, -0.305847, 5.110829), (0.040260, 0.148487, 0.012779, 0.988012)
45.44435, (9.297997, -0.307237, 5.137258), (0.041378, 0.148985, 0.010500, 0.987918)
45.4583, (9.337906, -0.305944, 5.160841), (0.041568, 0.148944, 0.006851, 0.987948)
45.4721, (9.378199, -0.300379, 5.185285), (0.042228, 0.148402, 0.004334, 0.988016)
45.48601, (9.414886, -0.300882, 5.208438), (0.041808, 0.148586, 0.002093, 0.988013)
45.49982, (9.451756, -0.298095, 5.235050), (0.042412, 0.148952, -0.000542, 0.987934)
45.51334, (9.489118, -0.297643, 5.260214), (0.042777, 0.148068, -0.002296, 0.988049)
45.52731, (9.522635, -0.293255, 5.286863), (0.044072, 0.147256, -0.002268, 0.988114)
45.54119, (9.554693, -0.289810, 5.310383), (0.044616, 0.146330, -0.002960, 0.988225)
45.55515, (9.583699, -0.283964, 5.332510), (0.045775, 0.145174, -0.003436, 0.988341)
45.56893, (9.608544, -0.280041, 5.356322), (0.045781, 0.144061, -0.004253, 0.988500)
45.58284, (9.640423, -0.276945, 5.381200), (0.046377, 0.143106, -0.005937, 0.988602)
45.59681, (9.659889, -0.272882, 5.407572), (0.046317, 0.140653, -0.006609, 0.988953)
45.61068, (9.681769, -0.263646, 5.429821), (0.047157, 0.136486, -0.007750, 0.989489)
45.62454, (9.703363, -0.253937, 5.453417), (0.048038, 0.133436, -0.009138, 0.989850)
45.63844, (9.722980, -0.244190, 5.474460), (0.048142, 0.128452, -0.009332, 0.990503)
45.6524, (9.741040, -0.231228, 5.494637), (0.046997, 0.124570, -0.009749, 0.991049)
45.66643, (9.755634, -0.219923, 5.514251), (0.045595, 0.121976, -0.010669, 0.991428)
45.68044, (9.772568, -0.204544, 5.532011), (0.044553, 0.118506, -0.010785, 0.991895)
45.69404, (9.788140, -0.185396, 5.550726), (0.040645, 0.113931, -0.010050, 0.992606)
45.70787, (9.806690, -0.167568, 5.570723), (0.036253, 0.109115, -0.008543, 0.993331)
45.72175, (9.819178, -0.138252, 5.587364), (0.034778, 0.105036, -0.006176, 0.993841)
45.73564, (9.833289, -0.113521, 5.597539), (0.032787, 0.100789, -0.005250, 0.994354)
45.74959, (9.843313, -0.092003, 5.606847), (0.030219, 0.097947, -0.004258, 0.994724)
45.76334, (9.858910, -0.065330, 5.616676), (0.026098, 0.095682, -0.004101, 0.995061)
45.77728, (9.874221, -0.038981, 5.630683), (0.022139, 0.093310, -0.004730, 0.995380)
45.79151, (9.889879, -0.002346, 5.642616), (0.012800, 0.092458, -0.007992, 0.995602)
45.805, (9.905583, 0.022886, 5.651154), (0.005049, 0.090151, -0.008531, 0.995879)
45.8188, (9.921297, 0.045450, 5.657758), (-0.000243, 0.088299, -0.009565, 0.996048)
45.83272, (9.932908, 0.068125, 5.664548), (-0.003422, 0.087248, -0.008979, 0.996140)
45.84657, (9.946701, 0.087785, 5.670774), (-0.007075, 0.085429, -0.008276, 0.996285)
45.8606, (9.959907, 0.106781, 5.678082), (-0.009731, 0.084680, -0.008050, 0.996328)
45.87437, (9.973308, 0.126189, 5.687553), (-0.013308, 0.083695, -0.009061, 0.996361)
45.88826, (9.987320, 0.144783, 5.695340), (-0.018002, 0.082570, -0.010200, 0.996371)
45.90215, (9.997133, 0.165457, 5.703682), (-0.020852, 0.081589, -0.011338, 0.996383)
45.91606, (10.008750, 0.179967, 5.709131), (-0.024010, 0.080162, -0.012314, 0.996417)
45.9299, (10.021030, 0.187872, 5.716810), (-0.025450, 0.079553, -0.013835, 0.996410)
45.944, (10.035290, 0.195111, 5.725574), (-0.025343, 0.078536, -0.013456, 0.996498)
45.9578, (10.046460, 0.197985, 5.732126), (-0.025415, 0.077309, -0.013519, 0.996592)
45.97153, (10.056480, 0.205058, 5.740351), (-0.025283, 0.076372, -0.013395, 0.996669)
45.98544, (10.069320, 0.211675, 5.749266), (-0.026196, 0.075981, -0.013047, 0.996680)
45.9993, (10.085770, 0.218538, 5.757940), (-0.028660, 0.075722, -0.013310, 0.996628)
46.01318, (10.099530, 0.223583, 5.767186), (-0.030657, 0.075448, -0.014128, 0.996578)
46.02716, (10.113810, 0.225704, 5.773473), (-0.032645, 0.074487, -0.013905, 0.996591)
46.04102, (10.127440, 0.225202, 5.777410), (-0.031669, 0.074207, -0.013556, 0.996648)
46.05504, (10.143690, 0.223349, 5.778728), (-0.031290, 0.073727, -0.012760, 0.996706)
46.06913, (10.164400, 0.220857, 5.783505), (-0.030943, 0.075420, -0.010556, 0.996616)
46.08302, (10.184750, 0.223117, 5.788668), (-0.032665, 0.077476, -0.009823, 0.996411)
46.09687, (10.203790, 0.229646, 5.794585), (-0.033057, 0.080563, -0.011606, 0.996134)
46.11078, (10.223270, 0.229447, 5.796803), (-0.035121, 0.082473, -0.012723, 0.995893)
46.1245, (10.241560, 0.229700, 5.798293), (-0.036608, 0.084745, -0.014542, 0.995624)
46.13874, (10.269190, 0.226953, 5.802588), (-0.035625, 0.087912, -0.016133, 0.995360)
46.15242, (10.295570, 0.224242, 5.807968), (-0.033936, 0.091878, -0.016049, 0.995062)
46.16615, (10.319620, 0.223281, 5.811672), (-0.032399, 0.095504, -0.015101, 0.994787)
46.1799, (10.342180, 0.223321, 5.816061), (-0.032220, 0.098583, -0.014648, 0.994499)
46.19387, (10.368450, 0.222502, 5.824303), (-0.032180, 0.100767, -0.013943, 0.994292)
46.20788, (10.394510, 0.222298, 5.833886), (-0.032031, 0.103057, -0.014815, 0.994049)
46.22155, (10.422700, 0.214779, 5.844226), (-0.030576, 0.104661, -0.016349, 0.993903)
46.23524, (10.450480, 0.200694, 5.853487), (-0.027810, 0.106128, -0.017789, 0.993804)
46.24926, (10.478460, 0.183737, 5.863876), (-0.024116, 0.107438, -0.018784, 0.993742)
46.26303, (10.509040, 0.161490, 5.877476), (-0.017805, 0.107991, -0.020621, 0.993779)
46.27727, (10.539540, 0.146608, 5.894042), (-0.010865, 0.108713, -0.023804, 0.993729)
46.29124, (10.571720, 0.129693, 5.908185), (-0.004842, 0.108887, -0.027029, 0.993675)
46.30497, (10.599710, 0.108690, 5.922179), (0.000679, 0.110981, -0.031329, 0.993328)
46.3189, (10.633160, 0.083245, 5.939198), (0.006501, 0.112100, -0.035921, 0.993026)
46.3327, (10.660900, 0.057650, 5.957351), (0.012528, 0.114229, -0.039556, 0.992588)
46.34664, (10.692150, 0.028621, 5.979930), (0.019643, 0.114363, -0.042521, 0.992334)
46.36057, (10.721180, 0.000006, 6.002356), (0.027350, 0.114016, -0.045502, 0.992060)
46.37448, (10.745460, -0.029500, 6.027780), (0.035831, 0.113534, -0.049030, 0.991677)
46.38826, (10.768100, -0.054247, 6.054573), (0.044970, 0.113540, -0.053069, 0.991095)
46.40199, (10.790870, -0.080242, 6.079314), (0.054134, 0.113846, -0.057862, 0.990334)
46.41627, (10.809020, -0.111452, 6.104556), (0.061834, 0.112670, -0.061704, 0.989785)
46.42967, (10.822160, -0.141461, 6.130427), (0.069422, 0.113187, -0.064644, 0.989035)
46.44356, (10.833780, -0.172482, 6.158786), (0.076922, 0.111419, -0.065982, 0.988593)
46.45746, (10.842070, -0.199637, 6.192112), (0.083289, 0.109666, -0.067160, 0.988193)
46.47149, (10.845200, -0.220007, 6.223021), (0.089036, 0.108478, -0.068951, 0.987700)
46.48533, (10.852860, -0.245805, 6.250530), (0.093241, 0.107445, -0.070472, 0.987317)
46.49951, (10.858690, -0.262982, 6.281016), (0.097811, 0.106427, -0.071546, 0.986908)
46.51329, (10.862850, -0.284219, 6.309395), (0.100963, 0.106057, -0.072263, 0.986578)
46.52717, (10.866210, -0.307658, 6.337424), (0.103667, 0.105625, -0.073395, 0.986261)
46.54123, (10.867630, -0.320762, 6.369083), (0.107979, 0.105410, -0.073624, 0.985804)
46.55494, (10.867860, -0.339141, 6.397915), (0.111108, 0.105312, -0.074092, 0.985431)
46.56894, (10.868190, -0.348687, 6.428744), (0.115139, 0.104885, -0.074526, 0.984981)
46.5828, (10.866890, -0.358694, 6.460649), (0.118076, 0.104348, -0.074542, 0.984689)
46.59671, (10.864550, -0.370066, 6.491198), (0.120777, 0.103375, -0.074866, 0.984440)
46.61068, (10.860040, -0.376041, 6.526199), (0.123419, 0.101538, -0.074608, 0.984323)
46.62457, (10.854810, -0.386646, 6.559867), (0.124236, 0.099699, -0.075323, 0.984354)
46.6385, (10.847240, -0.395266, 6.593128), (0.125688, 0.098573, -0.075632, 0.984259)
46.65249, (10.839580, -0.403007, 6.626103), (0.127100, 0.096620, -0.075815, 0.984257)
46.66636, (10.828790, -0.406228, 6.657185), (0.128693, 0.093426, -0.076132, 0.984334)
46.68011, (10.820370, -0.414169, 6.691858), (0.131053, 0.090999, -0.076039, 0.984257)
46.69406, (10.811590, -0.423918, 6.726027), (0.133131, 0.088553, -0.076255, 0.984185)
46.70786, (10.801900, -0.433824, 6.761169), (0.134084, 0.085846, -0.075745, 0.984335)
46.72183, (10.790360, -0.442584, 6.798288), (0.135490, 0.083735, -0.076031, 0.984302)
46.73567, (10.780460, -0.449234, 6.835565), (0.137193, 0.081228, -0.076152, 0.984267)
46.74955, (10.768900, -0.459310, 6.871139), (0.138751, 0.079340, -0.076479, 0.984177)
46.76344, (10.759350, -0.469967, 6.906384), (0.140742, 0.077925, -0.076293, 0.984022)
46.77739, (10.749060, -0.480826, 6.943937), (0.143169, 0.077284, -0.076216, 0.983728)
46.7913, (10.739230, -0.492082, 6.980565), (0.144899, 0.076620, -0.075716, 0.983565)
46.8051, (10.727180, -0.500052, 7.018061), (0.146671, 0.076418, -0.075174, 0.983360)
46.81907, (10.715330, -0.508821, 7.056032), (0.147924, 0.075933, -0.074578, 0.983255)
46.83288, (10.705510, -0.516713, 7.094502), (0.149333, 0.075278, -0.074173, 0.983123)
46.84676, (10.694030, -0.526178, 7.132136), (0.150787, 0.074419, -0.072984, 0.983056)
46.86104, (10.681370, -0.537274, 7.164805), (0.152287, 0.073958, -0.071945, 0.982936)
46.87474, (10.668540, -0.546837, 7.196588), (0.154682, 0.073360, -0.070626, 0.982702)
46.8885, (10.657040, -0.554894, 7.229001), (0.156886, 0.072738, -0.069387, 0.982487)
46.9023, (10.645660, -0.562066, 7.261784), (0.158672, 0.072190, -0.068598, 0.982296)
46.91626, (10.635210, -0.568643, 7.291439), (0.159809, 0.071710, -0.068390, 0.982162)
46.93062, (10.624340, -0.574563, 7.319016), (0.160907, 0.070914, -0.067799, 0.982081)
46.94413, (10.612840, -0.580902, 7.344916), (0.162232, 0.070243, -0.067132, 0.981957)
46.95817, (10.599460, -0.589178, 7.367561), (0.163090, 0.069456, -0.066077, 0.981943)
46.97176, (10.586630, -0.593511, 7.392331), (0.164976, 0.068266, -0.065601, 0.981743)
46.98574, (10.575070, -0.595779, 7.413962), (0.165550, 0.066776, -0.065836, 0.981733)
46.99946, (10.563460, -0.599153, 7.436943), (0.165717, 0.065643, -0.065736, 0.981788)
47.01337, (10.553000, -0.602410, 7.456469), (0.165257, 0.064650, -0.066134, 0.981905)
47.02735, (10.540720, -0.607724, 7.475636), (0.164821, 0.063646, -0.066224, 0.982038)
47.04124, (10.528210, -0.611881, 7.495386), (0.164704, 0.063318, -0.066541, 0.982057)
47.05508, (10.516940, -0.613573, 7.512508), (0.164741, 0.063326, -0.067371, 0.981994)
47.06913, (10.505610, -0.612438, 7.528753), (0.164140, 0.064561, -0.069114, 0.981893)
47.08301, (10.495180, -0.609925, 7.546821), (0.163010, 0.065413, -0.071309, 0.981868)
47.09678, (10.484870, -0.607176, 7.560750), (0.159631, 0.067601, -0.075582, 0.981955)
47.11073, (10.473380, -0.610900, 7.572265), (0.156399, 0.069281, -0.078250, 0.982149)
47.12458, (10.460130, -0.616813, 7.580305), (0.154813, 0.070703, -0.079609, 0.982190)
47.13853, (10.448420, -0.619780, 7.588656), (0.155152, 0.071227, -0.079433, 0.982113)
47.15269, (10.436310, -0.622476, 7.597125), (0.155127, 0.071772, -0.079551, 0.982067)
47.16669, (10.421610, -0.620375, 7.599437), (0.156519, 0.071828, -0.077204, 0.982030)
47.18024, (10.404190, -0.617783, 7.602153), (0.156551, 0.072347, -0.075996, 0.982081)
47.19435, (10.387320, -0.613223, 7.604490), (0.156769, 0.073093, -0.075616, 0.982020)
47.2079, (10.369530, -0.606954, 7.606884), (0.155993, 0.074406, -0.075689, 0.982039)
47.22172, (10.351760, -0.600371, 7.607222), (0.153790, 0.074827, -0.076129, 0.982321)
47.23565, (10.331090, -0.593606, 7.605609), (0.151801, 0.076040, -0.075988, 0.982548)
47.24958, (10.311300, -0.586472, 7.599356), (0.149991, 0.076123, -0.074737, 0.982915)
47.26351, (10.288280, -0.576390, 7.587666), (0.149256, 0.076655, -0.072694, 0.983139)
47.27747, (10.266240, -0.568059, 7.577290), (0.147872, 0.077638, -0.069960, 0.983469)
47.29153, (10.243810, -0.555960, 7.563882), (0.145819, 0.078466, -0.067543, 0.983879)
47.30519, (10.218590, -0.542944, 7.552193), (0.143217, 0.079992, -0.065298, 0.984290)
47.3191, (10.191960, -0.530160, 7.536392), (0.140342, 0.081243, -0.063282, 0.984733)
47.33326, (10.168370, -0.517298, 7.518644), (0.137036, 0.082015, -0.060801, 0.985291)
47.34699, (10.144340, -0.503801, 7.498461), (0.134831, 0.082862, -0.057826, 0.985703)
47.36087, (10.116800, -0.489759, 7.476768), (0.132212, 0.084391, -0.055406, 0.986067)
47.37474, (10.088500, -0.475345, 7.449651), (0.128888, 0.085921, -0.054573, 0.986422)
47.38862, (10.056850, -0.460049, 7.423368), (0.125696, 0.087766, -0.053055, 0.986754)
47.40269, (10.027830, -0.444161, 7.396271), (0.122528, 0.089080, -0.052386, 0.987070)
47.41703, (9.996606, -0.427820, 7.369275), (0.119470, 0.090002, -0.050901, 0.987439)
47.43084, (9.963140, -0.405841, 7.339042), (0.115398, 0.089658, -0.050241, 0.987988)
47.44467, (9.929058, -0.386503, 7.311065), (0.111796, 0.090120, -0.047841, 0.988479)
47.45823, (9.885536, -0.361981, 7.274145), (0.107624, 0.088149, -0.046310, 0.989193)
47.47225, (9.840736, -0.341766, 7.237816), (0.103964, 0.087974, -0.043373, 0.989733)
47.4862, (9.794391, -0.320638, 7.200666), (0.100266, 0.087384, -0.040330, 0.990295)
47.5001, (9.746842, -0.295968, 7.160385), (0.095672, 0.085699, -0.036704, 0.991038)
47.51423, (9.702085, -0.270947, 7.124758), (0.091822, 0.084887, -0.033934, 0.991570)
47.52802, (9.639578, -0.249012, 7.078879), (0.084360, 0.083423, -0.029855, 0.992488)
47.54189, (9.581645, -0.225406, 7.039673), (0.078753, 0.082680, -0.025927, 0.993121)
47.55569, (9.521342, -0.202787, 6.998673), (0.072528, 0.080616, -0.021055, 0.993880)
47.56954, (9.458705, -0.181923, 6.956320), (0.067027, 0.078114, -0.016350, 0.994554)
47.58332, (9.394177, -0.164125, 6.915001), (0.060696, 0.075591, -0.011147, 0.995228)
47.59698, (9.327693, -0.145793, 6.873655), (0.055429, 0.074034, -0.007559, 0.995686)
47.61112, (9.263298, -0.130388, 6.833419), (0.049750, 0.070702, -0.003226, 0.996251)
47.62481, (9.202417, -0.110517, 6.791983), (0.044467, 0.068977, 0.000612, 0.996627)
47.63869, (9.118570, -0.110567, 6.756036), (0.037725, 0.063851, 0.003281, 0.997241)
47.65244, (9.052805, -0.094543, 6.715305), (0.032220, 0.061582, 0.006934, 0.997558)
47.66642, (8.970577, -0.089693, 6.677840), (0.027903, 0.056562, 0.009739, 0.997962)
47.68026, (8.896662, -0.080162, 6.642768), (0.025499, 0.049731, 0.013682, 0.998343)
47.69416, (8.819388, -0.080618, 6.609306), (0.022292, 0.041541, 0.015768, 0.998764)
47.70802, (8.737977, -0.078069, 6.577687), (0.019278, 0.034377, 0.016879, 0.999081)
47.72186, (8.651456, -0.081583, 6.542712), (0.017336, 0.026366, 0.018595, 0.999329)
47.73578, (8.568169, -0.087675, 6.509891), (0.016687, 0.016158, 0.020189, 0.999526)
47.7497, (8.485280, -0.094352, 6.479228), (0.017627, 0.004066, 0.022364, 0.999586)
47.76362, (8.401545, -0.105451, 6.448189), (0.019135, -0.011593, 0.024709, 0.999444)
47.77753, (8.308756, -0.112410, 6.418788), (0.020687, -0.029315, 0.027103, 0.998989)
47.79151, (8.220962, -0.119522, 6.389278), (0.022679, -0.047306, 0.029712, 0.998181)
47.80526, (8.132323, -0.133352, 6.359292), (0.025622, -0.067016, 0.032061, 0.996907)
47.81915, (8.048706, -0.147228, 6.329916), (0.029840, -0.088619, 0.033887, 0.995042)
47.83292, (7.961969, -0.164021, 6.296504), (0.035835, -0.112019, 0.036752, 0.992379)
47.84681, (7.876758, -0.169954, 6.264323), (0.039484, -0.129850, 0.039717, 0.989951)
47.86085, (7.800489, -0.180599, 6.230150), (0.043889, -0.150965, 0.041278, 0.986701)
47.87474, (7.733855, -0.196073, 6.199023), (0.047519, -0.171376, 0.042000, 0.983162)
47.88847, (7.662655, -0.212132, 6.168768), (0.049861, -0.188687, 0.042561, 0.979847)
47.90233, (7.600721, -0.221930, 6.137495), (0.053796, -0.204671, 0.041941, 0.976451)
47.9162, (7.533564, -0.231770, 6.105259), (0.056075, -0.220287, 0.042574, 0.972891)
47.93011, (7.469388, -0.239278, 6.073776), (0.058297, -0.235026, 0.043229, 0.969276)
47.94419, (7.418745, -0.248884, 6.047176), (0.059132, -0.247548, 0.042787, 0.966123)
47.95782, (7.368695, -0.259086, 6.022581), (0.059567, -0.259733, 0.044124, 0.962831)
47.97182, (7.320769, -0.264573, 5.997852), (0.061179, -0.269723, 0.045346, 0.959922)
47.98562, (7.274343, -0.272588, 5.973070), (0.062650, -0.280676, 0.045892, 0.956655)
47.99948, (7.232928, -0.278070, 5.947673), (0.063834, -0.291079, 0.044995, 0.953506)
48.01342, (7.193782, -0.286808, 5.924351), (0.065519, -0.300215, 0.043589, 0.950620)
48.02745, (7.153113, -0.292039, 5.901589), (0.068275, -0.310854, 0.043742, 0.946993)
48.04123, (7.131563, -0.294251, 5.876865), (0.072313, -0.317678, 0.045490, 0.944342)
48.05517, (7.097242, -0.301004, 5.854523), (0.074475, -0.328003, 0.046592, 0.940583)
48.06908, (7.065129, -0.305289, 5.833652), (0.077187, -0.337158, 0.047563, 0.937072)
48.08304, (7.060344, -0.299552, 5.817841), (0.079780, -0.345209, 0.048546, 0.933868)
48.09704, (7.042231, -0.295974, 5.802463), (0.082020, -0.353933, 0.047375, 0.930462)
48.11097, (7.025732, -0.294689, 5.785005), (0.083232, -0.361984, 0.046231, 0.927310)
48.1249, (7.017835, -0.287764, 5.766399), (0.085221, -0.368976, 0.044043, 0.924475)
48.1389, (7.010902, -0.284255, 5.746698), (0.085694, -0.374677, 0.041396, 0.922258)
48.15281, (7.011056, -0.282672, 5.734727), (0.086477, -0.380437, 0.038749, 0.919939)
48.16695, (7.005868, -0.277470, 5.719199), (0.088733, -0.385635, 0.037450, 0.917611)
48.18089, (7.009761, -0.280230, 5.700635), (0.090526, -0.391859, 0.037732, 0.914783)
48.19482, (7.010831, -0.277851, 5.680897), (0.093006, -0.398815, 0.038287, 0.911499)
48.20917, (7.019244, -0.273497, 5.655833), (0.094340, -0.405886, 0.037189, 0.908280)
48.22289, (7.029705, -0.263903, 5.634580), (0.095471, -0.412366, 0.035549, 0.905304)
48.23672, (7.039961, -0.256318, 5.614800), (0.097554, -0.416875, 0.033302, 0.903100)
48.25089, (7.057495, -0.249627, 5.593884), (0.098835, -0.421471, 0.030515, 0.900923)
48.26464, (7.077316, -0.242657, 5.569193), (0.100050, -0.426466, 0.028770, 0.898493)
48.27873, (7.105520, -0.238849, 5.543644), (0.102130, -0.431383, 0.028944, 0.895902)
48.29228, (7.134410, -0.233492, 5.519602), (0.103425, -0.436055, 0.030092, 0.893450)
48.30658, (7.163811, -0.224702, 5.500060), (0.104043, -0.440685, 0.030714, 0.891083)
48.3204, (7.193826, -0.214009, 5.480624), (0.103085, -0.443869, 0.029614, 0.889650)
48.33401, (7.224516, -0.201433, 5.457165), (0.102139, -0.446915, 0.028292, 0.888276)
48.34795, (7.259959, -0.192208, 5.432055), (0.100513, -0.449991, 0.026437, 0.886964)
48.36226, (7.298052, -0.180441, 5.407389), (0.100927, -0.452713, 0.025461, 0.885560)
48.37613, (7.337366, -0.174468, 5.380034), (0.099877, -0.455119, 0.025110, 0.884455)
48.39011, (7.382006, -0.167072, 5.356001), (0.099176, -0.457221, 0.025702, 0.883432)
48.40392, (7.426533, -0.158304, 5.330390), (0.099032, -0.459389, 0.026962, 0.882285)
48.41803, (7.471046, -0.153160, 5.302996), (0.097694, -0.461759, 0.027355, 0.881185)
48.43206, (7.512168, -0.144515, 5.276825), (0.097860, -0.463777, 0.027958, 0.880087)
48.44555, (7.554524, -0.135500, 5.253829), (0.097898, -0.466701, 0.027933, 0.878536)
48.45948, (7.605765, -0.116220, 5.222132), (0.098788, -0.468047, 0.027643, 0.877729)
48.47336, (7.657537, -0.105864, 5.190170), (0.098029, -0.470009, 0.025293, 0.876837)
48.48765, (7.713910, -0.095612, 5.157200), (0.097026, -0.472133, 0.022677, 0.875878)
48.50113, (7.777831, -0.084394, 5.117887), (0.095001, -0.472580, 0.021531, 0.875888)
48.5148, (7.836987, -0.073836, 5.085976), (0.093154, -0.474686, 0.021041, 0.874959)
48.52886, (7.893526, -0.061746, 5.047743), (0.090660, -0.476510, 0.021496, 0.874218)
48.54261, (7.952772, -0.049458, 5.009790), (0.087949, -0.479678, 0.020909, 0.872775)
48.55661, (8.007864, -0.037904, 4.972616), (0.085685, -0.482383, 0.020529, 0.871518)
48.57054, (8.068859, -0.031219, 4.934322), (0.082354, -0.484735, 0.019358, 0.870560)
48.58441, (8.125404, -0.020714, 4.898609), (0.079779, -0.486118, 0.018879, 0.870039)
48.59832, (8.183547, -0.012271, 4.861131), (0.075724, -0.487813, 0.018113, 0.869469)
48.61222, (8.242605, -0.005548, 4.825301), (0.071706, -0.490142, 0.016524, 0.868531)
48.62607, (8.297121, 0.001454, 4.789913), (0.069376, -0.491277, 0.015367, 0.868100)
48.64002, (8.350926, 0.005447, 4.755971), (0.065954, -0.492533, 0.015823, 0.867647)
48.65401, (8.403418, 0.003483, 4.723020), (0.062727, -0.493385, 0.015804, 0.867402)
48.66776, (8.454047, 0.001409, 4.688733), (0.059950, -0.495043, 0.017670, 0.866618)
48.68168, (8.503751, 0.002515, 4.652997), (0.059172, -0.496457, 0.020828, 0.865792)
48.69556, (8.549708, -0.001059, 4.622044), (0.058565, -0.497242, 0.023236, 0.865321)
48.70946, (8.596715, 0.001107, 4.593511), (0.057334, -0.497849, 0.023943, 0.865035)
48.72365, (8.638975, 0.004709, 4.564871), (0.055316, -0.497981, 0.023065, 0.865115)
48.73746, (8.681678, 0.005010, 4.534202), (0.053476, -0.497902, 0.022515, 0.865290)
48.75131, (8.721704, 0.005159, 4.508823), (0.054060, -0.497803, 0.023002, 0.865298)
48.76516, (8.761659, 0.002100, 4.483391), (0.054851, -0.497892, 0.025024, 0.865141)
48.77911, (8.801132, -0.001066, 4.457172), (0.055824, -0.497919, 0.028856, 0.864944)
48.79343, (8.839231, -0.002383, 4.432665), (0.056678, -0.498220, 0.032008, 0.864604)
48.80694, (8.869623, -0.001324, 4.409992), (0.057210, -0.497414, 0.034013, 0.864956)
48.82077, (8.899858, -0.003810, 4.388731), (0.057409, -0.496202, 0.035880, 0.865564)
48.83469, (8.929155, -0.005018, 4.369379), (0.057968, -0.494975, 0.037954, 0.866140)
48.84861, (8.954393, -0.003810, 4.351105), (0.058260, -0.493459, 0.040092, 0.866889)
48.86288, (8.982715, -0.004582, 4.333247), (0.056970, -0.492000, 0.041739, 0.867726)
48.87656, (9.004776, -0.004681, 4.317291), (0.056875, -0.489041, 0.044908, 0.869246)
48.89035, (9.030304, -0.008136, 4.304076), (0.055287, -0.485450, 0.047618, 0.871214)
48.90422, (9.055517, -0.009247, 4.292356), (0.053274, -0.481993, 0.048200, 0.873225)
48.91818, (9.073520, -0.007728, 4.279746), (0.052324, -0.478644, 0.048492, 0.875106)
48.93207, (9.092648, -0.010474, 4.269044), (0.052542, -0.476094, 0.050028, 0.876397)
48.94649, (9.109460, -0.017715, 4.260126), (0.053283, -0.473356, 0.052970, 0.877661)
48.9598, (9.129423, -0.020384, 4.254368), (0.054165, -0.471352, 0.056189, 0.878485)
48.97366, (9.148619, -0.022405, 4.251906), (0.052438, -0.468293, 0.058278, 0.880089)
48.98761, (9.166405, -0.018537, 4.247547), (0.051018, -0.463573, 0.059834, 0.882563)
49.00162, (9.181462, -0.020163, 4.236920), (0.047482, -0.459514, 0.065301, 0.884493)
49.01537, (9.199369, -0.021362, 4.241169), (0.050889, -0.458564, 0.063650, 0.884917)
49.0291, (9.214267, -0.029523, 4.238126), (0.049657, -0.458316, 0.062747, 0.885180)
49.04341, (9.231701, -0.036427, 4.240281), (0.051485, -0.456944, 0.064071, 0.885690)
49.05703, (9.256318, -0.046154, 4.254992), (0.052130, -0.455190, 0.066826, 0.886351)
49.07108, (9.270946, -0.041580, 4.258581), (0.054512, -0.452962, 0.067714, 0.887282)
49.08461, (9.286858, -0.043719, 4.265294), (0.053590, -0.450523, 0.067197, 0.888618)
49.09837, (9.300825, -0.045662, 4.276600), (0.055375, -0.448333, 0.064984, 0.889780)
49.1124, (9.314979, -0.051101, 4.288204), (0.058218, -0.445675, 0.063417, 0.891046)
49.12617, (9.329752, -0.048153, 4.301548), (0.060971, -0.441687, 0.061640, 0.892970)
49.1401, (9.355787, -0.057974, 4.317739), (0.059015, -0.438135, 0.060223, 0.894946)
49.15394, (9.379372, -0.063906, 4.343497), (0.060299, -0.432826, 0.059581, 0.897483)
49.16806, (9.405131, -0.072331, 4.374405), (0.063408, -0.427124, 0.060904, 0.899909)
49.18163, (9.427100, -0.079554, 4.396924), (0.065597, -0.421783, 0.058929, 0.902399)
49.19553, (9.447268, -0.088801, 4.424444), (0.070097, -0.414297, 0.057715, 0.905601)
49.20947, (9.463978, -0.095688, 4.452531), (0.073923, -0.406480, 0.055714, 0.908958)
49.22335, (9.492988, -0.104559, 4.478406), (0.075802, -0.401755, 0.052870, 0.911072)
49.23743, (9.514326, -0.113450, 4.503521), (0.079734, -0.396430, 0.050011, 0.913228)
49.25096, (9.532685, -0.124706, 4.531497), (0.084125, -0.391347, 0.047673, 0.915149)
49.2648, (9.549406, -0.136808, 4.561028), (0.089595, -0.386405, 0.047894, 0.916717)
49.27897, (9.569995, -0.154570, 4.592890), (0.093572, -0.380108, 0.046741, 0.919009)
49.29306, (9.586901, -0.164228, 4.618914), (0.098017, -0.375491, 0.048753, 0.920338)
49.3067, (9.605144, -0.175493, 4.636071), (0.107060, -0.369181, 0.050045, 0.921813)
49.32083, (9.623465, -0.190072, 4.656877), (0.114260, -0.365633, 0.051224, 0.922298)
49.33442, (9.636677, -0.209241, 4.683741), (0.120520, -0.360799, 0.051523, 0.923388)
49.34812, (9.650538, -0.219276, 4.710167), (0.126019, -0.359230, 0.054975, 0.923066)
49.36197, (9.661483, -0.236970, 4.732979), (0.126298, -0.356673, 0.054579, 0.924042)
49.37601, (9.665586, -0.235009, 4.756505), (0.126540, -0.355711, 0.050161, 0.924630)
49.38961, (9.675261, -0.254669, 4.789844), (0.132195, -0.351935, 0.055557, 0.924976)
49.40355, (9.685725, -0.274557, 4.822716), (0.141007, -0.344903, 0.060589, 0.926007)
49.41761, (9.704068, -0.303239, 4.838744), (0.140061, -0.337472, 0.064063, 0.928650)
49.43146, (9.715989, -0.289676, 4.881229), (0.147928, -0.335213, 0.061661, 0.928412)
49.44517, (9.733376, -0.287914, 4.905902), (0.149367, -0.333810, 0.051367, 0.929313)
49.4591, (9.742311, -0.298756, 4.930425), (0.150878, -0.330936, 0.044555, 0.930447)
49.47298, (9.744614, -0.303220, 4.947425), (0.150888, -0.327053, 0.041073, 0.931978)
49.48685, (9.759502, -0.319955, 4.956629), (0.149630, -0.324341, 0.039302, 0.933204)
49.50086, (9.768598, -0.319033, 4.984678), (0.155086, -0.322611, 0.039659, 0.932898)
49.51462, (9.782507, -0.323679, 5.006058), (0.159427, -0.327326, 0.047993, 0.930127)
49.52894, (9.786335, -0.330644, 5.030096), (0.164554, -0.328448, 0.054459, 0.928482)
49.54243, (9.792477, -0.330416, 5.056495), (0.168086, -0.329276, 0.058477, 0.927311)
49.55629, (9.794657, -0.321394, 5.080572), (0.171657, -0.329520, 0.057189, 0.926650)
49.57022, (9.795024, -0.325537, 5.114095), (0.174417, -0.328432, 0.056924, 0.926537)
49.58427, (9.793029, -0.318449, 5.135257), (0.172965, -0.329700, 0.052692, 0.926609)
49.59812, (9.782246, -0.318325, 5.157248), (0.175229, -0.327528, 0.049791, 0.927115)
49.61213, (9.773352, -0.307525, 5.181536), (0.178143, -0.329080, 0.044289, 0.926288)
49.62643, (9.764282, -0.299941, 5.195994), (0.180283, -0.329578, 0.039115, 0.925930)
49.64007, (9.755932, -0.289165, 5.216079), (0.178980, -0.330260, 0.034025, 0.926141)
49.65401, (9.753067, -0.265508, 5.222054), (0.176002, -0.332062, 0.026479, 0.926314)
49.66781, (9.764077, -0.247593, 5.221761), (0.174303, -0.337450, 0.020990, 0.924827)
49.68175, (9.767743, -0.237296, 5.220402), (0.172538, -0.339258, 0.017830, 0.924563)
49.69556, (9.772242, -0.248210, 5.211593), (0.173065, -0.343951, 0.023555, 0.922600)
49.70915, (9.758619, -0.388813, 5.223221), (0.180188, -0.330855, 0.071042, 0.923591)
49.72326, (9.796890, -0.459869, 5.252151), (0.173823, -0.331579, 0.088080, 0.923083)
49.73705, (9.848005, -0.357648, 5.263236), (0.160896, -0.343025, 0.074880, 0.922410)
49.75092, (9.863464, -0.365804, 5.274854), (0.158859, -0.344488, 0.079402, 0.921839)
49.76476, (9.804825, -0.206921, 5.272720), (0.202997, -0.357009, 0.019740, 0.911563)
49.77876, (9.764464, -0.289202, 5.294199), (0.195317, -0.351070, 0.012595, 0.915665)
49.79258, (9.747930, -0.319403, 5.303773), (0.176036, -0.343143, 0.018263, 0.922459)
49.80655, (9.758853, -0.322416, 5.294950), (0.175714, -0.344338, 0.021556, 0.922004)
49.82051, (9.791812, -0.315744, 5.276833), (0.181732, -0.355607, 0.033416, 0.916188)
49.83463, (9.802792, -0.315886, 5.279742), (0.187677, -0.364501, 0.039547, 0.911237)
49.84874, (9.801077, -0.320391, 5.282468), (0.190774, -0.368846, 0.042835, 0.908693)
49.86227, (9.795118, -0.317564, 5.284541), (0.192970, -0.370593, 0.041962, 0.907559)
49.87609, (9.790537, -0.313952, 5.283292), (0.193683, -0.371127, 0.036885, 0.907409)
49.88991, (9.794458, -0.316715, 5.286445), (0.197189, -0.371477, 0.032393, 0.906682)
49.90398, (9.793718, -0.316720, 5.283867), (0.193270, -0.370248, 0.030151, 0.908105)
49.91788, (9.798990, -0.322276, 5.280620), (0.190413, -0.373372, 0.027947, 0.907499)
49.93184, (9.803682, -0.319127, 5.274688), (0.195287, -0.374316, 0.023907, 0.906189)
49.94567, (9.817950, -0.309343, 5.258431), (0.194792, -0.377280, 0.021441, 0.905128)
49.95964, (9.825808, -0.306883, 5.252949), (0.194516, -0.378276, 0.019128, 0.904823)
49.97356, (9.836527, -0.307708, 5.251686), (0.194796, -0.377747, 0.017418, 0.905019)
49.98742, (9.844357, -0.308251, 5.250238), (0.195571, -0.376388, 0.015908, 0.905445)
50.00177, (9.852090, -0.299763, 5.247716), (0.197661, -0.375113, 0.014021, 0.905552)
50.01541, (9.861125, -0.294277, 5.246149), (0.197989, -0.372593, 0.010492, 0.906568)
50.02916, (9.872369, -0.289533, 5.251083), (0.194379, -0.368065, 0.007801, 0.909222)
50.04305, (9.880898, -0.289855, 5.261934), (0.192133, -0.362507, 0.005212, 0.911947)
50.05693, (9.897636, -0.283988, 5.258994), (0.183918, -0.356181, 0.002858, 0.916134)
50.0709, (9.918478, -0.249889, 5.258627), (0.180312, -0.349499, -0.002048, 0.919420)
50.08481, (9.931978, -0.216752, 5.259346), (0.178452, -0.338306, -0.008770, 0.923920)
50.09859, (9.950269, -0.207331, 5.265274), (0.169203, -0.327902, -0.017673, 0.929268)
50.11257, (9.961965, -0.199653, 5.271908), (0.156905, -0.315609, -0.025067, 0.935491)
50.12633, (9.978706, -0.190053, 5.269001), (0.146893, -0.303321, -0.033882, 0.940888)
50.1401, (9.997903, -0.173174, 5.257774), (0.140387, -0.293141, -0.042763, 0.944739)
50.15382, (10.010300, -0.149515, 5.252652), (0.134324, -0.282820, -0.051277, 0.948336)
50.16775, (10.024500, -0.128158, 5.243902), (0.127874, -0.270517, -0.060215, 0.952283)
50.18151, (10.037260, -0.112032, 5.229315), (0.120547, -0.259004, -0.066110, 0.956041)
50.1953, (10.050160, -0.098132, 5.216507), (0.117926, -0.251148, -0.067860, 0.958339)
50.20912, (10.058650, -0.087858, 5.206508), (0.118850, -0.245450, -0.066457, 0.959798)
50.22285, (10.070680, -0.078802, 5.196398), (0.116369, -0.241907, -0.066877, 0.960972)
50.2367, (10.083470, -0.065055, 5.187120), (0.112195, -0.233911, -0.070735, 0.963169)
50.2505, (10.096250, -0.051309, 5.177840), (0.108009, -0.225892, -0.074586, 0.965269)
50.26446, (10.093700, -0.085580, 5.125556), (0.110728, -0.264633, -0.042281, 0.957038)
50.27829, (10.079150, -0.084538, 5.109792), (0.109753, -0.266267, -0.038178, 0.956869)
50.29213, (10.071930, -0.086474, 5.092175), (0.104787, -0.270156, -0.038778, 0.956312)
50.306, (10.058570, -0.085652, 5.082240), (0.103922, -0.271287, -0.041023, 0.955992)
50.31998, (10.053290, -0.089626, 5.074466), (0.101368, -0.271413, -0.041650, 0.956204)
50.33415, (10.054370, -0.088148, 5.069014), (0.102645, -0.271491, -0.040005, 0.956115)
50.34793, (10.053890, -0.093126, 5.057855), (0.101100, -0.271592, -0.038878, 0.956298)
50.36184, (10.054840, -0.090002, 5.053317), (0.098444, -0.272772, -0.037324, 0.956301)
50.37566, (10.043080, -0.078753, 5.043705), (0.099359, -0.273507, -0.040735, 0.955857)
50.38967, (10.037670, -0.075624, 5.034249), (0.096695, -0.276189, -0.044758, 0.955179)
50.40348, (10.028980, -0.083344, 5.024080), (0.090393, -0.279611, -0.048790, 0.954603)
50.41721, (10.016780, -0.083528, 5.014796), (0.086710, -0.281836, -0.050400, 0.954206)
50.43106, (10.002930, -0.081769, 5.006861), (0.086187, -0.285520, -0.053339, 0.952998)
50.44475, (9.970623, -0.081906, 4.995766), (0.088646, -0.287216, -0.054259, 0.952211)
50.45861, (9.945403, -0.084791, 4.994273), (0.093203, -0.289522, -0.053104, 0.951142)
50.47255, (9.922093, -0.089033, 4.983139), (0.098226, -0.298506, -0.046810, 0.948185)
50.48642, (9.905005, -0.090137, 4.974221), (0.098361, -0.301419, -0.046772, 0.947251)
50.50081, (9.870363, -0.098318, 4.951234), (0.102743, -0.314606, -0.041420, 0.942736)
50.5145, (9.849487, -0.101875, 4.926161), (0.102324, -0.319713, -0.040493, 0.941102)
50.52827, (9.828527, -0.104773, 4.911038), (0.102861, -0.324226, -0.039707, 0.939532)
50.54257, (9.804277, -0.099905, 4.888999), (0.102855, -0.328555, -0.039664, 0.938030)
50.55631, (9.762116, -0.103701, 4.875237), (0.098001, -0.326278, -0.036919, 0.939455)
50.57013, (9.736155, -0.111659, 4.855367), (0.098000, -0.328895, -0.034611, 0.938630)
50.58416, (9.702494, -0.123762, 4.826582), (0.098488, -0.332078, -0.028630, 0.937659)
50.59801, (9.668727, -0.129970, 4.800449), (0.100341, -0.335880, -0.022953, 0.936264)
50.61188, (9.642471, -0.148653, 4.777982), (0.093286, -0.341267, -0.016332, 0.935183)
50.62593, (9.593836, -0.127728, 4.755019), (0.104701, -0.339782, -0.013817, 0.934556)
50.63958, (9.576036, -0.160937, 4.755727), (0.097784, -0.347033, -0.016490, 0.932596)
50.65334, (9.528845, -0.132740, 4.726232), (0.105970, -0.344927, -0.012547, 0.932544)
50.66747, (9.490989, -0.140575, 4.685109), (0.108275, -0.345583, -0.007593, 0.932090)
50.68148, (9.456347, -0.134456, 4.667787), (0.114177, -0.347759, -0.003034, 0.930601)
50.69527, (9.417901, -0.132444, 4.653697), (0.117923, -0.347510, 0.001852, 0.930230)
50.70909, (9.382967, -0.145533, 4.636533), (0.113069, -0.345951, 0.004604, 0.931403)
50.72316, (9.344185, -0.141470, 4.617443), (0.110797, -0.343642, 0.007394, 0.932513)
50.7373, (9.306875, -0.144527, 4.596708), (0.110123, -0.343275, 0.010041, 0.932703)
50.75103, (9.255017, -0.140368, 4.572680), (0.109527, -0.338436, 0.015136, 0.934471)
50.76467, (9.211246, -0.152662, 4.552354), (0.107861, -0.339140, 0.017264, 0.934372)
50.77875, (9.138861, -0.147886, 4.540660), (0.107953, -0.335876, 0.022438, 0.935431)
50.79265, (9.094897, -0.157893, 4.525902), (0.105017, -0.337094, 0.020554, 0.935370)
50.80641, (9.046866, -0.145292, 4.505039), (0.108933, -0.338049, 0.022589, 0.934530)
50.82043, (8.985245, -0.164336, 4.485049), (0.104985, -0.337789, 0.027685, 0.934939)
50.83425, (8.921432, -0.167728, 4.465850), (0.104129, -0.338608, 0.033695, 0.934541)
50.84834, (8.859009, -0.182440, 4.444463), (0.096541, -0.344687, 0.037868, 0.932972)
50.86245, (8.780039, -0.205182, 4.430720), (0.092625, -0.350597, 0.048942, 0.930649)
50.87606, (8.724833, -0.204127, 4.395745), (0.097315, -0.357675, 0.055441, 0.927106)
50.8902, (8.660941, -0.211062, 4.377860), (0.101596, -0.362615, 0.058125, 0.924560)
50.90376, (8.602633, -0.237255, 4.357622), (0.100647, -0.363354, 0.061551, 0.924151)
50.91772, (8.548579, -0.257404, 4.324130), (0.099361, -0.366369, 0.065845, 0.922803)
50.93156, (8.487349, -0.270639, 4.290012), (0.103686, -0.370565, 0.072196, 0.920173)
50.94551, (8.427467, -0.294113, 4.269430), (0.109074, -0.377616, 0.080614, 0.915975)
50.95942, (8.376997, -0.316269, 4.253287), (0.109227, -0.383671, 0.087273, 0.912825)
50.97336, (8.326472, -0.331571, 4.227237), (0.105996, -0.388588, 0.094388, 0.910415)
50.9873, (8.271236, -0.340805, 4.207019), (0.107882, -0.392689, 0.101554, 0.907658)
51.00132, (8.213555, -0.352547, 4.199544), (0.107568, -0.394201, 0.107950, 0.906301)
51.01533, (8.161658, -0.368607, 4.191372), (0.103268, -0.397805, 0.112668, 0.904651)
51.02918, (8.109027, -0.373054, 4.183122), (0.104547, -0.403088, 0.118843, 0.901369)
51.04363, (8.044019, -0.381815, 4.163413), (0.110183, -0.404734, 0.124613, 0.899179)
51.05703, (7.981010, -0.390000, 4.152664), (0.115723, -0.406491, 0.128559, 0.897132)
51.07099, (7.923944, -0.391520, 4.146421), (0.120555, -0.407049, 0.127152, 0.896443)
51.08487, (7.866476, -0.398991, 4.138787), (0.123140, -0.407478, 0.122175, 0.896589)
51.09885, (7.803675, -0.402999, 4.128993), (0.126373, -0.407637, 0.118979, 0.896497)
51.11291, (7.743800, -0.409350, 4.122356), (0.129939, -0.406234, 0.115539, 0.897073)
51.12678, (7.698094, -0.416808, 4.122786), (0.131306, -0.407671, 0.113006, 0.896545)
51.14071, (7.645645, -0.420203, 4.123524), (0.132981, -0.408297, 0.111929, 0.896148)
51.15474, (7.596134, -0.426881, 4.128089), (0.132075, -0.410200, 0.111911, 0.895415)
51.16861, (7.546965, -0.437033, 4.131928), (0.131032, -0.412821, 0.114145, 0.894081)
51.18254, (7.505503, -0.447111, 4.127859), (0.130075, -0.415556, 0.117633, 0.892500)
51.19707, (7.469270, -0.449520, 4.121867), (0.132365, -0.418926, 0.122292, 0.889958)
51.21043, (7.432477, -0.446771, 4.118931), (0.133438, -0.420700, 0.124090, 0.888711)
51.22484, (7.398114, -0.438814, 4.125226), (0.131486, -0.421731, 0.122684, 0.888708)
51.23835, (7.355559, -0.429318, 4.128821), (0.130051, -0.421241, 0.120982, 0.889385)
51.25219, (7.316232, -0.420071, 4.135824), (0.126620, -0.419935, 0.117546, 0.890957)
51.26611, (7.287328, -0.414366, 4.139678), (0.122978, -0.419621, 0.112625, 0.892250)
51.28001, (7.264424, -0.408713, 4.142697), (0.119467, -0.420523, 0.108356, 0.892831)
51.2939, (7.248341, -0.400330, 4.148389), (0.117160, -0.421197, 0.104752, 0.893249)
51.3079, (7.226222, -0.391707, 4.157100), (0.114597, -0.420090, 0.101329, 0.894497)
51.32177, (7.204750, -0.375350, 4.168896), (0.113643, -0.417643, 0.098435, 0.896086)
51.33559, (7.186399, -0.357490, 4.179993), (0.111608, -0.416843, 0.096026, 0.896975)
51.35012, (7.173662, -0.344805, 4.188677), (0.104994, -0.415197, 0.089190, 0.899240)
51.36345, (7.154624, -0.327112, 4.201407), (0.101559, -0.414544, 0.084265, 0.900410)
51.3773, (7.143078, -0.312781, 4.210874), (0.099295, -0.413989, 0.079902, 0.901315)
51.39162, (7.136555, -0.300230, 4.220334), (0.097952, -0.413777, 0.076197, 0.901880)
51.40442, (7.129319, -0.284936, 4.233498), (0.096884, -0.414075, 0.075076, 0.901953)
51.41816, (7.122120, -0.268437, 4.248404), (0.096543, -0.414422, 0.074914, 0.901844)
51.43233, (7.122930, -0.259897, 4.257869), (0.097224, -0.414682, 0.075073, 0.901638)
51.44582, (7.123285, -0.251284, 4.266585), (0.098026, -0.414530, 0.074297, 0.901685)
51.45966, (7.129637, -0.244319, 4.279408), (0.101733, -0.414564, 0.073885, 0.901293)
51.47346, (7.133813, -0.235174, 4.293752), (0.104458, -0.414756, 0.073372, 0.900934)
51.48774, (7.141361, -0.224015, 4.307687), (0.107035, -0.414762, 0.073497, 0.900619)
51.50151, (7.154855, -0.212635, 4.322660), (0.107489, -0.415370, 0.073019, 0.900323)
51.51521, (7.168178, -0.202684, 4.337603), (0.108079, -0.415672, 0.072443, 0.900160)
51.5291, (7.192085, -0.194907, 4.350138), (0.109832, -0.416046, 0.072129, 0.899800)
51.54305, (7.214160, -0.186305, 4.362284), (0.111995, -0.416266, 0.071513, 0.899481)
51.55684, (7.238996, -0.182326, 4.371394), (0.114282, -0.416027, 0.069920, 0.899429)
51.57085, (7.267616, -0.178492, 4.379886), (0.116872, -0.416185, 0.068526, 0.899130)
51.58472, (7.294503, -0.173793, 4.386906), (0.119798, -0.415510, 0.066431, 0.899215)
51.59855, (7.321508, -0.168684, 4.394389), (0.120760, -0.414924, 0.062700, 0.899624)
51.61253, (7.352783, -0.163143, 4.395501), (0.120998, -0.413472, 0.057469, 0.900610)
51.62976, (7.387581, -0.160044, 4.395373), (0.122194, -0.412467, 0.052325, 0.901223)
51.64341, (7.422187, -0.157647, 4.397387), (0.123968, -0.411551, 0.048622, 0.901606)
51.65735, (7.452408, -0.154858, 4.396760), (0.126196, -0.409208, 0.045313, 0.902535)
51.67133, (7.496698, -0.158998, 4.387851), (0.124838, -0.411041, 0.042859, 0.902011)
51.69307, (7.531759, -0.156150, 4.377782), (0.124582, -0.410688, 0.041553, 0.902268)
51.69851, (7.568973, -0.152726, 4.375579), (0.124467, -0.410160, 0.038893, 0.902643)
51.71148, (7.608685, -0.147594, 4.370788), (0.123904, -0.409552, 0.036895, 0.903080)
51.72564, (7.649899, -0.143899, 4.365009), (0.122629, -0.408490, 0.035608, 0.903787)
51.73944, (7.693603, -0.138865, 4.356187), (0.121305, -0.408823, 0.034767, 0.903847)
51.75303, (7.732485, -0.133874, 4.347528), (0.120524, -0.408477, 0.033449, 0.904158)
51.76656, (7.772393, -0.128607, 4.338378), (0.118657, -0.407901, 0.031969, 0.904719)
51.78039, (7.814638, -0.122629, 4.327130), (0.117407, -0.406534, 0.031182, 0.905524)
51.79383, (7.858651, -0.115856, 4.314968), (0.115788, -0.404731, 0.030597, 0.906559)
51.80751, (7.901413, -0.109386, 4.303598), (0.114012, -0.402656, 0.028834, 0.907765)
51.82119, (7.946362, -0.103922, 4.292463), (0.112508, -0.400357, 0.026139, 0.909051)
51.83488, (7.990469, -0.099560, 4.279845), (0.111934, -0.397617, 0.023827, 0.910387)
51.8483, (8.036381, -0.095619, 4.267625), (0.111253, -0.394908, 0.021678, 0.911702)
51.86216, (8.085506, -0.089848, 4.255536), (0.110634, -0.391735, 0.019468, 0.913195)
51.8759, (8.132610, -0.084891, 4.241669), (0.108322, -0.388526, 0.018000, 0.914872)
51.8897, (8.181760, -0.076244, 4.231304), (0.105854, -0.385004, 0.016035, 0.916684)
51.90357, (8.229867, -0.066994, 4.217728), (0.104115, -0.380997, 0.014476, 0.918582)
51.91781, (8.280837, -0.063133, 4.201405), (0.101911, -0.377588, 0.012439, 0.920265)
51.93151, (8.331481, -0.058955, 4.183585), (0.100347, -0.374048, 0.009970, 0.921911)
51.94547, (8.381879, -0.054557, 4.164571), (0.099155, -0.370726, 0.007610, 0.923403)
51.9594, (8.430098, -0.048810, 4.145175), (0.097670, -0.367064, 0.004771, 0.925042)
51.97307, (8.476017, -0.042130, 4.124704), (0.096242, -0.363481, 0.002037, 0.926615)
51.98711, (8.518693, -0.037289, 4.100924), (0.093988, -0.359595, -0.000826, 0.928363)
52.0009, (8.562348, -0.035909, 4.081141), (0.091809, -0.356816, -0.004704, 0.929640)
52.01467, (8.603209, -0.033247, 4.057334), (0.090250, -0.353350, -0.006648, 0.931104)
52.02869, (8.646109, -0.031334, 4.034786), (0.089150, -0.350927, -0.007621, 0.932118)
52.04233, (8.686440, -0.027862, 4.009187), (0.089021, -0.348364, -0.007608, 0.933092)
52.05643, (8.726214, -0.027747, 3.986678), (0.088332, -0.346834, -0.008233, 0.933722)
52.07007, (8.766709, -0.028214, 3.963093), (0.086557, -0.344915, -0.009396, 0.934587)
52.08398, (8.797333, -0.024296, 3.937266), (0.085113, -0.344173, -0.010127, 0.934986)
52.09789, (8.832605, -0.028754, 3.912863), (0.083246, -0.343447, -0.012263, 0.935395)
52.11175, (8.868142, -0.032070, 3.889199), (0.082652, -0.342360, -0.013452, 0.935830)
52.12552, (8.905242, -0.033302, 3.865366), (0.081528, -0.340676, -0.014794, 0.936523)
52.13947, (8.936836, -0.038782, 3.839161), (0.081607, -0.338395, -0.016169, 0.937319)
52.15337, (8.967866, -0.044212, 3.813534), (0.082021, -0.336016, -0.018302, 0.938100)
52.16728, (8.999104, -0.047365, 3.785936), (0.081870, -0.333145, -0.020057, 0.939100)
52.18123, (9.024036, -0.054708, 3.757469), (0.083540, -0.330378, -0.022485, 0.939875)
52.19524, (9.049886, -0.059812, 3.731248), (0.083800, -0.326908, -0.026011, 0.940974)
52.20901, (9.076000, -0.063548, 3.705695), (0.083561, -0.323508, -0.028681, 0.942092)
52.22308, (9.099480, -0.069518, 3.679498), (0.082634, -0.319559, -0.032022, 0.943413)
52.23674, (9.121080, -0.076860, 3.648734), (0.081716, -0.315459, -0.034963, 0.944768)
52.25109, (9.143973, -0.085624, 3.616863), (0.080679, -0.311887, -0.038045, 0.945923)
52.2646, (9.163646, -0.089570, 3.588316), (0.080683, -0.308664, -0.040043, 0.946897)
52.27851, (9.181362, -0.096114, 3.562300), (0.078481, -0.304685, -0.041895, 0.948289)
52.29232, (9.195086, -0.095978, 3.527508), (0.079036, -0.302461, -0.043040, 0.948904)
52.30645, (9.210436, -0.100119, 3.499340), (0.078600, -0.300523, -0.043479, 0.949536)
52.32005, (9.221760, -0.101929, 3.472678), (0.076388, -0.298585, -0.045060, 0.950253)
52.33439, (9.231888, -0.100991, 3.447582), (0.074979, -0.296844, -0.045642, 0.950883)
52.3478, (9.244699, -0.104886, 3.418459), (0.072809, -0.295880, -0.046809, 0.951295)
52.36223, (9.251608, -0.107024, 3.393906), (0.072622, -0.295577, -0.046261, 0.951431)
52.3756, (9.259591, -0.107517, 3.370069), (0.072090, -0.295113, -0.045679, 0.951643)
52.38952, (9.264436, -0.102332, 3.350111), (0.072076, -0.294288, -0.045227, 0.951921)
52.40355, (9.271862, -0.099802, 3.327528), (0.070820, -0.292980, -0.045902, 0.952387)
52.41792, (9.270329, -0.090055, 3.316868), (0.069702, -0.292191, -0.047319, 0.952642)
52.4309, (9.277026, -0.088997, 3.295476), (0.068745, -0.290879, -0.048345, 0.953062)
52.44518, (9.274879, -0.087526, 3.285808), (0.068906, -0.289689, -0.049093, 0.953374)
52.45884, (9.276196, -0.087385, 3.273066), (0.068569, -0.287799, -0.049317, 0.953959)
52.4732, (9.277191, -0.086119, 3.260053), (0.068347, -0.285430, -0.048891, 0.954709)
52.48663, (9.277174, -0.084736, 3.250335), (0.068006, -0.283777, -0.048445, 0.955248)
52.50076, (9.273147, -0.086033, 3.244738), (0.067795, -0.281739, -0.048797, 0.955848)
52.51443, (9.270575, -0.086493, 3.236703), (0.067530, -0.280102, -0.048706, 0.956353)
52.5288, (9.268269, -0.089452, 3.232431), (0.067011, -0.278097, -0.048161, 0.957002)
52.54213, (9.267109, -0.087700, 3.231088), (0.067794, -0.275303, -0.046465, 0.957838)
52.55594, (9.264105, -0.087640, 3.232021), (0.067392, -0.272378, -0.044963, 0.958774)
52.5697, (9.259624, -0.087402, 3.233254), (0.067958, -0.268911, -0.043926, 0.959760)
52.58407, (9.251405, -0.091634, 3.240540), (0.067623, -0.266660, -0.044329, 0.960393)
52.59809, (9.242243, -0.094440, 3.246599), (0.068611, -0.265109, -0.044597, 0.960740)
52.61197, (9.233912, -0.098767, 3.254453), (0.070250, -0.263826, -0.044463, 0.960981)
52.62581, (9.225426, -0.102797, 3.269666), (0.072878, -0.262487, -0.042691, 0.961232)
52.63994, (9.215309, -0.112819, 3.291517), (0.073568, -0.258319, -0.040200, 0.962415)
52.65351, (9.206773, -0.117680, 3.307375), (0.074465, -0.255921, -0.037508, 0.963095)
52.66725, (9.199263, -0.121481, 3.326561), (0.075958, -0.254809, -0.033896, 0.963407)
52.68116, (9.185843, -0.118865, 3.354518), (0.082536, -0.253393, -0.031713, 0.963314)
52.69546, (9.168223, -0.168078, 3.382909), (0.070148, -0.253260, -0.022326, 0.964593)
52.70905, (9.160043, -0.149412, 3.416290), (0.087035, -0.253047, -0.018604, 0.963352)
52.72282, (9.147886, -0.171366, 3.443741), (0.090503, -0.251314, -0.015177, 0.963546)
52.73656, (9.130608, -0.183086, 3.468385), (0.093518, -0.248468, -0.011529, 0.964046)
52.7511, (9.118356, -0.193839, 3.493451), (0.096136, -0.246778, -0.008194, 0.964257)
52.76427, (9.110204, -0.205587, 3.532259), (0.104924, -0.235172, -0.006735, 0.966251)
52.77822, (9.102638, -0.242480, 3.572769), (0.106489, -0.231498, -0.004763, 0.966978)
52.79213, (9.088152, -0.229960, 3.606352), (0.113054, -0.231658, -0.000511, 0.966206)
52.8063, (9.064516, -0.239164, 3.638834), (0.117199, -0.227476, 0.000555, 0.966705)
52.81985, (9.053997, -0.244381, 3.666708), (0.118280, -0.225641, 0.001998, 0.967001)
52.83403, (9.021194, -0.237173, 3.676709), (0.123431, -0.215436, 0.005617, 0.968670)
52.84773, (9.039355, -0.253844, 3.720687), (0.121394, -0.223629, 0.005232, 0.967071)
52.8622, (9.025957, -0.255382, 3.752629), (0.127034, -0.226519, 0.002660, 0.965684)
52.87541, (9.012999, -0.260640, 3.777416), (0.129616, -0.227189, 0.001995, 0.965185)
52.88929, (9.010680, -0.265580, 3.793702), (0.131850, -0.230691, 0.003833, 0.964045)
52.90332, (9.004719, -0.258422, 3.815230), (0.136244, -0.232738, 0.003452, 0.962943)
52.91755, (9.003743, -0.271466, 3.838538), (0.137990, -0.232301, 0.006775, 0.962782)
52.93114, (9.003929, -0.265373, 3.854799), (0.134650, -0.234844, 0.004754, 0.962650)
52.94492, (8.988923, -0.270222, 3.869656), (0.134892, -0.235621, 0.003364, 0.962432)
52.95891, (8.978559, -0.267679, 3.878836), (0.135549, -0.238339, 0.001011, 0.961676)
52.97277, (8.975202, -0.264896, 3.891974), (0.136504, -0.242946, -0.001250, 0.960387)
52.98673, (8.968642, -0.270768, 3.911368), (0.137683, -0.247002, -0.000254, 0.959184)
53.00058, (8.965229, -0.279663, 3.927239), (0.138315, -0.249702, 0.002491, 0.958390)
53.01443, (8.959442, -0.277052, 3.942026), (0.140241, -0.252306, 0.003937, 0.957423)
53.02851, (8.958431, -0.277188, 3.958778), (0.141302, -0.254990, 0.004072, 0.956555)
53.04239, (8.954877, -0.278658, 3.981266), (0.142148, -0.257031, 0.004021, 0.955883)
53.05619, (8.948672, -0.278972, 4.008054), (0.141520, -0.257426, 0.003625, 0.955872)
53.07004, (8.951324, -0.282342, 4.030632), (0.138215, -0.257245, 0.001160, 0.956410)
53.08402, (8.961418, -0.284001, 4.051744), (0.138186, -0.256656, -0.000529, 0.956573)
53.09789, (8.970719, -0.291399, 4.073689), (0.141720, -0.252500, 0.001125, 0.957161)
53.11202, (8.981254, -0.296980, 4.094246), (0.145796, -0.249758, 0.002853, 0.957265)
53.12565, (8.989761, -0.306565, 4.118150), (0.148028, -0.245884, 0.004432, 0.957919)
53.13964, (8.999408, -0.316548, 4.139556), (0.148189, -0.243700, 0.003488, 0.958456)
53.15335, (9.004549, -0.325735, 4.160371), (0.148541, -0.241788, 0.002252, 0.958890)
53.1675, (9.009830, -0.333419, 4.180184), (0.150703, -0.239757, 0.000898, 0.959064)
53.18128, (9.014951, -0.346692, 4.196615), (0.151565, -0.238039, 0.000782, 0.959357)
53.19509, (9.015703, -0.361722, 4.206156), (0.153347, -0.235902, 0.001766, 0.959600)
53.2089, (9.017174, -0.373550, 4.216116), (0.156404, -0.234809, 0.004124, 0.959367)
53.22289, (9.021351, -0.385886, 4.220221), (0.162182, -0.234850, 0.007425, 0.958378)
53.23681, (9.018928, -0.403124, 4.225019), (0.167187, -0.233672, 0.011343, 0.957767)
53.2506, (9.009506, -0.420419, 4.237726), (0.170276, -0.232847, 0.016032, 0.957357)
53.26487, (8.997714, -0.445318, 4.250514), (0.172784, -0.232164, 0.019563, 0.957007)
53.27847, (8.988110, -0.470835, 4.255163), (0.176820, -0.230444, 0.021906, 0.956635)
53.29244, (8.979280, -0.501550, 4.250663), (0.182043, -0.228827, 0.027787, 0.955890)
53.30677, (8.973531, -0.529857, 4.252286), (0.187914, -0.227554, 0.031782, 0.954933)
53.32031, (8.972243, -0.548617, 4.255877), (0.190499, -0.228374, 0.035387, 0.954098)
53.3344, (8.960170, -0.576437, 4.274832), (0.199382, -0.225895, 0.032345, 0.952981)
53.34803, (8.948747, -0.597861, 4.289607), (0.204795, -0.224717, 0.034591, 0.952032)
53.36195, (8.949059, -0.621669, 4.302740), (0.208621, -0.226068, 0.035380, 0.950852)
53.37589, (8.950735, -0.630987, 4.321707), (0.214407, -0.228240, 0.035817, 0.949028)
53.38974, (8.945787, -0.643243, 4.343398), (0.220172, -0.229448, 0.036034, 0.947407)
53.40434, (8.939958, -0.659641, 4.360330), (0.224189, -0.230108, 0.037359, 0.946253)
53.41817, (8.945456, -0.669748, 4.388012), (0.225482, -0.233917, 0.035868, 0.945068)
53.43211, (8.942886, -0.676006, 4.418432), (0.229893, -0.235218, 0.035466, 0.943697)
53.44587, (8.946003, -0.695362, 4.439871), (0.230744, -0.233857, 0.037217, 0.943760)
53.45983, (8.957911, -0.700715, 4.451285), (0.234196, -0.235255, 0.034441, 0.942667)
53.47371, (8.952807, -0.705320, 4.466918), (0.238802, -0.233309, 0.034723, 0.941985)
53.48753, (8.955664, -0.716262, 4.493478), (0.238145, -0.233372, 0.031803, 0.942238)
53.50154, (8.948261, -0.719284, 4.523450), (0.235744, -0.232904, 0.030410, 0.943004)
53.51548, (8.941113, -0.728735, 4.545045), (0.234165, -0.234710, 0.030745, 0.942939)
53.52972, (8.931432, -0.734319, 4.567636), (0.238025, -0.237576, 0.033943, 0.941143)
53.54372, (8.933548, -0.741000, 4.581204), (0.240221, -0.241211, 0.038046, 0.939502)
53.55724, (8.929216, -0.749259, 4.597956), (0.245099, -0.243642, 0.042115, 0.937439)
53.57106, (8.925080, -0.763311, 4.611753), (0.250475, -0.247298, 0.049188, 0.934712)
53.58493, (8.909511, -0.774560, 4.625211), (0.248786, -0.251878, 0.052788, 0.933743)
53.59896, (8.894887, -0.782149, 4.640620), (0.248261, -0.254700, 0.051140, 0.933209)
53.61285, (8.873004, -0.780611, 4.658840), (0.249312, -0.256261, 0.049920, 0.932567)
53.62674, (8.863291, -0.781084, 4.686114), (0.253944, -0.259070, 0.049327, 0.930571)
53.64092, (8.846386, -0.780237, 4.707955), (0.257954, -0.257964, 0.047296, 0.929880)
53.65481, (8.836742, -0.790654, 4.736690), (0.258477, -0.255663, 0.050281, 0.930214)
53.66855, (8.826930, -0.793152, 4.763589), (0.257238, -0.252446, 0.054266, 0.931211)
53.68254, (8.809019, -0.795492, 4.795431), (0.256383, -0.247714, 0.053292, 0.932773)
53.69666, (8.800245, -0.801081, 4.824257), (0.256520, -0.244068, 0.051638, 0.933789)
53.71031, (8.795712, -0.812584, 4.851009), (0.258395, -0.240030, 0.052202, 0.934287)
53.72435, (8.788784, -0.811958, 4.882414), (0.259139, -0.239113, 0.050263, 0.934423)
53.73816, (8.771344, -0.818210, 4.906551), (0.256559, -0.238241, 0.049011, 0.935423)
53.75209, (8.762127, -0.823537, 4.934434), (0.260244, -0.238335, 0.048378, 0.934414)
53.7658, (8.751212, -0.829020, 4.960506), (0.263329, -0.238980, 0.049158, 0.933343)
53.7799, (8.748209, -0.833566, 4.978443), (0.265222, -0.243110, 0.048833, 0.931756)
53.79367, (8.738619, -0.839987, 4.997862), (0.266500, -0.243538, 0.049731, 0.931233)
53.8076, (8.737721, -0.840675, 5.007276), (0.268180, -0.246673, 0.052095, 0.929795)
53.82157, (8.730716, -0.838850, 5.016171), (0.272122, -0.247189, 0.054810, 0.928355)
53.83563, (8.722012, -0.836539, 5.024719), (0.276361, -0.246459, 0.056294, 0.927208)
53.85002, (8.716987, -0.834311, 5.031566), (0.275292, -0.245539, 0.057741, 0.927680)
53.86345, (8.716260, -0.834208, 5.046224), (0.275276, -0.245518, 0.058266, 0.927658)
53.87738, (8.712645, -0.831889, 5.064196), (0.275583, -0.242823, 0.057598, 0.928318)
53.89111, (8.705486, -0.828655, 5.081681), (0.277520, -0.240607, 0.057862, 0.928301)
53.90506, (8.698637, -0.824170, 5.094290), (0.276510, -0.238441, 0.057460, 0.929186)
53.91875, (8.695746, -0.815675, 5.104563), (0.274810, -0.237825, 0.053456, 0.930087)
53.9329, (8.690962, -0.793923, 5.112665), (0.274859, -0.236689, 0.051822, 0.930454)
53.94664, (8.697752, -0.768502, 5.114327), (0.273133, -0.237100, 0.048731, 0.931025)
53.96035, (8.706583, -0.736361, 5.107632), (0.268828, -0.236708, 0.046326, 0.932499)
53.97419, (8.714338, -0.709504, 5.107219), (0.266957, -0.236830, 0.043943, 0.933121)
53.98808, (8.725788, -0.689629, 5.100932), (0.261062, -0.238162, 0.042450, 0.934518)
54.00217, (8.741764, -0.669910, 5.095153), (0.255121, -0.240408, 0.041225, 0.935638)
54.01598, (8.754319, -0.641507, 5.077736), (0.246980, -0.240485, 0.037498, 0.937956)
54.02982, (8.761671, -0.593706, 5.059546), (0.241090, -0.239611, 0.031427, 0.939933)
54.0439, (8.771656, -0.562551, 5.041558), (0.236849, -0.236124, 0.025999, 0.942058)
54.05758, (8.781120, -0.539051, 5.033145), (0.231239, -0.231671, 0.023544, 0.944618)
54.07133, (8.804529, -0.518496, 5.018123), (0.219840, -0.230587, 0.020332, 0.947675)
54.08542, (8.825645, -0.482770, 4.989788), (0.211049, -0.230906, 0.016501, 0.949668)
54.09914, (8.837747, -0.450170, 4.957844), (0.205191, -0.230110, 0.014986, 0.951169)
54.11307, (8.849124, -0.406736, 4.924961), (0.199886, -0.230036, 0.015372, 0.952309)
54.12718, (8.865617, -0.374847, 4.894644), (0.193354, -0.229825, 0.013774, 0.953732)
54.14069, (8.883389, -0.323744, 4.864370), (0.180168, -0.236118, 0.008739, 0.954836)
54.1545, (8.898682, -0.286493, 4.837198), (0.172852, -0.236626, 0.006120, 0.956082)
54.1684, (8.885098, -0.241224, 4.793816), (0.163688, -0.231738, 0.000671, 0.958907)
54.18244, (8.910654, -0.213556, 4.763757), (0.154369, -0.234209, -0.006286, 0.959832)
54.19601, (8.919086, -0.174300, 4.726883), (0.144037, -0.236996, -0.005039, 0.960760)
54.20978, (8.947125, -0.154491, 4.667122), (0.140543, -0.242870, -0.000081, 0.959824)
54.22358, (8.975194, -0.151701, 4.629543), (0.131538, -0.241452, 0.000190, 0.961457)
54.23735, (8.995349, -0.119215, 4.598527), (0.126566, -0.240407, -0.003604, 0.962379)
54.25134, (9.015391, -0.082777, 4.566008), (0.117980, -0.236929, -0.010682, 0.964278)
54.26501, (9.034084, -0.051064, 4.528275), (0.104415, -0.234730, -0.026021, 0.966086)
54.27923, (9.053838, -0.021019, 4.491714), (0.095899, -0.234066, -0.030810, 0.966989)
54.29269, (9.058072, -0.002042, 4.459942), (0.093091, -0.229067, -0.040204, 0.968115)
54.30649, (9.075658, 0.025642, 4.423849), (0.085428, -0.227715, -0.045654, 0.968898)
54.32035, (9.091109, 0.011313, 4.369499), (0.089391, -0.233606, -0.030435, 0.967735)
54.33426, (9.097978, 0.024924, 4.330333), (0.090848, -0.240148, -0.022909, 0.966204)
54.34818, (9.105815, 0.035896, 4.298501), (0.089194, -0.244341, -0.021044, 0.965349)
54.36216, (9.122995, 0.049508, 4.266103), (0.089338, -0.247708, -0.021759, 0.964462)
54.37583, (9.134289, 0.056688, 4.228166), (0.086547, -0.249581, -0.023967, 0.964181)
54.38984, (9.140396, 0.062628, 4.189730), (0.081074, -0.250367, -0.026860, 0.964376)
54.40364, (9.143357, 0.075632, 4.151826), (0.079045, -0.248072, -0.026981, 0.965134)
54.41796, (9.156791, 0.063204, 4.122632), (0.074228, -0.246472, -0.023355, 0.966021)
54.43161, (9.179591, 0.056629, 4.093171), (0.074069, -0.244789, -0.016695, 0.966599)
54.44538, (9.198255, 0.072277, 4.064198), (0.074301, -0.247697, -0.017025, 0.965834)
54.45918, (9.200790, 0.081854, 4.043370), (0.074458, -0.249027, -0.019882, 0.965425)
54.47313, (9.200021, 0.093786, 4.023732), (0.068816, -0.251805, -0.026166, 0.964974)
54.48702, (9.193345, 0.107688, 4.000830), (0.063317, -0.252805, -0.031758, 0.964921)
54.50088, (9.186847, 0.113092, 3.967884), (0.060738, -0.253142, -0.035209, 0.964879)
54.51482, (9.192626, 0.119674, 3.939638), (0.059534, -0.255788, -0.034380, 0.964285)
54.52875, (9.201683, 0.115261, 3.911448), (0.062078, -0.260102, -0.025063, 0.963258)
54.54289, (9.205626, 0.118579, 3.891444), (0.063260, -0.262418, -0.020999, 0.962650)
54.55693, (9.210954, 0.116239, 3.873723), (0.064342, -0.264606, -0.017243, 0.962053)
54.57071, (9.213459, 0.118430, 3.853658), (0.065906, -0.266480, -0.016566, 0.961442)
54.58455, (9.206358, 0.119945, 3.835143), (0.064766, -0.266333, -0.018434, 0.961526)
54.59845, (9.206444, 0.116276, 3.819876), (0.067550, -0.265197, -0.015551, 0.961699)
54.61259, (9.212247, 0.115967, 3.802274), (0.067303, -0.263468, -0.013622, 0.962221)
54.62614, (9.227071, 0.119786, 3.787052), (0.066561, -0.266187, -0.014798, 0.961507)
54.64009, (9.235313, 0.128505, 3.767866), (0.069866, -0.268105, -0.016741, 0.960707)
54.6537, (9.241341, 0.131202, 3.748505), (0.070375, -0.269216, -0.016393, 0.960365)
54.66762, (9.235453, 0.134790, 3.755419), (0.075099, -0.266283, -0.023948, 0.960667)
54.68145, (9.235452, 0.130227, 3.752731), (0.073649, -0.265681, -0.026014, 0.960892)
54.69572, (9.226797, 0.119851, 3.743597), (0.068528, -0.263329, -0.025289, 0.961937)
54.70962, (9.228110, 0.112690, 3.725677), (0.068050, -0.263423, -0.025055, 0.961951)
54.72371, (9.229378, 0.112343, 3.712764), (0.069241, -0.264035, -0.024482, 0.961713)
54.7372, (9.229685, 0.115118, 3.699487), (0.069919, -0.264149, -0.024418, 0.961634)
54.75167, (9.235034, 0.117558, 3.686939), (0.068328, -0.267093, -0.025357, 0.960911)
54.7657, (9.238123, 0.117309, 3.673624), (0.067952, -0.269854, -0.026725, 0.960129)
54.77897, (9.225418, 0.108936, 3.678914), (0.073227, -0.272158, -0.027301, 0.959074)
54.79291, (9.217360, 0.094864, 3.679065), (0.072859, -0.273656, -0.025546, 0.958724)
54.80675, (9.202928, 0.055655, 3.706269), (0.073956, -0.274854, -0.015803, 0.958507)
54.82084, (9.199351, 0.046592, 3.703068), (0.074448, -0.275822, -0.014829, 0.958207)
54.83485, (9.197802, 0.037436, 3.721635), (0.077692, -0.272659, -0.015500, 0.958844)
54.84826, (9.203985, 0.038645, 3.742366), (0.074195, -0.273452, -0.031760, 0.958494)
54.86241, (9.172888, 0.043672, 3.764967), (0.074335, -0.275734, -0.058878, 0.956545)
54.87629, (9.164785, 0.034609, 3.769724), (0.073731, -0.276059, -0.064676, 0.956124)
54.88988, (9.067555, -0.050247, 3.832838), (0.069741, -0.271447, -0.048341, 0.958705)
54.9038, (9.045275, -0.069139, 3.848668), (0.069376, -0.271306, -0.050141, 0.958679)
54.9178, (9.022996, -0.088028, 3.864496), (0.069012, -0.271165, -0.051940, 0.958650)
54.93159, (9.000713, -0.106920, 3.880327), (0.068647, -0.271022, -0.053740, 0.958617)
54.94556, (8.930032, -0.153178, 3.879932), (0.067666, -0.278022, -0.024390, 0.957878)
54.95945, (8.885620, -0.103093, 3.980806), (0.101498, -0.279481, -0.002220, 0.954769)
54.97347, (8.861116, -0.083563, 4.071352), (0.108512, -0.277355, -0.009344, 0.954574)
54.98732, (8.795638, -0.099475, 4.120076), (0.098525, -0.274425, -0.015943, 0.956415)
55.00134, (8.769875, -0.122647, 4.104260), (0.104722, -0.272496, -0.001263, 0.956440)
55.01507, (8.754581, -0.127249, 4.113112), (0.107265, -0.276728, 0.000241, 0.954943)
55.02925, (8.742866, -0.128195, 4.126047), (0.108952, -0.281671, 0.001187, 0.953305)
55.04268, (8.754184, -0.124242, 4.164268), (0.117516, -0.286938, 0.001346, 0.950713)
55.0565, (8.741714, -0.179471, 4.219235), (0.105373, -0.293381, 0.007132, 0.950144)
55.07038, (8.738941, -0.135311, 4.199065), (0.110540, -0.295778, 0.004139, 0.948830)
55.08411, (8.750854, -0.160331, 4.213645), (0.106143, -0.302276, -0.002776, 0.947289)
55.0979, (8.745049, -0.149243, 4.236523), (0.113176, -0.306539, -0.007801, 0.945074)
55.11166, (8.729724, -0.144594, 4.256691), (0.122322, -0.308907, -0.010770, 0.943132)
55.12568, (8.707329, -0.159581, 4.268189), (0.129372, -0.309749, -0.012854, 0.941888)
55.13934, (8.680689, -0.183089, 4.273015), (0.127391, -0.310885, -0.007107, 0.941845)
55.15311, (8.657834, -0.200882, 4.278877), (0.120648, -0.307895, 0.000140, 0.943740)
55.16697, (8.625114, -0.172594, 4.289564), (0.123395, -0.301045, 0.009588, 0.945544)
55.1813, (8.599646, -0.180157, 4.284635), (0.126409, -0.289630, 0.005559, 0.948739)
55.19462, (8.588766, -0.160105, 4.304740), (0.131260, -0.295448, 0.002181, 0.946296)
55.20834, (8.574611, -0.157578, 4.315226), (0.134508, -0.292743, -0.010462, 0.946626)
55.22217, (8.566847, -0.150574, 4.335362), (0.138874, -0.291112, -0.020697, 0.946329)
55.23588, (8.555246, -0.152977, 4.342151), (0.135177, -0.285401, -0.025259, 0.948491)
55.24968, (8.533215, -0.148391, 4.354591), (0.127884, -0.278842, -0.024181, 0.951477)
55.2634, (8.502885, -0.127103, 4.370573), (0.130266, -0.275229, -0.014299, 0.952405)
55.27717, (8.524304, -0.113899, 4.398607), (0.123753, -0.284539, 0.002407, 0.950640)
55.29092, (8.533800, -0.095795, 4.417540), (0.126141, -0.290576, 0.012524, 0.948418)
55.30473, (8.531622, -0.083239, 4.434362), (0.132119, -0.296587, 0.021624, 0.945576)
55.31857, (8.522956, -0.085086, 4.443151), (0.134424, -0.298992, 0.029789, 0.944270)
55.33288, (8.514019, -0.070467, 4.458402), (0.137423, -0.299395, 0.036881, 0.943460)
55.34619, (8.503071, -0.059764, 4.472342), (0.145744, -0.298311, 0.044115, 0.942244)
55.35991, (8.493820, -0.065968, 4.490533), (0.149419, -0.294971, 0.046711, 0.942594)
55.37368, (8.486225, -0.085870, 4.517059), (0.147002, -0.289681, 0.046022, 0.944647)
55.38755, (8.473021, -0.100706, 4.533074), (0.141451, -0.285868, 0.047111, 0.946600)
55.40124, (8.463050, -0.104390, 4.551437), (0.141614, -0.284269, 0.050490, 0.946883)
55.41566, (8.458891, -0.112511, 4.573678), (0.133160, -0.281592, 0.042493, 0.949299)
55.42906, (8.454848, -0.110005, 4.605693), (0.127535, -0.275183, 0.029524, 0.952438)
55.443, (8.448668, -0.110607, 4.628213), (0.121577, -0.272389, 0.022907, 0.954200)
55.45652, (8.447182, -0.112135, 4.647774), (0.119520, -0.276309, 0.024900, 0.953283)
55.47008, (8.444989, -0.113726, 4.667996), (0.119550, -0.280394, 0.026736, 0.952036)
55.48433, (8.441870, -0.110574, 4.684903), (0.118166, -0.286068, 0.026984, 0.950512)
55.49758, (8.434412, -0.102770, 4.699866), (0.118194, -0.292188, 0.029371, 0.948575)
55.51135, (8.430684, -0.100845, 4.712605), (0.115566, -0.299353, 0.032105, 0.946574)
55.52512, (8.434101, -0.109091, 4.725224), (0.109596, -0.303366, 0.030783, 0.946050)
55.53893, (8.432586, -0.113099, 4.729619), (0.100806, -0.307192, 0.031357, 0.945774)
55.55277, (8.425188, -0.103530, 4.718970), (0.093914, -0.311663, 0.034597, 0.944907)
55.56649, (8.422555, -0.092001, 4.708409), (0.093380, -0.315219, 0.035480, 0.943747)
55.58046, (8.422529, -0.078449, 4.695564), (0.097198, -0.316012, 0.032637, 0.943199)
55.59409, (8.429003, -0.073104, 4.689342), (0.099386, -0.316106, 0.029207, 0.943052)
55.60793, (8.431379, -0.072038, 4.680183), (0.098460, -0.316126, 0.028085, 0.943176)
55.62206, (8.431497, -0.078030, 4.656751), (0.096645, -0.311282, 0.033837, 0.944785)
55.63616, (8.434828, -0.083628, 4.630600), (0.091558, -0.308631, 0.036756, 0.946051)
55.64965, (8.436886, -0.091500, 4.604946), (0.088518, -0.308349, 0.036880, 0.946428)
55.66326, (8.452354, -0.080187, 4.558048), (0.095410, -0.310252, 0.031683, 0.945324)
55.67689, (8.449409, -0.072274, 4.528767), (0.109530, -0.310438, 0.029777, 0.943793)
55.69072, (8.451326, -0.058737, 4.506907), (0.122512, -0.307277, 0.024769, 0.943376)
55.70491, (8.462201, -0.050542, 4.491055), (0.128703, -0.300343, 0.021185, 0.944871)
55.71855, (8.451574, -0.061775, 4.471028), (0.133374, -0.289871, 0.025905, 0.947373)
55.73255, (8.453309, -0.074112, 4.451924), (0.133360, -0.287966, 0.033103, 0.947732)
55.74633, (8.457850, -0.073279, 4.448779), (0.138993, -0.294032, 0.039406, 0.944814)
55.76028, (8.454101, -0.080659, 4.450749), (0.146772, -0.302723, 0.040454, 0.940840)
55.77425, (8.454062, -0.102650, 4.449887), (0.146230, -0.305141, 0.031904, 0.940472)
55.78864, (8.436792, -0.101194, 4.456117), (0.155363, -0.306029, 0.028889, 0.938815)
55.80225, (8.424634, -0.114243, 4.449297), (0.158122, -0.302503, 0.029796, 0.939469)
55.81602, (8.421137, -0.140806, 4.452211), (0.147509, -0.298139, 0.028175, 0.942635)
55.82981, (8.405085, -0.146588, 4.449183), (0.145882, -0.292361, 0.030350, 0.944628)
55.84371, (8.387889, -0.152979, 4.452218), (0.148817, -0.288784, 0.032646, 0.945194)
55.85784, (8.383239, -0.160822, 4.472058), (0.149866, -0.288554, 0.029418, 0.945205)
55.87168, (8.377531, -0.181482, 4.490688), (0.151519, -0.292209, 0.029452, 0.943816)
55.88551, (8.370386, -0.211813, 4.501127), (0.146257, -0.297298, 0.029120, 0.943067)
55.89943, (8.351442, -0.229470, 4.505515), (0.140829, -0.302980, 0.031466, 0.942008)
55.91341, (8.329820, -0.240822, 4.523237), (0.140645, -0.307456, 0.033429, 0.940517)
55.92722, (8.314178, -0.260004, 4.545197), (0.133318, -0.312276, 0.033994, 0.939976)
55.94186, (8.300937, -0.276324, 4.558407), (0.129266, -0.315592, 0.031532, 0.939520)
55.95545, (8.275040, -0.289729, 4.567460), (0.125803, -0.316788, 0.031430, 0.939591)
55.96922, (8.258237, -0.300218, 4.576871), (0.118249, -0.320341, 0.025562, 0.939545)
55.98296, (8.236428, -0.299053, 4.585774), (0.117869, -0.317992, 0.018509, 0.940556)
55.99692, (8.215981, -0.301608, 4.588998), (0.118360, -0.313659, 0.014371, 0.942021)
56.01084, (8.203941, -0.316014, 4.597240), (0.114335, -0.309430, 0.011802, 0.943950)
56.02469, (8.194445, -0.337261, 4.603810), (0.106087, -0.305138, 0.007885, 0.946348)
56.03858, (8.174527, -0.340072, 4.604259), (0.102569, -0.300592, 0.004537, 0.948211)
56.05218, (8.157753, -0.354945, 4.604178), (0.098595, -0.295212, -0.003988, 0.950323)
56.06608, (8.147552, -0.373888, 4.604912), (0.093012, -0.290660, -0.017681, 0.952131)
56.08038, (8.144890, -0.387913, 4.611633), (0.091864, -0.291048, -0.023766, 0.951991)
56.09378, (8.148620, -0.396334, 4.628890), (0.094334, -0.294320, -0.026693, 0.950665)
56.10779, (8.147644, -0.398362, 4.630846), (0.098625, -0.294353, -0.030264, 0.950113)
56.1217, (8.184523, -0.469310, 4.667016), (0.090993, -0.307881, -0.060717, 0.945115)
56.1355, (8.140352, -0.402120, 4.628052), (0.110539, -0.307349, -0.022186, 0.944895)
56.14935, (8.148176, -0.455618, 4.659911), (0.090631, -0.310153, -0.020204, 0.946141)
56.16333, (8.162160, -0.415278, 4.700442), (0.093384, -0.304695, -0.015127, 0.947740)
56.17717, (8.161275, -0.433331, 4.712519), (0.086957, -0.300900, -0.010368, 0.949626)
56.19131, (8.158713, -0.453707, 4.713985), (0.072605, -0.301224, -0.009761, 0.950735)
56.20503, (8.158047, -0.458076, 4.713452), (0.064986, -0.296801, -0.013105, 0.952636)
56.21889, (8.158024, -0.454969, 4.715142), (0.059504, -0.292715, -0.020358, 0.954129)
56.2332, (8.157853, -0.442152, 4.714181), (0.062814, -0.291664, -0.024798, 0.954134)
56.24663, (8.165236, -0.448222, 4.708873), (0.062830, -0.294667, -0.030765, 0.953036)
56.26051, (8.169875, -0.440819, 4.709280), (0.067342, -0.300085, -0.032432, 0.950980)
56.27432, (8.174783, -0.445833, 4.714150), (0.068056, -0.302267, -0.032582, 0.950232)
56.28819, (8.175344, -0.443869, 4.722224), (0.065746, -0.302016, -0.028052, 0.950619)
56.30219, (8.176971, -0.427957, 4.728767), (0.069951, -0.300111, -0.023600, 0.951043)
56.31597, (8.181742, -0.429149, 4.731185), (0.065744, -0.299256, -0.020268, 0.951689)
56.32986, (8.190159, -0.430117, 4.735122), (0.059494, -0.299689, -0.016473, 0.952038)
56.34378, (8.204383, -0.417302, 4.738912), (0.061444, -0.300026, -0.011883, 0.951876)
56.35764, (8.214718, -0.407538, 4.746420), (0.065820, -0.303690, -0.009581, 0.950446)
56.37161, (8.220937, -0.403969, 4.751848), (0.067186, -0.305920, -0.008234, 0.949648)
56.38577, (8.219781, -0.412828, 4.778518), (0.062977, -0.306141, -0.012961, 0.949812)
56.3994, (8.199525, -0.409766, 4.812321), (0.080633, -0.302294, 0.000281, 0.949798)
56.41317, (8.185663, -0.434375, 4.826414), (0.082974, -0.302718, 0.006615, 0.949439)
56.42732, (8.164359, -0.478768, 4.833409), (0.069338, -0.303657, 0.011860, 0.950181)
56.44126, (8.142172, -0.497072, 4.853048), (0.054445, -0.308197, 0.008707, 0.949724)
56.45482, (8.149876, -0.490948, 4.872350), (0.051765, -0.315773, -0.010356, 0.947365)
56.4687, (8.153240, -0.508378, 4.891781), (0.043815, -0.318111, -0.016380, 0.946899)
56.4826, (8.148603, -0.476774, 4.892400), (0.041077, -0.316381, -0.017354, 0.947583)
56.49685, (8.136610, -0.463074, 4.890459), (0.037244, -0.314051, -0.006504, 0.948653)
56.51042, (8.145748, -0.457257, 4.888862), (0.035100, -0.307653, -0.001168, 0.950850)
56.52434, (8.154852, -0.446863, 4.893670), (0.036838, -0.304296, 0.003102, 0.951860)
56.53814, (8.158537, -0.436821, 4.889513), (0.040507, -0.301651, 0.006724, 0.952534)
56.55219, (8.160296, -0.409594, 4.880269), (0.058156, -0.300933, 0.021621, 0.951625)
56.5659, (8.161013, -0.399367, 4.881543), (0.059840, -0.299687, 0.025756, 0.951811)
56.57986, (8.176800, -0.408841, 4.885670), (0.064853, -0.302784, 0.030019, 0.950376)
56.59377, (8.179097, -0.391101, 4.898184), (0.065695, -0.305824, 0.034757, 0.949183)
56.60775, (8.201162, -0.393474, 4.898389), (0.048756, -0.308321, 0.037779, 0.949281)
56.62158, (8.212477, -0.372609, 4.896865), (0.054424, -0.307871, 0.040924, 0.948988)
56.63545, (8.219915, -0.360490, 4.889516), (0.059071, -0.306721, 0.045269, 0.948886)
56.64955, (8.224024, -0.354688, 4.886923), (0.062826, -0.302446, 0.048035, 0.949880)
56.66362, (8.238825, -0.362294, 4.887811), (0.059668, -0.297163, 0.047049, 0.951798)
56.6775, (8.245279, -0.352868, 4.883095), (0.060191, -0.291357, 0.051198, 0.953345)
56.69171, (8.241474, -0.358443, 4.921158), (0.061372, -0.304446, 0.044395, 0.949513)
56.70508, (8.187382, -0.364338, 4.952432), (0.067360, -0.323807, 0.034886, 0.943077)
56.71897, (8.165709, -0.389589, 4.945946), (0.057935, -0.323203, 0.023851, 0.944253)
56.73289, (8.158864, -0.387012, 4.961580), (0.057222, -0.323651, 0.022210, 0.944184)
56.74662, (8.143286, -0.389178, 4.965093), (0.055003, -0.320498, 0.018510, 0.945470)
56.76071, (8.142401, -0.389568, 4.971742), (0.053211, -0.320171, 0.014943, 0.945746)
56.77445, (8.181951, -0.378797, 4.964389), (0.044788, -0.314049, 0.023045, 0.948070)
56.78818, (8.171810, -0.381850, 4.957146), (0.050437, -0.323159, 0.019756, 0.944793)
56.80224, (8.170911, -0.387855, 4.951128), (0.057420, -0.325373, 0.012648, 0.943756)
56.81614, (8.178697, -0.380129, 4.948748), (0.070568, -0.322200, 0.007807, 0.944006)
56.83037, (8.169167, -0.413843, 4.976079), (0.068301, -0.326581, 0.001821, 0.942696)
56.84409, (8.153699, -0.401368, 4.985826), (0.059065, -0.319924, 0.007260, 0.945572)
56.85843, (8.148154, -0.395248, 4.977413), (0.057382, -0.315047, 0.016276, 0.947200)
56.87188, (8.149611, -0.392363, 4.978148), (0.055608, -0.319742, 0.019260, 0.945675)
56.88581, (8.159435, -0.379843, 4.989106), (0.068401, -0.331220, 0.011819, 0.940997)
56.89961, (8.160006, -0.386905, 5.011442), (0.069786, -0.329296, 0.002521, 0.941641)
56.91359, (8.157433, -0.395988, 5.022825), (0.067252, -0.322088, 0.005592, 0.944302)
56.92743, (8.150882, -0.398618, 5.020948), (0.063855, -0.313444, 0.012462, 0.947375)
56.94131, (8.146589, -0.392280, 5.009715), (0.061407, -0.305161, 0.023088, 0.950038)
56.95558, (8.161991, -0.367522, 4.982729), (0.068499, -0.311822, 0.034930, 0.947024)
56.96923, (8.157111, -0.375266, 4.997019), (0.078373, -0.319457, 0.038258, 0.943579)
56.98298, (8.208065, -0.314486, 4.912895), (0.102513, -0.322432, 0.034360, 0.940398)
56.99661, (8.229855, -0.309629, 4.880451), (0.101535, -0.317968, 0.027662, 0.942243)
57.01048, (8.258866, -0.255777, 4.836937), (0.105111, -0.300691, 0.025785, 0.947561)
57.02448, (8.270710, -0.219543, 4.808627), (0.119822, -0.290125, 0.034362, 0.948836)
57.03848, (8.294224, -0.210601, 4.795304), (0.129506, -0.283115, 0.036032, 0.949619)
57.05238, (8.316937, -0.222065, 4.781971), (0.130486, -0.280303, 0.030460, 0.950514)
57.06627, (8.321906, -0.218180, 4.768787), (0.137908, -0.288383, 0.036801, 0.946817)
57.0803, (8.324314, -0.224764, 4.736515), (0.139292, -0.297916, 0.042187, 0.943432)
57.09422, (8.323058, -0.199881, 4.722966), (0.154421, -0.301234, 0.051238, 0.939568)
57.10805, (8.319038, -0.186153, 4.714638), (0.172547, -0.300844, 0.050691, 0.936563)
57.12196, (8.303398, -0.206060, 4.702434), (0.176068, -0.294896, 0.041620, 0.938245)
57.13587, (8.297792, -0.207858, 4.698091), (0.180368, -0.288601, 0.038483, 0.939519)
57.14983, (8.303500, -0.221286, 4.692351), (0.175813, -0.288993, 0.033848, 0.940440)
57.16393, (8.287962, -0.205579, 4.710847), (0.178880, -0.288141, 0.030686, 0.940231)
57.17769, (8.273023, -0.214620, 4.707131), (0.181867, -0.287898, 0.032434, 0.939674)
57.19164, (8.258177, -0.228093, 4.715368), (0.182332, -0.292179, 0.037597, 0.938069)
57.20557, (8.252054, -0.234432, 4.734484), (0.183958, -0.297791, 0.039233, 0.935917)
57.21949, (8.244795, -0.242269, 4.751135), (0.184903, -0.303602, 0.036950, 0.933955)
57.23352, (8.224104, -0.259974, 4.775487), (0.179354, -0.310908, 0.037195, 0.932623)
57.24748, (8.210125, -0.274346, 4.792691), (0.173160, -0.315557, 0.035603, 0.932294)
57.26133, (8.195536, -0.293593, 4.801678), (0.159307, -0.325615, 0.031499, 0.931453)
57.27514, (8.188469, -0.309873, 4.813436), (0.153681, -0.331198, 0.025918, 0.930601)
57.28906, (8.188452, -0.317938, 4.822698), (0.145855, -0.332931, 0.015716, 0.931470)
57.30299, (8.184596, -0.298874, 4.837592), (0.151521, -0.328475, 0.009043, 0.932236)
57.31703, (8.186613, -0.297709, 4.830616), (0.162204, -0.321988, 0.013528, 0.932647)
57.3311, (8.197771, -0.312871, 4.828311), (0.159415, -0.322562, 0.014186, 0.932920)
57.34468, (8.214128, -0.318034, 4.831660), (0.158470, -0.323989, 0.010170, 0.932639)
57.35851, (8.226870, -0.314331, 4.831095), (0.160086, -0.324645, 0.006255, 0.932169)
57.37288, (8.238881, -0.315207, 4.828015), (0.161176, -0.322507, 0.003455, 0.932738)
57.38634, (8.244317, -0.315551, 4.823381), (0.160531, -0.320399, 0.002338, 0.933579)
57.4002, (8.272045, -0.307050, 4.808812), (0.159091, -0.318502, 0.008944, 0.934434)
57.41458, (8.294402, -0.288765, 4.806600), (0.168615, -0.319212, 0.018124, 0.932386)
57.42804, (8.315862, -0.276878, 4.814856), (0.179125, -0.321699, 0.023518, 0.929447)
57.44179, (8.322178, -0.280112, 4.797421), (0.181993, -0.321512, 0.029146, 0.928794)
57.45557, (8.342291, -0.272641, 4.809320), (0.187278, -0.327510, 0.039187, 0.925272)
57.46953, (8.338822, -0.293993, 4.805913), (0.177849, -0.326125, 0.039652, 0.927599)
57.48354, (8.347053, -0.287575, 4.818373), (0.178385, -0.327453, 0.042839, 0.926886)
57.49741, (8.334909, -0.283537, 4.797336), (0.160115, -0.317760, 0.041079, 0.933651)
57.51159, (8.343128, -0.268198, 4.775309), (0.157637, -0.307793, 0.033189, 0.937717)
57.52582, (8.335909, -0.238086, 4.765597), (0.167185, -0.299652, 0.029210, 0.938832)
57.53962, (8.339157, -0.247941, 4.754533), (0.170741, -0.294661, 0.025393, 0.939882)
57.55334, (8.345194, -0.253489, 4.748728), (0.168847, -0.291493, 0.024395, 0.941237)
57.56697, (8.344922, -0.269718, 4.739587), (0.160281, -0.286439, 0.025787, 0.944244)
57.58072, (8.352298, -0.278878, 4.730059), (0.153090, -0.285664, 0.023816, 0.945723)
57.59461, (8.356144, -0.282092, 4.720006), (0.149046, -0.285236, 0.021685, 0.946549)
57.60844, (8.353110, -0.281589, 4.692930), (0.151720, -0.281900, 0.016695, 0.947225)
57.62226, (8.355930, -0.302031, 4.662462), (0.146277, -0.277168, 0.012071, 0.949545)
57.63614, (8.361300, -0.318295, 4.639444), (0.138052, -0.269648, 0.007082, 0.952986)
57.65003, (8.366517, -0.320168, 4.611463), (0.133733, -0.258458, 0.001343, 0.956720)
57.6639, (8.369249, -0.304751, 4.578113), (0.137447, -0.249326, -0.000168, 0.958616)
57.6778, (8.392263, -0.296130, 4.540494), (0.143676, -0.249002, -0.000900, 0.957786)
57.6916, (8.413836, -0.275687, 4.518410), (0.153330, -0.252038, 0.001477, 0.955492)
57.70549, (8.437911, -0.274537, 4.481582), (0.157166, -0.251477, 0.004463, 0.955007)
57.71948, (8.453133, -0.261247, 4.446186), (0.161716, -0.245495, 0.012974, 0.955726)
57.73368, (8.480685, -0.245782, 4.404139), (0.161102, -0.236565, 0.024024, 0.957865)
57.74731, (8.515888, -0.167462, 4.370592), (0.184034, -0.232057, 0.048469, 0.953904)
57.76138, (8.570846, -0.106013, 4.343252), (0.209770, -0.235291, 0.072964, 0.946209)
57.77499, (8.621487, -0.036362, 4.315030), (0.236343, -0.244808, 0.102958, 0.934672)
57.78875, (8.673059, 0.012012, 4.293431), (0.253808, -0.260669, 0.130837, 0.922234)
57.8027, (8.714731, 0.025465, 4.253903), (0.255861, -0.269596, 0.153258, 0.915623)
57.81721, (8.720858, 0.026958, 4.236208), (0.226392, -0.281518, 0.177222, 0.915471)
57.83081, (8.742169, 0.062900, 4.205105), (0.222395, -0.285014, 0.187888, 0.913239)
57.84462, (8.744176, 0.090472, 4.172342), (0.213116, -0.287065, 0.201830, 0.911833)
57.8588, (8.758451, 0.136765, 4.144415), (0.219462, -0.287243, 0.211062, 0.908175)
57.87267, (8.758101, 0.164276, 4.110467), (0.221390, -0.283670, 0.201017, 0.911104)
57.88643, (8.767041, 0.176747, 4.094681), (0.228647, -0.275819, 0.181935, 0.915721)
57.90038, (8.748752, 0.163914, 4.062846), (0.230855, -0.269381, 0.170520, 0.919273)
57.91433, (8.733651, 0.119555, 4.023933), (0.219055, -0.260227, 0.157973, 0.927007)
57.92826, (8.713338, 0.058007, 3.985955), (0.200203, -0.246388, 0.129984, 0.939317)
57.94209, (8.681290, 0.010319, 3.967364), (0.188915, -0.233278, 0.101324, 0.948486)
57.95602, (8.646138, -0.034950, 3.947308), (0.184956, -0.223091, 0.075051, 0.954143)
57.97002, (8.642927, -0.071030, 3.912894), (0.166332, -0.211622, 0.039679, 0.962276)
57.9838, (8.637506, -0.081780, 3.894254), (0.161852, -0.194730, 0.016426, 0.967272)
57.99756, (8.636215, -0.078973, 3.846457), (0.163228, -0.178640, 0.009003, 0.970239)
58.01154, (8.633929, -0.048642, 3.848415), (0.191629, -0.167524, 0.019817, 0.966862)
58.02528, (8.663170, -0.087992, 3.814103), (0.176261, -0.161818, 0.028301, 0.970539)
58.03913, (8.691963, -0.108488, 3.796406), (0.171643, -0.162238, 0.024486, 0.971400)
58.05331, (8.676979, -0.080892, 3.784938), (0.178732, -0.158906, 0.029216, 0.970541)
58.06707, (8.701602, -0.081326, 3.760193), (0.189624, -0.167451, 0.037520, 0.966745)
58.08087, (8.729568, -0.043292, 3.727445), (0.186225, -0.187752, 0.055912, 0.962779)
58.0947, (8.742360, -0.011168, 3.713404), (0.195199, -0.188502, 0.059397, 0.960644)
58.10866, (8.773903, -0.004559, 3.689644), (0.194726, -0.187366, 0.058306, 0.961029)
58.12263, (8.788616, 0.008289, 3.663347), (0.191588, -0.183297, 0.063176, 0.962136)
58.13646, (8.799236, 0.032598, 3.633318), (0.188566, -0.176102, 0.076701, 0.963093)
58.15044, (8.812491, 0.073721, 3.606544), (0.192857, -0.171404, 0.086225, 0.962285)
58.16423, (8.836017, 0.096948, 3.577538), (0.195243, -0.169678, 0.089111, 0.961847)
58.17795, (8.865571, 0.117323, 3.539153), (0.191662, -0.173573, 0.086508, 0.962109)
58.19183, (8.877003, 0.146141, 3.504683), (0.195648, -0.173361, 0.087775, 0.961230)
58.20559, (8.888119, 0.172044, 3.465364), (0.199955, -0.174606, 0.090950, 0.959822)
58.21964, (8.895122, 0.193228, 3.424260), (0.202783, -0.172095, 0.093939, 0.959395)
58.23344, (8.905590, 0.212405, 3.407290), (0.203896, -0.162053, 0.086966, 0.961562)
58.2473, (8.919514, 0.235438, 3.376313), (0.205272, -0.159518, 0.088180, 0.961583)
58.26128, (8.922966, 0.230503, 3.365670), (0.185047, -0.165087, 0.087273, 0.964825)
58.27523, (8.925082, 0.245018, 3.346860), (0.180168, -0.171325, 0.093892, 0.964039)
58.28915, (8.904456, 0.230308, 3.329401), (0.166098, -0.165773, 0.093166, 0.967601)
58.30306, (8.927438, 0.181967, 3.320458), (0.145895, -0.159744, 0.075403, 0.973402)
58.31692, (8.926889, 0.231925, 3.311216), (0.145951, -0.151848, 0.072949, 0.974843)
58.33082, (8.947112, 0.247096, 3.288053), (0.145618, -0.152662, 0.069471, 0.975020)
58.3446, (8.954071, 0.256765, 3.277788), (0.146189, -0.154827, 0.073246, 0.974316)
58.35858, (8.968663, 0.254567, 3.280868), (0.144954, -0.163851, 0.075607, 0.972844)
58.37241, (8.969447, 0.246428, 3.290987), (0.136644, -0.173930, 0.079954, 0.971949)
58.38623, (8.969921, 0.237777, 3.288078), (0.129508, -0.176693, 0.080620, 0.972372)
58.40016, (8.944809, 0.215825, 3.289155), (0.115402, -0.172561, 0.079082, 0.975013)
58.41409, (8.944485, 0.211577, 3.287036), (0.109141, -0.173297, 0.078988, 0.975611)
58.42794, (8.942823, 0.215762, 3.287381), (0.105135, -0.174032, 0.078170, 0.975986)
58.44156, (8.946905, 0.261663, 3.281891), (0.127118, -0.182174, 0.074640, 0.972154)
58.45535, (8.942550, 0.255737, 3.280705), (0.128425, -0.180019, 0.074589, 0.972387)
58.46931, (8.935749, 0.225594, 3.271477), (0.113058, -0.172185, 0.070294, 0.976027)
58.48321, (8.936004, 0.228165, 3.277759), (0.104460, -0.177476, 0.071561, 0.975945)
58.49707, (8.939425, 0.217958, 3.274416), (0.093608, -0.183679, 0.065900, 0.976297)
58.51091, (8.941670, 0.220171, 3.262838), (0.090351, -0.188061, 0.061060, 0.976085)
58.52506, (8.932124, 0.226458, 3.256165), (0.093272, -0.187263, 0.060322, 0.976009)
58.53875, (8.923313, 0.218444, 3.259943), (0.101463, -0.185011, 0.059904, 0.975647)
58.55251, (8.920227, 0.201483, 3.284111), (0.105806, -0.189210, 0.057153, 0.974545)
58.56646, (8.919676, 0.162216, 3.298135), (0.101226, -0.194592, 0.046358, 0.974545)
58.58031, (8.930348, 0.143445, 3.285968), (0.100967, -0.196420, 0.037709, 0.974578)
58.59422, (8.939367, 0.121888, 3.267658), (0.101891, -0.197517, 0.030488, 0.974513)
58.60819, (8.931858, 0.130717, 3.249009), (0.114480, -0.194485, 0.024620, 0.973891)
58.62209, (8.945511, 0.087476, 3.222822), (0.116180, -0.190404, 0.024794, 0.974492)
58.636, (8.962248, 0.083305, 3.241236), (0.123694, -0.197046, 0.019590, 0.972363)
58.64989, (8.969333, 0.063901, 3.231625), (0.124539, -0.203070, 0.016432, 0.971073)
58.66377, (8.974918, 0.046785, 3.240064), (0.116805, -0.207336, 0.013305, 0.971181)
58.67771, (8.978234, 0.056767, 3.243412), (0.112552, -0.208721, 0.016490, 0.971337)
58.69166, (8.979868, 0.085856, 3.249188), (0.113974, -0.210589, 0.023778, 0.970617)
58.70553, (8.982753, 0.109363, 3.263639), (0.113399, -0.211155, 0.031890, 0.970328)
58.71938, (8.977069, 0.111601, 3.281057), (0.108329, -0.208644, 0.032894, 0.971417)
58.73331, (8.986883, 0.100455, 3.280910), (0.097834, -0.209632, 0.034358, 0.972267)
58.7472, (8.991231, 0.084707, 3.262734), (0.094015, -0.214814, 0.032002, 0.971593)
58.76116, (8.991573, 0.069739, 3.248842), (0.093508, -0.219270, 0.027426, 0.970786)
58.77541, (8.991278, 0.062790, 3.249846), (0.091129, -0.218569, 0.021352, 0.971322)
58.78927, (9.006304, 0.050074, 3.259994), (0.085404, -0.215289, 0.004909, 0.972796)
58.80295, (9.010945, 0.047233, 3.254258), (0.087065, -0.209880, 0.000456, 0.973843)
58.81689, (9.030947, 0.026873, 3.217255), (0.087342, -0.204598, 0.001537, 0.974940)
58.83084, (9.049447, 0.038061, 3.194591), (0.098057, -0.205553, 0.007772, 0.973690)
58.84474, (9.057841, 0.051420, 3.179805), (0.107414, -0.208642, 0.010595, 0.972018)
58.85866, (9.057445, 0.051951, 3.176257), (0.114170, -0.210753, 0.010676, 0.970791)
58.87243, (9.047172, 0.053436, 3.194526), (0.113645, -0.214419, 0.012133, 0.970032)
58.88629, (9.038468, 0.047741, 3.224679), (0.111663, -0.224826, 0.013658, 0.967883)
58.90028, (9.027994, 0.054060, 3.240052), (0.104234, -0.235118, 0.017635, 0.966201)
58.91426, (9.044534, 0.047743, 3.219095), (0.096295, -0.240184, 0.017358, 0.965784)
58.92789, (9.043381, 0.054672, 3.214813), (0.090223, -0.237110, 0.013225, 0.967194)
58.942, (9.046957, 0.070071, 3.191075), (0.085672, -0.240417, 0.008666, 0.966843)
58.95556, (9.045385, 0.077945, 3.207833), (0.086169, -0.247460, 0.003055, 0.965054)
58.96967, (9.029099, 0.066683, 3.217257), (0.086662, -0.249233, 0.003358, 0.964552)
58.98333, (9.039609, 0.073740, 3.205391), (0.082970, -0.250571, -0.000382, 0.964536)
58.99765, (9.037809, 0.062211, 3.215442), (0.086852, -0.251410, 0.005877, 0.963958)
59.01128, (9.043292, 0.055779, 3.216915), (0.088165, -0.249346, 0.005750, 0.964376)
59.02526, (9.044191, 0.054028, 3.216439), (0.085008, -0.250222, 0.005626, 0.964433)
59.03908, (9.048475, 0.051705, 3.212803), (0.085458, -0.252805, 0.003521, 0.963729)
59.05343, (9.054217, 0.050920, 3.211251), (0.086693, -0.254123, 0.002957, 0.963274)
59.06693, (9.056643, 0.057757, 3.209929), (0.086501, -0.254809, 0.015486, 0.962990)
59.08057, (9.058951, 0.058086, 3.215413), (0.082621, -0.252798, 0.021408, 0.963747)
59.09472, (9.064330, 0.056365, 3.218605), (0.077048, -0.249588, 0.023735, 0.964990)
59.10842, (9.082236, 0.056814, 3.218154), (0.071509, -0.246558, 0.021048, 0.966257)
59.12218, (9.090502, 0.066631, 3.235807), (0.071799, -0.248403, 0.017080, 0.965841)
59.13608, (9.081146, 0.070119, 3.246882), (0.076891, -0.248536, 0.013184, 0.965476)
59.15001, (9.100630, 0.050639, 3.249367), (0.085726, -0.241534, -0.003064, 0.966594)
59.16389, (9.125377, 0.039675, 3.242967), (0.092085, -0.230504, -0.003515, 0.968698)
59.17784, (9.130194, 0.016296, 3.234764), (0.097527, -0.223600, 0.008423, 0.969753)
59.19242, (9.127563, 0.008352, 3.224907), (0.097535, -0.223548, 0.007834, 0.969769)
59.20575, (9.127613, 0.051370, 3.196239), (0.082568, -0.238728, 0.002612, 0.967566)
59.21947, (9.153720, 0.069761, 3.212949), (0.070957, -0.251735, -0.009571, 0.965144)
59.23334, (9.121239, 0.086684, 3.234839), (0.076782, -0.252629, -0.019299, 0.964319)
59.24727, (9.123045, 0.069472, 3.230169), (0.077209, -0.258988, -0.026951, 0.962413)
59.26114, (9.136563, 0.062191, 3.218409), (0.076112, -0.270958, -0.031613, 0.959057)
59.27508, (9.138091, 0.052217, 3.221516), (0.072348, -0.279039, -0.035542, 0.956891)
59.28906, (9.138043, 0.053713, 3.235392), (0.073190, -0.281557, -0.039716, 0.955925)
59.30293, (9.139696, 0.057268, 3.236773), (0.078434, -0.278620, -0.036700, 0.956489)
59.31683, (9.143356, 0.045266, 3.268407), (0.083544, -0.280974, -0.026262, 0.955711)
59.33083, (9.151029, 0.031416, 3.270171), (0.087397, -0.282997, -0.019635, 0.954929)
59.34521, (9.148991, 0.026370, 3.273550), (0.094823, -0.281796, -0.012924, 0.954690)
59.35855, (9.151156, 0.021122, 3.279205), (0.097147, -0.284046, -0.011471, 0.953808)
59.37235, (9.153322, 0.015869, 3.284860), (0.099468, -0.286292, -0.010019, 0.952913)
59.38627, (9.155487, 0.010617, 3.290515), (0.101789, -0.288535, -0.008566, 0.952005)
59.40033, (9.157654, 0.005363, 3.296171), (0.104108, -0.290774, -0.007113, 0.951085)
59.41447, (9.154543, -0.011737, 3.288173), (0.102134, -0.291167, -0.005304, 0.951190)
59.42811, (9.156066, -0.018542, 3.292204), (0.103989, -0.293217, -0.003825, 0.950366)
59.44205, (9.145715, -0.021451, 3.295368), (0.100999, -0.292285, -0.006505, 0.950961)
59.45602, (9.139826, -0.002047, 3.318363), (0.088642, -0.290683, -0.024961, 0.952377)
59.46995, (9.120591, -0.023389, 3.325385), (0.094301, -0.281734, -0.023546, 0.954557)
59.48374, (9.109984, -0.043001, 3.316919), (0.098255, -0.283140, -0.019400, 0.953835)
59.4981, (9.098993, -0.056089, 3.311701), (0.101522, -0.283848, -0.018183, 0.953306)
59.5115, (9.093234, -0.065646, 3.313661), (0.103050, -0.284356, -0.017775, 0.952999)
59.52729, (9.079194, -0.079377, 3.311837), (0.107413, -0.285888, -0.014230, 0.952118)
59.54118, (9.063535, -0.097423, 3.295072), (0.118986, -0.293095, 0.000429, 0.948651)
59.55486, (9.043242, -0.125226, 3.270610), (0.127154, -0.298631, 0.011668, 0.945788)
59.56834, (9.035027, -0.138856, 3.260796), (0.129023, -0.299072, 0.015482, 0.945341)
59.58207, (9.021701, -0.136695, 3.257581), (0.134197, -0.300143, 0.015610, 0.944278)
59.59582, (9.014029, -0.144937, 3.242317), (0.135129, -0.300921, 0.017059, 0.943873)
59.60962, (8.994944, -0.164911, 3.250256), (0.136418, -0.300121, 0.018847, 0.943908)
59.6234, (8.993410, -0.168612, 3.237090), (0.139871, -0.302220, 0.023388, 0.942631)
59.63758, (8.984503, -0.180430, 3.230848), (0.142702, -0.304387, 0.029532, 0.941336)
59.65114, (8.977123, -0.188004, 3.224892), (0.145020, -0.306488, 0.036308, 0.940062)
59.6652, (8.970100, -0.202200, 3.213794), (0.144573, -0.309574, 0.040907, 0.938930)
59.67872, (8.957294, -0.211830, 3.205277), (0.144954, -0.312483, 0.045799, 0.937681)
59.69257, (8.938677, -0.219080, 3.205504), (0.150521, -0.315137, 0.049545, 0.935723)
59.70645, (8.929523, -0.229523, 3.193664), (0.155583, -0.317238, 0.050491, 0.934133)
59.7203, (8.920977, -0.231389, 3.183216), (0.160118, -0.320312, 0.050262, 0.932329)
59.73424, (8.915457, -0.241656, 3.177279), (0.161584, -0.322983, 0.052047, 0.931055)
59.74814, (8.909116, -0.253836, 3.169061), (0.161522, -0.325747, 0.056634, 0.929834)
59.7621, (8.901264, -0.267266, 3.160790), (0.162901, -0.327138, 0.060283, 0.928876)
59.77618, (8.897657, -0.278908, 3.151793), (0.166517, -0.328407, 0.064156, 0.927526)
59.79005, (8.891447, -0.288192, 3.143199), (0.169787, -0.328408, 0.068889, 0.926593)
59.80399, (8.884210, -0.291756, 3.135685), (0.173261, -0.327541, 0.072620, 0.925972)
59.81779, (8.882422, -0.298795, 3.128381), (0.174135, -0.327102, 0.074033, 0.925851)
59.83224, (8.877050, -0.302144, 3.131786), (0.175740, -0.328970, 0.077109, 0.924634)
59.84598, (8.867193, -0.312202, 3.124819), (0.176921, -0.329527, 0.079693, 0.923992)
59.86026, (8.858056, -0.318133, 3.118438), (0.179655, -0.330818, 0.082878, 0.922722)
59.87376, (8.866695, -0.291423, 3.124230), (0.188028, -0.332170, 0.072963, 0.921404)
59.88775, (8.850492, -0.336312, 3.126445), (0.180020, -0.333240, 0.076673, 0.922315)
59.90141, (8.841647, -0.332325, 3.119587), (0.182125, -0.328505, 0.079644, 0.923348)
59.91524, (8.849991, -0.310609, 3.123749), (0.187085, -0.330084, 0.080671, 0.921703)
59.92918, (8.849400, -0.315390, 3.119623), (0.182773, -0.329545, 0.081726, 0.922667)
59.94349, (8.853142, -0.322461, 3.109934), (0.178214, -0.328166, 0.083847, 0.923860)
59.95708, (8.833599, -0.331869, 3.112886), (0.178171, -0.322686, 0.091431, 0.925078)
59.97085, (8.829755, -0.331399, 3.116641), (0.178080, -0.322374, 0.096440, 0.924696)
59.98481, (8.816583, -0.332707, 3.115231), (0.176418, -0.323122, 0.098551, 0.924530)
59.99862, (8.800934, -0.336120, 3.109874), (0.174551, -0.322753, 0.099552, 0.924907)
60.01276, (8.789818, -0.330520, 3.097332), (0.174053, -0.321739, 0.099910, 0.925315)
60.02645, (8.786748, -0.325999, 3.084803), (0.172521, -0.322477, 0.101335, 0.925190)
60.04033, (8.779171, -0.320288, 3.081167), (0.174021, -0.322445, 0.101439, 0.924909)
60.05428, (8.760563, -0.323589, 3.084662), (0.171827, -0.320387, 0.101575, 0.926018)
60.06811, (8.751833, -0.320056, 3.085971), (0.172390, -0.318916, 0.100181, 0.926573)
60.08207, (8.751594, -0.314755, 3.081883), (0.174594, -0.318935, 0.098257, 0.926360)
60.096, (8.754747, -0.317754, 3.073809), (0.173212, -0.321167, 0.099052, 0.925763)
60.11, (8.755361, -0.317097, 3.071022), (0.172886, -0.321575, 0.101823, 0.925382)
60.12381, (8.753422, -0.313165, 3.072275), (0.172275, -0.321740, 0.103408, 0.925263)
60.13767, (8.752081, -0.311050, 3.074687), (0.171097, -0.320525, 0.103767, 0.925863)
60.15178, (8.768067, -0.322255, 3.078162), (0.167268, -0.320973, 0.105269, 0.926238)
60.16592, (8.739340, -0.309300, 3.078029), (0.174685, -0.315779, 0.104480, 0.926743)
60.17971, (8.738205, -0.303659, 3.073552), (0.176246, -0.314580, 0.103870, 0.926924)
60.19347, (8.734697, -0.279317, 3.070971), (0.183779, -0.315154, 0.094707, 0.926247)
60.20735, (8.740724, -0.275204, 3.071842), (0.173258, -0.317270, 0.086852, 0.928320)
60.22126, (8.743608, -0.277774, 3.076733), (0.164362, -0.316174, 0.083634, 0.930605)
60.23549, (8.739616, -0.291407, 3.067723), (0.160586, -0.315487, 0.089870, 0.930916)
60.24878, (8.742009, -0.286323, 3.062171), (0.166928, -0.318662, 0.095984, 0.928104)
60.2631, (8.745897, -0.263523, 3.048691), (0.172935, -0.325009, 0.094730, 0.924927)
60.27654, (8.732561, -0.266252, 3.057464), (0.171959, -0.326815, 0.088595, 0.925080)
60.29028, (8.732820, -0.290656, 3.052765), (0.168100, -0.326298, 0.090514, 0.925786)
60.30421, (8.729649, -0.293043, 3.037947), (0.165996, -0.330039, 0.094622, 0.924427)
60.31822, (8.718637, -0.268307, 3.029058), (0.168967, -0.332551, 0.092907, 0.923162)
60.33203, (8.706921, -0.256349, 3.027235), (0.165437, -0.334806, 0.086904, 0.923571)
60.34598, (8.710207, -0.264949, 3.011406), (0.164226, -0.338205, 0.082846, 0.922921)
60.35995, (8.705657, -0.244297, 2.980402), (0.164055, -0.333484, 0.083715, 0.924590)
60.37383, (8.728827, -0.212394, 2.920151), (0.157385, -0.317946, 0.088343, 0.930772)
60.3881, (8.704785, -0.219306, 2.949370), (0.161635, -0.322305, 0.096088, 0.927772)
60.40163, (8.738857, -0.240564, 2.964599), (0.148017, -0.328332, 0.082093, 0.929274)
60.41513, (8.699241, -0.241227, 2.969714), (0.158433, -0.330982, 0.083785, 0.926461)
60.42897, (8.706140, -0.239208, 2.951144), (0.163630, -0.333103, 0.080452, 0.925092)
60.44268, (8.704186, -0.221140, 2.929239), (0.164840, -0.324852, 0.085757, 0.927332)
60.4565, (8.711840, -0.222707, 2.943762), (0.164822, -0.326072, 0.091792, 0.926329)
60.47063, (8.723454, -0.217381, 2.932724), (0.159235, -0.324897, 0.094172, 0.927479)
60.48441, (8.741699, -0.192727, 2.915146), (0.148705, -0.319335, 0.095489, 0.931018)
60.49836, (8.729244, -0.189691, 2.929209), (0.156175, -0.323996, 0.096171, 0.928110)
60.51219, (8.718299, -0.208924, 2.923160), (0.159571, -0.327536, 0.087251, 0.927170)
60.52613, (8.705369, -0.201508, 2.908973), (0.162683, -0.328356, 0.076522, 0.927287)
60.54004, (8.702988, -0.191070, 2.914491), (0.163297, -0.332422, 0.075638, 0.925802)
60.5539, (8.697645, -0.177703, 2.922628), (0.158631, -0.336606, 0.076424, 0.925036)
60.56794, (8.694872, -0.173498, 2.921473), (0.151802, -0.340384, 0.076533, 0.924791)
60.58171, (8.694665, -0.171657, 2.919044), (0.149584, -0.343983, 0.078240, 0.923677)
60.59557, (8.691204, -0.180738, 2.919373), (0.153692, -0.346791, 0.077730, 0.921994)
60.60952, (8.687983, -0.188274, 2.921885), (0.159384, -0.351199, 0.077775, 0.919352)
60.62342, (8.681520, -0.198959, 2.919649), (0.163547, -0.356890, 0.077196, 0.916473)
60.6373, (8.669056, -0.185282, 2.918289), (0.163295, -0.361402, 0.077065, 0.914759)
60.65119, (8.669716, -0.166905, 2.926958), (0.156965, -0.365734, 0.070167, 0.914701)
60.66533, (8.659899, -0.169363, 2.925012), (0.144546, -0.371556, 0.077962, 0.913769)
60.67907, (8.653028, -0.169693, 2.921283), (0.137919, -0.374687, 0.078864, 0.913438)
60.69326, (8.652340, -0.167620, 2.928191), (0.142596, -0.380986, 0.081795, 0.909850)
60.70684, (8.653286, -0.173377, 2.920789), (0.145680, -0.387314, 0.079440, 0.906893)
60.72089, (8.653589, -0.166422, 2.909024), (0.144521, -0.389866, 0.075226, 0.906344)
60.73465, (8.657262, -0.158916, 2.897362), (0.138564, -0.390691, 0.071171, 0.907246)
60.74853, (8.655184, -0.144163, 2.902246), (0.136532, -0.393546, 0.071212, 0.906316)
60.76237, (8.655952, -0.140019, 2.909664), (0.132942, -0.396206, 0.068961, 0.905865)
60.77638, (8.659112, -0.132747, 2.910568), (0.132232, -0.397585, 0.066493, 0.905550)
60.79015, (8.667059, -0.130296, 2.902358), (0.132311, -0.398393, 0.063636, 0.905388)
60.80403, (8.672706, -0.119507, 2.893613), (0.128629, -0.396773, 0.062149, 0.906732)
60.81799, (8.685216, -0.118301, 2.892135), (0.127008, -0.395149, 0.060372, 0.907790)
60.83189, (8.695730, -0.115490, 2.889774), (0.129161, -0.394123, 0.060820, 0.907902)
60.84611, (8.705977, -0.114137, 2.886293), (0.130919, -0.393178, 0.060401, 0.908088)
60.85981, (8.717237, -0.101239, 2.876057), (0.129457, -0.388699, 0.059433, 0.910287)
60.87365, (8.719715, -0.084766, 2.882868), (0.129851, -0.385686, 0.059214, 0.911526)
60.88771, (8.720952, -0.073766, 2.884365), (0.128451, -0.384791, 0.058080, 0.912175)
60.90151, (8.719585, -0.067538, 2.884049), (0.125859, -0.383679, 0.056502, 0.913104)
60.91533, (8.723549, -0.054953, 2.881934), (0.122015, -0.386178, 0.055860, 0.912611)
60.92928, (8.740631, -0.047128, 2.869911), (0.114207, -0.388583, 0.051622, 0.912850)
60.94307, (8.757754, -0.030632, 2.859105), (0.107403, -0.388533, 0.048300, 0.913879)
60.95691, (8.774345, -0.020733, 2.854104), (0.097938, -0.391027, 0.045836, 0.914005)
60.97054, (8.776320, -0.009676, 2.852962), (0.091985, -0.395001, 0.045650, 0.912924)
60.98456, (8.781269, -0.007817, 2.844335), (0.090383, -0.397692, 0.040767, 0.912146)
60.99831, (8.783953, -0.009050, 2.840428), (0.092966, -0.401134, 0.033320, 0.910681)
61.01216, (8.787556, -0.016000, 2.835949), (0.093519, -0.402473, 0.025503, 0.910286)
61.0264, (8.790545, -0.000805, 2.840416), (0.098723, -0.404168, 0.020908, 0.909101)
61.04008, (8.797878, 0.023783, 2.846823), (0.100001, -0.404898, 0.019940, 0.908658)
61.05417, (8.806300, 0.043319, 2.846507), (0.095375, -0.403360, 0.022314, 0.909784)
61.06783, (8.811027, 0.059669, 2.849612), (0.086670, -0.401982, 0.022827, 0.911251)
61.08177, (8.816281, 0.072751, 2.859621), (0.080968, -0.402831, 0.025851, 0.911319)
61.09551, (8.822094, 0.070767, 2.866428), (0.082170, -0.406672, 0.022268, 0.909599)
61.1099, (8.822146, 0.082940, 2.872080), (0.087870, -0.408225, 0.018988, 0.908444)
61.12358, (8.829318, 0.084386, 2.870039), (0.091853, -0.407461, 0.011009, 0.908525)
61.13761, (8.835768, 0.100544, 2.869591), (0.096051, -0.404034, 0.009209, 0.909641)
61.15141, (8.844249, 0.123856, 2.872524), (0.094872, -0.401908, 0.012534, 0.910666)
61.16526, (8.853724, 0.135498, 2.870071), (0.085157, -0.400213, 0.015509, 0.912325)
61.17916, (8.865168, 0.152568, 2.867002), (0.080105, -0.402359, 0.017443, 0.911804)
61.19285, (8.870749, 0.166024, 2.865293), (0.074327, -0.405823, 0.019530, 0.910715)
61.20691, (8.876864, 0.169814, 2.861781), (0.068762, -0.407276, 0.021062, 0.910469)
61.22054, (8.881504, 0.180794, 2.853368), (0.066038, -0.406168, 0.021762, 0.911149)
61.23447, (8.888674, 0.179950, 2.840785), (0.060838, -0.403553, 0.019560, 0.912722)
61.2486, (8.900343, 0.184264, 2.828496), (0.057443, -0.401039, 0.017999, 0.914081)
61.26215, (8.906366, 0.187292, 2.828847), (0.062622, -0.401828, 0.019085, 0.913372)
61.27607, (8.909968, 0.180049, 2.828561), (0.061972, -0.401069, 0.015673, 0.913815)
61.28992, (8.916444, 0.178757, 2.823595), (0.060682, -0.398646, 0.013765, 0.914992)
61.30394, (8.922541, 0.192186, 2.815842), (0.062614, -0.395916, 0.014818, 0.916030)
61.31784, (8.918731, 0.199721, 2.816369), (0.070585, -0.391789, 0.015979, 0.917204)
61.3317, (8.914212, 0.209502, 2.822473), (0.071709, -0.391580, 0.016016, 0.917206)
61.34562, (8.919647, 0.219330, 2.827686), (0.065514, -0.391278, 0.017454, 0.917772)
61.35952, (8.925950, 0.232935, 2.821161), (0.057283, -0.389198, 0.020305, 0.919147)
61.37341, (8.931062, 0.245063, 2.822804), (0.055541, -0.388646, 0.025518, 0.919358)
61.38736, (8.943715, 0.235475, 2.824216), (0.051323, -0.389288, 0.022451, 0.919411)
61.40135, (8.948362, 0.211809, 2.818181), (0.051403, -0.389024, 0.012729, 0.919704)
61.41533, (8.951223, 0.217352, 2.818565), (0.056921, -0.391877, 0.010258, 0.918198)
61.42896, (8.955424, 0.221255, 2.814431), (0.058103, -0.392236, 0.008790, 0.917986)
61.44279, (8.957711, 0.223198, 2.815244), (0.058418, -0.392461, 0.008390, 0.917873)
61.45678, (8.956962, 0.224203, 2.810411), (0.055568, -0.392624, 0.011056, 0.917953)
61.47069, (8.955176, 0.234181, 2.804854), (0.053482, -0.392531, 0.013090, 0.918089)
61.48458, (8.958222, 0.242571, 2.803893), (0.048860, -0.392750, 0.015842, 0.918210)
61.4987, (8.949234, 0.256585, 2.812708), (0.048761, -0.395408, 0.023004, 0.916922)
61.51249, (8.945848, 0.261660, 2.815159), (0.050418, -0.397374, 0.026443, 0.915889)
61.52632, (8.954687, 0.261656, 2.818435), (0.053110, -0.396818, 0.028658, 0.915911)
61.5402, (8.965014, 0.257464, 2.813403), (0.052497, -0.393036, 0.028866, 0.917569)
61.55404, (8.976995, 0.251694, 2.818396), (0.053864, -0.387531, 0.026061, 0.919913)
61.56792, (8.988738, 0.242021, 2.818535), (0.051897, -0.381696, 0.020123, 0.922611)
61.58202, (9.003002, 0.234728, 2.823291), (0.052699, -0.377972, 0.015558, 0.924185)
61.5957, (9.021704, 0.224795, 2.822370), (0.054847, -0.373812, 0.011714, 0.925808)
61.60952, (9.027473, 0.228218, 2.832408), (0.059603, -0.371343, 0.010857, 0.926517)
61.62349, (9.025347, 0.236515, 2.822397), (0.053226, -0.366086, 0.011705, 0.928984)
61.63743, (9.024813, 0.243473, 2.828773), (0.050568, -0.364039, 0.014900, 0.929891)
61.65119, (9.022553, 0.247173, 2.835764), (0.050076, -0.365131, 0.015527, 0.929479)
61.66511, (9.024896, 0.240437, 2.835159), (0.047490, -0.367151, 0.012405, 0.928866)
61.67907, (9.022181, 0.250464, 2.828286), (0.047459, -0.369282, 0.012276, 0.928024)
61.69307, (9.022428, 0.253384, 2.819258), (0.039783, -0.369009, 0.011013, 0.928509)
61.70719, (9.024016, 0.257821, 2.818992), (0.036348, -0.368666, 0.012134, 0.928772)
61.72073, (9.021371, 0.263290, 2.833272), (0.037324, -0.369379, 0.016147, 0.928389)
61.73455, (9.027062, 0.256223, 2.841370), (0.031877, -0.365256, 0.017663, 0.930194)
61.74841, (9.032162, 0.255741, 2.853993), (0.036068, -0.362688, 0.019784, 0.931002)
61.76259, (9.041775, 0.257602, 2.857219), (0.037297, -0.358388, 0.020376, 0.932605)
61.77662, (9.046880, 0.254006, 2.851682), (0.040722, -0.354886, 0.018078, 0.933847)
61.79021, (9.051443, 0.248951, 2.850526), (0.043863, -0.354053, 0.016229, 0.934055)
61.80391, (9.046118, 0.241840, 2.851004), (0.044900, -0.355755, 0.013172, 0.933407)
61.81791, (9.039454, 0.242243, 2.861929), (0.044039, -0.358981, 0.012663, 0.932219)
61.83168, (9.038463, 0.245889, 2.860813), (0.041416, -0.359089, 0.013353, 0.932288)
61.84567, (9.042269, 0.245256, 2.862732), (0.039912, -0.358275, 0.015036, 0.932642)
61.85987, (9.038581, 0.249622, 2.863725), (0.036519, -0.357073, 0.016751, 0.933212)
61.87346, (9.035958, 0.251946, 2.865391), (0.036848, -0.355088, 0.018019, 0.933933)
61.8872, (9.033026, 0.252835, 2.869992), (0.037223, -0.355988, 0.018293, 0.933570)
61.90119, (9.017409, 0.250768, 2.874482), (0.034139, -0.356295, 0.016206, 0.933609)
61.91519, (9.008394, 0.261989, 2.877750), (0.029501, -0.356582, 0.016221, 0.933657)
61.929, (9.005714, 0.259205, 2.878380), (0.024567, -0.355372, 0.015993, 0.934265)
61.94285, (9.014013, 0.245690, 2.886239), (0.023186, -0.352288, 0.013600, 0.935506)
61.95706, (9.015895, 0.240827, 2.892404), (0.022869, -0.350055, 0.013246, 0.936357)
61.97081, (9.016615, 0.236719, 2.917706), (0.033408, -0.343890, 0.017901, 0.938245)
61.9845, (9.000660, 0.234202, 2.927976), (0.036354, -0.339814, 0.019592, 0.939585)
61.99897, (8.979598, 0.231998, 2.941238), (0.037042, -0.337443, 0.020552, 0.940392)
62.01222, (8.959152, 0.237281, 2.957987), (0.036892, -0.337356, 0.023835, 0.940352)
62.02607, (8.946641, 0.230219, 2.972739), (0.034516, -0.336510, 0.024556, 0.940727)
62.03987, (8.939137, 0.226975, 2.986898), (0.034805, -0.335480, 0.026637, 0.941027)
62.05381, (8.931396, 0.221171, 3.000996), (0.035322, -0.333965, 0.027719, 0.941515)
62.0677, (8.917296, 0.222406, 3.022143), (0.039526, -0.331025, 0.027986, 0.942378)
62.08162, (8.895231, 0.220413, 3.046466), (0.040064, -0.331521, 0.027284, 0.942202)
62.09549, (8.868915, 0.219517, 3.065447), (0.040096, -0.331643, 0.027019, 0.942165)
62.10939, (8.839546, 0.214651, 3.083901), (0.039298, -0.333618, 0.027155, 0.941497)
62.12334, (8.825891, 0.207970, 3.104822), (0.039268, -0.333323, 0.027623, 0.941590)
62.13713, (8.815156, 0.198653, 3.135658), (0.043152, -0.331186, 0.028760, 0.942140)
62.15152, (8.796345, 0.191873, 3.164932), (0.046572, -0.327623, 0.029828, 0.943188)
62.16486, (8.775251, 0.185916, 3.189227), (0.048508, -0.325714, 0.030651, 0.943726)
62.17879, (8.735617, 0.179191, 3.222395), (0.052429, -0.322346, 0.031874, 0.944631)
62.19272, (8.711690, 0.168816, 3.254120), (0.054673, -0.321013, 0.031945, 0.944956)
62.20649, (8.692991, 0.160284, 3.286490), (0.058624, -0.319579, 0.031804, 0.945210)
62.22032, (8.672830, 0.153897, 3.319649), (0.063389, -0.317293, 0.032242, 0.945657)
62.23436, (8.637419, 0.145357, 3.359443), (0.065481, -0.316564, 0.031653, 0.945779)
62.24814, (8.604664, 0.141001, 3.396173), (0.066895, -0.315970, 0.031607, 0.945880)
62.26202, (8.568068, 0.140317, 3.432170), (0.065890, -0.315239, 0.031904, 0.946185)
62.27623, (8.535215, 0.132396, 3.474813), (0.068612, -0.313254, 0.033638, 0.946590)
62.29004, (8.504414, 0.124307, 3.515826), (0.071111, -0.312469, 0.034390, 0.946638)
62.30387, (8.469349, 0.114322, 3.555210), (0.073817, -0.313114, 0.035107, 0.946192)
62.31769, (8.434590, 0.108727, 3.593123), (0.076998, -0.313290, 0.036023, 0.945845)
62.33192, (8.399750, 0.106310, 3.629945), (0.079267, -0.313389, 0.037492, 0.945568)
62.34533, (8.370601, 0.103324, 3.666351), (0.078274, -0.314446, 0.038273, 0.945268)
62.35941, (8.346261, 0.096059, 3.707755), (0.077355, -0.312491, 0.036745, 0.946053)
62.373, (8.318169, 0.095495, 3.753529), (0.080998, -0.310576, 0.038935, 0.946291)
62.38671, (8.285831, 0.091999, 3.793352), (0.083646, -0.305897, 0.041650, 0.947468)
62.40059, (8.255137, 0.087790, 3.832205), (0.085113, -0.301593, 0.043238, 0.948645)
62.41454, (8.229092, 0.083812, 3.872323), (0.085926, -0.298937, 0.043699, 0.949391)
62.42868, (8.203745, 0.084553, 3.910339), (0.087265, -0.297263, 0.044934, 0.949737)
62.4423, (8.174259, 0.087184, 3.938429), (0.086883, -0.299681, 0.044937, 0.949012)
62.45619, (8.145239, 0.087805, 3.971810), (0.084746, -0.300281, 0.045655, 0.948981)
62.47003, (8.119635, 0.086555, 4.006369), (0.084791, -0.300037, 0.045691, 0.949053)
62.48392, (8.099545, 0.085505, 4.037014), (0.088906, -0.298134, 0.047042, 0.949210)
62.49781, (8.075384, 0.078516, 4.063940), (0.091395, -0.296646, 0.045516, 0.949514)
62.51183, (8.048276, 0.079606, 4.088855), (0.098031, -0.294900, 0.042026, 0.949557)
62.52566, (8.025596, 0.080731, 4.115455), (0.102861, -0.294486, 0.041088, 0.949215)
62.53949, (7.999935, 0.084850, 4.145336), (0.105874, -0.292272, 0.042563, 0.949503)
62.55337, (7.987412, 0.085289, 4.175315), (0.103106, -0.288596, 0.049985, 0.950570)
62.56718, (7.971621, 0.083323, 4.205736), (0.104010, -0.287670, 0.052729, 0.950604)
62.5813, (7.950643, 0.083265, 4.235406), (0.105769, -0.286117, 0.054129, 0.950800)
62.59541, (7.953589, 0.068021, 4.240625), (0.106073, -0.279283, 0.056500, 0.952658)
62.60888, (7.933757, 0.072143, 4.259089), (0.106765, -0.277962, 0.056720, 0.952954)
62.62267, (7.915106, 0.083829, 4.281340), (0.106672, -0.278982, 0.058993, 0.952528)
62.63652, (7.897289, 0.087941, 4.306457), (0.104515, -0.283068, 0.058938, 0.951565)
62.65044, (7.884617, 0.095433, 4.316358), (0.100481, -0.286186, 0.058833, 0.951073)
62.66433, (7.873266, 0.104361, 4.326055), (0.101691, -0.287609, 0.057000, 0.950626)
62.67817, (7.873590, 0.103611, 4.325562), (0.097661, -0.285737, 0.052746, 0.951859)
62.69208, (7.865085, 0.108743, 4.328803), (0.094814, -0.283139, 0.051242, 0.953004)
62.70592, (7.866826, 0.107954, 4.335323), (0.095479, -0.281337, 0.049971, 0.953539)
62.71986, (7.863851, 0.106394, 4.344809), (0.095783, -0.281191, 0.048764, 0.953614)
62.73368, (7.867571, 0.101726, 4.339009), (0.098453, -0.279700, 0.045999, 0.953918)
62.74762, (7.870641, 0.104289, 4.342000), (0.102200, -0.279591, 0.044897, 0.953608)
62.7615, (7.876459, 0.104230, 4.332127), (0.107384, -0.282470, 0.044150, 0.952224)
62.77547, (7.879457, 0.110070, 4.323753), (0.106376, -0.284886, 0.045645, 0.951547)
62.78927, (7.871227, 0.109750, 4.332853), (0.100211, -0.284207, 0.048224, 0.952291)
62.80314, (7.877555, 0.112906, 4.318654), (0.093503, -0.284224, 0.052224, 0.952758)
62.81707, (7.906077, 0.109785, 4.285352), (0.093236, -0.287705, 0.053946, 0.951642)
62.83106, (7.912926, 0.115159, 4.272033), (0.097428, -0.291944, 0.051824, 0.950048)
62.84482, (7.923386, 0.114794, 4.248446), (0.094927, -0.294456, 0.047369, 0.949758)
62.8588, (7.931090, 0.129285, 4.228905), (0.093681, -0.296216, 0.045870, 0.949408)
62.87256, (7.939150, 0.136132, 4.214381), (0.093151, -0.297920, 0.045552, 0.948942)
62.88643, (7.951720, 0.145469, 4.187047), (0.086493, -0.300944, 0.046240, 0.948585)
62.90036, (7.968106, 0.148549, 4.162273), (0.084299, -0.302870, 0.046536, 0.948155)
62.91437, (7.978793, 0.153496, 4.142519), (0.082480, -0.304721, 0.046262, 0.947735)
62.92831, (8.022453, 0.161620, 4.102654), (0.081927, -0.303344, 0.044420, 0.948313)
62.94222, (8.049767, 0.165794, 4.069253), (0.082556, -0.301959, 0.042699, 0.948780)
62.95594, (8.068052, 0.165483, 4.030689), (0.076915, -0.301706, 0.040504, 0.949430)
62.96999, (8.082696, 0.170825, 3.993287), (0.072305, -0.301781, 0.040135, 0.949784)
62.98401, (8.105989, 0.173974, 3.954630), (0.068043, -0.305839, 0.041165, 0.948756)
62.99803, (8.130294, 0.178409, 3.915303), (0.065614, -0.310663, 0.042705, 0.947291)
63.01204, (8.149824, 0.193952, 3.872980), (0.065683, -0.313690, 0.044169, 0.946221)
63.02629, (8.179540, 0.192071, 3.827610), (0.063791, -0.315578, 0.040073, 0.945904)
63.03957, (8.200715, 0.208577, 3.780429), (0.061875, -0.317026, 0.040912, 0.945512)
63.05349, (8.224481, 0.210141, 3.738187), (0.058548, -0.317826, 0.040351, 0.945479)
63.06747, (8.251844, 0.213157, 3.700726), (0.055449, -0.321601, 0.040817, 0.944369)
63.08102, (8.273639, 0.220819, 3.650851), (0.052868, -0.322278, 0.041798, 0.944243)
63.09512, (8.297716, 0.219678, 3.596587), (0.051346, -0.323294, 0.044118, 0.943874)
63.10885, (8.319598, 0.215628, 3.547976), (0.049976, -0.326893, 0.044683, 0.942681)
63.12276, (8.339959, 0.207355, 3.499424), (0.048911, -0.332056, 0.044506, 0.940939)
63.13686, (8.363892, 0.203648, 3.444653), (0.046776, -0.335549, 0.043996, 0.939832)
63.15092, (8.390203, 0.199777, 3.389989), (0.049717, -0.338522, 0.045115, 0.938561)
63.16554, (8.414958, 0.191771, 3.342305), (0.050283, -0.341178, 0.045778, 0.937536)
63.17902, (8.428198, 0.185226, 3.287677), (0.050367, -0.343393, 0.046701, 0.936677)
63.19261, (8.441813, 0.172352, 3.236374), (0.047884, -0.348949, 0.046079, 0.934783)
63.20632, (8.461374, 0.164511, 3.186706), (0.045987, -0.352302, 0.045217, 0.933662)
63.22053, (8.481392, 0.157454, 3.135396), (0.044846, -0.355473, 0.045309, 0.932510)
63.23453, (8.493300, 0.146780, 3.078562), (0.043609, -0.360856, 0.040956, 0.930701)
63.24839, (8.512030, 0.138876, 3.026178), (0.042447, -0.364305, 0.040465, 0.929431)
63.26246, (8.524078, 0.135558, 2.989103), (0.046339, -0.375336, 0.035463, 0.925050)
63.27633, (8.530198, 0.110402, 2.938406), (0.035342, -0.383257, 0.032811, 0.922382)
63.29031, (8.545875, 0.107737, 2.890167), (0.035092, -0.387996, 0.030313, 0.920494)
63.30481, (8.577853, 0.106794, 2.848990), (0.036079, -0.388892, 0.028034, 0.920150)
63.31815, (8.607510, 0.111651, 2.814159), (0.040977, -0.390345, 0.030123, 0.919263)
63.33178, (8.623093, 0.101568, 2.769011), (0.036062, -0.388654, 0.027197, 0.920276)
63.34568, (8.629032, 0.109911, 2.745104), (0.033473, -0.388779, 0.022564, 0.920446)
63.35977, (8.629257, 0.122583, 2.720040), (0.024835, -0.386932, 0.010047, 0.921719)
63.37376, (8.646008, 0.119964, 2.682666), (0.018478, -0.389414, 0.006257, 0.920856)
63.38752, (8.660652, 0.119629, 2.645806), (0.015143, -0.391109, 0.002566, 0.920216)
63.40145, (8.675296, 0.119296, 2.608952), (0.011809, -0.392792, -0.001125, 0.919551)
63.41573, (8.689940, 0.118963, 2.572094), (0.008474, -0.394464, -0.004816, 0.918860)
63.42949, (8.704585, 0.118630, 2.535236), (0.005139, -0.396125, -0.008507, 0.918143)
63.44326, (8.719229, 0.118296, 2.498378), (0.001803, -0.397775, -0.012198, 0.917400)
63.45716, (8.733873, 0.117962, 2.461520), (-0.001532, -0.399414, -0.015889, 0.916632)
63.47126, (8.748518, 0.117630, 2.424662), (-0.004867, -0.401041, -0.019579, 0.915838)
63.48499, (8.763163, 0.117296, 2.387804), (-0.008203, -0.402658, -0.023268, 0.915018)
63.49901, (8.777807, 0.116963, 2.350946), (-0.011538, -0.404263, -0.026957, 0.914173)
63.51296, (8.792451, 0.116630, 2.314088), (-0.014872, -0.405857, -0.030645, 0.913302)
63.52698, (8.807096, 0.116296, 2.277230), (-0.018207, -0.407439, -0.034332, 0.912405)
63.54089, (8.814321, 0.116131, 2.259046), (-0.019852, -0.408216, -0.036151, 0.911953)
63.5549, (8.819248, 0.059046, 2.494386), (0.051413, -0.335853, 0.024213, 0.940199)
63.56867, (8.780553, 0.026412, 2.526485), (0.038033, -0.337307, 0.026746, 0.940246)
63.58262, (8.775409, 0.023810, 2.537490), (0.031456, -0.335934, 0.021647, 0.941111)
63.5964, (8.767800, 0.035839, 2.544408), (0.030427, -0.326689, 0.020363, 0.944422)
63.61021, (8.763122, 0.037378, 2.550575), (0.026832, -0.319096, 0.022893, 0.947066)
63.62423, (8.764342, 0.048431, 2.576418), (0.023585, -0.318920, 0.026384, 0.947121)
63.63787, (8.764242, 0.046937, 2.592361), (0.018549, -0.319556, 0.027118, 0.946998)
63.65155, (8.749058, 0.061784, 2.610876), (0.018138, -0.323451, 0.025311, 0.945733)
63.66544, (8.755503, 0.075800, 2.630119), (0.022982, -0.329632, 0.020483, 0.943607)
63.67929, (8.746240, 0.082289, 2.647657), (0.026880, -0.326513, 0.014857, 0.944694)
63.69313, (8.738529, 0.091584, 2.658857), (0.032485, -0.317475, 0.014740, 0.947595)
63.70694, (8.729312, 0.096773, 2.671273), (0.034424, -0.310275, 0.016040, 0.949888)
63.72076, (8.718307, 0.096345, 2.690662), (0.032943, -0.303735, 0.014266, 0.952080)
63.73462, (8.705978, 0.102000, 2.712895), (0.030363, -0.301012, 0.010973, 0.953074)
63.74857, (8.690967, 0.100842, 2.736722), (0.026829, -0.302331, 0.004877, 0.952813)
63.76273, (8.681020, 0.101715, 2.755310), (0.024451, -0.303311, 0.000279, 0.952578)
63.7761, (8.671183, 0.105357, 2.773565), (0.023718, -0.301211, -0.002244, 0.953260)
63.78993, (8.661345, 0.108997, 2.791821), (0.022985, -0.299108, -0.004766, 0.953931)
63.80377, (8.650740, 0.108750, 2.809951), (0.021217, -0.300551, -0.008653, 0.953490)
63.81761, (8.634401, 0.116646, 2.825038), (0.021215, -0.299421, -0.010593, 0.953827)
63.83156, (8.630017, 0.117267, 2.847053), (0.021716, -0.305595, -0.014792, 0.951799)
63.84538, (8.619904, 0.120581, 2.865443), (0.021083, -0.304765, -0.017559, 0.952032)
63.85957, (8.615108, 0.118966, 2.880707), (0.021697, -0.306845, -0.021765, 0.951263)
63.87325, (8.605500, 0.121787, 2.898802), (0.021173, -0.306268, -0.024658, 0.951390)
63.88705, (8.595894, 0.124606, 2.916897), (0.020649, -0.305688, -0.027551, 0.951509)
63.90096, (8.586287, 0.127426, 2.934992), (0.020124, -0.305105, -0.030444, 0.951619)
63.91543, (8.595733, 0.138681, 2.958410), (0.034698, -0.315794, -0.038217, 0.947423)
63.92912, (8.606657, 0.080907, 2.966635), (0.037819, -0.308740, -0.001083, 0.950394)
63.94274, (8.586191, 0.060247, 2.976517), (0.037144, -0.310181, -0.004614, 0.949940)
63.95638, (8.570932, 0.050462, 2.983374), (0.042410, -0.312426, -0.005658, 0.948978)
63.97026, (8.556250, 0.042635, 2.993762), (0.047434, -0.310055, -0.005154, 0.949521)
63.98408, (8.539064, 0.027980, 3.002243), (0.049070, -0.306877, -0.004850, 0.950471)
63.99801, (8.521139, 0.010431, 3.009408), (0.047828, -0.304473, -0.004267, 0.951310)
64.01169, (8.510614, -0.002540, 3.019923), (0.049643, -0.303384, -0.005243, 0.951560)
64.02538, (8.502506, -0.007116, 3.033332), (0.055858, -0.304125, -0.004518, 0.950983)
64.03915, (8.491796, -0.011010, 3.046358), (0.062638, -0.304824, -0.001490, 0.950346)
64.05312, (8.474122, -0.015080, 3.057010), (0.069328, -0.303450, 0.002600, 0.950319)
64.0667, (8.453000, -0.025766, 3.067577), (0.072468, -0.300675, 0.005179, 0.950956)
64.08079, (8.428925, -0.039809, 3.081487), (0.069264, -0.297918, 0.004650, 0.952064)
64.09469, (8.404267, -0.053115, 3.093147), (0.061849, -0.295603, 0.003279, 0.953301)
64.10868, (8.388813, -0.062400, 3.108936), (0.055819, -0.295718, 0.001026, 0.953643)
64.12195, (8.371762, -0.062239, 3.124512), (0.056896, -0.295999, 0.001074, 0.953492)
64.1356, (8.355408, -0.059506, 3.137412), (0.061377, -0.296835, 0.001991, 0.952952)
64.14928, (8.338905, -0.061320, 3.152217), (0.066489, -0.295453, 0.000536, 0.953041)
64.16322, (8.318192, -0.061345, 3.167851), (0.072130, -0.292347, 0.000340, 0.953588)
64.1769, (8.293978, -0.065534, 3.182249), (0.073449, -0.289623, 0.002020, 0.954316)
64.19076, (8.264148, -0.072625, 3.197291), (0.073501, -0.285191, 0.002028, 0.955646)
64.20496, (8.238857, -0.075914, 3.214869), (0.077231, -0.281861, -0.000705, 0.956342)
64.21829, (8.217956, -0.083041, 3.238197), (0.080868, -0.279076, -0.006612, 0.956835)
64.23191, (8.193133, -0.089580, 3.257261), (0.081353, -0.275256, -0.009846, 0.957872)
64.2458, (8.169754, -0.095992, 3.277846), (0.080406, -0.272013, -0.011023, 0.958865)
64.25954, (8.150147, -0.093404, 3.300600), (0.078909, -0.266790, -0.009286, 0.960474)
64.27328, (8.136340, -0.094254, 3.323636), (0.078737, -0.261641, -0.008735, 0.961909)
64.28719, (8.117871, -0.095356, 3.344769), (0.076066, -0.257524, -0.005102, 0.963260)
64.301, (8.102615, -0.097799, 3.371231), (0.073710, -0.254101, -0.001321, 0.964364)
64.31479, (8.079490, -0.099723, 3.392347), (0.073263, -0.248750, 0.000716, 0.965793)
64.32865, (8.059302, -0.102911, 3.411736), (0.073245, -0.242752, 0.001039, 0.967319)
64.34254, (8.039877, -0.106499, 3.432285), (0.072964, -0.235992, 0.001026, 0.969011)
64.35679, (8.017051, -0.114218, 3.450395), (0.068550, -0.229053, 0.002951, 0.970993)
64.37064, (7.996974, -0.116389, 3.468185), (0.065347, -0.222978, 0.004403, 0.972621)
64.38438, (7.982652, -0.121456, 3.486762), (0.063374, -0.219598, 0.005673, 0.973513)
64.39819, (7.974370, -0.128665, 3.504124), (0.062643, -0.217011, 0.004947, 0.974145)
64.41216, (7.964464, -0.127201, 3.521704), (0.065101, -0.213432, 0.005100, 0.974773)
64.42588, (7.954113, -0.123498, 3.534452), (0.068262, -0.208828, 0.007347, 0.975539)
64.4398, (7.943921, -0.126371, 3.548620), (0.067315, -0.204124, 0.010496, 0.976571)
64.45336, (7.931005, -0.128248, 3.565406), (0.067135, -0.199652, 0.011777, 0.977494)
64.46754, (7.919155, -0.130639, 3.581209), (0.067019, -0.194951, 0.013040, 0.978434)
64.48114, (7.904907, -0.128191, 3.593512), (0.067498, -0.189926, 0.017127, 0.979326)
64.4953, (7.887661, -0.138624, 3.585139), (0.068145, -0.189397, 0.027318, 0.979152)
64.50885, (7.870907, -0.144398, 3.593024), (0.064398, -0.191393, 0.026654, 0.979036)
64.52274, (7.858835, -0.146594, 3.594830), (0.063932, -0.191922, 0.024763, 0.979012)
64.53656, (7.847276, -0.144521, 3.598803), (0.066744, -0.192992, 0.023917, 0.978636)
64.55058, (7.832193, -0.144292, 3.598808), (0.068690, -0.192768, 0.024107, 0.978540)
64.56487, (7.821220, -0.143650, 3.600876), (0.070427, -0.191907, 0.023508, 0.978601)
64.5783, (7.812323, -0.145592, 3.600040), (0.071904, -0.191653, 0.022163, 0.978574)
64.59295, (7.802989, -0.145359, 3.600928), (0.074550, -0.191786, 0.021923, 0.978356)
64.60672, (7.795624, -0.148857, 3.599104), (0.075923, -0.193291, 0.021800, 0.977957)
64.62059, (7.783316, -0.151970, 3.597287), (0.076775, -0.195048, 0.022604, 0.977523)
64.634, (7.777352, -0.158131, 3.595973), (0.077219, -0.198486, 0.020379, 0.976845)
64.64778, (7.773292, -0.157626, 3.597161), (0.082438, -0.199822, 0.016607, 0.976217)
64.66174, (7.767875, -0.162956, 3.596031), (0.084608, -0.199644, 0.015683, 0.976083)
64.67554, (7.759151, -0.173912, 3.591788), (0.081193, -0.199077, 0.017013, 0.976467)
64.68946, (7.753653, -0.182917, 3.589002), (0.076958, -0.200006, 0.019699, 0.976569)
64.7037, (7.746540, -0.188428, 3.587703), (0.076989, -0.200414, 0.019771, 0.976482)
64.7174, (7.739429, -0.193939, 3.586405), (0.077020, -0.200821, 0.019843, 0.976394)
64.73116, (7.732319, -0.199449, 3.585105), (0.077051, -0.201228, 0.019915, 0.976306)
64.74497, (7.725206, -0.204961, 3.583806), (0.077082, -0.201635, 0.019988, 0.976218)
64.75896, (7.732050, -0.213401, 3.579471), (0.074436, -0.203306, 0.020608, 0.976064)
64.77282, (7.726489, -0.219275, 3.577812), (0.074203, -0.203836, 0.020737, 0.975969)
64.78686, (7.751233, -0.208156, 3.551828), (0.091295, -0.203726, 0.033644, 0.974181)
64.8007, (7.744520, -0.218849, 3.543369), (0.090280, -0.205289, 0.037547, 0.973805)
64.81458, (7.737963, -0.228134, 3.539483), (0.089333, -0.214900, 0.032784, 0.971989)
64.82864, (7.734980, -0.231409, 3.532982), (0.091862, -0.217509, 0.030636, 0.971243)
64.84236, (7.729215, -0.233581, 3.524469), (0.093760, -0.218687, 0.032831, 0.970725)
64.85696, (7.724817, -0.237141, 3.516948), (0.094758, -0.219569, 0.034772, 0.970361)
64.87017, (7.722072, -0.243918, 3.511439), (0.094532, -0.220561, 0.036111, 0.970110)
64.88403, (7.714272, -0.245733, 3.502438), (0.091995, -0.223327, 0.039081, 0.969605)
64.89796, (7.707628, -0.249648, 3.494895), (0.091353, -0.227140, 0.040559, 0.968719)
64.91187, (7.698558, -0.254660, 3.488574), (0.090315, -0.231391, 0.039264, 0.967864)
64.92573, (7.691042, -0.259125, 3.480495), (0.090019, -0.234474, 0.038305, 0.967187)
64.93961, (7.680428, -0.258565, 3.472378), (0.090330, -0.237073, 0.035587, 0.966629)
64.95357, (7.671747, -0.256324, 3.463442), (0.092714, -0.238518, 0.035657, 0.966045)
64.96748, (7.665839, -0.256696, 3.453864), (0.093620, -0.240082, 0.035876, 0.965561)
64.98138, (7.661133, -0.254216, 3.448542), (0.096821, -0.241305, 0.035001, 0.964973)
64.99527, (7.657602, -0.252651, 3.445148), (0.099627, -0.241860, 0.033417, 0.964604)
65.00918, (7.656934, -0.252864, 3.441096), (0.100830, -0.241615, 0.032091, 0.964586)
65.02308, (7.655387, -0.249863, 3.437321), (0.103031, -0.241746, 0.033433, 0.964275)
65.03696, (7.655791, -0.245752, 3.436721), (0.104724, -0.241281, 0.036335, 0.964104)
65.05107, (7.653504, -0.245254, 3.439069), (0.105414, -0.242307, 0.037520, 0.963726)
65.06487, (7.649994, -0.245554, 3.439863), (0.105295, -0.243043, 0.037227, 0.963565)
65.07877, (7.643892, -0.246130, 3.444002), (0.103534, -0.243952, 0.036821, 0.963542)
65.09267, (7.641865, -0.248200, 3.447785), (0.100481, -0.244470, 0.034890, 0.963805)
65.10661, (7.636850, -0.248017, 3.450486), (0.098204, -0.244690, 0.033828, 0.964022)
65.12074, (7.634299, -0.247877, 3.452465), (0.095262, -0.245460, 0.032895, 0.964154)
65.13467, (7.632954, -0.247393, 3.455709), (0.093101, -0.246296, 0.032443, 0.964167)
65.14847, (7.632761, -0.244879, 3.458632), (0.093405, -0.247011, 0.031928, 0.963972)
65.16272, (7.631435, -0.243951, 3.460768), (0.093324, -0.247559, 0.031484, 0.963854)
65.17692, (7.629249, -0.243506, 3.462974), (0.096079, -0.246324, 0.030700, 0.963925)
65.19069, (7.627306, -0.243182, 3.464905), (0.096988, -0.246073, 0.029781, 0.963927)
65.20444, (7.626069, -0.242367, 3.469519), (0.101425, -0.243393, 0.028101, 0.964201)
65.21874, (7.624331, -0.245415, 3.471914), (0.101213, -0.242021, 0.028103, 0.964568)
65.23216, (7.625327, -0.248668, 3.476423), (0.099765, -0.241967, 0.028013, 0.964735)
65.24639, (7.626240, -0.250449, 3.480005), (0.098812, -0.242666, 0.028475, 0.964644)
65.26038, (7.628989, -0.252781, 3.483401), (0.098603, -0.243584, 0.028193, 0.964443)
65.27424, (7.630535, -0.253849, 3.489163), (0.099534, -0.244824, 0.028611, 0.964021)
65.28791, (7.629424, -0.255597, 3.491141), (0.099170, -0.245130, 0.029672, 0.963948)
65.30202, (7.630273, -0.257583, 3.493529), (0.098425, -0.244973, 0.030201, 0.964048)
65.31548, (7.630889, -0.260357, 3.495353), (0.097620, -0.244959, 0.030648, 0.964119)
65.32944, (7.632813, -0.261134, 3.497751), (0.097250, -0.244717, 0.030616, 0.964219)
65.34362, (7.634242, -0.259209, 3.500881), (0.098915, -0.244098, 0.031746, 0.964170)
65.35757, (7.634716, -0.259339, 3.502718), (0.100304, -0.243054, 0.032358, 0.964270)
65.3713, (7.634269, -0.262100, 3.505776), (0.101182, -0.242170, 0.033457, 0.964363)
65.38511, (7.633728, -0.264322, 3.507370), (0.100107, -0.242065, 0.032858, 0.964522)
65.39913, (7.633689, -0.266719, 3.510156), (0.098850, -0.242556, 0.030811, 0.964596)
65.41297, (7.633552, -0.268312, 3.512853), (0.098925, -0.243036, 0.030133, 0.964489)
65.42693, (7.633843, -0.269226, 3.514540), (0.099103, -0.243212, 0.030017, 0.964430)
65.44053, (7.634276, -0.270474, 3.516563), (0.099057, -0.243406, 0.029813, 0.964392)
65.45406, (7.635617, -0.272051, 3.517675), (0.098314, -0.243178, 0.028182, 0.964575)
65.46794, (7.637549, -0.273421, 3.520555), (0.098365, -0.242647, 0.026823, 0.964742)
65.4818, (7.640019, -0.273514, 3.523386), (0.097437, -0.242212, 0.026646, 0.964951)
65.49577, (7.644316, -0.271785, 3.525332), (0.096436, -0.242195, 0.028916, 0.964990)
65.50976, (7.647940, -0.268049, 3.526524), (0.097701, -0.242210, 0.032348, 0.964750)
65.52367, (7.650414, -0.264081, 3.527955), (0.099226, -0.242461, 0.034042, 0.964473)
65.53755, (7.651439, -0.261165, 3.529547), (0.100621, -0.242117, 0.033818, 0.964423)
65.55242, (7.648253, -0.258660, 3.531151), (0.100604, -0.240686, 0.030996, 0.964878)
65.56519, (7.645798, -0.258669, 3.532134), (0.098445, -0.239193, 0.029275, 0.965525)
65.57896, (7.641253, -0.260015, 3.532643), (0.095532, -0.238267, 0.028038, 0.966083)
65.59304, (7.638206, -0.262132, 3.533909), (0.092781, -0.239124, 0.026435, 0.966185)
65.60677, (7.637856, -0.263187, 3.535495), (0.092546, -0.240368, 0.025009, 0.965936)
65.62044, (7.639712, -0.263100, 3.535714), (0.093580, -0.241415, 0.025867, 0.965553)
65.63484, (7.642090, -0.261295, 3.534566), (0.095459, -0.241598, 0.028396, 0.965252)
65.64818, (7.644856, -0.259690, 3.532555), (0.096159, -0.241082, 0.028659, 0.965304)
65.66209, (7.646632, -0.258620, 3.530649), (0.098197, -0.240306, 0.030970, 0.965221)
65.67595, (7.646595, -0.258832, 3.529377), (0.098399, -0.240863, 0.031306, 0.965051)
65.68969, (7.645164, -0.260226, 3.528358), (0.098567, -0.241475, 0.029982, 0.964923)
65.70413, (7.643014, -0.261481, 3.527164), (0.099199, -0.242070, 0.028136, 0.964764)
65.7182, (7.640668, -0.262954, 3.526410), (0.100026, -0.241983, 0.026731, 0.964741)
65.73189, (7.637880, -0.264440, 3.525795), (0.099629, -0.242087, 0.028248, 0.964713)
65.74605, (7.634180, -0.266172, 3.525015), (0.098386, -0.242297, 0.029093, 0.964762)
65.75976, (7.631296, -0.267437, 3.524912), (0.098465, -0.243669, 0.028186, 0.964436)
65.7739, (7.628558, -0.268674, 3.525461), (0.098822, -0.244587, 0.026836, 0.964205)
65.78767, (7.624913, -0.270526, 3.526279), (0.098197, -0.244930, 0.026612, 0.964188)
65.80144, (7.620769, -0.272501, 3.526776), (0.096781, -0.244480, 0.027201, 0.964429)
65.81541, (7.616950, -0.273515, 3.527133), (0.096596, -0.244186, 0.028117, 0.964496)
65.82923, (7.613127, -0.275524, 3.527261), (0.096819, -0.244074, 0.028277, 0.964497)
65.84315, (7.610159, -0.277163, 3.527008), (0.097357, -0.244063, 0.028139, 0.964450)
65.85741, (7.608606, -0.281421, 3.526140), (0.097819, -0.243689, 0.027354, 0.964520)
65.87118, (7.607451, -0.282702, 3.525945), (0.097978, -0.243754, 0.027092, 0.964495)
65.88489, (7.604841, -0.282874, 3.526966), (0.098945, -0.243647, 0.027844, 0.964402)
65.89912, (7.605341, -0.283706, 3.527014), (0.099218, -0.243693, 0.029447, 0.964314)
65.91275, (7.605834, -0.284314, 3.526975), (0.098564, -0.243422, 0.031572, 0.964383)
65.9266, (7.605315, -0.285893, 3.527233), (0.097537, -0.243716, 0.031917, 0.964402)
65.94046, (7.604828, -0.288050, 3.527844), (0.096551, -0.243965, 0.030926, 0.964470)
65.95441, (7.604794, -0.289487, 3.527860), (0.096636, -0.244082, 0.030762, 0.964437)
65.96886, (7.605206, -0.289046, 3.527970), (0.098154, -0.244312, 0.031288, 0.964209)
65.98244, (7.605121, -0.288240, 3.527521), (0.098673, -0.243948, 0.031710, 0.964234)
65.99641, (7.604348, -0.287509, 3.527616), (0.097800, -0.244177, 0.031359, 0.964277)
66.00992, (7.603242, -0.287552, 3.527937), (0.097457, -0.244289, 0.030766, 0.964302)
66.02431, (7.601305, -0.286021, 3.528599), (0.097437, -0.244851, 0.029553, 0.964200)
66.03745, (7.599463, -0.284097, 3.529155), (0.098102, -0.245330, 0.028885, 0.964031)
66.05163, (7.597475, -0.282489, 3.529643), (0.098115, -0.244791, 0.027464, 0.964208)
66.06547, (7.595262, -0.281408, 3.530208), (0.097371, -0.244564, 0.027096, 0.964351)
66.07939, (7.593632, -0.280736, 3.530459), (0.096856, -0.244384, 0.026840, 0.964456)
66.09333, (7.593164, -0.279403, 3.530820), (0.096679, -0.244900, 0.027207, 0.964333)
66.10723, (7.592597, -0.277476, 3.531287), (0.097337, -0.245424, 0.028272, 0.964102)
66.1207, (7.591276, -0.277238, 3.531646), (0.095805, -0.245660, 0.027519, 0.964218)
66.13447, (7.589281, -0.278385, 3.532023), (0.094699, -0.246410, 0.026085, 0.964175)
66.14838, (7.587342, -0.279626, 3.532416), (0.094514, -0.247054, 0.024484, 0.964070)
66.16228, (7.586390, -0.280629, 3.532579), (0.095244, -0.247482, 0.022708, 0.963932)
66.1764, (7.586675, -0.280808, 3.532290), (0.096377, -0.247491, 0.023274, 0.963804)
66.191, (7.586963, -0.280402, 3.531831), (0.097308, -0.247105, 0.024585, 0.963777)
66.20524, (7.588012, -0.280068, 3.531664), (0.098081, -0.246349, 0.025484, 0.963869)
66.21855, (7.589132, -0.279574, 3.532152), (0.098648, -0.245790, 0.025883, 0.963943)
66.23264, (7.589683, -0.279398, 3.532388), (0.097983, -0.245657, 0.026630, 0.964024)
66.24628, (7.589346, -0.279193, 3.532706), (0.096442, -0.246109, 0.027764, 0.964033)
66.25953, (7.588258, -0.279716, 3.533456), (0.095329, -0.246568, 0.026489, 0.964062)
66.27355, (7.587265, -0.280200, 3.534388), (0.094576, -0.246798, 0.025034, 0.964116)
66.28732, (7.586426, -0.279983, 3.535163), (0.094177, -0.246636, 0.024102, 0.964220)
66.30116, (7.585673, -0.278764, 3.535108), (0.093453, -0.246098, 0.024514, 0.964418)
66.31506, (7.585481, -0.276998, 3.534580), (0.093658, -0.245667, 0.024419, 0.964510)
66.32897, (7.585726, -0.274584, 3.534310), (0.094888, -0.245402, 0.024353, 0.964459)
66.34289, (7.585855, -0.272796, 3.533840), (0.095869, -0.245238, 0.023589, 0.964423)
66.35681, (7.586080, -0.272203, 3.533118), (0.096336, -0.245170, 0.022134, 0.964428)
66.37122, (7.586850, -0.272105, 3.532412), (0.096861, -0.245325, 0.021138, 0.964358)
66.38498, (7.587849, -0.271715, 3.532116), (0.097282, -0.245804, 0.021097, 0.964195)
66.39894, (7.589130, -0.271468, 3.531765), (0.097647, -0.246098, 0.021377, 0.964077)
66.41306, (7.591050, -0.270832, 3.531647), (0.097495, -0.247299, 0.021497, 0.963782)
66.42672, (7.592284, -0.270190, 3.531329), (0.097788, -0.248025, 0.021658, 0.963562)
66.44054, (7.593176, -0.269558, 3.531173), (0.098337, -0.248742, 0.021441, 0.963326)
66.45501, (7.593486, -0.268652, 3.531239), (0.099209, -0.248774, 0.021834, 0.963220)
66.46855, (7.592975, -0.268177, 3.531400), (0.099611, -0.248685, 0.021746, 0.963203)
66.48239, (7.591493, -0.268098, 3.531879), (0.099984, -0.248908, 0.021463, 0.963113)
66.4973, (7.589168, -0.269760, 3.532379), (0.098735, -0.248797, 0.020025, 0.963302)
66.51046, (7.587471, -0.270882, 3.532953), (0.098500, -0.249151, 0.018933, 0.963257)
66.52435, (7.585220, -0.271155, 3.533678), (0.099130, -0.248937, 0.019072, 0.963245)
66.53864, (7.583546, -0.271711, 3.534497), (0.099199, -0.248464, 0.018538, 0.963370)
66.55152, (7.583082, -0.272476, 3.535451), (0.099064, -0.247942, 0.017635, 0.963535)
66.56545, (7.583148, -0.273244, 3.535936), (0.098315, -0.247543, 0.019340, 0.963682)
66.57954, (7.583771, -0.273961, 3.536036), (0.097285, -0.247753, 0.021059, 0.963696)
66.59383, (7.584875, -0.274764, 3.536289), (0.096698, -0.248894, 0.022169, 0.963437)
66.60738, (7.586472, -0.276766, 3.536581), (0.096049, -0.249482, 0.021708, 0.963360)
66.6219, (7.587649, -0.278559, 3.536650), (0.096098, -0.249765, 0.021881, 0.963278)
66.63528, (7.587910, -0.279440, 3.536859), (0.095812, -0.249996, 0.022090, 0.963242)
66.64899, (7.590701, -0.283192, 3.535550), (0.095664, -0.250239, 0.022775, 0.963177)
66.66308, (7.593928, -0.285807, 3.533578), (0.096802, -0.250495, 0.023644, 0.962976)
66.67697, (7.597027, -0.286983, 3.532789), (0.098270, -0.250371, 0.023802, 0.962856)
66.69061, (7.598789, -0.287904, 3.532123), (0.098881, -0.250571, 0.024564, 0.962722)
66.7045, (7.600691, -0.288382, 3.531352), (0.099482, -0.250276, 0.025068, 0.962724)
66.7185, (7.601728, -0.288357, 3.530889), (0.099990, -0.250194, 0.026282, 0.962660)
66.73235, (7.601031, -0.288276, 3.532194), (0.098020, -0.250013, 0.024103, 0.962967)
66.7462, (7.600657, -0.288529, 3.533340), (0.097864, -0.250216, 0.024297, 0.962925)
66.75969, (7.600138, -0.288761, 3.533987), (0.096502, -0.251279, 0.024225, 0.962787)
66.77369, (7.599136, -0.288576, 3.535157), (0.096452, -0.252070, 0.023824, 0.962596)
66.78754, (7.598497, -0.288218, 3.536546), (0.096359, -0.252574, 0.022986, 0.962493)
66.80138, (7.596410, -0.287216, 3.537821), (0.095831, -0.252717, 0.022790, 0.962513)
66.81537, (7.593981, -0.286832, 3.538634), (0.094355, -0.252637, 0.021684, 0.962705)
66.82962, (7.591125, -0.286071, 3.539471), (0.094091, -0.252882, 0.020682, 0.962689)
66.84308, (7.588434, -0.285168, 3.539941), (0.094439, -0.252810, 0.020114, 0.962686)
66.85709, (7.586617, -0.284432, 3.540550), (0.094493, -0.252128, 0.018611, 0.962890)
66.87094, (7.585952, -0.283192, 3.541121), (0.095255, -0.251354, 0.018920, 0.963011)
66.8851, (7.585447, -0.281979, 3.541281), (0.095108, -0.250785, 0.020573, 0.963140)
66.89869, (7.585003, -0.281843, 3.541474), (0.094283, -0.250617, 0.020984, 0.963256)
66.91253, (7.585360, -0.282297, 3.542031), (0.093326, -0.250542, 0.021141, 0.963365)
66.92646, (7.585388, -0.282250, 3.542862), (0.093805, -0.249869, 0.021488, 0.963486)
66.94024, (7.585621, -0.283341, 3.543473), (0.092947, -0.248940, 0.021789, 0.963803)
66.95418, (7.585312, -0.284849, 3.543523), (0.092683, -0.247924, 0.022244, 0.964079)
66.96812, (7.584573, -0.285778, 3.543302), (0.093424, -0.247428, 0.023379, 0.964108)
66.98198, (7.585465, -0.286309, 3.543287), (0.094436, -0.247593, 0.023277, 0.963970)
66.99603, (7.586984, -0.285244, 3.543439), (0.095751, -0.247743, 0.025124, 0.963755)
67.00976, (7.587316, -0.284483, 3.543329), (0.095928, -0.247648, 0.026676, 0.963720)
67.0238, (7.586978, -0.283155, 3.541429), (0.094196, -0.247379, 0.028347, 0.963913)
67.03761, (7.586129, -0.283443, 3.539917), (0.093448, -0.247604, 0.027278, 0.963958)
67.05152, (7.585344, -0.283847, 3.538601), (0.093624, -0.247988, 0.025815, 0.963883)
67.06538, (7.584387, -0.284269, 3.537221), (0.093832, -0.248334, 0.025507, 0.963782)
67.07925, (7.583430, -0.284153, 3.535097), (0.094905, -0.248403, 0.025276, 0.963665)
67.09309, (7.582630, -0.282948, 3.532827), (0.097636, -0.248265, 0.025579, 0.963420)
67.10698, (7.581998, -0.282371, 3.530183), (0.099382, -0.247768, 0.025181, 0.963380)
67.12104, (7.581639, -0.283525, 3.528114), (0.099187, -0.248128, 0.025251, 0.963305)
67.13642, (7.580982, -0.286251, 3.526451), (0.098219, -0.249040, 0.024985, 0.963176)
67.14915, (7.580748, -0.288892, 3.525632), (0.098877, -0.250528, 0.024216, 0.962742)
67.16274, (7.580395, -0.290773, 3.525121), (0.100473, -0.251269, 0.023946, 0.962391)
67.17658, (7.580516, -0.292387, 3.524935), (0.101595, -0.250836, 0.023595, 0.962395)
67.1908, (7.580689, -0.293206, 3.525111), (0.102356, -0.250122, 0.024837, 0.962468)
67.20448, (7.581470, -0.295103, 3.525740), (0.101676, -0.249229, 0.025604, 0.962752)
67.21836, (7.581563, -0.296211, 3.525561), (0.101956, -0.248678, 0.026182, 0.962849)
67.23261, (7.582082, -0.297213, 3.528103), (0.099529, -0.248076, 0.029299, 0.963169)
67.24675, (7.582185, -0.297568, 3.529300), (0.098112, -0.248137, 0.029343, 0.963297)
67.26048, (7.582033, -0.297344, 3.531428), (0.096950, -0.249066, 0.028356, 0.963204)
67.27431, (7.581465, -0.296917, 3.532507), (0.096685, -0.248911, 0.027849, 0.963286)
67.288, (7.580304, -0.296626, 3.532790), (0.095849, -0.248610, 0.027294, 0.963463)
67.30188, (7.579633, -0.296420, 3.533031), (0.095760, -0.248715, 0.026868, 0.963457)
67.31571, (7.578658, -0.294690, 3.532670), (0.097449, -0.248314, 0.026595, 0.963399)
67.36526, (7.578397, -0.293906, 3.532591), (0.097899, -0.248046, 0.026299, 0.963430)