41.43423, (1.460254, -0.803659, 4.391213), (0.098258, 0.061173, -0.006911, 0.993255)
41.44799, (1.418575, -0.781887, 4.369513), (0.090099, 0.057237, -0.004664, 0.994276)
41.4615, (1.382223, -0.765644, 4.343076), (0.084520, 0.052446, -0.005867, 0.995023)
41.47549, (1.344929, -0.748848, 4.316449), (0.080206, 0.047440, -0.006684, 0.995626)
41.48917, (1.301342, -0.735713, 4.288460), (0.076439, 0.042705, -0.007373, 0.996132)
41.50303, (1.267292, -0.720178, 4.264939), (0.072100, 0.035968, -0.007965, 0.996717)
41.5168, (1.222561, -0.703362, 4.240270), (0.069686, 0.030680, -0.008078, 0.997064)
41.53072, (1.184315, -0.689207, 4.216499), (0.065659, 0.023675, -0.007435, 0.997534)
41.54452, (1.143423, -0.678383, 4.191042), (0.061354, 0.016563, -0.006483, 0.997958)
41.55879, (1.100541, -0.675050, 4.164981), (0.060043, 0.007478, -0.004931, 0.998156)
41.57225, (1.059506, -0.663867, 4.144293), (0.058613, -0.001255, -0.002954, 0.998276)
41.58623, (1.019752, -0.658767, 4.122628), (0.056253, -0.010855, -0.001009, 0.998357)
41.60013, (0.979745, -0.650904, 4.101991), (0.055026, -0.019420, 0.000052, 0.998296)
41.61398, (0.937822, -0.649118, 4.081726), (0.053294, -0.028962, 0.002305, 0.998156)
41.62797, (0.893119, -0.642276, 4.062294), (0.053143, -0.037492, 0.004552, 0.997873)
41.64184, (0.854133, -0.637314, 4.042753), (0.051908, -0.046963, 0.006070, 0.997529)
41.65576, (0.809742, -0.640433, 4.025406), (0.053853, -0.056050, 0.007851, 0.996944)
41.66973, (0.773621, -0.643798, 4.004166), (0.052919, -0.065144, 0.009484, 0.996427)
41.68353, (0.732551, -0.645731, 3.983005), (0.053674, -0.072957, 0.011061, 0.995828)
41.69743, (0.690811, -0.648085, 3.963154), (0.054628, -0.081029, 0.011417, 0.995148)
41.71132, (0.648605, -0.648286, 3.945404), (0.055504, -0.089494, 0.012628, 0.994360)
41.72523, (0.608823, -0.651876, 3.926927), (0.055450, -0.097760, 0.014070, 0.993565)
41.73917, (0.570558, -0.656273, 3.904258), (0.055937, -0.105487, 0.015488, 0.992725)
41.75307, (0.534491, -0.657185, 3.884933), (0.057493, -0.113848, 0.018066, 0.991669)
41.76706, (0.496392, -0.659659, 3.862983), (0.057414, -0.121358, 0.021926, 0.990704)
41.78102, (0.464576, -0.662445, 3.845452), (0.058314, -0.130122, 0.025161, 0.989462)
41.79495, (0.431599, -0.667013, 3.824127), (0.058197, -0.138881, 0.027977, 0.988202)
41.80883, (0.399737, -0.668238, 3.804198), (0.058217, -0.147807, 0.030874, 0.986819)
41.82275, (0.372364, -0.672481, 3.785064), (0.058546, -0.155883, 0.032254, 0.985511)
41.83668, (0.350125, -0.677006, 3.764538), (0.059000, -0.163465, 0.034295, 0.984186)
41.85072, (0.324763, -0.676954, 3.746691), (0.059874, -0.170334, 0.036579, 0.982885)
41.86504, (0.300689, -0.680784, 3.731121), (0.059108, -0.176324, 0.037533, 0.981839)
41.87856, (0.280211, -0.682652, 3.717549), (0.058682, -0.183255, 0.038662, 0.980551)
41.8925, (0.258625, -0.686243, 3.701494), (0.059026, -0.189186, 0.038240, 0.979419)
41.90635, (0.241098, -0.687314, 3.687366), (0.060121, -0.195669, 0.038659, 0.978062)
41.92045, (0.222795, -0.688587, 3.673350), (0.060476, -0.200328, 0.039139, 0.977077)
41.93433, (0.207535, -0.688833, 3.660250), (0.061144, -0.204883, 0.038373, 0.976121)
41.94808, (0.192025, -0.686590, 3.648602), (0.061833, -0.209508, 0.038382, 0.975095)
41.96198, (0.177779, -0.689737, 3.634772), (0.062427, -0.213609, 0.038540, 0.974160)
41.976, (0.164924, -0.688983, 3.621876), (0.064713, -0.216878, 0.038975, 0.973272)
41.98999, (0.152203, -0.690206, 3.609798), (0.066204, -0.219476, 0.038405, 0.972611)
42.00396, (0.137968, -0.688636, 3.596453), (0.066843, -0.222470, 0.039243, 0.971854)
42.01837, (0.126043, -0.688105, 3.584260), (0.066501, -0.225280, 0.039438, 0.971222)
42.03162, (0.118623, -0.686411, 3.574007), (0.064889, -0.228924, 0.040913, 0.970417)
42.04554, (0.111022, -0.685585, 3.567519), (0.063970, -0.233064, 0.040863, 0.969494)
42.05968, (0.102908, -0.723765, 3.553109), (0.051185, -0.239016, 0.036838, 0.968966)
42.07335, (0.096646, -0.686717, 3.543887), (0.061571, -0.233664, 0.043088, 0.969409)
42.08728, (0.099341, -0.698162, 3.538099), (0.060684, -0.239575, 0.044528, 0.967956)
42.10124, (0.096881, -0.702874, 3.528957), (0.059810, -0.244055, 0.045026, 0.966867)
42.11508, (0.092174, -0.706633, 3.517049), (0.059870, -0.247388, 0.045601, 0.965990)
42.12901, (0.091521, -0.713992, 3.506198), (0.059065, -0.250537, 0.045463, 0.965233)
42.14296, (0.088488, -0.717123, 3.496324), (0.059705, -0.251508, 0.046921, 0.964872)
42.15692, (0.091875, -0.721887, 3.490838), (0.060380, -0.253466, 0.047275, 0.964300)
42.17081, (0.094751, -0.727474, 3.481727), (0.061841, -0.253125, 0.047774, 0.964272)
42.18472, (0.098168, -0.732158, 3.474553), (0.063011, -0.253273, 0.048220, 0.964136)
42.19861, (0.104480, -0.733663, 3.472811), (0.064739, -0.252101, 0.048651, 0.964307)
42.21253, (0.111847, -0.734147, 3.475230), (0.065594, -0.249981, 0.049115, 0.964777)
42.22681, (0.120250, -0.736492, 3.475727), (0.066780, -0.248551, 0.048855, 0.965078)
42.24086, (0.131151, -0.739616, 3.476623), (0.068099, -0.245837, 0.048758, 0.965686)
42.25439, (0.144937, -0.741274, 3.479436), (0.070470, -0.241736, 0.048615, 0.966558)
42.26864, (0.158613, -0.742843, 3.481939), (0.072551, -0.236846, 0.048013, 0.967644)
42.28217, (0.175442, -0.743893, 3.485860), (0.074431, -0.231100, 0.046269, 0.968975)
42.29587, (0.187337, -0.745337, 3.482429), (0.074064, -0.225057, 0.045719, 0.970450)
42.31011, (0.209414, -0.745840, 3.494331), (0.076213, -0.219284, 0.043951, 0.971686)
42.32364, (0.231523, -0.745546, 3.500999), (0.076518, -0.210226, 0.042294, 0.973736)
42.33749, (0.255535, -0.747170, 3.507389), (0.077475, -0.201840, 0.040705, 0.975501)
42.35148, (0.281460, -0.749439, 3.511078), (0.078439, -0.193925, 0.039019, 0.977097)
42.36543, (0.308120, -0.757133, 3.512125), (0.078940, -0.184862, 0.036374, 0.978913)
42.37926, (0.332069, -0.760353, 3.516296), (0.079603, -0.176230, 0.034696, 0.980512)
42.39313, (0.357867, -0.762159, 3.522686), (0.080029, -0.168260, 0.033118, 0.981930)
42.40704, (0.383879, -0.766221, 3.525735), (0.080409, -0.159790, 0.031226, 0.983375)
42.4211, (0.411965, -0.770969, 3.526370), (0.080841, -0.151553, 0.029481, 0.984697)
42.43484, (0.438021, -0.773430, 3.526251), (0.081944, -0.143056, 0.028945, 0.985892)
42.44883, (0.469315, -0.777268, 3.528842), (0.082603, -0.134953, 0.028145, 0.987002)
42.46349, (0.495972, -0.780741, 3.531746), (0.083341, -0.127241, 0.026861, 0.987999)
42.47672, (0.522633, -0.784215, 3.534649), (0.084073, -0.119521, 0.025576, 0.988935)
42.4905, (0.549296, -0.787687, 3.537552), (0.084800, -0.111794, 0.024289, 0.989809)
42.50446, (0.595925, -0.775439, 3.541253), (0.085427, -0.095890, 0.030526, 0.991250)
42.5183, (0.621763, -0.776459, 3.536789), (0.084559, -0.084405, 0.031496, 0.992337)
42.53195, (0.653866, -0.771054, 3.540730), (0.082617, -0.071264, 0.031957, 0.993516)
42.54575, (0.693115, -0.763544, 3.550046), (0.078423, -0.056551, 0.032369, 0.994789)
42.55939, (0.734731, -0.751084, 3.557529), (0.073769, -0.037049, 0.032186, 0.996067)
42.5733, (0.776010, -0.739507, 3.560357), (0.069230, -0.014191, 0.031671, 0.996997)
42.58717, (0.815809, -0.729506, 3.560565), (0.064514, 0.007367, 0.031892, 0.997380)
42.60109, (0.857127, -0.720981, 3.557544), (0.062766, 0.028568, 0.032806, 0.997080)
42.6149, (0.896458, -0.714165, 3.555138), (0.062696, 0.049476, 0.032705, 0.996269)
42.62874, (0.936061, -0.705921, 3.554782), (0.061248, 0.068716, 0.034092, 0.995171)
42.64256, (0.973926, -0.694990, 3.558622), (0.059832, 0.087985, 0.035996, 0.993672)
42.65636, (1.011493, -0.692651, 3.560372), (0.056221, 0.105955, 0.037815, 0.992060)
42.67027, (1.052248, -0.690192, 3.560763), (0.052995, 0.122708, 0.038685, 0.990272)
42.68409, (1.090213, -0.688800, 3.557899), (0.050316, 0.139513, 0.038376, 0.988196)
42.69801, (1.126728, -0.687891, 3.552477), (0.048284, 0.155883, 0.037539, 0.985880)
42.71194, (1.162419, -0.687661, 3.546583), (0.046877, 0.172546, 0.036127, 0.983222)
42.72567, (1.198363, -0.685082, 3.543420), (0.046705, 0.187668, 0.034344, 0.980520)
42.73996, (1.231330, -0.683845, 3.541913), (0.046347, 0.200763, 0.032866, 0.977991)
42.75359, (1.259095, -0.681728, 3.539775), (0.046244, 0.214117, 0.031915, 0.975191)
42.76723, (1.294701, -0.677799, 3.538657), (0.045978, 0.228088, 0.030272, 0.972083)
42.78111, (1.318024, -0.673556, 3.536819), (0.047699, 0.235381, 0.028210, 0.970322)
42.795, (1.346278, -0.670489, 3.537751), (0.047365, 0.246148, 0.026307, 0.967717)
42.80899, (1.372273, -0.665847, 3.539575), (0.048089, 0.257163, 0.024039, 0.964871)
42.82289, (1.398518, -0.663586, 3.542459), (0.048413, 0.266908, 0.023069, 0.962229)
42.83674, (1.420789, -0.656455, 3.546892), (0.049898, 0.275243, 0.021025, 0.959849)
42.85075, (1.439315, -0.653038, 3.549871), (0.050034, 0.283208, 0.018603, 0.957572)
42.86461, (1.455193, -0.645011, 3.556115), (0.050569, 0.290132, 0.017129, 0.955496)
42.87857, (1.472343, -0.639157, 3.561134), (0.050066, 0.296828, 0.015940, 0.953485)
42.89245, (1.492510, -0.632426, 3.567169), (0.049564, 0.303997, 0.014848, 0.951267)
42.9063, (1.503247, -0.631148, 3.574893), (0.046795, 0.309968, 0.016239, 0.949456)
42.92023, (1.520231, -0.623547, 3.582685), (0.046257, 0.315043, 0.016203, 0.947811)
42.93415, (1.529721, -0.619311, 3.589444), (0.045028, 0.320670, 0.016019, 0.945984)
42.94806, (1.537916, -0.617517, 3.595346), (0.043228, 0.324711, 0.016140, 0.944687)
42.96199, (1.544753, -0.616881, 3.601731), (0.041770, 0.328568, 0.016509, 0.943412)
42.97595, (1.552535, -0.613536, 3.609516), (0.041066, 0.332618, 0.016576, 0.942021)
42.98981, (1.559427, -0.611554, 3.618489), (0.040381, 0.336570, 0.016999, 0.940639)
43.00383, (1.564305, -0.610013, 3.625395), (0.040257, 0.338647, 0.017625, 0.939887)
43.01764, (1.571434, -0.605047, 3.634359), (0.040488, 0.342965, 0.017123, 0.938319)
43.03155, (1.572214, -0.605660, 3.641562), (0.041410, 0.344595, 0.016322, 0.937696)
43.04549, (1.577388, -0.605137, 3.649658), (0.041154, 0.347923, 0.016151, 0.936480)
43.0595, (1.584035, -0.602913, 3.657650), (0.040823, 0.352130, 0.015899, 0.934925)
43.07349, (1.580017, -0.595886, 3.671278), (0.039929, 0.352484, 0.015224, 0.934842)
43.08714, (1.580737, -0.588384, 3.682136), (0.039536, 0.354548, 0.014895, 0.934083)
43.10118, (1.582624, -0.579855, 3.693210), (0.039466, 0.356124, 0.014559, 0.933491)
43.11497, (1.585848, -0.574884, 3.703227), (0.039105, 0.359150, 0.014242, 0.932352)
43.12889, (1.578666, -0.569882, 3.713692), (0.038254, 0.360242, 0.015273, 0.931949)
43.14282, (1.576783, -0.564894, 3.722897), (0.037334, 0.362305, 0.015886, 0.931176)
43.15701, (1.575280, -0.554923, 3.730979), (0.037111, 0.363584, 0.017035, 0.930666)
43.17063, (1.575709, -0.546532, 3.737906), (0.037110, 0.364881, 0.017382, 0.930152)
43.18454, (1.573030, -0.541132, 3.743630), (0.037234, 0.366981, 0.017536, 0.929318)
43.19846, (1.571062, -0.536369, 3.749383), (0.036567, 0.369343, 0.017476, 0.928409)
43.21238, (1.569091, -0.530024, 3.755467), (0.034944, 0.371873, 0.017194, 0.927467)
43.22627, (1.567123, -0.521290, 3.759973), (0.032436, 0.373929, 0.017343, 0.926728)
43.24015, (1.562385, -0.515190, 3.764881), (0.030276, 0.376495, 0.017966, 0.925750)
43.25415, (1.560181, -0.509028, 3.764792), (0.027847, 0.378208, 0.018584, 0.925115)
43.268, (1.557550, -0.503795, 3.765853), (0.026172, 0.380388, 0.019186, 0.924258)
43.28193, (1.553023, -0.499394, 3.767140), (0.025096, 0.383182, 0.019804, 0.923120)
43.29581, (1.550121, -0.496305, 3.766232), (0.023679, 0.385839, 0.019814, 0.922050)
43.30985, (1.548466, -0.492371, 3.767237), (0.021516, 0.388481, 0.019487, 0.921000)
43.32386, (1.547665, -0.484852, 3.769216), (0.020188, 0.391003, 0.019649, 0.919958)
43.33773, (1.545194, -0.478677, 3.770173), (0.018462, 0.393690, 0.020896, 0.918820)
43.35169, (1.546101, -0.473095, 3.769812), (0.016864, 0.396626, 0.021355, 0.917577)
43.3652, (1.545840, -0.469914, 3.769618), (0.015521, 0.399664, 0.021952, 0.916267)
43.37914, (1.546647, -0.465571, 3.769925), (0.014156, 0.403104, 0.022642, 0.914765)
43.39297, (1.546917, -0.460383, 3.770183), (0.012525, 0.405811, 0.022765, 0.913588)
43.40682, (1.547934, -0.454630, 3.771994), (0.010210, 0.410904, 0.022469, 0.911345)
43.42094, (1.550554, -0.449102, 3.770913), (0.009242, 0.414929, 0.022215, 0.909536)
43.43479, (1.553635, -0.447509, 3.766163), (0.008587, 0.420558, 0.022761, 0.906940)
43.44859, (1.557252, -0.445789, 3.761029), (0.007683, 0.426345, 0.023107, 0.904233)
43.46257, (1.559028, -0.443595, 3.756651), (0.007058, 0.432574, 0.024078, 0.901249)
43.47649, (1.562874, -0.436536, 3.754361), (0.007468, 0.438618, 0.025253, 0.898288)
43.49063, (1.567478, -0.433812, 3.749652), (0.006416, 0.443889, 0.026062, 0.895680)
43.50497, (1.573272, -0.434895, 3.741791), (0.006325, 0.450704, 0.026870, 0.892247)
43.51849, (1.577753, -0.432208, 3.736659), (0.006276, 0.457169, 0.027034, 0.888947)
43.5323, (1.580056, -0.432172, 3.732361), (0.006208, 0.464497, 0.026848, 0.885146)
43.54634, (1.583793, -0.433911, 3.727594), (0.005412, 0.470278, 0.027583, 0.882071)
43.56018, (1.590906, -0.432129, 3.723253), (0.005470, 0.476143, 0.027242, 0.878929)
43.57398, (1.598155, -0.431895, 3.719295), (0.005925, 0.482518, 0.027062, 0.875448)
43.58792, (1.608240, -0.433385, 3.712178), (0.006505, 0.487883, 0.026658, 0.872478)
43.60176, (1.613373, -0.431699, 3.708574), (0.007086, 0.493856, 0.026304, 0.869117)
43.61568, (1.616157, -0.433663, 3.706334), (0.006575, 0.500350, 0.025546, 0.865421)
43.62968, (1.623239, -0.437745, 3.701603), (0.006503, 0.505705, 0.024925, 0.862322)
43.64375, (1.631078, -0.441937, 3.698044), (0.007374, 0.511291, 0.024071, 0.859039)
43.65748, (1.639276, -0.447727, 3.694674), (0.009635, 0.516342, 0.023165, 0.856015)
43.67157, (1.647975, -0.456888, 3.688964), (0.011689, 0.521142, 0.023317, 0.853072)
43.68536, (1.655174, -0.462946, 3.685852), (0.015146, 0.527021, 0.021900, 0.849435)
43.69938, (1.665062, -0.473658, 3.679579), (0.019517, 0.532512, 0.020223, 0.845956)
43.71327, (1.673659, -0.489111, 3.674878), (0.024286, 0.537656, 0.018713, 0.842607)
43.72723, (1.682911, -0.502546, 3.675143), (0.030158, 0.541794, 0.016812, 0.839802)
43.74122, (1.693742, -0.520278, 3.673485), (0.035214, 0.544486, 0.014290, 0.837909)
43.75521, (1.701540, -0.537298, 3.675871), (0.040881, 0.547269, 0.011903, 0.835873)
43.76919, (1.710712, -0.556693, 3.673879), (0.045839, 0.548013, 0.007878, 0.835176)
43.7831, (1.717704, -0.573456, 3.673102), (0.050390, 0.549841, 0.003617, 0.833740)
43.79717, (1.722909, -0.591816, 3.671113), (0.055554, 0.551300, -0.000285, 0.832455)
43.811, (1.729156, -0.606507, 3.669989), (0.060393, 0.552603, -0.004294, 0.831242)
43.82498, (1.734838, -0.619923, 3.668879), (0.064121, 0.553766, -0.007657, 0.830165)
43.83905, (1.742870, -0.634458, 3.665363), (0.066472, 0.553953, -0.010110, 0.829828)
43.85294, (1.738268, -0.641189, 3.664372), (0.064848, 0.553035, -0.011500, 0.830551)
43.86665, (1.738778, -0.647486, 3.658657), (0.064310, 0.552311, -0.013214, 0.831049)
43.8806, (1.735550, -0.646759, 3.655269), (0.062916, 0.552166, -0.013612, 0.831246)
43.8946, (1.732059, -0.646441, 3.649704), (0.061488, 0.551315, -0.014164, 0.831908)
43.90843, (1.725845, -0.640668, 3.648910), (0.059778, 0.549225, -0.013571, 0.833423)
43.92243, (1.718526, -0.637571, 3.646601), (0.058402, 0.546327, -0.012720, 0.835437)
43.93623, (1.710235, -0.636629, 3.646204), (0.056589, 0.542747, -0.012835, 0.837890)
43.95061, (1.699622, -0.633264, 3.644201), (0.055155, 0.538688, -0.013013, 0.840598)
43.96407, (1.687124, -0.627745, 3.641733), (0.053399, 0.535143, -0.013382, 0.842966)
43.97801, (1.674486, -0.619025, 3.638507), (0.051438, 0.531755, -0.013683, 0.845224)
43.99187, (1.662485, -0.610662, 3.637090), (0.049032, 0.528805, -0.013497, 0.847218)
44.00566, (1.648608, -0.603082, 3.636242), (0.046229, 0.524983, -0.011980, 0.849772)
44.01958, (1.634306, -0.594618, 3.634074), (0.043830, 0.521509, -0.011652, 0.852040)
44.03349, (1.619124, -0.585817, 3.633436), (0.040768, 0.517484, -0.009903, 0.854664)
44.04735, (1.605198, -0.580599, 3.631742), (0.037288, 0.513656, -0.008967, 0.857139)
44.0617, (1.591535, -0.576056, 3.630325), (0.035086, 0.509852, -0.008127, 0.859508)
44.07529, (1.575921, -0.577034, 3.628744), (0.032951, 0.506221, -0.006696, 0.861748)
44.08906, (1.557668, -0.579702, 3.626840), (0.032065, 0.502997, -0.005847, 0.863673)
44.10312, (1.541940, -0.581960, 3.624633), (0.031054, 0.499698, -0.005757, 0.865624)
44.11662, (1.527443, -0.587082, 3.623315), (0.031289, 0.497178, -0.006950, 0.867057)
44.13058, (1.517294, -0.591341, 3.621441), (0.031348, 0.494040, -0.006934, 0.868846)
44.14437, (1.508471, -0.595709, 3.624289), (0.033706, 0.490930, -0.005902, 0.870527)
44.15831, (1.497088, -0.602667, 3.628758), (0.036129, 0.487646, -0.005422, 0.872277)
44.17214, (1.486285, -0.607725, 3.632615), (0.039222, 0.483608, -0.005832, 0.874386)
44.18614, (1.476022, -0.616851, 3.635952), (0.041853, 0.479099, -0.006012, 0.876742)
44.19991, (1.465186, -0.624956, 3.644026), (0.045628, 0.475042, -0.007208, 0.878750)
44.21379, (1.456140, -0.633879, 3.650884), (0.049602, 0.470180, -0.008065, 0.881139)
44.22774, (1.447250, -0.647124, 3.655926), (0.052833, 0.465184, -0.008832, 0.883592)
44.24161, (1.434885, -0.659541, 3.663836), (0.058172, 0.460247, -0.009566, 0.885832)
44.25576, (1.425174, -0.671953, 3.671577), (0.062787, 0.454987, -0.010388, 0.888221)
44.2692, (1.417627, -0.682606, 3.676845), (0.067679, 0.449456, -0.011087, 0.890666)
44.28311, (1.411194, -0.693269, 3.681855), (0.073219, 0.444552, -0.013228, 0.892658)
44.29703, (1.405027, -0.707041, 3.686802), (0.078133, 0.440137, -0.013564, 0.894422)
44.31092, (1.399582, -0.719343, 3.693238), (0.082813, 0.435807, -0.014684, 0.896102)
44.32492, (1.394455, -0.731208, 3.701855), (0.087933, 0.432483, -0.015989, 0.897202)
44.33899, (1.389442, -0.742195, 3.708994), (0.092963, 0.428797, -0.017420, 0.898436)
44.35273, (1.385028, -0.753896, 3.714907), (0.098207, 0.424676, -0.018842, 0.899806)
44.36678, (1.380120, -0.764291, 3.725067), (0.103150, 0.421377, -0.020396, 0.900770)
44.38054, (1.375685, -0.773368, 3.737488), (0.106830, 0.418316, -0.021929, 0.901731)
44.39425, (1.371112, -0.781325, 3.750662), (0.109045, 0.415377, -0.022254, 0.902816)
44.40808, (1.368856, -0.789887, 3.762167), (0.111810, 0.411905, -0.022791, 0.904054)
44.42236, (1.366397, -0.799384, 3.774188), (0.114487, 0.408750, -0.022279, 0.905163)
44.43615, (1.364016, -0.806910, 3.786449), (0.117503, 0.405440, -0.022610, 0.906256)
44.44992, (1.359387, -0.817806, 3.798778), (0.119864, 0.402119, -0.022305, 0.907434)
44.46373, (1.353676, -0.827204, 3.813716), (0.122776, 0.399096, -0.022544, 0.908372)
44.47765, (1.349136, -0.835698, 3.828845), (0.126809, 0.395546, -0.022231, 0.909378)
44.49168, (1.344668, -0.843736, 3.843622), (0.130939, 0.391834, -0.021832, 0.910409)
44.50567, (1.344826, -0.850445, 3.857065), (0.134728, 0.386369, -0.021501, 0.912198)
44.51937, (1.339025, -0.855987, 3.875670), (0.138428, 0.381784, -0.019871, 0.913611)
44.53331, (1.338939, -0.863460, 3.892446), (0.141304, 0.376161, -0.019001, 0.915519)
44.54772, (1.337012, -0.871174, 3.911370), (0.144557, 0.369950, -0.017050, 0.917578)
44.56137, (1.336986, -0.879000, 3.928308), (0.145708, 0.362695, -0.015494, 0.920316)
44.57512, (1.334953, -0.884258, 3.948153), (0.148035, 0.356313, -0.014114, 0.922457)
44.5891, (1.333509, -0.894169, 3.964617), (0.149681, 0.349562, -0.014871, 0.924760)
44.60296, (1.333177, -0.901237, 3.982249), (0.152987, 0.342704, -0.015012, 0.926781)
44.61687, (1.332739, -0.910871, 4.000258), (0.156897, 0.336045, -0.015410, 0.928558)
44.6307, (1.332456, -0.921149, 4.018890), (0.160263, 0.329295, -0.015353, 0.930400)
44.64424, (1.335526, -0.928519, 4.039704), (0.163505, 0.322745, -0.016484, 0.932111)
44.65844, (1.341592, -0.934690, 4.056378), (0.166197, 0.315257, -0.016174, 0.934200)
44.67194, (1.343589, -0.943068, 4.072861), (0.168435, 0.309568, -0.016393, 0.935697)
44.68619, (1.351551, -0.948392, 4.089335), (0.171252, 0.302779, -0.016356, 0.937406)
44.6997, (1.357699, -0.950372, 4.107677), (0.174529, 0.298147, -0.015189, 0.938306)
44.71357, (1.366627, -0.954567, 4.122539), (0.176394, 0.294929, -0.014689, 0.938982)
44.72743, (1.378362, -0.959022, 4.131868), (0.177836, 0.293024, -0.014634, 0.939307)
44.74147, (1.392149, -0.962089, 4.139106), (0.179531, 0.293179, -0.015089, 0.938929)
44.75537, (1.411758, -0.965900, 4.136002), (0.180619, 0.297881, -0.015261, 0.937236)
44.76913, (1.431521, -0.965337, 4.134859), (0.184341, 0.305936, -0.014176, 0.933928)
44.7832, (1.459914, -0.967553, 4.123238), (0.188654, 0.318518, -0.014466, 0.928842)
44.79712, (1.486736, -0.969334, 4.112310), (0.192680, 0.333049, -0.015674, 0.922880)
44.81086, (1.508195, -0.973705, 4.109847), (0.195168, 0.339793, -0.014939, 0.919906)
44.82479, (1.536693, -0.976557, 4.100803), (0.197369, 0.349158, -0.016527, 0.915894)
44.83876, (1.574748, -0.982769, 4.079679), (0.196845, 0.385900, -0.019152, 0.901092)
44.85262, (1.602856, -0.983498, 4.061620), (0.201748, 0.404224, -0.019653, 0.891916)
44.86658, (1.632099, -0.982908, 4.047959), (0.205348, 0.420752, -0.019599, 0.883412)
44.88058, (1.660695, -0.986537, 4.031239), (0.206232, 0.435866, -0.019631, 0.875845)
44.89463, (1.686388, -0.992534, 4.021180), (0.204640, 0.449832, -0.020086, 0.869121)
44.90852, (1.711460, -0.998892, 4.007828), (0.204054, 0.460667, -0.020750, 0.863549)
44.92254, (1.740073, -1.000438, 3.994622), (0.205310, 0.470777, -0.022829, 0.857727)
44.93652, (1.764181, -1.006454, 3.977270), (0.205128, 0.477967, -0.024796, 0.853730)
44.95053, (1.786090, -1.014307, 3.964577), (0.204106, 0.485010, -0.025384, 0.849977)
44.96447, (1.807311, -1.020591, 3.951568), (0.204633, 0.489678, -0.026160, 0.847146)
44.97844, (1.830580, -1.025271, 3.941855), (0.206167, 0.492338, -0.027881, 0.845175)
44.99241, (1.847596, -1.033461, 3.931820), (0.206800, 0.496039, -0.029607, 0.842794)
45.00632, (1.863227, -1.039770, 3.921929), (0.208486, 0.496775, -0.033075, 0.841816)
45.02028, (1.881385, -1.048054, 3.908124), (0.209060, 0.498780, -0.035225, 0.840399)
45.03434, (1.894963, -1.057832, 3.895130), (0.211089, 0.500622, -0.037562, 0.838694)
45.04817, (1.908594, -1.068046, 3.881941), (0.213515, 0.502064, -0.039900, 0.837109)
45.06227, (1.927563, -1.074510, 3.870060), (0.215884, 0.504059, -0.042294, 0.835182)
45.07604, (1.945040, -1.081876, 3.857836), (0.217324, 0.507809, -0.044279, 0.832430)
45.09005, (1.952054, -1.088716, 3.858297), (0.219714, 0.501969, -0.048090, 0.835129)
45.1039, (1.967394, -1.096002, 3.848510), (0.221280, 0.504239, -0.050341, 0.833213)
45.11778, (1.979155, -1.106793, 3.837842), (0.221529, 0.504631, -0.052232, 0.832793)
45.13164, (1.993862, -1.114545, 3.828029), (0.222886, 0.506590, -0.054431, 0.831099)
45.14576, (1.998236, -1.122100, 3.821323), (0.225891, 0.505020, -0.052752, 0.831351)
45.15952, (2.006614, -1.128037, 3.813097), (0.227589, 0.505233, -0.053636, 0.830702)
45.17343, (2.012787, -1.133454, 3.807467), (0.228513, 0.504988, -0.053727, 0.830592)
45.18752, (2.020516, -1.139681, 3.800708), (0.229390, 0.504724, -0.054090, 0.830487)
45.20134, (2.024806, -1.143483, 3.795115), (0.229673, 0.504731, -0.055018, 0.830343)
45.2152, (2.027546, -1.147162, 3.789310), (0.229722, 0.504848, -0.056274, 0.830174)
45.22912, (2.030007, -1.148225, 3.783290), (0.229593, 0.505577, -0.057360, 0.829692)
45.24302, (2.030549, -1.147816, 3.780821), (0.229936, 0.506850, -0.058214, 0.828761)
45.25734, (2.024866, -1.146572, 3.781451), (0.229757, 0.509459, -0.058652, 0.827178)
45.27083, (2.016634, -1.144787, 3.785225), (0.229019, 0.512230, -0.058355, 0.825691)
45.28471, (2.003694, -1.142957, 3.795144), (0.227562, 0.515880, -0.058322, 0.823821)
45.29862, (2.009412, -1.148171, 3.789905), (0.225402, 0.520838, -0.057728, 0.821334)
45.31245, (1.957803, -1.137105, 3.834353), (0.224952, 0.525572, -0.056980, 0.818489)
45.32646, (1.933689, -1.136037, 3.854354), (0.224530, 0.530494, -0.056340, 0.815468)
45.34035, (1.900062, -1.138095, 3.886633), (0.225182, 0.536414, -0.052005, 0.811695)
45.35435, (1.873425, -1.138189, 3.920451), (0.226373, 0.540552, -0.046998, 0.808919)
45.36817, (1.842530, -1.142009, 3.957439), (0.228084, 0.543972, -0.039859, 0.806526)
45.38198, (1.806110, -1.151706, 3.993326), (0.227899, 0.547073, -0.031478, 0.804849)
45.39589, (1.768694, -1.157950, 4.028247), (0.231314, 0.547873, -0.023408, 0.803605)
45.40982, (1.729470, -1.167315, 4.069512), (0.234130, 0.547598, -0.016014, 0.803158)
45.42416, (1.689976, -1.175743, 4.109905), (0.236058, 0.547427, -0.009505, 0.802814)
45.43781, (1.648200, -1.188288, 4.154520), (0.236838, 0.546129, -0.002844, 0.803519)
45.452, (1.600496, -1.202840, 4.202111), (0.237209, 0.545506, 0.002602, 0.803834)
45.46564, (1.553186, -1.216267, 4.244915), (0.238631, 0.543688, 0.005904, 0.804627)
45.4793, (1.500340, -1.230429, 4.291400), (0.239442, 0.542987, 0.008994, 0.804831)
45.49314, (1.450769, -1.244045, 4.341168), (0.239920, 0.540050, 0.011731, 0.806627)
45.5072, (1.401525, -1.255542, 4.391305), (0.239364, 0.537375, 0.015063, 0.808521)
45.52116, (1.350733, -1.262993, 4.446325), (0.239917, 0.532067, 0.019918, 0.811756)
45.53481, (1.299611, -1.269966, 4.494287), (0.239189, 0.526741, 0.023720, 0.815334)
45.54876, (1.242192, -1.270990, 4.549346), (0.237032, 0.518225, 0.027170, 0.821292)
45.56274, (1.186749, -1.264263, 4.605748), (0.233415, 0.508474, 0.029764, 0.828303)
45.57668, (1.134876, -1.258675, 4.664658), (0.229137, 0.497498, 0.033438, 0.835987)
45.59073, (1.077298, -1.246644, 4.725521), (0.224668, 0.482991, 0.037079, 0.845500)
45.60456, (1.012762, -1.238624, 4.771500), (0.221848, 0.467981, 0.037131, 0.854634)
45.61829, (0.945881, -1.234257, 4.820807), (0.218098, 0.455118, 0.036061, 0.862555)
45.63223, (0.881083, -1.229322, 4.866138), (0.215523, 0.441738, 0.031870, 0.870288)
45.64598, (0.821040, -1.217809, 4.915167), (0.215791, 0.428382, 0.027363, 0.877026)
45.6598, (0.758095, -1.209930, 4.964279), (0.212563, 0.414440, 0.024102, 0.884576)
45.6735, (0.695658, -1.196140, 5.014683), (0.211487, 0.400453, 0.021644, 0.891315)
45.68705, (0.632286, -1.187030, 5.060861), (0.209673, 0.386608, 0.019602, 0.897879)
45.70093, (0.571218, -1.177332, 5.101219), (0.212758, 0.372016, 0.014535, 0.903397)
45.71477, (0.516848, -1.165564, 5.137329), (0.217361, 0.360292, 0.011149, 0.907094)
45.72889, (0.462703, -1.157188, 5.173659), (0.221016, 0.350249, 0.010241, 0.910150)
45.74244, (0.407636, -1.147404, 5.211576), (0.223138, 0.339701, 0.009235, 0.913634)
45.75623, (0.354794, -1.140345, 5.245413), (0.225387, 0.330573, 0.009084, 0.916428)
45.77002, (0.310762, -1.138064, 5.274824), (0.229842, 0.323360, 0.011743, 0.917863)
45.78388, (0.264241, -1.133451, 5.302605), (0.234276, 0.313493, 0.011847, 0.920161)
45.79778, (0.214074, -1.135195, 5.327870), (0.236415, 0.304793, 0.011394, 0.922540)
45.81161, (0.168154, -1.133436, 5.352088), (0.239643, 0.295549, 0.011851, 0.924706)
45.82538, (0.124202, -1.127541, 5.379002), (0.243118, 0.286187, 0.012115, 0.926738)
45.83925, (0.084124, -1.128687, 5.397873), (0.242957, 0.275962, 0.011733, 0.929881)
45.85315, (0.046024, -1.130214, 5.409030), (0.240394, 0.265971, 0.010421, 0.933467)
45.86699, (0.007846, -1.127830, 5.415855), (0.238661, 0.257632, 0.009062, 0.936261)
45.88087, (-0.031662, -1.131885, 5.423402), (0.235716, 0.250617, 0.006445, 0.938929)
45.89468, (-0.065357, -1.132767, 5.421317), (0.235381, 0.245274, 0.003890, 0.940437)
45.90862, (-0.101604, -1.139408, 5.417578), (0.234961, 0.240906, 0.001761, 0.941677)
45.92255, (-0.137514, -1.148142, 5.411758), (0.235036, 0.237979, -0.000436, 0.942403)
45.93645, (-0.165878, -1.153461, 5.407403), (0.236246, 0.233051, -0.003403, 0.943326)
45.95037, (-0.199672, -1.161529, 5.402391), (0.235223, 0.228592, -0.007561, 0.944647)
45.96408, (-0.239459, -1.169090, 5.397597), (0.234414, 0.224948, -0.012118, 0.945675)
45.9779, (-0.274800, -1.176854, 5.389662), (0.233879, 0.221421, -0.016166, 0.946579)
45.99183, (-0.309359, -1.185497, 5.377577), (0.235118, 0.219507, -0.018834, 0.946669)
46.00565, (-0.336924, -1.194288, 5.361958), (0.237385, 0.217472, -0.021879, 0.946507)
46.01958, (-0.369231, -1.199958, 5.349913), (0.239356, 0.215321, -0.023475, 0.946464)
46.03346, (-0.401572, -1.206921, 5.334664), (0.239942, 0.212719, -0.026058, 0.946837)
46.04737, (-0.436506, -1.209327, 5.325510), (0.241441, 0.209057, -0.028132, 0.947212)
46.0616, (-0.470566, -1.216879, 5.313657), (0.241405, 0.205142, -0.030987, 0.947988)
46.07541, (-0.506029, -1.221108, 5.303679), (0.241573, 0.200435, -0.033592, 0.948863)
46.08958, (-0.539864, -1.229084, 5.290207), (0.241999, 0.195353, -0.036531, 0.949705)
46.10304, (-0.578195, -1.234983, 5.275651), (0.244552, 0.190117, -0.038619, 0.950031)
46.11686, (-0.616272, -1.243439, 5.256079), (0.247235, 0.185081, -0.041457, 0.950211)
46.13082, (-0.654703, -1.248510, 5.239891), (0.249301, 0.179455, -0.044017, 0.950635)
46.14474, (-0.693310, -1.258142, 5.222913), (0.249336, 0.172710, -0.046313, 0.951766)
46.15857, (-0.734966, -1.264749, 5.208864), (0.250612, 0.167430, -0.049182, 0.952230)
46.17251, (-0.775578, -1.269779, 5.191303), (0.252644, 0.160519, -0.050545, 0.952812)
46.18645, (-0.812120, -1.270794, 5.174226), (0.255050, 0.152992, -0.050444, 0.953414)
46.20037, (-0.851211, -1.275334, 5.153940), (0.256758, 0.147340, -0.051533, 0.953787)
46.21434, (-0.890353, -1.280625, 5.134358), (0.257583, 0.140940, -0.052649, 0.954471)
46.22821, (-0.934339, -1.280609, 5.117840), (0.256312, 0.134693, -0.053973, 0.955641)
46.24214, (-0.972228, -1.284732, 5.098040), (0.255963, 0.127593, -0.056219, 0.956579)
46.25677, (-1.013198, -1.291239, 5.074146), (0.254410, 0.120791, -0.058189, 0.957757)
46.27007, (-1.054072, -1.295469, 5.049948), (0.254934, 0.114477, -0.059286, 0.958326)
46.28379, (-1.093844, -1.298314, 5.022503), (0.255498, 0.107245, -0.059657, 0.958989)
46.29774, (-1.137096, -1.298091, 4.996789), (0.257241, 0.101276, -0.060365, 0.959128)
46.3116, (-1.182002, -1.297939, 4.973140), (0.257386, 0.095426, -0.060912, 0.959654)
46.32557, (-1.224306, -1.302733, 4.948405), (0.256381, 0.089266, -0.062196, 0.960433)
46.33945, (-1.265682, -1.303180, 4.926185), (0.256063, 0.083037, -0.062927, 0.961029)
46.35334, (-1.308800, -1.302847, 4.902233), (0.255894, 0.076988, -0.062263, 0.961621)
46.36731, (-1.351556, -1.301806, 4.874394), (0.255927, 0.071893, -0.062837, 0.961969)
46.38115, (-1.391673, -1.298420, 4.847923), (0.256029, 0.066915, -0.062927, 0.962295)
46.39505, (-1.433701, -1.295425, 4.819644), (0.254823, 0.063330, -0.063391, 0.962827)
46.40944, (-1.474249, -1.293378, 4.793405), (0.254306, 0.059853, -0.063008, 0.963211)
46.42293, (-1.515569, -1.293175, 4.765007), (0.253623, 0.055219, -0.063605, 0.963629)
46.43685, (-1.558906, -1.290333, 4.738870), (0.253661, 0.048508, -0.060409, 0.964186)
46.45101, (-1.599708, -1.289344, 4.711592), (0.253660, 0.041873, -0.059072, 0.964580)
46.46477, (-1.638511, -1.286933, 4.680357), (0.253524, 0.032007, -0.056287, 0.965160)
46.47903, (-1.678456, -1.284974, 4.653281), (0.251982, 0.025233, -0.055919, 0.965786)
46.49259, (-1.717781, -1.281414, 4.630436), (0.251048, 0.018507, -0.055538, 0.966203)
46.50666, (-1.753233, -1.280228, 4.611069), (0.249496, 0.011418, -0.055623, 0.966710)
46.52027, (-1.791711, -1.281207, 4.588482), (0.248088, 0.004997, -0.054776, 0.967175)
46.53408, (-1.827557, -1.281079, 4.572165), (0.247713, -0.001124, -0.053497, 0.967355)
46.54792, (-1.863294, -1.282830, 4.551795), (0.247024, -0.006828, -0.052206, 0.967578)
46.56194, (-1.900753, -1.284693, 4.532129), (0.247093, -0.011186, -0.051151, 0.967576)
46.57579, (-1.939567, -1.287428, 4.515415), (0.247643, -0.015259, -0.048753, 0.967504)
46.58971, (-1.972964, -1.292728, 4.498202), (0.247699, -0.019847, -0.047046, 0.967491)
46.60375, (-2.006996, -1.298110, 4.483250), (0.248566, -0.023131, -0.043815, 0.967347)
46.61758, (-2.038238, -1.303972, 4.468179), (0.249271, -0.027022, -0.041392, 0.967171)
46.63155, (-2.073063, -1.307822, 4.452102), (0.250183, -0.029969, -0.037355, 0.967014)
46.64534, (-2.103651, -1.315111, 4.435781), (0.250527, -0.033202, -0.034059, 0.966941)
46.65928, (-2.132845, -1.319715, 4.423656), (0.251207, -0.035799, -0.029876, 0.966810)
46.67365, (-2.164186, -1.325741, 4.409838), (0.251618, -0.037646, -0.024925, 0.966773)
46.68756, (-2.190063, -1.330117, 4.397631), (0.253261, -0.040002, -0.021578, 0.966330)
46.70143, (-2.215027, -1.335789, 4.385092), (0.254422, -0.040558, -0.018650, 0.966063)
46.71529, (-2.240818, -1.341839, 4.373700), (0.254422, -0.041002, -0.015074, 0.966106)
46.72911, (-2.263664, -1.343497, 4.365782), (0.254886, -0.041950, -0.011503, 0.965992)
46.74298, (-2.281502, -1.346481, 4.359806), (0.254750, -0.043237, -0.008291, 0.966004)
46.75673, (-2.301009, -1.346195, 4.357278), (0.253546, -0.044658, -0.003629, 0.966285)
46.77082, (-2.319173, -1.345916, 4.355784), (0.252668, -0.045443, 0.000243, 0.966485)
46.78482, (-2.331394, -1.345019, 4.355020), (0.251647, -0.046379, 0.003603, 0.966701)
46.7983, (-2.346866, -1.344885, 4.352783), (0.250922, -0.047280, 0.006593, 0.966830)
46.8122, (-2.356388, -1.344101, 4.356490), (0.250640, -0.048488, 0.008136, 0.966831)
46.82614, (-2.371869, -1.340103, 4.360899), (0.250366, -0.048528, 0.010339, 0.966879)
46.84007, (-2.378876, -1.337297, 4.370050), (0.249436, -0.049116, 0.011283, 0.967079)
46.85387, (-2.384966, -1.333628, 4.381042), (0.249107, -0.049472, 0.012064, 0.967136)
46.86781, (-2.392050, -1.331151, 4.388763), (0.248505, -0.050065, 0.013094, 0.967247)
46.88176, (-2.395159, -1.329933, 4.401669), (0.247950, -0.050152, 0.012765, 0.967390)
46.89577, (-2.398795, -1.327305, 4.416793), (0.247689, -0.050105, 0.012473, 0.967463)
46.90961, (-2.400110, -1.326430, 4.435209), (0.247349, -0.049396, 0.011911, 0.967593)
46.92366, (-2.400988, -1.326698, 4.454319), (0.246521, -0.049015, 0.012047, 0.967822)
46.93747, (-2.401071, -1.327615, 4.474271), (0.245811, -0.048623, 0.012376, 0.968019)
46.95128, (-2.400416, -1.329997, 4.496547), (0.245209, -0.048215, 0.012806, 0.968186)
46.96518, (-2.398252, -1.332145, 4.522075), (0.245660, -0.048595, 0.012525, 0.968056)
46.97923, (-2.397040, -1.336437, 4.547866), (0.246671, -0.048686, 0.011832, 0.967803)
46.99295, (-2.394917, -1.343544, 4.575936), (0.247081, -0.048582, 0.011189, 0.967711)
47.0068, (-2.392238, -1.349461, 4.607502), (0.249154, -0.048258, 0.009508, 0.967214)
47.02121, (-2.388608, -1.354641, 4.642397), (0.250522, -0.047544, 0.008855, 0.966902)
47.03463, (-2.384038, -1.359318, 4.676727), (0.251754, -0.047496, 0.008463, 0.966588)
47.04863, (-2.379715, -1.364800, 4.711300), (0.252671, -0.047268, 0.008191, 0.966362)
47.06269, (-2.375753, -1.368852, 4.758535), (0.255821, -0.046891, 0.008093, 0.965552)
47.07641, (-2.370954, -1.373295, 4.802977), (0.257516, -0.046424, 0.007883, 0.965126)
47.09018, (-2.366859, -1.377134, 4.852271), (0.259089, -0.046070, 0.008665, 0.964715)
47.10407, (-2.363537, -1.381880, 4.892018), (0.260374, -0.045808, 0.008585, 0.964382)
47.118, (-2.360335, -1.386051, 4.938758), (0.261646, -0.045389, 0.008523, 0.964058)
47.13185, (-2.364236, -1.388420, 5.020548), (0.261432, -0.044780, 0.008482, 0.964145)
47.14573, (-2.365320, -1.392525, 5.081201), (0.261741, -0.044234, 0.007459, 0.964095)
47.15958, (-2.366990, -1.397678, 5.140124), (0.261734, -0.043800, 0.006242, 0.964126)
47.17371, (-2.368046, -1.404761, 5.197596), (0.261998, -0.043526, 0.005481, 0.964071)
47.18736, (-2.370457, -1.412083, 5.251281), (0.262218, -0.042241, 0.004584, 0.964073)
47.20143, (-2.367676, -1.414584, 5.310690), (0.263502, -0.041349, 0.003558, 0.963766)
47.21508, (-2.368622, -1.418951, 5.368781), (0.263431, -0.039897, 0.002415, 0.963850)
47.22899, (-2.366437, -1.421497, 5.421531), (0.263827, -0.037240, 0.001877, 0.963849)
47.24292, (-2.366262, -1.426989, 5.476877), (0.264048, -0.035650, 0.001194, 0.963850)
47.25678, (-2.364297, -1.428039, 5.525185), (0.262874, -0.032686, 0.001475, 0.964275)
47.27066, (-2.364216, -1.431642, 5.578838), (0.263064, -0.031193, 0.000949, 0.964274)
47.28463, (-2.364134, -1.435243, 5.632487), (0.263254, -0.029700, 0.000422, 0.964269)
47.29847, (-2.364053, -1.438844, 5.686140), (0.263442, -0.028206, -0.000104, 0.964263)
47.31237, (-2.361293, -1.446505, 5.725312), (0.267155, -0.026214, -0.001891, 0.963295)
47.32624, (-2.362295, -1.450284, 5.758369), (0.267876, -0.025302, -0.001372, 0.963120)
47.34016, (-2.361188, -1.452178, 5.790320), (0.269641, -0.024134, -0.001633, 0.962657)
47.35424, (-2.366214, -1.436564, 5.804307), (0.272427, -0.023234, 0.001321, 0.961895)
47.36784, (-2.367729, -1.434619, 5.840464), (0.273835, -0.023911, 0.002861, 0.961475)
47.38168, (-2.369163, -1.429588, 5.874637), (0.275077, -0.024321, 0.003828, 0.961107)
47.39556, (-2.371388, -1.425728, 5.908650), (0.274605, -0.026337, 0.004697, 0.961185)
47.40944, (-2.370831, -1.420244, 5.939006), (0.274511, -0.027267, 0.005137, 0.961184)
47.4234, (-2.367977, -1.413474, 5.966489), (0.274516, -0.026899, 0.004903, 0.961194)
47.43734, (-2.364304, -1.406354, 5.993514), (0.275514, -0.024778, 0.004903, 0.960965)
47.45115, (-2.360306, -1.400931, 6.019802), (0.275327, -0.022302, 0.005201, 0.961078)
47.46502, (-2.354262, -1.396875, 6.043587), (0.273689, -0.018671, 0.005492, 0.961621)
47.47891, (-2.347672, -1.392058, 6.069504), (0.272548, -0.014933, 0.006247, 0.962006)
47.49286, (-2.338284, -1.389178, 6.090407), (0.269816, -0.010051, 0.007438, 0.962831)
47.5068, (-2.325531, -1.386201, 6.108278), (0.267938, -0.004813, 0.009240, 0.963380)
47.52063, (-2.314715, -1.381394, 6.123843), (0.266714, 0.001827, 0.011713, 0.963703)
47.53444, (-2.300123, -1.382530, 6.129474), (0.263698, 0.010739, 0.014939, 0.964430)
47.54859, (-2.282572, -1.375964, 6.142348), (0.262685, 0.019506, 0.018479, 0.964507)
47.56255, (-2.259677, -1.370820, 6.156272), (0.261004, 0.027515, 0.021647, 0.964703)
47.57598, (-2.248868, -1.362642, 6.158803), (0.258350, 0.036872, 0.025913, 0.965000)
47.58984, (-2.229044, -1.354733, 6.160398), (0.259059, 0.047052, 0.025139, 0.964387)
47.60361, (-2.206326, -1.352241, 6.157320), (0.257633, 0.056231, 0.026819, 0.964232)
47.61768, (-2.182968, -1.348788, 6.153375), (0.254761, 0.066873, 0.026004, 0.964339)
47.63142, (-2.163136, -1.343979, 6.154410), (0.252606, 0.075946, 0.026834, 0.964211)
47.64534, (-2.143984, -1.338980, 6.157338), (0.250964, 0.084208, 0.028067, 0.963918)
47.65918, (-2.090762, -1.322149, 6.130917), (0.245279, 0.098171, 0.022861, 0.964198)
47.673, (-2.062270, -1.314274, 6.119908), (0.243299, 0.109429, 0.022362, 0.963499)
47.6872, (-2.024929, -1.322517, 6.095276), (0.238141, 0.118892, 0.027705, 0.963528)
47.70112, (-1.989080, -1.300923, 6.084685), (0.242975, 0.129960, 0.026539, 0.960921)
47.71483, (-1.957345, -1.297370, 6.052544), (0.241650, 0.137812, 0.032408, 0.959981)
47.72882, (-1.925692, -1.282200, 6.039619), (0.243718, 0.149457, 0.027898, 0.957855)
47.74264, (-1.895909, -1.269604, 6.015066), (0.237942, 0.159577, 0.026584, 0.957712)
47.75718, (-1.864171, -1.259738, 5.993498), (0.235335, 0.168414, 0.024934, 0.956887)
47.77019, (-1.829450, -1.249964, 5.964570), (0.234707, 0.176757, 0.025193, 0.955529)
47.78419, (-1.801876, -1.247462, 5.929161), (0.233886, 0.183633, 0.025507, 0.954424)
47.79764, (-1.778747, -1.239672, 5.896202), (0.232110, 0.188913, 0.024568, 0.953852)
47.81155, (-1.756593, -1.226133, 5.868641), (0.230526, 0.194027, 0.024922, 0.953200)
47.82545, (-1.734174, -1.214112, 5.836854), (0.228489, 0.197493, 0.026261, 0.952943)
47.83942, (-1.709019, -1.203867, 5.799765), (0.225960, 0.200153, 0.027753, 0.952948)
47.85324, (-1.682466, -1.194556, 5.766964), (0.224577, 0.203091, 0.028024, 0.952646)
47.86715, (-1.663945, -1.188605, 5.726122), (0.223279, 0.202615, 0.029635, 0.953004)
47.88118, (-1.648984, -1.177859, 5.689626), (0.221519, 0.204973, 0.029328, 0.952919)
47.89549, (-1.625414, -1.168982, 5.648445), (0.218469, 0.205560, 0.027585, 0.953549)
47.90884, (-1.603820, -1.161834, 5.603344), (0.216131, 0.207192, 0.026326, 0.953764)
47.92274, (-1.578961, -1.152372, 5.558995), (0.216173, 0.209066, 0.026883, 0.953330)
47.9366, (-1.556010, -1.143868, 5.509651), (0.214752, 0.211519, 0.026772, 0.953113)
47.95054, (-1.534957, -1.136309, 5.463506), (0.213353, 0.214499, 0.026521, 0.952768)
47.96437, (-1.512943, -1.127944, 5.419574), (0.211777, 0.217349, 0.026405, 0.952477)
47.97836, (-1.485707, -1.119848, 5.371815), (0.209018, 0.221412, 0.023587, 0.952225)
47.9922, (-1.462666, -1.111641, 5.326757), (0.207246, 0.224455, 0.023054, 0.951913)
48.00613, (-1.439626, -1.103433, 5.281701), (0.205471, 0.227494, 0.022520, 0.951589)
48.02023, (-1.410941, -1.084838, 5.219593), (0.200321, 0.231298, 0.018222, 0.951862)
48.03404, (-1.386337, -1.076208, 5.166407), (0.197947, 0.233399, 0.017136, 0.951866)
48.0486, (-1.365606, -1.067256, 5.113583), (0.194813, 0.236158, 0.015940, 0.951853)
48.06194, (-1.348276, -1.055331, 5.066082), (0.192322, 0.239101, 0.014567, 0.951647)
48.07559, (-1.322658, -1.045988, 5.012145), (0.188740, 0.242337, 0.011492, 0.951587)
48.08943, (-1.301572, -1.035043, 4.960736), (0.185115, 0.244778, 0.011745, 0.951671)
48.10341, (-1.280037, -1.022074, 4.913749), (0.180036, 0.246466, 0.011589, 0.952212)
48.1172, (-1.252717, -1.008263, 4.869082), (0.175754, 0.246452, 0.012258, 0.953007)
48.1311, (-1.233799, -0.983874, 4.826105), (0.169590, 0.245531, 0.009530, 0.954391)
48.14502, (-1.213549, -0.976163, 4.778965), (0.161369, 0.247183, 0.009070, 0.955394)
48.15889, (-1.192620, -0.953188, 4.726872), (0.156351, 0.246707, 0.008218, 0.956359)
48.173, (-1.176219, -0.936709, 4.672795), (0.151895, 0.248743, 0.006622, 0.956562)
48.18685, (-1.160652, -0.921136, 4.617407), (0.144713, 0.253476, 0.007146, 0.956429)
48.20112, (-1.136198, -0.902758, 4.561671), (0.136978, 0.257640, 0.005889, 0.956464)
48.21454, (-1.115345, -0.878844, 4.512484), (0.129217, 0.263440, 0.005210, 0.955968)
48.22829, (-1.094859, -0.862052, 4.458027), (0.121560, 0.268247, 0.002946, 0.955645)
48.24211, (-1.081516, -0.848320, 4.397915), (0.112554, 0.273639, 0.002485, 0.955221)
48.2562, (-1.067242, -0.822442, 4.345241), (0.102938, 0.279107, -0.001443, 0.954726)
48.26981, (-1.054908, -0.807929, 4.295578), (0.091922, 0.284669, -0.004114, 0.954200)
48.28373, (-1.039994, -0.791082, 4.243095), (0.085167, 0.287337, -0.005751, 0.954018)
48.29753, (-1.031221, -0.775397, 4.190890), (0.080391, 0.290299, -0.007399, 0.953525)
48.31154, (-1.028831, -0.763303, 4.134575), (0.076515, 0.291825, -0.008347, 0.953370)
48.32528, (-1.021671, -0.752287, 4.079895), (0.071423, 0.294272, -0.010078, 0.952996)
48.33917, (-1.010385, -0.734521, 4.030962), (0.066245, 0.295868, -0.012070, 0.952853)
48.35324, (-1.001742, -0.719943, 3.982763), (0.058736, 0.297973, -0.015098, 0.952646)
48.367, (-0.994860, -0.707150, 3.940960), (0.049891, 0.299907, -0.017859, 0.952496)
48.38083, (-0.993538, -0.694900, 3.898260), (0.042758, 0.301499, -0.019043, 0.952317)
48.3946, (-0.991387, -0.685570, 3.853682), (0.035595, 0.301736, -0.020961, 0.952496)
48.40853, (-0.991785, -0.675404, 3.814844), (0.029079, 0.302286, -0.022079, 0.952518)
48.42253, (-0.987313, -0.660980, 3.785823), (0.026027, 0.302189, -0.024200, 0.952585)
48.43624, (-0.985514, -0.656313, 3.752822), (0.020151, 0.300978, -0.023110, 0.953138)
48.45021, (-0.987475, -0.647984, 3.727185), (0.019858, 0.298059, -0.023672, 0.954047)
48.46393, (-0.990304, -0.643317, 3.701083), (0.017117, 0.296089, -0.024772, 0.954686)
48.47783, (-0.991543, -0.641707, 3.680285), (0.011946, 0.294258, -0.027140, 0.955266)
48.49172, (-0.991060, -0.635111, 3.656934), (0.006813, 0.292933, -0.027658, 0.955709)
48.506, (-0.995007, -0.630938, 3.651767), (0.002745, 0.290737, -0.032552, 0.956245)
48.51947, (-1.001398, -0.628406, 3.642234), (0.000021, 0.288915, -0.034678, 0.956726)
48.53326, (-1.002061, -0.630161, 3.631013), (-0.000261, 0.285747, -0.036006, 0.957628)
48.54708, (-1.003485, -0.626839, 3.628467), (0.000967, 0.283757, -0.036995, 0.958182)
48.56097, (-1.001035, -0.624394, 3.624440), (0.001541, 0.281447, -0.038108, 0.958819)
48.5753, (-1.001389, -0.618240, 3.625505), (0.001285, 0.280362, -0.039295, 0.959089)
48.58922, (-1.002790, -0.614326, 3.626601), (-0.000870, 0.279751, -0.040983, 0.959197)
48.60294, (-1.002948, -0.606811, 3.630414), (-0.005284, 0.280000, -0.042408, 0.959048)
48.61653, (-0.999962, -0.597996, 3.639810), (-0.009902, 0.281657, -0.044461, 0.958434)
48.6303, (-0.998121, -0.590178, 3.650694), (-0.014140, 0.283603, -0.044056, 0.957825)
48.64471, (-0.997383, -0.582798, 3.665767), (-0.016195, 0.284712, -0.043017, 0.957510)
48.65813, (-0.997243, -0.575032, 3.677251), (-0.018628, 0.284609, -0.042598, 0.957516)
48.67203, (-0.995876, -0.566468, 3.689910), (-0.020958, 0.284405, -0.041691, 0.957568)
48.68584, (-0.992625, -0.561214, 3.704009), (-0.023856, 0.284579, -0.040810, 0.957486)
48.69975, (-0.988528, -0.555419, 3.717587), (-0.022978, 0.285770, -0.039293, 0.957216)
48.71368, (-0.984465, -0.555571, 3.734235), (-0.023702, 0.286539, -0.036446, 0.957082)
48.7275, (-0.979639, -0.547053, 3.754915), (-0.023600, 0.286929, -0.036285, 0.956974)
48.74139, (-0.973838, -0.541369, 3.779326), (-0.026046, 0.286142, -0.036887, 0.957123)
48.75527, (-0.967330, -0.535439, 3.804997), (-0.029653, 0.284779, -0.038134, 0.957375)
48.7692, (-0.962386, -0.532460, 3.833883), (-0.033517, 0.283716, -0.037771, 0.957578)
48.78309, (-0.957832, -0.524153, 3.857336), (-0.033913, 0.282721, -0.037349, 0.957875)
48.79714, (-0.953000, -0.513517, 3.880376), (-0.033207, 0.281480, -0.037079, 0.958275)
48.81128, (-0.947393, -0.508769, 3.907842), (-0.033172, 0.280931, -0.037136, 0.958435)
48.82498, (-0.944504, -0.505364, 3.934763), (-0.031665, 0.280476, -0.036916, 0.958628)
48.83892, (-0.942358, -0.501109, 3.964435), (-0.031108, 0.278865, -0.036868, 0.959118)
48.8527, (-0.940443, -0.493572, 3.996135), (-0.030859, 0.277602, -0.036931, 0.959490)
48.86664, (-0.934851, -0.486869, 4.028305), (-0.031699, 0.276734, -0.036097, 0.959745)
48.88033, (-0.928763, -0.480239, 4.060651), (-0.033453, 0.276386, -0.034687, 0.959838)
48.89419, (-0.922695, -0.475117, 4.092813), (-0.033083, 0.277652, -0.033473, 0.959528)
48.90829, (-0.917683, -0.475934, 4.123253), (-0.031667, 0.278096, -0.032034, 0.959497)
48.92181, (-0.912935, -0.480176, 4.160539), (-0.029247, 0.278106, -0.030113, 0.959633)
48.93571, (-0.908799, -0.482885, 4.195366), (-0.024827, 0.276545, -0.029468, 0.960228)
48.94967, (-0.902261, -0.490563, 4.234856), (-0.020159, 0.273948, -0.029396, 0.961084)
48.96359, (-0.894733, -0.500779, 4.275036), (-0.015900, 0.272021, -0.030954, 0.961662)
48.97743, (-0.886246, -0.512166, 4.315369), (-0.009874, 0.269141, -0.033431, 0.962470)
48.99134, (-0.877616, -0.529593, 4.356141), (-0.002952, 0.266598, -0.035265, 0.963158)
49.00523, (-0.866132, -0.552478, 4.399347), (0.006877, 0.264351, -0.036925, 0.963695)
49.01913, (-0.852015, -0.574611, 4.442142), (0.016433, 0.261905, -0.038576, 0.964182)
49.03309, (-0.836206, -0.598646, 4.485958), (0.026320, 0.259377, -0.039594, 0.964605)
49.04715, (-0.821106, -0.623320, 4.530039), (0.035148, 0.257274, -0.041029, 0.964827)
49.06095, (-0.802361, -0.650144, 4.570504), (0.045873, 0.255223, -0.044374, 0.964774)
49.07504, (-0.781393, -0.683754, 4.608505), (0.057279, 0.253531, -0.045894, 0.964539)
49.08875, (-0.754811, -0.714041, 4.647237), (0.069792, 0.252687, -0.048636, 0.963801)
49.10264, (-0.729452, -0.747579, 4.680495), (0.077901, 0.251365, -0.049837, 0.963464)
49.1167, (-0.701408, -0.774655, 4.714977), (0.087450, 0.250325, -0.053141, 0.962739)
49.13058, (-0.676366, -0.807526, 4.744157), (0.095567, 0.249164, -0.057116, 0.962041)
49.14445, (-0.649086, -0.832816, 4.771393), (0.103473, 0.247935, -0.062378, 0.961213)
49.1584, (-0.620615, -0.859587, 4.795361), (0.109639, 0.247324, -0.067499, 0.960341)
49.17241, (-0.590765, -0.882535, 4.815644), (0.115169, 0.247505, -0.072568, 0.959276)
49.18625, (-0.565294, -0.902807, 4.830030), (0.120562, 0.248647, -0.076428, 0.958018)
49.20021, (-0.541415, -0.925022, 4.838569), (0.123814, 0.249751, -0.081445, 0.956902)
49.21418, (-0.516356, -0.947194, 4.856540), (0.129322, 0.249839, -0.085989, 0.955752)
49.22816, (-0.495001, -0.956008, 4.855062), (0.129571, 0.250130, -0.093249, 0.954961)
49.24203, (-0.468478, -0.971106, 4.861222), (0.130998, 0.249323, -0.096637, 0.954641)
49.25597, (-0.437902, -0.983867, 4.865194), (0.133400, 0.247802, -0.099585, 0.954401)
49.26994, (-0.408579, -0.994538, 4.866407), (0.135871, 0.246625, -0.101466, 0.954159)
49.28384, (-0.381986, -1.004739, 4.860511), (0.138241, 0.245025, -0.103277, 0.954037)
49.2977, (-0.348700, -1.009732, 4.851714), (0.140165, 0.241849, -0.107188, 0.954135)
49.31176, (-0.316632, -1.017302, 4.838889), (0.140878, 0.239930, -0.111876, 0.953976)
49.3256, (-0.272559, -1.027454, 4.816087), (0.137627, 0.238538, -0.117598, 0.954112)
49.33961, (-0.230986, -1.034641, 4.798107), (0.136283, 0.237380, -0.122697, 0.953951)
49.35343, (-0.180014, -1.043029, 4.769408), (0.130584, 0.235014, -0.131494, 0.954162)
49.36737, (-0.131102, -1.049088, 4.746060), (0.124997, 0.232598, -0.142076, 0.953986)
49.38126, (-0.079976, -1.057307, 4.717008), (0.117597, 0.229870, -0.153980, 0.953741)
49.39513, (-0.027199, -1.068362, 4.689041), (0.113104, 0.227857, -0.165418, 0.952851)
49.40908, (0.024641, -1.083037, 4.656551), (0.108311, 0.227426, -0.175956, 0.951623)
49.42327, (0.076298, -1.099480, 4.618023), (0.103934, 0.226899, -0.185646, 0.950395)
49.43684, (0.128415, -1.116467, 4.583336), (0.098873, 0.226405, -0.194892, 0.949201)
49.4507, (0.183858, -1.133929, 4.551924), (0.093729, 0.224110, -0.202191, 0.948740)
49.46453, (0.237825, -1.143574, 4.521402), (0.090101, 0.221881, -0.211536, 0.947578)
49.47841, (0.288891, -1.153851, 4.489172), (0.085947, 0.218861, -0.221337, 0.946426)
49.49228, (0.343668, -1.168586, 4.455061), (0.080755, 0.215418, -0.229835, 0.945648)
49.50644, (0.397314, -1.185542, 4.421443), (0.075001, 0.212692, -0.237877, 0.944750)
49.51999, (0.451002, -1.203126, 4.390112), (0.069524, 0.209986, -0.244556, 0.944068)
49.5339, (0.504407, -1.218730, 4.359972), (0.066218, 0.206783, -0.249154, 0.943811)
49.5478, (0.555385, -1.231154, 4.331284), (0.063010, 0.204495, -0.255753, 0.942763)
49.56163, (0.604470, -1.241076, 4.302979), (0.059552, 0.202926, -0.261639, 0.941711)
49.57539, (0.660365, -1.256229, 4.275658), (0.055126, 0.201131, -0.267341, 0.940764)
49.58931, (0.715793, -1.273208, 4.253113), (0.051179, 0.200366, -0.272401, 0.939698)
49.6031, (0.770041, -1.290662, 4.230623), (0.047026, 0.199800, -0.276874, 0.938728)
49.61697, (0.819822, -1.306528, 4.210433), (0.043239, 0.199547, -0.281142, 0.937694)
49.63096, (0.869006, -1.322485, 4.190428), (0.040623, 0.198190, -0.284525, 0.937078)
49.64501, (0.913543, -1.334671, 4.169189), (0.039379, 0.196953, -0.288701, 0.936115)
49.6595, (0.959973, -1.350030, 4.150622), (0.037093, 0.195537, -0.293385, 0.935048)
49.67259, (1.008107, -1.371450, 4.136079), (0.035798, 0.193972, -0.296539, 0.934430)
49.68664, (1.054450, -1.390134, 4.120701), (0.034510, 0.191957, -0.298964, 0.934121)
49.7002, (1.099616, -1.412392, 4.104269), (0.032277, 0.188969, -0.302202, 0.933768)
49.71395, (1.138018, -1.424812, 4.088522), (0.031524, 0.186262, -0.304711, 0.933522)
49.728, (1.184445, -1.443611, 4.072761), (0.029948, 0.181517, -0.308916, 0.933127)
49.74179, (1.230379, -1.468312, 4.057648), (0.028386, 0.177464, -0.312105, 0.932894)
49.75571, (1.276311, -1.490685, 4.040956), (0.027674, 0.173210, -0.313688, 0.933184)
49.76962, (1.323360, -1.514049, 4.024555), (0.027113, 0.168714, -0.316053, 0.933226)
49.78347, (1.369357, -1.538302, 4.008539), (0.025877, 0.164616, -0.319820, 0.932710)
49.79811, (1.416806, -1.556852, 3.994074), (0.024749, 0.161116, -0.325304, 0.931454)
49.81173, (1.464101, -1.573982, 3.979366), (0.023672, 0.158988, -0.332702, 0.929232)
49.82536, (1.509189, -1.594201, 3.965690), (0.020559, 0.158053, -0.339255, 0.927094)
49.83934, (1.558449, -1.613563, 3.952250), (0.018797, 0.155700, -0.345087, 0.925375)
49.85309, (1.602222, -1.632540, 3.944002), (0.015756, 0.156265, -0.349370, 0.923728)
49.86702, (1.646312, -1.653595, 3.932913), (0.013856, 0.155070, -0.353488, 0.922392)
49.88377, (1.686541, -1.673505, 3.922839), (0.012062, 0.153749, -0.356629, 0.921429)
49.89801, (1.729402, -1.693203, 3.913501), (0.009888, 0.151740, -0.359248, 0.920771)
49.91161, (1.771166, -1.711892, 3.906649), (0.007977, 0.150117, -0.361947, 0.919998)
49.92524, (1.811944, -1.731718, 3.901221), (0.005093, 0.149209, -0.364493, 0.919160)
49.93943, (1.853986, -1.756265, 3.894732), (0.001936, 0.147600, -0.367866, 0.918088)
49.95985, (1.888153, -1.778688, 3.892615), (0.000293, 0.145901, -0.371067, 0.917073)
49.96479, (1.927426, -1.800903, 3.886303), (-0.001435, 0.143937, -0.374521, 0.915977)
49.9798, (1.963037, -1.825240, 3.881769), (-0.001788, 0.141664, -0.377915, 0.914936)
49.99234, (1.998439, -1.846876, 3.876960), (-0.000585, 0.140490, -0.381903, 0.913462)
50.00562, (2.036544, -1.873565, 3.871442), (-0.002100, 0.138394, -0.385734, 0.912169)
50.01907, (2.068812, -1.894988, 3.875749), (-0.002093, 0.139457, -0.390381, 0.910027)
50.03304, (2.101556, -1.919284, 3.874901), (-0.003072, 0.139258, -0.393704, 0.908622)
50.04703, (2.135113, -1.944178, 3.876455), (-0.002883, 0.138553, -0.396619, 0.907463)
50.06123, (2.169419, -1.966323, 3.875468), (-0.003198, 0.137840, -0.399224, 0.906427)
50.07522, (2.200042, -1.983117, 3.879108), (-0.001235, 0.138446, -0.402727, 0.904789)
50.08875, (2.228641, -2.000387, 3.882147), (-0.000661, 0.139200, -0.404981, 0.903667)
50.10267, (2.258634, -2.019745, 3.887300), (-0.000782, 0.140328, -0.407074, 0.902551)
50.11685, (2.286319, -2.038382, 3.891212), (-0.000597, 0.141504, -0.408929, 0.901529)
50.13054, (2.313986, -2.058613, 3.895458), (-0.000664, 0.141913, -0.410959, 0.900541)
50.14445, (2.330773, -2.072065, 3.897748), (0.000785, 0.142280, -0.413405, 0.899362)
50.15837, (2.345087, -2.082231, 3.900120), (0.001865, 0.141453, -0.415377, 0.898582)
50.1723, (2.361216, -2.091178, 3.905600), (0.003841, 0.139662, -0.417089, 0.898063)
50.18627, (2.374995, -2.101042, 3.912341), (0.005104, 0.138086, -0.417939, 0.897905)
50.20005, (2.387038, -2.110943, 3.919222), (0.005693, 0.136987, -0.417987, 0.898048)
50.21405, (2.398900, -2.120690, 3.923974), (0.006514, 0.135564, -0.418122, 0.898195)
50.22822, (2.408955, -2.127550, 3.928660), (0.007858, 0.134621, -0.418712, 0.898051)
50.24184, (2.417199, -2.128426, 3.932878), (0.008458, 0.132568, -0.418549, 0.898427)
50.25635, (2.426524, -2.129091, 3.940304), (0.008585, 0.131173, -0.418291, 0.898751)
50.2698, (2.435004, -2.131985, 3.948279), (0.008370, 0.129957, -0.417902, 0.899110)
50.28405, (2.439104, -2.136347, 3.956454), (0.007676, 0.129413, -0.416535, 0.899829)
50.29796, (2.441592, -2.138261, 3.963045), (0.007887, 0.129088, -0.415038, 0.900565)
50.31125, (2.443849, -2.138860, 3.969235), (0.008656, 0.128681, -0.414131, 0.901034)
50.32541, (2.443554, -2.139395, 3.973880), (0.009162, 0.128389, -0.413172, 0.901511)
50.33924, (2.442802, -2.139711, 3.979039), (0.009533, 0.127896, -0.412337, 0.901959)
50.35282, (2.443232, -2.138549, 3.984108), (0.010115, 0.127401, -0.411696, 0.902315)
50.36686, (2.431558, -2.133003, 3.987762), (0.011213, 0.126925, -0.410462, 0.902932)
50.38062, (2.422228, -2.129291, 3.989234), (0.012378, 0.127190, -0.409999, 0.903089)
50.39457, (2.412305, -2.120447, 3.991492), (0.013962, 0.127434, -0.409806, 0.903119)
50.40832, (2.400338, -2.111382, 3.994281), (0.014854, 0.128384, -0.409170, 0.903259)
50.42275, (2.388123, -2.101825, 3.996257), (0.014963, 0.129363, -0.408043, 0.903627)
50.43626, (2.372158, -2.090732, 3.999141), (0.015322, 0.130499, -0.405912, 0.904418)
50.45015, (2.355835, -2.078528, 4.001246), (0.016170, 0.131107, -0.404395, 0.904994)
50.46408, (2.329031, -2.054687, 4.000033), (0.017147, 0.131743, -0.401079, 0.906358)
50.47786, (2.306223, -2.034768, 4.001691), (0.017308, 0.131861, -0.398581, 0.907440)
50.49208, (2.280270, -2.016417, 4.002650), (0.016509, 0.132238, -0.395362, 0.908807)
50.50579, (2.252663, -1.999705, 4.003147), (0.015143, 0.132737, -0.392166, 0.910141)
50.51988, (2.219218, -1.980284, 4.003864), (0.014287, 0.133602, -0.388441, 0.911625)
50.53362, (2.182691, -1.959851, 4.003973), (0.013779, 0.133822, -0.384601, 0.913227)
50.5476, (2.149713, -1.940160, 4.004947), (0.013556, 0.133002, -0.380356, 0.915126)
50.56163, (2.108977, -1.917889, 4.005494), (0.013414, 0.133832, -0.377320, 0.916264)
50.57533, (2.069456, -1.899863, 4.005050), (0.013258, 0.133359, -0.373695, 0.917819)
50.58908, (2.024282, -1.880741, 4.006497), (0.013120, 0.134073, -0.370104, 0.919171)
50.60313, (1.976385, -1.863310, 4.007984), (0.013339, 0.134797, -0.366414, 0.920540)
50.61691, (1.928491, -1.846346, 4.008689), (0.013087, 0.135194, -0.363278, 0.921727)
50.63086, (1.880812, -1.830857, 4.010971), (0.012618, 0.135124, -0.360482, 0.922841)
50.64481, (1.834704, -1.813867, 4.012623), (0.012735, 0.134724, -0.357932, 0.923890)
50.65869, (1.780682, -1.800151, 4.014674), (0.014019, 0.134890, -0.356391, 0.924443)
50.6725, (1.723983, -1.787102, 4.016319), (0.015683, 0.135529, -0.354364, 0.925101)
50.68649, (1.664889, -1.778969, 4.017007), (0.017566, 0.135890, -0.351549, 0.926088)
50.70041, (1.601694, -1.769902, 4.015913), (0.020687, 0.136590, -0.348419, 0.927103)
50.71404, (1.536417, -1.760472, 4.013658), (0.023594, 0.136977, -0.345843, 0.927941)
50.7279, (1.472038, -1.750888, 4.014758), (0.025600, 0.137354, -0.343318, 0.928769)
50.74194, (1.404998, -1.740447, 4.016036), (0.026703, 0.138940, -0.341911, 0.929021)
50.75587, (1.341176, -1.730427, 4.016525), (0.027742, 0.139544, -0.338964, 0.929979)
50.76983, (1.279247, -1.718680, 4.017931), (0.029413, 0.139991, -0.336434, 0.930779)
50.78389, (1.203868, -1.715397, 4.016228), (0.031588, 0.140964, -0.333513, 0.931612)
50.79757, (1.128477, -1.709714, 4.018005), (0.033477, 0.142715, -0.329827, 0.932591)
50.81149, (1.057002, -1.702807, 4.024704), (0.036130, 0.144452, -0.326388, 0.933434)
50.82539, (0.988038, -1.694473, 4.027013), (0.037918, 0.145413, -0.323454, 0.934235)
50.83929, (0.919072, -1.686140, 4.029322), (0.039705, 0.146372, -0.320515, 0.935023)
50.85304, (0.845051, -1.683310, 4.033353), (0.041572, 0.148656, -0.317883, 0.935480)
50.86713, (0.776492, -1.680834, 4.040321), (0.043678, 0.149845, -0.314065, 0.936484)
50.88115, (0.692180, -1.710153, 4.076087), (0.049845, 0.156315, -0.307511, 0.937293)
50.89493, (0.619221, -1.709991, 4.085787), (0.052307, 0.158156, -0.304022, 0.937988)
50.90947, (0.551172, -1.739287, 4.116261), (0.060112, 0.159809, -0.300874, 0.938255)
50.92294, (0.476563, -1.749551, 4.139009), (0.066666, 0.162232, -0.299132, 0.937953)
50.93675, (0.405350, -1.755743, 4.161496), (0.075870, 0.164068, -0.296843, 0.937662)
50.95063, (0.338063, -1.762593, 4.182855), (0.083703, 0.165327, -0.294588, 0.937485)
50.96461, (0.267814, -1.766341, 4.202264), (0.090370, 0.166875, -0.288116, 0.938603)
50.97862, (0.198604, -1.767914, 4.220109), (0.096136, 0.168509, -0.282180, 0.939541)
50.99247, (0.132690, -1.753169, 4.238305), (0.103231, 0.169977, -0.275950, 0.940374)
51.00652, (0.063388, -1.742554, 4.251143), (0.105267, 0.172910, -0.270306, 0.941252)
51.02003, (-0.001053, -1.722646, 4.267467), (0.106975, 0.176093, -0.264718, 0.942058)
51.03442, (-0.074974, -1.699262, 4.282706), (0.106081, 0.183102, -0.257862, 0.942724)
51.04798, (-0.127058, -1.669344, 4.292545), (0.105841, 0.185153, -0.251604, 0.944040)
51.06204, (-0.196373, -1.645980, 4.304425), (0.105415, 0.189935, -0.244334, 0.945047)
51.07594, (-0.269094, -1.612450, 4.311993), (0.103181, 0.196494, -0.235934, 0.946086)
51.09011, (-0.345686, -1.567029, 4.313985), (0.094644, 0.203726, -0.226704, 0.947705)
51.10421, (-0.415011, -1.539862, 4.324861), (0.094553, 0.207976, -0.220010, 0.948368)
51.1176, (-0.488991, -1.510286, 4.334224), (0.093229, 0.212885, -0.212799, 0.949055)
51.13174, (-0.568354, -1.461096, 4.339642), (0.085561, 0.214508, -0.202971, 0.951561)
51.1454, (-0.652520, -1.422381, 4.349281), (0.080317, 0.215606, -0.194086, 0.953621)
51.15928, (-0.746639, -1.405063, 4.362739), (0.077629, 0.215289, -0.182714, 0.956159)
51.17331, (-0.833505, -1.382260, 4.371792), (0.078173, 0.218056, -0.172429, 0.957397)
51.1875, (-0.916763, -1.361313, 4.381431), (0.079563, 0.219974, -0.162475, 0.958584)
51.20102, (-0.998861, -1.340808, 4.394741), (0.080820, 0.221780, -0.153136, 0.959600)
51.21473, (-1.078570, -1.324992, 4.406099), (0.082179, 0.223008, -0.143338, 0.960712)
51.22881, (-1.161501, -1.308856, 4.418734), (0.083094, 0.225162, -0.134226, 0.961447)
51.24273, (-1.242227, -1.295000, 4.433771), (0.084154, 0.227256, -0.126843, 0.961865)
51.25662, (-1.328244, -1.287484, 4.446927), (0.084067, 0.229890, -0.120581, 0.962052)
51.27033, (-1.405682, -1.281172, 4.457111), (0.086084, 0.231136, -0.115189, 0.962236)
51.28441, (-1.485125, -1.279284, 4.462759), (0.088133, 0.232421, -0.107184, 0.962665)
51.29832, (-1.558264, -1.277108, 4.466558), (0.089218, 0.233567, -0.096655, 0.963403)
51.3123, (-1.633828, -1.272265, 4.475626), (0.090728, 0.234907, -0.086741, 0.963879)
51.32618, (-1.711335, -1.263944, 4.484244), (0.091239, 0.236016, -0.078963, 0.964229)
51.34057, (-1.789945, -1.258488, 4.493915), (0.089331, 0.239533, -0.075414, 0.963824)
51.35399, (-1.864107, -1.256657, 4.498435), (0.087267, 0.243223, -0.072405, 0.963320)
51.36776, (-1.935524, -1.256793, 4.499713), (0.087311, 0.247612, -0.070831, 0.962314)
51.38157, (-2.007200, -1.260235, 4.499136), (0.087959, 0.251643, -0.067728, 0.961432)
51.39573, (-2.080828, -1.270176, 4.493726), (0.089728, 0.257384, -0.064472, 0.959972)
51.40943, (-2.155740, -1.269937, 4.495788), (0.091186, 0.261515, -0.059539, 0.959036)
51.42338, (-2.230178, -1.270729, 4.498197), (0.091725, 0.264963, -0.054576, 0.958333)
51.43744, (-2.291611, -1.267864, 4.490891), (0.094876, 0.268343, -0.051467, 0.957257)
51.45122, (-2.357876, -1.259385, 4.479070), (0.095428, 0.269538, -0.050175, 0.956936)
51.46505, (-2.424814, -1.254500, 4.470692), (0.094948, 0.269832, -0.047862, 0.957019)
51.47898, (-2.494957, -1.249188, 4.462873), (0.095620, 0.271579, -0.044461, 0.956622)
51.4928, (-2.559021, -1.247172, 4.446759), (0.095424, 0.271234, -0.040705, 0.956906)
51.5071, (-2.622482, -1.242282, 4.432214), (0.095461, 0.272280, -0.035983, 0.956795)
51.52077, (-2.686982, -1.237625, 4.413497), (0.095097, 0.274274, -0.033067, 0.956367)
51.53468, (-2.750476, -1.234037, 4.395093), (0.093974, 0.275988, -0.030809, 0.956060)
51.54852, (-2.814204, -1.231875, 4.375806), (0.091618, 0.278583, -0.028504, 0.955607)
51.56263, (-2.876111, -1.226577, 4.353369), (0.089242, 0.281668, -0.026865, 0.954975)
51.57647, (-2.935047, -1.226653, 4.330568), (0.085395, 0.284383, -0.024960, 0.954574)
51.59023, (-2.996129, -1.225704, 4.309408), (0.082366, 0.286948, -0.021842, 0.954149)
51.60397, (-3.056069, -1.226352, 4.289430), (0.079136, 0.289626, -0.018451, 0.953684)
51.61793, (-3.116180, -1.224899, 4.268793), (0.076918, 0.292389, -0.015573, 0.953074)
51.63217, (-3.174272, -1.225376, 4.245237), (0.074854, 0.294777, -0.013965, 0.952528)
51.64565, (-3.230466, -1.227787, 4.221079), (0.073300, 0.297715, -0.011352, 0.951769)
51.65961, (-3.290636, -1.230519, 4.198528), (0.071306, 0.300466, -0.008363, 0.951087)
51.67343, (-3.344316, -1.233257, 4.174717), (0.071338, 0.303022, -0.004413, 0.950300)
51.68732, (-3.403091, -1.232492, 4.152544), (0.070571, 0.305307, -0.000434, 0.949635)
51.7013, (-3.456528, -1.245577, 4.122226), (0.069051, 0.303463, 0.001747, 0.950337)
51.71529, (-3.511561, -1.249686, 4.097835), (0.067588, 0.302806, 0.002341, 0.950650)
51.72911, (-3.566671, -1.249821, 4.073320), (0.065644, 0.302113, 0.002166, 0.951007)
51.74302, (-3.615680, -1.247073, 4.052562), (0.063568, 0.300153, 0.002552, 0.951767)
51.75692, (-3.662188, -1.239077, 4.033132), (0.062924, 0.298773, 0.003900, 0.952240)
51.77128, (-3.706108, -1.231078, 4.012234), (0.062392, 0.298063, 0.006880, 0.952480)
51.78481, (-3.747221, -1.223698, 3.994372), (0.061238, 0.297824, 0.011347, 0.952587)
51.79901, (-3.783060, -1.216675, 3.978771), (0.058560, 0.297098, 0.016934, 0.952899)
51.81252, (-3.817948, -1.209058, 3.965429), (0.054762, 0.297298, 0.021978, 0.952960)
51.82625, (-3.854182, -1.206405, 3.949711), (0.049372, 0.296836, 0.026691, 0.953278)
51.84018, (-3.889289, -1.201411, 3.938465), (0.044495, 0.296833, 0.030641, 0.953400)
51.85413, (-3.924567, -1.200283, 3.926662), (0.039450, 0.297108, 0.034355, 0.953410)
51.86805, (-3.956291, -1.194714, 3.914133), (0.036059, 0.296878, 0.037687, 0.953490)
51.88192, (-3.986859, -1.192083, 3.903713), (0.033514, 0.296529, 0.042242, 0.953501)
51.8957, (-4.015268, -1.188962, 3.893753), (0.030670, 0.296108, 0.045585, 0.953573)
51.90968, (-4.038610, -1.188372, 3.884220), (0.027876, 0.295072, 0.048969, 0.953812)
51.92482, (-4.061928, -1.184006, 3.877836), (0.024052, 0.293272, 0.052449, 0.954286)
51.93756, (-4.088202, -1.181613, 3.874328), (0.019016, 0.291803, 0.055917, 0.954653)
51.9516, (-4.109862, -1.177560, 3.872947), (0.015146, 0.289029, 0.059227, 0.955367)
51.96542, (-4.127201, -1.174257, 3.870631), (0.011666, 0.285343, 0.062668, 0.956304)
51.97936, (-4.148299, -1.171651, 3.869991), (0.008516, 0.282689, 0.066863, 0.956841)
51.99315, (-4.162227, -1.172740, 3.867428), (0.005742, 0.279207, 0.070202, 0.957644)
52.00692, (-4.177936, -1.170716, 3.869019), (0.003299, 0.276958, 0.073894, 0.958031)
52.02087, (-4.185886, -1.164528, 3.874897), (-0.000738, 0.276040, 0.075978, 0.958138)
52.03463, (-4.193572, -1.154082, 3.881225), (-0.007722, 0.276587, 0.078826, 0.957720)
52.04864, (-4.199532, -1.133649, 3.886575), (-0.017071, 0.279921, 0.081940, 0.956368)
52.06236, (-4.204092, -1.129004, 3.891066), (-0.027279, 0.285241, 0.086932, 0.954116)
52.07589, (-4.203609, -1.130379, 3.900540), (-0.033805, 0.292023, 0.093532, 0.951226)
52.08978, (-4.198979, -1.129019, 3.907512), (-0.036002, 0.298451, 0.101639, 0.948314)
52.10361, (-4.191979, -1.127880, 3.925170), (-0.036190, 0.302256, 0.110535, 0.946104)
52.11749, (-4.190792, -1.122975, 3.943967), (-0.038446, 0.305665, 0.117456, 0.944084)
52.13139, (-4.189814, -1.109545, 3.964601), (-0.040357, 0.307973, 0.123297, 0.942508)
52.14542, (-4.186730, -1.102955, 3.988856), (-0.041862, 0.310444, 0.128994, 0.940868)
52.15924, (-4.177470, -1.099477, 4.012734), (-0.040126, 0.314012, 0.132586, 0.939259)
52.17311, (-4.167849, -1.098714, 4.035976), (-0.038004, 0.317551, 0.136305, 0.937624)
52.18739, (-4.152191, -1.098700, 4.061655), (-0.036917, 0.320123, 0.139379, 0.936340)
52.20089, (-4.137388, -1.092724, 4.090367), (-0.036800, 0.322148, 0.142385, 0.935197)
52.2146, (-4.119606, -1.083829, 4.116951), (-0.036594, 0.323595, 0.144460, 0.934387)
52.22848, (-4.097801, -1.075637, 4.147409), (-0.035954, 0.324639, 0.146596, 0.933716)
52.24238, (-4.077425, -1.071364, 4.177470), (-0.036912, 0.324800, 0.147034, 0.933554)
52.25646, (-4.058352, -1.063229, 4.204717), (-0.037205, 0.324264, 0.144848, 0.934071)
52.27027, (-4.035954, -1.053400, 4.227671), (-0.035287, 0.323582, 0.142780, 0.934700)
52.284, (-4.008502, -1.047426, 4.249231), (-0.031074, 0.322957, 0.141396, 0.935276)
52.29795, (-3.978572, -1.037997, 4.273116), (-0.027537, 0.322876, 0.141574, 0.935388)
52.31201, (-3.947093, -1.025183, 4.293984), (-0.023863, 0.322810, 0.141204, 0.935567)
52.32592, (-3.912840, -1.009891, 4.313882), (-0.021634, 0.322090, 0.139212, 0.936168)
52.34039, (-3.882529, -0.993282, 4.330657), (-0.020539, 0.321773, 0.135223, 0.936886)
52.35363, (-3.851857, -0.977260, 4.343345), (-0.019922, 0.321290, 0.131204, 0.937636)
52.3674, (-3.817624, -0.959528, 4.349673), (-0.019314, 0.320339, 0.127522, 0.938482)
52.38119, (-3.780684, -0.942891, 4.352375), (-0.017883, 0.320630, 0.126225, 0.938586)
52.39529, (-3.743957, -0.925335, 4.354357), (-0.016556, 0.321780, 0.125294, 0.938342)
52.40917, (-3.709983, -0.909456, 4.361999), (-0.015414, 0.321978, 0.123836, 0.938487)
52.42288, (-3.676539, -0.893375, 4.370526), (-0.014113, 0.322129, 0.122335, 0.938652)
52.43686, (-3.640524, -0.870094, 4.370251), (-0.014849, 0.322947, 0.120815, 0.938557)
52.45068, (-3.602477, -0.847338, 4.370897), (-0.017418, 0.323223, 0.118575, 0.938703)
52.46461, (-3.553418, -0.795867, 4.344363), (-0.025802, 0.320563, 0.116065, 0.939735)
52.47867, (-3.509512, -0.766407, 4.327791), (-0.027995, 0.320645, 0.114399, 0.939849)
52.493, (-3.465369, -0.738561, 4.312177), (-0.030498, 0.321293, 0.112538, 0.939775)
52.50668, (-3.420207, -0.713288, 4.296144), (-0.033480, 0.322061, 0.111013, 0.939591)
52.52029, (-3.374004, -0.688644, 4.277934), (-0.037123, 0.322798, 0.109668, 0.939359)
52.53403, (-3.327726, -0.666961, 4.260433), (-0.040828, 0.322823, 0.107509, 0.939447)
52.54792, (-3.278556, -0.647368, 4.242881), (-0.044126, 0.322120, 0.103970, 0.939937)
52.56182, (-3.232493, -0.628856, 4.225429), (-0.046701, 0.321156, 0.101071, 0.940459)
52.57579, (-3.187322, -0.618769, 4.204716), (-0.047392, 0.319664, 0.097324, 0.941327)
52.58984, (-3.136123, -0.607901, 4.184124), (-0.047450, 0.318053, 0.094585, 0.942149)
52.60343, (-3.086624, -0.592488, 4.164765), (-0.048536, 0.317342, 0.091514, 0.942637)
52.61724, (-3.029706, -0.584579, 4.143540), (-0.047252, 0.315709, 0.090310, 0.943366)
52.6315, (-2.968673, -0.579735, 4.126544), (-0.047144, 0.313226, 0.087662, 0.944448)
52.6452, (-2.913182, -0.575830, 4.110601), (-0.048572, 0.310905, 0.084972, 0.945388)
52.65907, (-2.853730, -0.575416, 4.094201), (-0.049004, 0.309417, 0.080875, 0.946213)
52.6731, (-2.791076, -0.576198, 4.077148), (-0.048314, 0.307947, 0.077574, 0.947004)
52.68684, (-2.726120, -0.584803, 4.060381), (-0.048125, 0.306838, 0.074572, 0.947615)
52.70099, (-2.665894, -0.596174, 4.046968), (-0.045797, 0.307281, 0.071890, 0.947794)
52.71466, (-2.601291, -0.606507, 4.034057), (-0.042357, 0.306832, 0.068658, 0.948339)
52.72862, (-2.531909, -0.616978, 4.024515), (-0.035676, 0.305523, 0.064872, 0.949302)
52.7424, (-2.464382, -0.632858, 4.016366), (-0.029238, 0.304206, 0.061189, 0.950190)
52.75659, (-2.398262, -0.648714, 4.010503), (-0.021887, 0.301719, 0.057838, 0.951389)
52.77031, (-2.332571, -0.669262, 4.010287), (-0.010630, 0.296625, 0.056442, 0.953265)
52.78451, (-2.276497, -0.701536, 4.015716), (0.007148, 0.289484, 0.056759, 0.955472)
52.79803, (-2.230739, -0.732001, 4.025702), (0.030177, 0.279420, 0.055621, 0.958081)
52.81201, (-2.178210, -0.761515, 4.029096), (0.044394, 0.271479, 0.053581, 0.959926)
52.82589, (-2.119903, -0.784797, 4.029242), (0.055261, 0.266421, 0.051465, 0.960894)
52.83982, (-2.074678, -0.817487, 4.048365), (0.082791, 0.247957, 0.046599, 0.964102)
52.85384, (-2.030626, -0.856537, 4.061749), (0.109224, 0.223828, 0.040510, 0.967642)
52.86774, (-1.978581, -0.872886, 4.082792), (0.126915, 0.209939, 0.038013, 0.968697)
52.88173, (-1.949347, -0.875715, 4.102327), (0.136844, 0.192817, 0.034384, 0.971037)
52.89575, (-1.918226, -0.887778, 4.109663), (0.147890, 0.174669, 0.033415, 0.972884)
52.90974, (-1.892892, -0.902637, 4.119235), (0.158864, 0.155620, 0.033495, 0.974383)
52.92376, (-1.859265, -0.914038, 4.127770), (0.166269, 0.129967, 0.036913, 0.976781)
52.93786, (-1.824999, -0.924254, 4.133936), (0.170105, 0.107875, 0.036044, 0.978840)
52.95187, (-1.804819, -0.929788, 4.132056), (0.171615, 0.085202, 0.033964, 0.980885)
52.96575, (-1.789626, -0.939167, 4.121271), (0.172062, 0.065085, 0.028645, 0.982516)
52.97977, (-1.771320, -0.942723, 4.107843), (0.172273, 0.044525, 0.022870, 0.983777)
52.99365, (-1.745212, -0.947114, 4.098173), (0.173113, 0.024894, 0.018386, 0.984416)
53.00771, (-1.720390, -0.944270, 4.091852), (0.173978, 0.005523, 0.015360, 0.984614)
53.02201, (-1.696960, -0.942832, 4.080917), (0.173486, -0.014678, 0.013281, 0.984637)
53.03594, (-1.677592, -0.942172, 4.068706), (0.171955, -0.033306, 0.011315, 0.984477)
53.04975, (-1.657875, -0.936477, 4.059398), (0.168517, -0.050459, 0.008407, 0.984371)
53.06379, (-1.632949, -0.929281, 4.054059), (0.166541, -0.067962, 0.004776, 0.983678)
53.07772, (-1.614354, -0.925547, 4.044979), (0.163547, -0.083213, 0.001716, 0.983018)
53.09184, (-1.593179, -0.920231, 4.033865), (0.160163, -0.097975, -0.001368, 0.982215)
53.10567, (-1.573202, -0.911692, 4.023312), (0.157559, -0.111801, -0.003085, 0.981156)
53.11935, (-1.553355, -0.902296, 4.015311), (0.154755, -0.124442, -0.004132, 0.980076)
53.1332, (-1.532934, -0.892572, 4.008702), (0.152666, -0.136947, -0.004614, 0.978733)
53.14724, (-1.513057, -0.882405, 4.002879), (0.150416, -0.149491, -0.004742, 0.977244)
53.1611, (-1.498249, -0.872566, 3.995580), (0.146664, -0.161337, -0.005362, 0.975926)
53.17506, (-1.480992, -0.861791, 3.988879), (0.143338, -0.172783, -0.007632, 0.974444)
53.18896, (-1.463318, -0.853183, 3.986767), (0.139785, -0.182613, -0.008929, 0.973156)
53.20301, (-1.443420, -0.848733, 3.983871), (0.136419, -0.192317, -0.009853, 0.971755)
53.21682, (-1.425960, -0.841150, 3.981713), (0.134326, -0.201215, -0.009842, 0.970243)
53.2308, (-1.410779, -0.835731, 3.978981), (0.132163, -0.208492, -0.009808, 0.969004)
53.2447, (-1.400814, -0.827916, 3.977617), (0.130614, -0.216192, -0.011674, 0.967504)
53.25858, (-1.384455, -0.821089, 3.975026), (0.128023, -0.226286, -0.012676, 0.965528)
53.27252, (-1.379485, -0.817730, 3.972587), (0.127236, -0.234170, -0.014230, 0.963729)
53.28646, (-1.365751, -0.811377, 3.970413), (0.125033, -0.243892, -0.015378, 0.961586)
53.30043, (-1.361136, -0.807251, 3.970710), (0.125190, -0.253256, -0.014896, 0.959149)
53.31437, (-1.354478, -0.806881, 3.968002), (0.123906, -0.263944, -0.014230, 0.956441)
53.32826, (-1.355599, -0.805355, 3.967910), (0.122200, -0.275296, -0.015129, 0.953442)
53.34219, (-1.354343, -0.798076, 3.967601), (0.122049, -0.284167, -0.017520, 0.950814)
53.35611, (-1.344191, -0.793344, 3.967512), (0.121290, -0.293891, -0.021008, 0.947880)
53.37011, (-1.338994, -0.795189, 3.970029), (0.119214, -0.303672, -0.023857, 0.944988)
53.38398, (-1.336156, -0.795738, 3.971482), (0.117182, -0.312524, -0.025365, 0.942313)
53.398, (-1.334782, -0.801407, 3.971348), (0.115864, -0.320014, -0.027103, 0.939911)
53.41188, (-1.333283, -0.802699, 3.971132), (0.116543, -0.326768, -0.028481, 0.937459)
53.42572, (-1.329036, -0.803101, 3.971407), (0.115376, -0.335410, -0.030158, 0.934494)
53.43975, (-1.324793, -0.803506, 3.971683), (0.114199, -0.344023, -0.031833, 0.931447)
53.45361, (-1.320550, -0.803913, 3.971958), (0.113012, -0.352605, -0.033505, 0.928319)
53.46756, (-1.344205, -0.801828, 3.985807), (0.119779, -0.337865, -0.040258, 0.932673)
53.4814, (-1.377219, -0.801725, 4.000463), (0.120534, -0.339201, -0.042792, 0.931978)
53.49541, (-1.398211, -0.802332, 4.003252), (0.121349, -0.340111, -0.042957, 0.931533)
53.50928, (-1.418582, -0.804715, 4.010745), (0.122708, -0.341810, -0.042828, 0.930739)
53.52309, (-1.447397, -0.805733, 4.012817), (0.123285, -0.342217, -0.040996, 0.930595)
53.53698, (-1.474848, -0.805584, 4.014651), (0.123431, -0.343948, -0.039524, 0.930001)
53.55097, (-1.507974, -0.807064, 4.012791), (0.123599, -0.345238, -0.038342, 0.929550)
53.56483, (-1.541158, -0.807743, 4.009725), (0.123432, -0.348373, -0.034949, 0.928536)
53.57874, (-1.576005, -0.806383, 4.007869), (0.124374, -0.352502, -0.031271, 0.926982)
53.59312, (-1.611719, -0.808501, 4.002282), (0.123237, -0.357499, -0.027956, 0.925325)
53.60655, (-1.647917, -0.804495, 4.000948), (0.122976, -0.362954, -0.026688, 0.923271)
53.62095, (-1.687653, -0.800281, 3.998806), (0.123642, -0.367152, -0.026271, 0.921532)
53.63432, (-1.724380, -0.799948, 3.996382), (0.123247, -0.371415, -0.025154, 0.919907)
53.64833, (-1.769488, -0.797365, 4.000783), (0.122565, -0.374377, -0.025612, 0.918784)
53.66222, (-1.810258, -0.795163, 4.006207), (0.121033, -0.378476, -0.024905, 0.917326)
53.67608, (-1.859073, -0.794203, 4.010550), (0.119468, -0.379851, -0.025047, 0.916959)
53.68996, (-1.904419, -0.788982, 4.017227), (0.119548, -0.383013, -0.023954, 0.915661)
53.70402, (-1.956999, -0.785910, 4.023142), (0.118196, -0.384377, -0.023886, 0.915267)
53.71787, (-2.015573, -0.786412, 4.040317), (0.115472, -0.383665, -0.023590, 0.915921)
53.73185, (-2.072209, -0.782049, 4.053131), (0.114155, -0.382944, -0.022598, 0.916413)
53.74568, (-2.132208, -0.775616, 4.067698), (0.112720, -0.381466, -0.020846, 0.917248)
53.75992, (-2.195303, -0.771091, 4.087993), (0.110535, -0.380217, -0.019625, 0.918059)
53.77348, (-2.263276, -0.768265, 4.108747), (0.106738, -0.378122, -0.018131, 0.919403)
53.78736, (-2.328152, -0.766947, 4.126727), (0.104220, -0.376144, -0.017095, 0.920522)
53.80152, (-2.393396, -0.766254, 4.143347), (0.103122, -0.373893, -0.015385, 0.921593)
53.81515, (-2.458415, -0.763683, 4.161702), (0.102914, -0.372086, -0.013763, 0.922373)
53.8291, (-2.526589, -0.764240, 4.182882), (0.102577, -0.369451, -0.011663, 0.923498)
53.84291, (-2.595052, -0.763961, 4.203420), (0.101477, -0.367002, -0.009504, 0.924620)
53.8569, (-2.658173, -0.764813, 4.223173), (0.099925, -0.365193, -0.009002, 0.925510)
53.87077, (-2.720728, -0.764765, 4.241378), (0.098882, -0.363013, -0.007980, 0.926488)
53.88472, (-2.779894, -0.764326, 4.257048), (0.097641, -0.361015, -0.006448, 0.927412)
53.8987, (-2.840375, -0.759460, 4.278481), (0.096349, -0.358979, -0.004899, 0.928346)
53.91264, (-2.901844, -0.754442, 4.303710), (0.094164, -0.356406, -0.004404, 0.929564)
53.92675, (-2.958184, -0.749605, 4.323277), (0.090985, -0.353440, -0.004946, 0.931009)
53.94021, (-3.010995, -0.743797, 4.339217), (0.088573, -0.350454, -0.004610, 0.932371)
53.95395, (-3.057319, -0.744597, 4.357475), (0.085674, -0.348860, -0.003110, 0.933245)
53.96795, (-3.106927, -0.746718, 4.373581), (0.083383, -0.346775, -0.000336, 0.934235)
53.98182, (-3.157022, -0.744602, 4.392793), (0.082625, -0.346082, 0.002113, 0.934556)
53.99567, (-3.204162, -0.743312, 4.409112), (0.082105, -0.345079, 0.003383, 0.934970)
54.00949, (-3.248062, -0.743604, 4.423022), (0.081919, -0.344092, 0.004156, 0.935346)
54.0235, (-3.289111, -0.741295, 4.440248), (0.082956, -0.343749, 0.004725, 0.935378)
54.03768, (-3.333879, -0.738480, 4.455068), (0.083138, -0.342722, 0.005776, 0.935733)
54.0514, (-3.380059, -0.736474, 4.470529), (0.082441, -0.341466, 0.006939, 0.936246)
54.06511, (-3.426237, -0.734468, 4.485989), (0.081744, -0.340209, 0.008102, 0.936755)
54.07902, (-3.459867, -0.735148, 4.499718), (0.083227, -0.341599, 0.007672, 0.936122)
54.0928, (-3.496148, -0.736662, 4.511594), (0.084222, -0.342010, 0.007419, 0.935885)
54.10644, (-3.519145, -0.746373, 4.527238), (0.085603, -0.341267, 0.006907, 0.936035)
54.12022, (-3.543548, -0.748584, 4.541121), (0.086202, -0.339535, 0.007125, 0.936608)
54.13441, (-3.573977, -0.752317, 4.555272), (0.085823, -0.339122, 0.007212, 0.936792)
54.14791, (-3.604932, -0.756779, 4.570062), (0.086080, -0.338499, 0.007313, 0.936993)
54.16174, (-3.633695, -0.765132, 4.584580), (0.087310, -0.337862, 0.007563, 0.937107)
54.17545, (-3.660358, -0.774417, 4.598737), (0.088219, -0.336295, 0.007619, 0.937585)
54.18925, (-3.685135, -0.782292, 4.613165), (0.089880, -0.334418, 0.007831, 0.938097)
54.20308, (-3.714456, -0.789485, 4.628201), (0.091188, -0.332621, 0.007853, 0.938609)
54.21688, (-3.741110, -0.798217, 4.643256), (0.092947, -0.331522, 0.008178, 0.938822)
54.23087, (-3.768371, -0.808237, 4.658501), (0.094438, -0.330662, 0.008700, 0.938972)
54.24464, (-3.793286, -0.819351, 4.673375), (0.096475, -0.329914, 0.009299, 0.939022)
54.25854, (-3.816562, -0.832759, 4.691562), (0.097787, -0.328443, 0.010725, 0.939387)
54.27258, (-3.840842, -0.847611, 4.707608), (0.099016, -0.326069, 0.012210, 0.940067)
54.28626, (-3.864457, -0.865227, 4.723348), (0.100751, -0.323827, 0.014156, 0.940630)
54.30027, (-3.887036, -0.883942, 4.740990), (0.103561, -0.322160, 0.015596, 0.940874)
54.31441, (-3.910049, -0.902249, 4.759006), (0.107807, -0.319440, 0.018398, 0.941274)
54.32813, (-3.932007, -0.923816, 4.776703), (0.111837, -0.315735, 0.020792, 0.942004)
54.34208, (-3.951450, -0.949252, 4.796335), (0.115851, -0.311429, 0.024214, 0.942870)
54.3559, (-3.970679, -0.974872, 4.816682), (0.120241, -0.306459, 0.029180, 0.943808)
54.36977, (-3.988097, -1.004641, 4.839365), (0.124488, -0.300760, 0.033414, 0.944950)
54.38351, (-4.004846, -1.031970, 4.867043), (0.128974, -0.296294, 0.036801, 0.945633)
54.39745, (-4.026202, -1.060277, 4.890813), (0.133197, -0.290909, 0.040341, 0.946574)
54.41143, (-4.044549, -1.085415, 4.915413), (0.137915, -0.286712, 0.042864, 0.947068)
54.42558, (-4.054807, -1.119732, 4.950921), (0.143440, -0.279139, 0.044846, 0.948417)
54.43915, (-4.072129, -1.147403, 4.975873), (0.147537, -0.274439, 0.047640, 0.949024)
54.45299, (-4.071115, -1.173044, 5.016164), (0.154080, -0.263392, 0.049133, 0.951036)
54.46698, (-4.075295, -1.192338, 5.044264), (0.159262, -0.252716, 0.051494, 0.952952)
54.48082, (-4.079374, -1.211967, 5.070169), (0.164807, -0.242426, 0.054245, 0.954529)
54.49473, (-4.071750, -1.230140, 5.102828), (0.171628, -0.229239, 0.054651, 0.956560)
54.50891, (-4.069190, -1.248103, 5.136883), (0.177093, -0.217518, 0.054614, 0.958301)
54.52264, (-4.064305, -1.257603, 5.164484), (0.180800, -0.203235, 0.054714, 0.960736)
54.53662, (-4.052448, -1.269249, 5.194243), (0.183722, -0.190470, 0.054608, 0.962801)
54.55021, (-4.032423, -1.275319, 5.229145), (0.186483, -0.175782, 0.055950, 0.964984)
54.56401, (-4.015711, -1.280376, 5.263498), (0.189064, -0.161037, 0.057840, 0.966942)
54.57785, (-3.993659, -1.291280, 5.297250), (0.190268, -0.146599, 0.059211, 0.968917)
54.5919, (-3.967497, -1.295693, 5.324301), (0.192067, -0.130875, 0.060114, 0.970757)
54.6058, (-3.949602, -1.304530, 5.353342), (0.194974, -0.117765, 0.061329, 0.971780)
54.61951, (-3.909898, -1.299207, 5.376209), (0.197241, -0.102312, 0.060444, 0.973126)
54.63327, (-3.871579, -1.301967, 5.403290), (0.199699, -0.089865, 0.059558, 0.973908)
54.64714, (-3.838058, -1.306913, 5.426253), (0.202239, -0.077439, 0.060027, 0.974423)
54.66102, (-3.798545, -1.308689, 5.444469), (0.204810, -0.066796, 0.059033, 0.974734)
54.67481, (-3.759973, -1.306498, 5.460508), (0.205273, -0.057308, 0.057225, 0.975348)
54.68919, (-3.723421, -1.303083, 5.471457), (0.205028, -0.047695, 0.053918, 0.976105)
54.7025, (-3.680115, -1.297404, 5.480666), (0.204396, -0.040575, 0.050601, 0.976737)
54.71638, (-3.640935, -1.294698, 5.492714), (0.203359, -0.032590, 0.048082, 0.977380)
54.73028, (-3.597748, -1.292127, 5.502174), (0.201950, -0.028182, 0.046230, 0.977898)
54.74411, (-3.557711, -1.288186, 5.510070), (0.202489, -0.022349, 0.043654, 0.978056)
54.75793, (-3.517418, -1.282461, 5.513803), (0.203726, -0.018335, 0.042071, 0.977952)
54.7719, (-3.475383, -1.278769, 5.512523), (0.204292, -0.014203, 0.040975, 0.977949)
54.78557, (-3.429579, -1.275971, 5.516888), (0.205038, -0.009566, 0.039015, 0.977929)
54.79948, (-3.382848, -1.271871, 5.518303), (0.206051, -0.007144, 0.037614, 0.977792)
54.81339, (-3.338068, -1.269658, 5.517694), (0.205490, -0.003594, 0.035799, 0.977998)
54.82719, (-3.292639, -1.262727, 5.519988), (0.206569, -0.000144, 0.033421, 0.977861)
54.84106, (-3.243744, -1.255469, 5.516885), (0.207345, 0.002839, 0.030653, 0.977783)
54.85504, (-3.191110, -1.246105, 5.515699), (0.208407, 0.005688, 0.027512, 0.977639)
54.86879, (-3.144216, -1.239910, 5.516018), (0.209053, 0.010013, 0.025324, 0.977525)
54.88309, (-3.088513, -1.229992, 5.513512), (0.208755, 0.012436, 0.023193, 0.977614)
54.89678, (-3.030184, -1.220691, 5.513387), (0.207816, 0.015296, 0.021692, 0.977808)
54.91059, (-2.974363, -1.212094, 5.512502), (0.207496, 0.018798, 0.019206, 0.977867)
54.92439, (-2.922562, -1.204219, 5.512094), (0.207618, 0.022552, 0.017053, 0.977801)
54.93818, (-2.858906, -1.200796, 5.511104), (0.204787, 0.028812, 0.011525, 0.978315)
54.95194, (-2.800199, -1.192778, 5.510886), (0.204023, 0.035221, 0.008029, 0.978299)
54.96569, (-2.735285, -1.189076, 5.510644), (0.203006, 0.041162, 0.005496, 0.978297)
54.97953, (-2.671869, -1.185112, 5.513740), (0.202506, 0.047726, 0.003410, 0.978111)
54.99323, (-2.610170, -1.180886, 5.513784), (0.201585, 0.053069, 0.001650, 0.978031)
55.00699, (-2.550020, -1.175417, 5.514245), (0.200944, 0.058267, -0.000846, 0.977868)
55.02076, (-2.483693, -1.169629, 5.516309), (0.201031, 0.064697, -0.004097, 0.977438)
55.03471, (-2.416329, -1.165073, 5.518045), (0.200545, 0.071986, -0.008040, 0.977003)
55.04834, (-2.337145, -1.166878, 5.511286), (0.202273, 0.080677, -0.014355, 0.975895)
55.06236, (-2.271559, -1.163099, 5.511021), (0.202084, 0.086795, -0.017652, 0.975355)
55.07608, (-2.205978, -1.159322, 5.510756), (0.201886, 0.092909, -0.020947, 0.974767)
55.08992, (-2.134200, -1.162393, 5.496803), (0.206820, 0.097472, -0.020607, 0.973294)
55.10392, (-2.065701, -1.154544, 5.490749), (0.208553, 0.101500, -0.024742, 0.972415)
55.11761, (-1.997113, -1.147523, 5.483139), (0.208447, 0.105691, -0.029938, 0.971845)
55.13177, (-1.928486, -1.141598, 5.472278), (0.208104, 0.110464, -0.035232, 0.971210)
55.14582, (-1.859609, -1.136832, 5.460224), (0.208340, 0.115109, -0.038194, 0.970508)
55.15931, (-1.784388, -1.131896, 5.447098), (0.208681, 0.118734, -0.041757, 0.969851)
55.17288, (-1.715510, -1.127867, 5.434296), (0.208305, 0.123932, -0.045539, 0.969111)
55.18683, (-1.647014, -1.122012, 5.419228), (0.207697, 0.129565, -0.049424, 0.968314)
55.2005, (-1.579150, -1.118507, 5.400431), (0.206721, 0.135623, -0.053860, 0.967457)
55.21413, (-1.515446, -1.116511, 5.384445), (0.206312, 0.141894, -0.056506, 0.966493)
55.22828, (-1.454208, -1.117817, 5.368014), (0.206126, 0.148390, -0.059271, 0.965391)
55.24194, (-1.395176, -1.124386, 5.349426), (0.206009, 0.153577, -0.060965, 0.964499)
55.25604, (-1.341453, -1.124698, 5.332092), (0.207159, 0.159811, -0.062626, 0.963132)
55.26985, (-1.291186, -1.126710, 5.311984), (0.208229, 0.164907, -0.063202, 0.962004)
55.28366, (-1.242964, -1.126885, 5.295367), (0.209874, 0.169823, -0.064458, 0.960707)
55.29754, (-1.194953, -1.130617, 5.277183), (0.211837, 0.172341, -0.065011, 0.959790)
55.31159, (-1.151996, -1.133269, 5.257559), (0.214110, 0.175682, -0.065274, 0.958661)
55.3254, (-1.117395, -1.137749, 5.235709), (0.216611, 0.178367, -0.064130, 0.957681)
55.3393, (-1.082772, -1.141282, 5.213920), (0.217504, 0.180172, -0.062732, 0.957233)
55.35321, (-1.051720, -1.144227, 5.193324), (0.218510, 0.180813, -0.061655, 0.956953)
55.36711, (-1.018485, -1.148484, 5.171897), (0.219676, 0.182230, -0.061812, 0.956407)
55.38107, (-0.996798, -1.152607, 5.145794), (0.222230, 0.181450, -0.060697, 0.956036)
55.39493, (-0.975180, -1.155152, 5.116149), (0.223894, 0.181798, -0.058699, 0.955707)
55.40882, (-0.950936, -1.154246, 5.088840), (0.225904, 0.182981, -0.057331, 0.955091)
55.42282, (-0.929487, -1.152472, 5.064521), (0.226123, 0.183501, -0.055546, 0.955045)
55.43676, (-0.910070, -1.152680, 5.041163), (0.225618, 0.183776, -0.054567, 0.955168)
55.45061, (-0.892589, -1.153034, 5.017299), (0.225624, 0.183349, -0.053779, 0.955293)
55.46453, (-0.874233, -1.154428, 4.991246), (0.225367, 0.182271, -0.053379, 0.955582)
55.47844, (-0.854057, -1.154468, 4.969138), (0.225912, 0.182161, -0.051536, 0.955576)
55.49232, (-0.835860, -1.153027, 4.945040), (0.226370, 0.183319, -0.049612, 0.955348)
55.50648, (-0.817270, -1.150171, 4.923524), (0.226615, 0.184951, -0.047932, 0.955061)
55.52013, (-0.801788, -1.146053, 4.905501), (0.225510, 0.186991, -0.047581, 0.954943)
55.53404, (-0.785420, -1.140698, 4.887927), (0.224097, 0.188768, -0.048355, 0.954887)
55.54809, (-0.767475, -1.137489, 4.867942), (0.222903, 0.189736, -0.048407, 0.954972)
55.56178, (-0.750012, -1.136259, 4.848022), (0.221320, 0.191008, -0.047124, 0.955151)
55.57577, (-0.733351, -1.134899, 4.827979), (0.220126, 0.193477, -0.043956, 0.955081)
55.5896, (-0.717832, -1.131362, 4.804965), (0.218684, 0.195432, -0.042051, 0.955100)
55.60353, (-0.703812, -1.126394, 4.787485), (0.216829, 0.196807, -0.038662, 0.955384)
55.61752, (-0.690036, -1.121522, 4.769815), (0.214899, 0.197535, -0.037931, 0.955699)
55.63128, (-0.684051, -1.115854, 4.750415), (0.214322, 0.197618, -0.037368, 0.955833)
55.64519, (-0.664172, -1.112285, 4.734269), (0.213625, 0.199275, -0.039152, 0.955574)
55.65907, (-0.653927, -1.111647, 4.707910), (0.210093, 0.198708, -0.039651, 0.956454)
55.67305, (-0.642372, -1.112734, 4.677851), (0.206904, 0.199168, -0.040216, 0.957030)
55.68689, (-0.633211, -1.112934, 4.658070), (0.207693, 0.200172, -0.039548, 0.956677)
55.70068, (-0.630692, -1.101134, 4.646472), (0.209409, 0.202184, -0.040934, 0.955821)
55.7146, (-0.616175, -1.105652, 4.618190), (0.205288, 0.201887, -0.041587, 0.956749)
55.72903, (-0.608176, -1.102057, 4.598134), (0.203345, 0.202101, -0.042549, 0.957077)
55.74253, (-0.600725, -1.097951, 4.579618), (0.201518, 0.201956, -0.043804, 0.957437)
55.75631, (-0.596807, -1.094005, 4.561256), (0.199240, 0.202187, -0.044590, 0.957829)
55.77012, (-0.594293, -1.087466, 4.542260), (0.197112, 0.201938, -0.045741, 0.958267)
55.78408, (-0.587750, -1.087004, 4.523106), (0.195403, 0.201649, -0.045970, 0.958667)
55.79793, (-0.585589, -1.080519, 4.505677), (0.195113, 0.200955, -0.046670, 0.958838)
55.81183, (-0.586680, -1.074160, 4.489594), (0.194677, 0.200727, -0.048232, 0.958897)
55.82571, (-0.586184, -1.069332, 4.476338), (0.193579, 0.201130, -0.051614, 0.958859)
55.83966, (-0.582456, -1.061044, 4.461974), (0.192026, 0.200815, -0.054362, 0.959085)
55.85349, (-0.576384, -1.049870, 4.449189), (0.189085, 0.199320, -0.057974, 0.959770)
55.86739, (-0.570028, -1.039231, 4.435456), (0.185431, 0.198463, -0.060695, 0.960491)
55.88137, (-0.565645, -1.030495, 4.421947), (0.183474, 0.198367, -0.062965, 0.960741)
55.89519, (-0.560190, -1.019828, 4.409053), (0.179917, 0.198882, -0.064971, 0.961174)
55.90901, (-0.551212, -1.012990, 4.393675), (0.176280, 0.198613, -0.066279, 0.961814)
55.92289, (-0.540575, -1.010799, 4.371069), (0.175249, 0.199140, -0.067407, 0.961815)
55.9368, (-0.529221, -1.007022, 4.355785), (0.173000, 0.200374, -0.070318, 0.961757)
55.95063, (-0.513620, -1.001184, 4.341327), (0.170439, 0.201743, -0.072762, 0.961746)
55.96458, (-0.497124, -0.996686, 4.328322), (0.167591, 0.204953, -0.077151, 0.961226)
55.97847, (-0.476847, -0.995698, 4.313971), (0.165086, 0.206772, -0.081440, 0.960916)
55.99255, (-0.457152, -0.995423, 4.298738), (0.162845, 0.208388, -0.085714, 0.960578)
56.00653, (-0.437422, -0.998869, 4.287077), (0.160657, 0.210127, -0.089838, 0.960190)
56.02065, (-0.417820, -0.999284, 4.278109), (0.159493, 0.211516, -0.094227, 0.959659)
56.03412, (-0.403127, -0.996444, 4.269982), (0.157792, 0.212613, -0.098387, 0.959280)
56.048, (-0.384744, -0.994792, 4.265602), (0.158040, 0.212019, -0.105172, 0.958650)
56.06179, (-0.377441, -0.998813, 4.257607), (0.156226, 0.212711, -0.110322, 0.958215)
56.07551, (-0.366120, -1.001129, 4.251733), (0.156567, 0.210353, -0.117222, 0.957861)
56.08966, (-0.353235, -1.000278, 4.247612), (0.156516, 0.208752, -0.121807, 0.957647)
56.10326, (-0.339371, -1.000569, 4.239896), (0.155389, 0.208732, -0.126552, 0.957220)
56.11764, (-0.325506, -1.000861, 4.232180), (0.154259, 0.208708, -0.131295, 0.956769)
56.13104, (-0.332668, -1.002722, 4.240044), (0.153620, 0.199113, -0.138646, 0.957879)
56.14518, (-0.333516, -0.997113, 4.250590), (0.151677, 0.193376, -0.144730, 0.958464)
56.15909, (-0.356295, -0.987146, 4.265519), (0.145910, 0.179991, -0.147805, 0.961492)
56.17343, (-0.359730, -0.982682, 4.266729), (0.143515, 0.172375, -0.151497, 0.962673)
56.18692, (-0.367660, -0.973553, 4.264596), (0.140283, 0.161833, -0.153639, 0.964638)
56.20074, (-0.379613, -0.972557, 4.266459), (0.136806, 0.153341, -0.156056, 0.966135)
56.21458, (-0.386620, -0.970225, 4.267913), (0.134588, 0.144907, -0.158271, 0.967388)
56.2282, (-0.401827, -0.965600, 4.273111), (0.131258, 0.137319, -0.158699, 0.968881)
56.24206, (-0.415419, -0.962038, 4.279320), (0.128322, 0.130353, -0.160508, 0.969937)
56.25624, (-0.427965, -0.959688, 4.282670), (0.125720, 0.122077, -0.162719, 0.970986)
56.26977, (-0.441611, -0.953869, 4.284965), (0.125993, 0.112433, -0.163834, 0.971928)
56.28362, (-0.458900, -0.952869, 4.288375), (0.127472, 0.102696, -0.164800, 0.972649)
56.29751, (-0.471947, -0.949329, 4.291809), (0.125971, 0.094780, -0.166883, 0.973292)
56.31142, (-0.484707, -0.948490, 4.296952), (0.128473, 0.084431, -0.167332, 0.973841)
56.32529, (-0.503311, -0.947458, 4.302388), (0.130275, 0.074430, -0.168689, 0.974183)
56.3392, (-0.522551, -0.943928, 4.306478), (0.131087, 0.065684, -0.170816, 0.974333)
56.35313, (-0.541727, -0.939281, 4.310833), (0.132011, 0.057797, -0.171599, 0.974570)
56.36741, (-0.555556, -0.933855, 4.317440), (0.134486, 0.050156, -0.169767, 0.974976)
56.3809, (-0.574565, -0.935042, 4.326129), (0.134244, 0.045131, -0.167510, 0.975645)
56.39477, (-0.591543, -0.933427, 4.337574), (0.134334, 0.040643, -0.163695, 0.976477)
56.40863, (-0.609570, -0.933150, 4.345917), (0.134805, 0.037176, -0.158912, 0.977340)
56.42253, (-0.625206, -0.934756, 4.351993), (0.135660, 0.033838, -0.155582, 0.977878)
56.43639, (-0.639275, -0.937963, 4.358391), (0.138039, 0.033334, -0.152724, 0.978013)
56.45039, (-0.654443, -0.943089, 4.363157), (0.140355, 0.035101, -0.150125, 0.978024)
56.46428, (-0.665935, -0.947821, 4.370635), (0.142472, 0.035830, -0.148152, 0.977992)
56.47811, (-0.677425, -0.952388, 4.379673), (0.145427, 0.037706, -0.147420, 0.977597)
56.49209, (-0.687342, -0.959067, 4.388344), (0.148805, 0.041134, -0.147054, 0.977006)
56.50597, (-0.694595, -0.967727, 4.394464), (0.151700, 0.045272, -0.145748, 0.976573)
56.5199, (-0.694218, -0.975863, 4.395373), (0.155008, 0.052687, -0.142559, 0.976152)
56.53378, (-0.693102, -0.982654, 4.398560), (0.156968, 0.059585, -0.139682, 0.975858)
56.54766, (-0.696581, -0.987833, 4.402177), (0.158799, 0.064801, -0.136881, 0.975627)
56.56171, (-0.689502, -0.997981, 4.409621), (0.159753, 0.071645, -0.134817, 0.975280)
56.57551, (-0.681940, -1.004635, 4.414601), (0.162090, 0.077913, -0.132549, 0.974724)
56.58941, (-0.670274, -1.014706, 4.418907), (0.163573, 0.086021, -0.132442, 0.973809)
56.60338, (-0.655892, -1.021494, 4.422345), (0.165515, 0.094532, -0.132093, 0.972739)
56.61729, (-0.634531, -1.026779, 4.421241), (0.166105, 0.102635, -0.131817, 0.971854)
56.63138, (-0.609851, -1.032791, 4.423391), (0.166841, 0.108880, -0.132701, 0.970927)
56.64511, (-0.574527, -1.042975, 4.421360), (0.165645, 0.113400, -0.135551, 0.970221)
56.65894, (-0.545501, -1.048115, 4.424007), (0.166618, 0.119031, -0.137188, 0.969149)
56.67336, (-0.503723, -1.058775, 4.420178), (0.166766, 0.125018, -0.141988, 0.967677)
56.68688, (-0.461983, -1.067097, 4.415172), (0.167941, 0.131504, -0.146909, 0.965878)
56.70068, (-0.412880, -1.082600, 4.406855), (0.167645, 0.137998, -0.153650, 0.963973)
56.71466, (-0.362312, -1.096686, 4.400482), (0.168167, 0.143970, -0.159735, 0.962017)
56.72844, (-0.311762, -1.115264, 4.393554), (0.168359, 0.150432, -0.165812, 0.959965)
56.74244, (-0.256910, -1.134121, 4.384050), (0.168218, 0.156693, -0.171792, 0.957934)
56.75632, (-0.199621, -1.147714, 4.376685), (0.169449, 0.162577, -0.177802, 0.955637)
56.77024, (-0.142238, -1.159590, 4.368810), (0.170338, 0.169239, -0.183196, 0.953301)
56.7841, (-0.080512, -1.169865, 4.358936), (0.170976, 0.175548, -0.189513, 0.950808)
56.79802, (-0.022011, -1.177237, 4.351748), (0.170786, 0.182821, -0.195396, 0.948277)
56.81202, (0.036917, -1.190808, 4.343938), (0.169540, 0.189471, -0.200170, 0.946197)
56.82631, (0.095030, -1.205380, 4.332570), (0.169151, 0.196048, -0.203808, 0.944148)
56.83984, (0.151727, -1.216205, 4.323731), (0.170259, 0.201685, -0.204998, 0.942502)
56.85358, (0.210155, -1.225605, 4.316318), (0.170284, 0.207578, -0.207645, 0.940637)
56.86754, (0.268300, -1.230178, 4.315372), (0.168953, 0.212454, -0.207994, 0.939711)
56.88138, (0.325405, -1.238480, 4.312876), (0.167521, 0.218583, -0.209769, 0.938166)
56.89529, (0.385676, -1.247798, 4.309501), (0.167008, 0.223208, -0.211020, 0.936887)
56.90924, (0.439866, -1.256303, 4.304265), (0.167541, 0.228364, -0.211355, 0.935473)
56.92332, (0.497314, -1.264076, 4.297856), (0.168533, 0.233063, -0.213232, 0.933708)
56.93708, (0.550038, -1.271486, 4.294261), (0.169798, 0.239141, -0.214451, 0.931661)
56.9509, (0.605124, -1.277729, 4.292228), (0.170289, 0.245621, -0.214632, 0.929842)
56.9648, (0.662976, -1.286262, 4.288058), (0.170372, 0.251973, -0.215327, 0.927964)
56.9787, (0.723390, -1.292622, 4.283929), (0.169560, 0.261281, -0.213762, 0.925898)
56.99281, (0.776130, -1.297460, 4.279127), (0.168930, 0.271585, -0.211600, 0.923542)
57.00648, (0.830966, -1.303726, 4.275563), (0.168739, 0.280232, -0.210081, 0.921338)
57.02043, (0.883887, -1.312152, 4.269573), (0.167900, 0.288148, -0.209637, 0.919148)
57.03455, (0.933044, -1.315329, 4.268064), (0.168423, 0.297008, -0.207583, 0.916695)
57.04869, (0.981655, -1.318841, 4.266261), (0.169074, 0.305946, -0.205585, 0.914082)
57.06267, (1.016151, -1.324908, 4.259591), (0.168956, 0.315800, -0.203670, 0.911177)
57.07624, (1.043341, -1.307025, 4.249186), (0.169435, 0.323177, -0.198646, 0.909609)
57.09001, (1.076674, -1.295996, 4.252708), (0.168877, 0.321651, -0.195358, 0.910965)
57.10392, (1.110734, -1.283358, 4.252841), (0.167986, 0.320984, -0.192740, 0.911922)
57.11782, (1.151618, -1.278715, 4.257018), (0.167029, 0.321417, -0.189282, 0.912669)
57.13168, (1.195719, -1.281313, 4.254632), (0.163822, 0.323945, -0.183891, 0.913459)
57.14564, (1.233224, -1.284049, 4.255219), (0.160507, 0.327464, -0.181090, 0.913352)
57.1595, (1.261658, -1.278840, 4.262601), (0.159986, 0.332778, -0.178730, 0.911986)
57.17352, (1.290169, -1.278042, 4.262467), (0.160024, 0.336781, -0.176987, 0.910849)
57.18728, (1.321233, -1.275615, 4.264993), (0.162617, 0.340515, -0.175234, 0.909340)
57.20123, (1.350119, -1.278932, 4.266637), (0.164829, 0.345342, -0.172887, 0.907569)
57.21524, (1.377036, -1.282917, 4.269736), (0.166171, 0.351458, -0.170670, 0.905393)
57.22898, (1.400679, -1.286384, 4.273530), (0.167034, 0.357145, -0.166672, 0.903752)
57.24301, (1.423601, -1.288854, 4.278804), (0.167641, 0.362446, -0.164019, 0.902013)
57.25722, (1.442336, -1.290796, 4.282686), (0.167329, 0.367403, -0.161085, 0.900593)
57.27159, (1.464519, -1.292704, 4.288684), (0.167054, 0.372913, -0.158757, 0.898791)
57.285, (1.485074, -1.294665, 4.297339), (0.167272, 0.380234, -0.155025, 0.896331)
57.2989, (1.509234, -1.298470, 4.301565), (0.167805, 0.388277, -0.150025, 0.893630)
57.31287, (1.529531, -1.301106, 4.303648), (0.169865, 0.396904, -0.143536, 0.890512)
57.32658, (1.543257, -1.304104, 4.308984), (0.175844, 0.404862, -0.136409, 0.886881)
57.34039, (1.555365, -1.307380, 4.310493), (0.185431, 0.412973, -0.127322, 0.882529)
57.35468, (1.570706, -1.312041, 4.319081), (0.189591, 0.421420, -0.119170, 0.878783)
57.36843, (1.592789, -1.320026, 4.322110), (0.187903, 0.430946, -0.109058, 0.875834)
57.38204, (1.605428, -1.324165, 4.330801), (0.183549, 0.442199, -0.100145, 0.872205)
57.39596, (1.604463, -1.332762, 4.336398), (0.182602, 0.451899, -0.091931, 0.868328)
57.41002, (1.607369, -1.331590, 4.338738), (0.186605, 0.458647, -0.086627, 0.864475)
57.42414, (1.604383, -1.340747, 4.344573), (0.190253, 0.465725, -0.081868, 0.860350)
57.43792, (1.602556, -1.346078, 4.349513), (0.193922, 0.471685, -0.077329, 0.856696)
57.45191, (1.599459, -1.352328, 4.358738), (0.196261, 0.478028, -0.074600, 0.852881)
57.46581, (1.593950, -1.362733, 4.362945), (0.198482, 0.482615, -0.071458, 0.850048)
57.4797, (1.589774, -1.371639, 4.366295), (0.201811, 0.487638, -0.067518, 0.846713)
57.49368, (1.594900, -1.373030, 4.363594), (0.206525, 0.490424, -0.067224, 0.843986)
57.50783, (1.594677, -1.378114, 4.364276), (0.209027, 0.495516, -0.065542, 0.840521)
57.5218, (1.590349, -1.384646, 4.360133), (0.210761, 0.501332, -0.064648, 0.836700)
57.53563, (1.584760, -1.390916, 4.359917), (0.213098, 0.506738, -0.061164, 0.833105)
57.54982, (1.578930, -1.395776, 4.342362), (0.213963, 0.511694, -0.065766, 0.829496)
57.56345, (1.576208, -1.399882, 4.329144), (0.216414, 0.515259, -0.066883, 0.826559)
57.57739, (1.573801, -1.398358, 4.321725), (0.218209, 0.519501, -0.068740, 0.823273)
57.59134, (1.568459, -1.400175, 4.313692), (0.216656, 0.523014, -0.070917, 0.821272)
57.60526, (1.569216, -1.396667, 4.301457), (0.216181, 0.526542, -0.072494, 0.819002)
57.6193, (1.568831, -1.397362, 4.288627), (0.214484, 0.531203, -0.072433, 0.816440)
57.63306, (1.570870, -1.397558, 4.273580), (0.213330, 0.535954, -0.071405, 0.813723)
57.64711, (1.575262, -1.393486, 4.257349), (0.213366, 0.539801, -0.071216, 0.811184)
57.66092, (1.576821, -1.392189, 4.240184), (0.212620, 0.543888, -0.070951, 0.808669)
57.67488, (1.580751, -1.389953, 4.223081), (0.211994, 0.548056, -0.071885, 0.805932)
57.68874, (1.582387, -1.391556, 4.202776), (0.210806, 0.552761, -0.072304, 0.802987)
57.70277, (1.587709, -1.387705, 4.182523), (0.210096, 0.557355, -0.073563, 0.799877)
57.71664, (1.591868, -1.381971, 4.161085), (0.207822, 0.562307, -0.075114, 0.796856)
57.73052, (1.592999, -1.377107, 4.144066), (0.205613, 0.567932, -0.076399, 0.793310)
57.74446, (1.599637, -1.367739, 4.123889), (0.204943, 0.572128, -0.076393, 0.790463)
57.75868, (1.604217, -1.361700, 4.099940), (0.201802, 0.576932, -0.076278, 0.787786)
57.77241, (1.609944, -1.349990, 4.081292), (0.199492, 0.581620, -0.074893, 0.785056)
57.78629, (1.613454, -1.338007, 4.061960), (0.197551, 0.586055, -0.074505, 0.782280)
57.80013, (1.609927, -1.317580, 4.042960), (0.193806, 0.590979, -0.073473, 0.779606)
57.81413, (1.608179, -1.298025, 4.019374), (0.190464, 0.595394, -0.072173, 0.777188)
57.82806, (1.604170, -1.275303, 3.991863), (0.184722, 0.600520, -0.070097, 0.774816)
57.84188, (1.600050, -1.245558, 3.969991), (0.177552, 0.605915, -0.065481, 0.772693)
57.85602, (1.590493, -1.220462, 3.950786), (0.170770, 0.611039, -0.060880, 0.770560)
57.86979, (1.578252, -1.188977, 3.932674), (0.164456, 0.615389, -0.057251, 0.768748)
57.88358, (1.561169, -1.159706, 3.914132), (0.158371, 0.619044, -0.052106, 0.767456)
57.89744, (1.546125, -1.128831, 3.894880), (0.152196, 0.622797, -0.047913, 0.765941)
57.9114, (1.523748, -1.098411, 3.873092), (0.145372, 0.625742, -0.043624, 0.765122)
57.92528, (1.499374, -1.068895, 3.857120), (0.139081, 0.629296, -0.039624, 0.763592)
57.93925, (1.467531, -1.041418, 3.841753), (0.133398, 0.632348, -0.035287, 0.762297)
57.95317, (1.433893, -1.015377, 3.824865), (0.127926, 0.634358, -0.030641, 0.761765)
57.96704, (1.401686, -0.989263, 3.808767), (0.122220, 0.637050, -0.026881, 0.760596)
57.98092, (1.369044, -0.961796, 3.796025), (0.117615, 0.637756, -0.022680, 0.760868)
57.99479, (1.333233, -0.935860, 3.786122), (0.112054, 0.638606, -0.018494, 0.761107)
58.00875, (1.295173, -0.912376, 3.773129), (0.106776, 0.638471, -0.015512, 0.762045)
58.02285, (1.252187, -0.893463, 3.760663), (0.102511, 0.638785, -0.012092, 0.762429)
58.03647, (1.211545, -0.872814, 3.747034), (0.098862, 0.639216, -0.008737, 0.762597)
58.05037, (1.173780, -0.849553, 3.734263), (0.093909, 0.640524, -0.005092, 0.762157)
58.06443, (1.129928, -0.832273, 3.725020), (0.091019, 0.640463, -0.000873, 0.762576)
58.07833, (1.088281, -0.813896, 3.713608), (0.087265, 0.640406, 0.001581, 0.763062)
58.092, (1.042392, -0.801756, 3.706244), (0.083318, 0.639193, 0.003001, 0.764514)
58.10585, (0.998921, -0.787356, 3.693684), (0.078939, 0.638924, 0.005287, 0.765191)
58.12004, (0.957544, -0.769533, 3.680488), (0.075237, 0.638402, 0.007508, 0.765980)
58.13382, (0.911548, -0.756887, 3.675923), (0.072077, 0.638986, 0.008638, 0.765786)
58.14745, (0.864431, -0.742919, 3.669940), (0.067569, 0.638604, 0.010582, 0.766491)
58.1613, (0.818530, -0.729579, 3.663028), (0.063070, 0.637873, 0.012946, 0.767445)
58.17518, (0.771866, -0.719286, 3.655796), (0.059283, 0.637347, 0.015312, 0.768140)
58.18908, (0.725686, -0.710765, 3.651320), (0.056449, 0.636679, 0.017457, 0.768862)
58.20306, (0.678742, -0.698403, 3.648224), (0.054100, 0.635572, 0.019124, 0.769906)
58.21718, (0.630196, -0.687496, 3.646818), (0.050670, 0.635261, 0.021982, 0.770320)
58.23075, (0.584005, -0.673423, 3.642199), (0.048361, 0.634467, 0.023633, 0.771073)
58.24456, (0.537213, -0.658302, 3.637867), (0.045537, 0.633603, 0.025360, 0.771901)
58.25859, (0.487545, -0.649139, 3.636473), (0.042214, 0.632882, 0.027696, 0.772601)
58.27275, (0.437350, -0.639150, 3.633537), (0.040449, 0.632166, 0.029572, 0.773211)
58.28654, (0.387821, -0.629916, 3.629261), (0.039619, 0.631592, 0.031148, 0.773661)
58.30037, (0.341475, -0.619776, 3.626705), (0.038920, 0.631431, 0.032236, 0.773784)
58.31466, (0.293608, -0.612907, 3.623121), (0.036571, 0.631169, 0.034520, 0.774013)
58.32806, (0.245856, -0.600311, 3.620210), (0.035024, 0.631035, 0.036421, 0.774107)
58.34175, (0.195780, -0.591722, 3.616760), (0.033060, 0.631153, 0.039558, 0.773943)
58.35539, (0.146868, -0.579341, 3.610083), (0.031761, 0.630900, 0.041661, 0.774094)
58.36943, (0.098009, -0.570582, 3.605945), (0.029713, 0.630569, 0.043476, 0.774345)
58.38322, (0.046714, -0.564592, 3.602998), (0.027106, 0.630035, 0.045380, 0.774766)
58.397, (-0.003845, -0.555258, 3.601152), (0.024962, 0.629009, 0.047382, 0.775551)
58.41105, (-0.055124, -0.551461, 3.598543), (0.021610, 0.628188, 0.049337, 0.776195)
58.42487, (-0.105488, -0.543597, 3.595705), (0.019313, 0.627618, 0.051370, 0.776585)
58.43872, (-0.161222, -0.537200, 3.596553), (0.015905, 0.625549, 0.052225, 0.778272)
58.45286, (-0.214433, -0.529001, 3.597089), (0.011382, 0.622874, 0.053840, 0.780384)
58.46646, (-0.266957, -0.521553, 3.596564), (0.007707, 0.620926, 0.056385, 0.781801)
58.48023, (-0.318077, -0.515931, 3.594487), (0.003352, 0.618891, 0.058335, 0.783301)
58.49419, (-0.369464, -0.510559, 3.593929), (-0.000155, 0.616661, 0.059716, 0.784960)
58.50814, (-0.422159, -0.506730, 3.594523), (-0.003661, 0.614441, 0.060927, 0.786598)
58.52186, (-0.477359, -0.504012, 3.600921), (-0.006152, 0.612359, 0.062271, 0.788099)
58.53577, (-0.531241, -0.501928, 3.600937), (-0.009084, 0.609417, 0.063691, 0.790236)
58.54962, (-0.587250, -0.499078, 3.606744), (-0.011772, 0.607314, 0.066159, 0.791615)
58.56344, (-0.639577, -0.493832, 3.609325), (-0.013999, 0.604395, 0.068071, 0.793648)
58.57739, (-0.690363, -0.492271, 3.610273), (-0.015692, 0.599868, 0.071119, 0.796777)
58.59152, (-0.743785, -0.491604, 3.614837), (-0.018565, 0.596395, 0.073402, 0.799112)
58.60508, (-0.797077, -0.492247, 3.619483), (-0.021296, 0.592170, 0.075259, 0.802008)
58.61906, (-0.849776, -0.492668, 3.627759), (-0.024285, 0.587266, 0.077120, 0.805346)
58.6328, (-0.900423, -0.495011, 3.635983), (-0.026817, 0.581462, 0.078498, 0.809334)
58.64664, (-0.952336, -0.500915, 3.646512), (-0.027997, 0.573968, 0.078201, 0.814655)
58.66072, (-1.003966, -0.511320, 3.659105), (-0.027394, 0.566111, 0.077820, 0.820190)
58.6745, (-1.056630, -0.527016, 3.673783), (-0.026054, 0.557531, 0.078229, 0.826052)
58.68826, (-1.106070, -0.541717, 3.693051), (-0.022019, 0.547452, 0.076543, 0.833038)
58.70204, (-1.155765, -0.556455, 3.713754), (-0.018410, 0.536192, 0.074921, 0.840563)
58.71593, (-1.206046, -0.569314, 3.738220), (-0.012893, 0.521705, 0.073257, 0.849877)
58.72972, (-1.257867, -0.584049, 3.767737), (-0.007349, 0.504926, 0.070193, 0.860273)
58.74355, (-1.313145, -0.600427, 3.795860), (-0.001883, 0.487983, 0.068877, 0.870130)
58.75786, (-1.372865, -0.621028, 3.830709), (0.007579, 0.465369, 0.066511, 0.882582)
58.77128, (-1.430256, -0.646404, 3.861094), (0.015604, 0.442951, 0.063376, 0.894167)
58.78515, (-1.484181, -0.670960, 3.886981), (0.023493, 0.421281, 0.060443, 0.904609)
58.79887, (-1.542812, -0.694629, 3.911559), (0.033499, 0.397901, 0.056589, 0.915069)
58.8127, (-1.592382, -0.717974, 3.934184), (0.040713, 0.373072, 0.054037, 0.925332)
58.8265, (-1.646945, -0.739117, 3.959620), (0.046678, 0.349209, 0.050691, 0.934508)
58.84032, (-1.704006, -0.755185, 3.985120), (0.053946, 0.326980, 0.048168, 0.942260)
58.85416, (-1.753893, -0.771960, 4.006613), (0.061234, 0.304089, 0.047076, 0.949507)
58.86799, (-1.796916, -0.788616, 4.026474), (0.067121, 0.283024, 0.046290, 0.955641)
58.88176, (-1.840447, -0.801301, 4.045539), (0.071446, 0.264125, 0.046870, 0.960696)
58.89558, (-1.875345, -0.812676, 4.060665), (0.074555, 0.246042, 0.047458, 0.965222)
58.90984, (-1.904479, -0.821992, 4.078181), (0.078102, 0.230145, 0.046635, 0.968896)
58.92321, (-1.932411, -0.830793, 4.091320), (0.081341, 0.216385, 0.046349, 0.971809)
58.93704, (-1.960275, -0.839835, 4.103930), (0.083295, 0.203909, 0.044986, 0.974402)
58.95082, (-1.986401, -0.842339, 4.119131), (0.085931, 0.191609, 0.041874, 0.976805)
58.96472, (-2.003021, -0.842969, 4.128786), (0.085975, 0.183212, 0.036902, 0.978611)
58.97857, (-2.022417, -0.851005, 4.138222), (0.086403, 0.173491, 0.034630, 0.980427)
58.9925, (-2.027198, -0.856030, 4.147645), (0.087126, 0.166536, 0.032086, 0.981654)
59.00639, (-2.034912, -0.861914, 4.156243), (0.088465, 0.158837, 0.031727, 0.982822)
59.02026, (-2.041852, -0.867364, 4.166893), (0.088908, 0.150379, 0.030987, 0.984135)
59.03428, (-2.054291, -0.866821, 4.178845), (0.088773, 0.141247, 0.029555, 0.985543)
59.04834, (-2.063937, -0.870838, 4.188828), (0.089118, 0.130733, 0.028055, 0.987006)
59.06252, (-2.074780, -0.875288, 4.199767), (0.090377, 0.119774, 0.026418, 0.988326)
59.07582, (-2.087421, -0.873966, 4.208771), (0.090685, 0.110474, 0.025493, 0.989405)
59.08977, (-2.086447, -0.873166, 4.216389), (0.091619, 0.099060, 0.023500, 0.990576)
59.10353, (-2.063523, -0.880352, 4.224568), (0.092027, 0.089329, 0.028729, 0.991325)
59.11747, (-2.056905, -0.878587, 4.234460), (0.092028, 0.078308, 0.028504, 0.992263)
59.13165, (-2.046062, -0.876085, 4.241933), (0.091983, 0.067283, 0.029255, 0.993054)
59.1458, (-2.028740, -0.869384, 4.248232), (0.094569, 0.058743, 0.029168, 0.993356)
59.15933, (-2.008676, -0.869108, 4.250708), (0.096288, 0.051343, 0.028681, 0.993615)
59.17305, (-1.983672, -0.866374, 4.255857), (0.098026, 0.045039, 0.026768, 0.993804)
59.18636, (-1.950385, -0.866898, 4.258916), (0.099333, 0.042684, 0.024161, 0.993845)
59.20035, (-1.917328, -0.866667, 4.260351), (0.101652, 0.040580, 0.022383, 0.993740)
59.21428, (-1.878858, -0.862730, 4.261922), (0.104695, 0.038588, 0.019857, 0.993557)
59.22815, (-1.841995, -0.861083, 4.260147), (0.106905, 0.037691, 0.017410, 0.993402)
59.24208, (-1.804436, -0.854812, 4.257297), (0.109116, 0.037462, 0.014778, 0.993213)
59.25599, (-1.767949, -0.848246, 4.258003), (0.111111, 0.036275, 0.010885, 0.993086)
59.26995, (-1.728134, -0.843419, 4.257689), (0.113493, 0.036442, 0.007750, 0.992840)
59.28391, (-1.696366, -0.847436, 4.252921), (0.114706, 0.036325, 0.005883, 0.992718)
59.2978, (-1.660758, -0.851046, 4.246523), (0.117047, 0.035004, 0.005248, 0.992495)
59.31173, (-1.626273, -0.851915, 4.239622), (0.120373, 0.034205, 0.005386, 0.992125)
59.3256, (-1.589793, -0.853258, 4.232450), (0.123703, 0.033442, 0.005826, 0.991739)
59.33953, (-1.556219, -0.853530, 4.223751), (0.125148, 0.032229, 0.005276, 0.991601)
59.35363, (-1.525644, -0.852985, 4.218650), (0.126532, 0.031681, 0.003917, 0.991449)
59.36821, (-1.488871, -0.851165, 4.210451), (0.128048, 0.030835, 0.002368, 0.991286)
59.38169, (-1.455338, -0.852459, 4.206302), (0.128933, 0.031035, 0.001449, 0.991167)
59.39548, (-1.421916, -0.849770, 4.201941), (0.130109, 0.031914, 0.000228, 0.990986)
59.40938, (-1.387842, -0.848476, 4.198688), (0.130800, 0.032401, -0.002754, 0.990875)
59.4236, (-1.356491, -0.848262, 4.195563), (0.130846, 0.033586, -0.004632, 0.990823)
59.43717, (-1.325340, -0.847120, 4.190636), (0.132115, 0.035184, -0.005921, 0.990592)
59.45093, (-1.292337, -0.852661, 4.185421), (0.132992, 0.037166, -0.006308, 0.990400)
59.46472, (-1.258561, -0.858308, 4.179575), (0.135239, 0.039075, -0.004370, 0.990033)
59.47858, (-1.226484, -0.862743, 4.176179), (0.138121, 0.041078, -0.002941, 0.989559)
59.49259, (-1.195189, -0.865588, 4.173604), (0.139899, 0.043194, -0.002019, 0.989221)
59.50645, (-1.168452, -0.870186, 4.174513), (0.139480, 0.045228, -0.002253, 0.989189)
59.52031, (-1.144442, -0.868321, 4.177269), (0.138809, 0.046462, -0.002980, 0.989224)
59.53428, (-1.119595, -0.868492, 4.177084), (0.138783, 0.047255, -0.005143, 0.989181)
59.54818, (-1.093571, -0.874752, 4.177340), (0.137400, 0.046985, -0.005942, 0.989383)
59.562, (-1.058215, -0.884504, 4.166161), (0.134188, 0.044825, -0.005337, 0.989927)
59.57598, (-1.042773, -0.894940, 4.176388), (0.139214, 0.048284, -0.006888, 0.989061)
59.58989, (-1.022460, -0.902021, 4.171215), (0.142185, 0.047781, -0.001751, 0.988685)
59.60385, (-0.997073, -0.905671, 4.165954), (0.146644, 0.048921, -0.000497, 0.987979)
59.61776, (-0.976517, -0.910952, 4.165592), (0.148280, 0.048432, 0.000310, 0.987759)
59.63162, (-0.962087, -0.913154, 4.167017), (0.148103, 0.049549, 0.000060, 0.987730)
59.64603, (-0.945321, -0.916077, 4.169147), (0.146747, 0.049696, -0.001501, 0.987924)
59.6596, (-0.930141, -0.920519, 4.171277), (0.147501, 0.051551, -0.004600, 0.987707)
59.67327, (-0.914740, -0.923814, 4.168550), (0.147424, 0.052723, -0.006811, 0.987644)
59.68719, (-0.894645, -0.929698, 4.167541), (0.150366, 0.056362, -0.007389, 0.986995)
59.70103, (-0.882521, -0.928490, 4.155967), (0.147348, 0.054864, -0.005864, 0.987545)
59.71502, (-0.874495, -0.932734, 4.158779), (0.147123, 0.055121, -0.005914, 0.987564)
59.72888, (-0.860250, -0.930555, 4.161863), (0.149575, 0.055078, -0.006358, 0.987195)
59.74276, (-0.844167, -0.924920, 4.159733), (0.149639, 0.052455, -0.007828, 0.987317)
59.75668, (-0.835448, -0.920456, 4.164448), (0.147813, 0.052930, -0.009898, 0.987549)
59.77059, (-0.823658, -0.916531, 4.167730), (0.146157, 0.053566, -0.012371, 0.987733)
59.78447, (-0.813349, -0.914654, 4.168049), (0.143341, 0.054337, -0.013944, 0.988082)
59.7989, (-0.809666, -0.913385, 4.166812), (0.138386, 0.055440, -0.014061, 0.988725)
59.8124, (-0.806706, -0.914067, 4.171391), (0.139979, 0.056301, -0.013794, 0.988456)
59.82621, (-0.800639, -0.920973, 4.160115), (0.142709, 0.055918, -0.011427, 0.988118)
59.84011, (-0.794677, -0.921040, 4.163100), (0.148064, 0.055522, -0.008865, 0.987378)
59.85389, (-0.788950, -0.917139, 4.171673), (0.148569, 0.056192, -0.007951, 0.987272)
59.8678, (-0.783942, -0.913161, 4.179869), (0.145966, 0.058473, -0.009170, 0.987518)
59.88185, (-0.777702, -0.912483, 4.184668), (0.144558, 0.060033, -0.008290, 0.987639)
59.89557, (-0.774927, -0.912225, 4.183119), (0.143459, 0.060084, -0.008707, 0.987792)
59.90948, (-0.772170, -0.916315, 4.190448), (0.143703, 0.059814, -0.009703, 0.987764)
59.92339, (-0.771320, -0.920819, 4.203623), (0.144842, 0.059506, -0.009797, 0.987615)
59.93723, (-0.770125, -0.924877, 4.209967), (0.145539, 0.059598, -0.009203, 0.987513)
59.95164, (-0.772359, -0.919750, 4.213909), (0.148213, 0.055387, -0.007803, 0.987373)
59.96511, (-0.781355, -0.915406, 4.222913), (0.149296, 0.056448, -0.009740, 0.987132)
59.97895, (-0.784166, -0.916846, 4.229902), (0.148609, 0.055557, -0.010818, 0.987275)
59.99295, (-0.798297, -0.912523, 4.236550), (0.150872, 0.056470, -0.011175, 0.986876)
60.00688, (-0.806327, -0.915033, 4.246748), (0.151850, 0.055759, -0.013796, 0.986733)
60.02071, (-0.814899, -0.919658, 4.254879), (0.150725, 0.053787, -0.012368, 0.987034)
60.03463, (-0.825316, -0.916503, 4.272805), (0.152549, 0.054235, -0.012785, 0.986724)
60.04874, (-0.846563, -0.913394, 4.283766), (0.150676, 0.052585, -0.012736, 0.987101)
60.06234, (-0.862694, -0.913205, 4.292283), (0.150016, 0.051418, -0.014017, 0.987246)
60.07626, (-0.896856, -0.915462, 4.310845), (0.153536, 0.044304, -0.015194, 0.987033)
60.09012, (-0.920126, -0.922097, 4.327416), (0.155503, 0.039779, -0.013779, 0.986938)
60.10413, (-0.945915, -0.928525, 4.347816), (0.158202, 0.033159, -0.010214, 0.986797)
60.11821, (-0.966224, -0.935252, 4.361382), (0.159879, 0.029146, -0.009099, 0.986664)
60.13189, (-1.003903, -0.935046, 4.375981), (0.164352, 0.022717, -0.006500, 0.986119)
60.14576, (-1.043563, -0.936619, 4.392492), (0.163501, 0.017329, -0.006927, 0.986367)
60.15963, (-1.082463, -0.941898, 4.414104), (0.165131, 0.011965, -0.005812, 0.986182)
60.1735, (-1.112693, -0.944951, 4.431462), (0.168524, 0.002869, -0.003524, 0.985687)
60.18748, (-1.150948, -0.947613, 4.447569), (0.171683, -0.006444, 0.001348, 0.985130)
60.20139, (-1.191498, -0.948969, 4.462329), (0.173978, -0.014689, 0.006905, 0.984616)
60.21575, (-1.227111, -0.948050, 4.471788), (0.174102, -0.023788, 0.009613, 0.984393)
60.22944, (-1.262083, -0.944685, 4.488015), (0.177374, -0.031762, 0.011278, 0.983566)
60.24386, (-1.295608, -0.954118, 4.492995), (0.176856, -0.040074, 0.014729, 0.983310)
60.25729, (-1.333047, -0.945481, 4.504971), (0.178582, -0.045858, 0.015989, 0.982726)
60.27105, (-1.368804, -0.945574, 4.517188), (0.180085, -0.052873, 0.018279, 0.982059)
60.2848, (-1.407487, -0.939727, 4.527243), (0.177073, -0.057617, 0.019887, 0.982308)
60.29892, (-1.443920, -0.938611, 4.538888), (0.177826, -0.064248, 0.022056, 0.981715)
60.3127, (-1.469324, -0.932947, 4.553100), (0.178322, -0.072243, 0.022846, 0.981051)
60.32661, (-1.501463, -0.926226, 4.545703), (0.168458, -0.079740, 0.019020, 0.982294)
60.34051, (-1.526323, -0.922432, 4.542280), (0.165983, -0.087809, 0.018244, 0.982042)
60.35445, (-1.557927, -0.914576, 4.547199), (0.166558, -0.094357, 0.019297, 0.981317)
60.36861, (-1.582377, -0.910074, 4.545818), (0.164746, -0.100143, 0.016674, 0.981097)
60.38268, (-1.606601, -0.906129, 4.550071), (0.162896, -0.105028, 0.013787, 0.980940)
60.39696, (-1.625957, -0.900525, 4.558750), (0.161708, -0.110591, 0.011270, 0.980557)
60.41048, (-1.649071, -0.890375, 4.569870), (0.161111, -0.115343, 0.009962, 0.980123)
60.42446, (-1.671165, -0.884938, 4.572150), (0.159629, -0.120698, 0.007846, 0.979739)
60.43828, (-1.690658, -0.879942, 4.573614), (0.156544, -0.127440, 0.007208, 0.979388)
60.45195, (-1.707440, -0.871494, 4.576983), (0.156510, -0.134405, 0.006649, 0.978466)
60.46595, (-1.726085, -0.870593, 4.575855), (0.153589, -0.141664, 0.008136, 0.977894)
60.47958, (-1.749502, -0.863860, 4.583750), (0.155329, -0.147484, 0.009019, 0.976750)
60.49348, (-1.760508, -0.864730, 4.590482), (0.154663, -0.153627, 0.010857, 0.975889)
60.50749, (-1.770005, -0.860347, 4.595977), (0.155253, -0.158175, 0.010353, 0.975074)
60.52132, (-1.784660, -0.854275, 4.599905), (0.154589, -0.160287, 0.010240, 0.974836)
60.53522, (-1.795676, -0.847518, 4.605840), (0.154223, -0.164795, 0.009146, 0.974153)
60.54916, (-1.806880, -0.843427, 4.606339), (0.152970, -0.168005, 0.008419, 0.973809)
60.56312, (-1.815091, -0.845451, 4.604344), (0.150370, -0.171036, 0.006616, 0.973700)
60.57706, (-1.825816, -0.840912, 4.606504), (0.149249, -0.174492, 0.004997, 0.973269)
60.59103, (-1.833574, -0.839174, 4.604235), (0.147306, -0.177709, 0.003419, 0.972990)
60.60487, (-1.832970, -0.831885, 4.601645), (0.145614, -0.182680, 0.003114, 0.972324)
60.61879, (-1.835509, -0.829781, 4.602292), (0.142984, -0.186976, 0.002644, 0.971900)
60.6327, (-1.833550, -0.826879, 4.603251), (0.140795, -0.192327, 0.002004, 0.971176)
60.6466, (-1.831243, -0.822822, 4.608696), (0.140399, -0.197742, -0.000542, 0.970148)
60.66055, (-1.826182, -0.819662, 4.612070), (0.140159, -0.201442, -0.004466, 0.969411)
60.67453, (-1.821011, -0.816416, 4.615411), (0.138965, -0.204344, -0.007246, 0.968958)
60.68849, (-1.807810, -0.811526, 4.619871), (0.139523, -0.207160, -0.010390, 0.968251)
60.70228, (-1.792158, -0.814130, 4.621314), (0.140340, -0.208665, -0.012204, 0.967789)
60.71622, (-1.781892, -0.811549, 4.621916), (0.141337, -0.210032, -0.013872, 0.967325)
60.73013, (-1.767033, -0.810638, 4.625874), (0.142037, -0.213394, -0.016981, 0.966437)
60.74403, (-1.752255, -0.804050, 4.629317), (0.142291, -0.216106, -0.022319, 0.965688)
60.75782, (-1.739710, -0.801123, 4.630907), (0.140100, -0.217364, -0.027840, 0.965583)
60.77186, (-1.722277, -0.796073, 4.634665), (0.138325, -0.219242, -0.032731, 0.965261)
60.78565, (-1.706203, -0.795041, 4.636216), (0.137171, -0.220996, -0.036062, 0.964906)
60.79956, (-1.692510, -0.792866, 4.635260), (0.136687, -0.223677, -0.037438, 0.964305)
60.81353, (-1.682552, -0.791707, 4.623612), (0.133422, -0.227373, -0.038677, 0.963849)
60.82779, (-1.679821, -0.778117, 4.612163), (0.133416, -0.232446, -0.043732, 0.962422)
60.8413, (-1.676003, -0.766901, 4.597338), (0.132744, -0.237449, -0.048692, 0.961055)
60.85512, (-1.670268, -0.763092, 4.586538), (0.130942, -0.241548, -0.052785, 0.960064)
60.869, (-1.668235, -0.756017, 4.579127), (0.129830, -0.244722, -0.055978, 0.959230)
60.88301, (-1.664466, -0.747025, 4.565200), (0.128657, -0.251311, -0.056175, 0.957672)
60.89682, (-1.670059, -0.736063, 4.548910), (0.127424, -0.258806, -0.055553, 0.955875)
60.91077, (-1.679160, -0.729462, 4.537168), (0.125793, -0.269027, -0.052748, 0.953425)
60.92459, (-1.690907, -0.720894, 4.529361), (0.123528, -0.276782, -0.052493, 0.951513)
60.93851, (-1.706038, -0.707905, 4.524402), (0.119782, -0.283631, -0.054076, 0.949885)
60.9524, (-1.728538, -0.694295, 4.514853), (0.113265, -0.288148, -0.059201, 0.949019)
60.96632, (-1.749158, -0.681264, 4.501162), (0.107537, -0.293297, -0.063303, 0.947843)
60.98055, (-1.770571, -0.674620, 4.486594), (0.103727, -0.299572, -0.063457, 0.946293)
60.99423, (-1.792743, -0.667776, 4.470330), (0.101266, -0.307956, -0.061642, 0.943985)
61.00797, (-1.821744, -0.661172, 4.454002), (0.101222, -0.315670, -0.059112, 0.941601)
61.02184, (-1.852063, -0.657022, 4.432454), (0.100115, -0.322385, -0.056726, 0.939589)
61.03583, (-1.885753, -0.647205, 4.409283), (0.096729, -0.328720, -0.056211, 0.937778)
61.04976, (-1.917570, -0.639851, 4.389202), (0.091313, -0.335127, -0.057483, 0.935974)
61.06392, (-1.949196, -0.629801, 4.372412), (0.087137, -0.341855, -0.057691, 0.933924)
61.07754, (-1.984715, -0.621480, 4.350697), (0.084546, -0.347988, -0.057729, 0.931893)
61.09153, (-2.017526, -0.616169, 4.321090), (0.082421, -0.354783, -0.055570, 0.929649)
61.10545, (-2.054145, -0.605793, 4.290033), (0.081199, -0.360238, -0.053563, 0.927775)
61.11916, (-2.087277, -0.593725, 4.268279), (0.078069, -0.363737, -0.052766, 0.926724)
61.13388, (-2.120986, -0.581983, 4.246522), (0.072003, -0.365020, -0.052706, 0.926714)
61.14695, (-2.157616, -0.566832, 4.228472), (0.068570, -0.366167, -0.052201, 0.926550)
61.16079, (-2.195138, -0.554725, 4.206716), (0.064296, -0.366727, -0.050852, 0.926710)
61.17475, (-2.234414, -0.543547, 4.181623), (0.059960, -0.367298, -0.049771, 0.926833)
61.1889, (-2.275439, -0.529834, 4.155049), (0.056085, -0.368669, -0.048401, 0.926604)
61.20264, (-2.317131, -0.517602, 4.128027), (0.052993, -0.370270, -0.048380, 0.926149)
61.21639, (-2.360585, -0.511352, 4.097918), (0.049296, -0.372055, -0.048412, 0.925636)
61.23028, (-2.402979, -0.507716, 4.068016), (0.047038, -0.374393, -0.046116, 0.924927)
61.24474, (-2.440719, -0.510807, 4.036411), (0.045313, -0.376618, -0.041749, 0.924318)
61.25834, (-2.479273, -0.506105, 4.007940), (0.043680, -0.378872, -0.038699, 0.923607)
61.27237, (-2.512561, -0.504428, 3.972660), (0.042777, -0.381227, -0.033445, 0.922886)
61.28622, (-2.551174, -0.496087, 3.940584), (0.041285, -0.383455, -0.032665, 0.922058)
61.29987, (-2.588618, -0.490602, 3.914400), (0.038970, -0.387362, -0.031552, 0.920563)
61.31376, (-2.624700, -0.490407, 3.884293), (0.037175, -0.389814, -0.030494, 0.919638)
61.32747, (-2.657739, -0.491558, 3.854792), (0.036843, -0.392487, -0.027740, 0.918601)
61.34148, (-2.687872, -0.494434, 3.827677), (0.034733, -0.395043, -0.025405, 0.917654)
61.35543, (-2.714811, -0.492336, 3.798617), (0.033661, -0.396268, -0.024197, 0.917199)
61.36928, (-2.744139, -0.491247, 3.768433), (0.031485, -0.397621, -0.023926, 0.916697)
61.38328, (-2.768198, -0.491670, 3.743634), (0.028722, -0.398977, -0.024773, 0.916176)
61.39713, (-2.791536, -0.490159, 3.715504), (0.026492, -0.400327, -0.023742, 0.915682)
61.41106, (-2.813544, -0.489019, 3.687171), (0.025439, -0.402596, -0.022487, 0.914748)
61.42498, (-2.831220, -0.494002, 3.655397), (0.024028, -0.405816, -0.021103, 0.913395)
61.43921, (-2.849323, -0.498228, 3.623492), (0.023058, -0.408735, -0.019765, 0.912148)
61.45288, (-2.863763, -0.498601, 3.592389), (0.021989, -0.411717, -0.018713, 0.910854)
61.46714, (-2.877726, -0.498738, 3.560700), (0.021134, -0.414337, -0.017738, 0.909705)
61.48096, (-2.888081, -0.499034, 3.529256), (0.021967, -0.415983, -0.017829, 0.908932)
61.49483, (-2.895697, -0.499648, 3.499713), (0.022046, -0.418439, -0.017673, 0.907806)
61.50866, (-2.903914, -0.501164, 3.466039), (0.021766, -0.420368, -0.018027, 0.906914)
61.52259, (-2.904725, -0.503087, 3.432299), (0.021967, -0.423000, -0.017601, 0.905692)
61.53655, (-2.903442, -0.502002, 3.398101), (0.021919, -0.426289, -0.016812, 0.904165)
61.55003, (-2.902486, -0.504783, 3.366191), (0.021136, -0.429132, -0.016127, 0.902851)
61.56405, (-2.896641, -0.507355, 3.337370), (0.019303, -0.432799, -0.015539, 0.901150)
61.57801, (-2.895176, -0.509874, 3.305002), (0.018522, -0.435443, -0.015548, 0.899892)
61.59177, (-2.889403, -0.512632, 3.272228), (0.017853, -0.438200, -0.015491, 0.898567)
61.60562, (-2.879512, -0.516720, 3.238189), (0.017213, -0.440376, -0.015012, 0.897523)
61.61951, (-2.867290, -0.518585, 3.209409), (0.016616, -0.442313, -0.014206, 0.896594)
61.63361, (-2.854379, -0.519180, 3.182686), (0.015867, -0.443016, -0.013288, 0.896275)
61.6474, (-2.842303, -0.521673, 3.156425), (0.013738, -0.443755, -0.012219, 0.895960)
61.66131, (-2.827499, -0.524483, 3.126952), (0.011792, -0.443980, -0.012818, 0.895868)
61.67519, (-2.813536, -0.526854, 3.097816), (0.010963, -0.444743, -0.012580, 0.895503)
61.68914, (-2.795523, -0.529733, 3.069720), (0.010773, -0.444299, -0.012382, 0.895728)
61.70331, (-2.775011, -0.530369, 3.043064), (0.010642, -0.443186, -0.012378, 0.896281)
61.71693, (-2.754716, -0.530075, 3.013408), (0.010067, -0.441942, -0.012344, 0.896902)
61.73114, (-2.732154, -0.527805, 2.983675), (0.010202, -0.440125, -0.012857, 0.897786)
61.74466, (-2.709204, -0.525172, 2.952755), (0.009368, -0.438121, -0.013005, 0.898773)
61.75855, (-2.686862, -0.521497, 2.921879), (0.008530, -0.435410, -0.013556, 0.900090)
61.77247, (-2.663230, -0.517258, 2.890429), (0.007161, -0.432850, -0.014108, 0.901327)
61.78635, (-2.637909, -0.513127, 2.853175), (0.004461, -0.428960, -0.015146, 0.903186)
61.80033, (-2.609699, -0.509074, 2.813027), (0.002618, -0.425904, -0.015512, 0.904632)
61.81411, (-2.582186, -0.506057, 2.772365), (-0.000199, -0.423202, -0.015255, 0.905907)
61.8282, (-2.554039, -0.504745, 2.732074), (-0.004353, -0.420732, -0.014250, 0.907063)
61.84208, (-2.528324, -0.503123, 2.692140), (-0.007653, -0.418391, -0.013400, 0.908136)
61.85576, (-2.499507, -0.505986, 2.650259), (-0.011459, -0.415809, -0.011470, 0.909308)
61.86964, (-2.468763, -0.508043, 2.604359), (-0.014778, -0.413325, -0.009045, 0.910419)
61.8839, (-2.437043, -0.509834, 2.560818), (-0.018205, -0.410990, -0.007309, 0.911429)
61.89741, (-2.406199, -0.508307, 2.520013), (-0.021829, -0.408477, -0.005671, 0.912490)
61.91127, (-2.373169, -0.509756, 2.484140), (-0.028093, -0.405012, -0.004689, 0.913868)
61.92538, (-2.342760, -0.509719, 2.448537), (-0.033419, -0.401849, -0.004242, 0.915086)
61.93917, (-2.311073, -0.510978, 2.413397), (-0.038643, -0.398778, -0.004615, 0.916221)
61.95301, (-2.280588, -0.514351, 2.378375), (-0.042361, -0.395110, -0.005928, 0.917638)
61.96682, (-2.250299, -0.514424, 2.343817), (-0.045542, -0.391601, -0.006701, 0.918983)
61.98085, (-2.218913, -0.516969, 2.311003), (-0.049546, -0.387444, -0.008875, 0.920518)
61.99459, (-2.190053, -0.516626, 2.281701), (-0.053044, -0.383364, -0.009687, 0.922022)
62.00843, (-2.162782, -0.521675, 2.252541), (-0.056344, -0.379368, -0.010039, 0.923474)
62.02225, (-2.139856, -0.529234, 2.227325), (-0.059295, -0.375017, -0.010530, 0.925060)
62.03623, (-2.118471, -0.535028, 2.209723), (-0.060339, -0.371905, -0.011664, 0.926234)
62.05033, (-2.097209, -0.537692, 2.183867), (-0.061797, -0.368477, -0.014047, 0.927475)
62.0641, (-2.076955, -0.538909, 2.160991), (-0.063210, -0.365344, -0.015580, 0.928593)
62.07791, (-2.057336, -0.542698, 2.140991), (-0.064883, -0.361975, -0.016796, 0.929775)
62.09168, (-2.038008, -0.548705, 2.130762), (-0.065894, -0.359394, -0.018238, 0.930678)
62.10561, (-2.024316, -0.552416, 2.117856), (-0.066634, -0.355852, -0.017728, 0.931995)
62.11947, (-2.007139, -0.558912, 2.107656), (-0.068840, -0.353292, -0.017800, 0.932807)
62.1334, (-1.991302, -0.559317, 2.096870), (-0.069437, -0.350605, -0.018380, 0.933765)
62.14715, (-1.977283, -0.561204, 2.088132), (-0.070994, -0.347873, -0.019443, 0.934648)
62.16106, (-1.963776, -0.563576, 2.090366), (-0.071788, -0.345807, -0.021177, 0.935316)
62.17495, (-1.952082, -0.568131, 2.097386), (-0.072558, -0.343661, -0.021878, 0.936031)
62.18917, (-1.937430, -0.570076, 2.101461), (-0.072463, -0.341082, -0.022985, 0.936955)
62.2025, (-1.925733, -0.574832, 2.113029), (-0.071482, -0.339262, -0.024506, 0.937652)
62.21643, (-1.915655, -0.578466, 2.124128), (-0.069578, -0.337301, -0.025928, 0.938464)
62.23013, (-1.906726, -0.582845, 2.144340), (-0.067918, -0.336322, -0.027467, 0.938893)
62.24403, (-1.897876, -0.586072, 2.175113), (-0.064785, -0.335227, -0.029557, 0.939443)
62.25806, (-1.888330, -0.589517, 2.203320), (-0.062805, -0.333790, -0.031006, 0.940042)
62.27183, (-1.879330, -0.590596, 2.236319), (-0.058771, -0.332589, -0.033453, 0.940644)
62.28578, (-1.868863, -0.593206, 2.272399), (-0.055148, -0.331308, -0.036448, 0.941204)
62.29962, (-1.858333, -0.593516, 2.313467), (-0.050993, -0.330458, -0.039304, 0.941622)
62.31366, (-1.847479, -0.595797, 2.354841), (-0.048188, -0.329379, -0.041873, 0.942037)
62.32767, (-1.831542, -0.599320, 2.407131), (-0.044789, -0.329871, -0.044952, 0.941891)
62.34146, (-1.820617, -0.600098, 2.456154), (-0.039365, -0.328957, -0.048242, 0.942290)
62.35534, (-1.805792, -0.602039, 2.510440), (-0.033359, -0.328902, -0.052789, 0.942297)
62.36921, (-1.790382, -0.605614, 2.564796), (-0.028435, -0.329006, -0.057289, 0.942160)
62.38296, (-1.771440, -0.603697, 2.617211), (-0.022774, -0.329215, -0.061275, 0.941989)
62.39684, (-1.752217, -0.604557, 2.672924), (-0.019001, -0.330041, -0.064915, 0.941540)
62.41082, (-1.733956, -0.601745, 2.736226), (-0.015722, -0.330505, -0.067247, 0.941274)
62.4247, (-1.712699, -0.606296, 2.798900), (-0.013395, -0.331139, -0.069994, 0.940887)
62.43847, (-1.689168, -0.606906, 2.863898), (-0.009311, -0.332160, -0.072342, 0.940399)
62.45246, (-1.663362, -0.609105, 2.929356), (-0.005175, -0.331636, -0.076956, 0.940249)
62.4665, (-1.637798, -0.609379, 2.994284), (-0.001869, -0.329742, -0.082070, 0.940495)
62.48069, (-1.609323, -0.613542, 3.066684), (0.000811, -0.325761, -0.088797, 0.941273)
62.49496, (-1.579847, -0.620327, 3.135180), (0.003865, -0.321253, -0.093142, 0.942394)
62.50821, (-1.549707, -0.629197, 3.202087), (0.009007, -0.315622, -0.096640, 0.943908)
62.52212, (-1.519028, -0.637363, 3.271891), (0.013868, -0.311648, -0.099870, 0.944833)
62.53594, (-1.484549, -0.648235, 3.341360), (0.019173, -0.306077, -0.103175, 0.946205)
62.54977, (-1.439651, -0.657386, 3.422928), (0.024491, -0.298548, -0.106458, 0.948122)
62.56365, (-1.395234, -0.667756, 3.497845), (0.027491, -0.290308, -0.109620, 0.950236)
62.57742, (-1.348695, -0.676450, 3.572544), (0.031747, -0.283617, -0.111709, 0.951880)
62.59113, (-1.301538, -0.686690, 3.645935), (0.036840, -0.276968, -0.113929, 0.953390)
62.60494, (-1.250661, -0.697637, 3.718238), (0.041937, -0.269949, -0.115479, 0.955004)
62.61894, (-1.193791, -0.716119, 3.795364), (0.046564, -0.260975, -0.118123, 0.956959)
62.63284, (-1.130566, -0.729975, 3.872726), (0.052230, -0.249665, -0.121245, 0.959291)
62.64668, (-1.065999, -0.744187, 3.947932), (0.058636, -0.235009, -0.125280, 0.962101)
62.66051, (-0.997701, -0.762386, 4.030052), (0.062457, -0.220940, -0.128980, 0.964701)
62.67444, (-0.929549, -0.782913, 4.103639), (0.066520, -0.205030, -0.133578, 0.967313)
62.68853, (-0.857472, -0.796990, 4.179840), (0.071862, -0.188762, -0.137408, 0.969703)
62.70235, (-0.784528, -0.813105, 4.256033), (0.077617, -0.174047, -0.141351, 0.971444)
62.71621, (-0.698741, -0.832633, 4.324876), (0.085057, -0.154463, -0.143952, 0.973747)
62.72997, (-0.621003, -0.851114, 4.391698), (0.091315, -0.136759, -0.147099, 0.975357)
62.74376, (-0.543770, -0.863535, 4.454268), (0.097847, -0.118541, -0.151251, 0.976472)
62.758, (-0.462639, -0.879194, 4.515859), (0.103184, -0.101740, -0.154694, 0.977278)
62.77155, (-0.381323, -0.893080, 4.576118), (0.106927, -0.086337, -0.157479, 0.977913)
62.78544, (-0.304363, -0.898141, 4.633356), (0.110171, -0.071588, -0.159241, 0.978458)
62.79933, (-0.225909, -0.906918, 4.685676), (0.112552, -0.059002, -0.161503, 0.978656)
62.81313, (-0.147714, -0.918356, 4.745688), (0.116861, -0.044068, -0.164207, 0.978487)
62.82696, (-0.081035, -0.920005, 4.775135), (0.119019, -0.037591, -0.167756, 0.977895)
62.84089, (-0.008757, -0.930140, 4.817625), (0.121875, -0.030274, -0.170850, 0.977262)
62.85477, (0.053300, -0.934919, 4.855268), (0.125504, -0.025850, -0.172344, 0.976667)
62.86874, (0.112667, -0.940658, 4.891892), (0.129051, -0.019805, -0.174153, 0.976025)
62.88247, (0.168846, -0.945932, 4.922636), (0.132067, -0.016019, -0.175695, 0.975414)
62.89629, (0.224126, -0.949708, 4.953783), (0.134964, -0.012902, -0.177830, 0.974677)
62.91035, (0.283634, -0.955721, 4.985955), (0.136448, -0.010714, -0.179046, 0.974274)
62.92405, (0.337889, -0.961648, 5.015220), (0.137513, -0.009135, -0.180213, 0.973925)
62.93786, (0.389141, -0.971458, 5.044061), (0.137745, -0.007163, -0.180040, 0.973941)
62.95185, (0.440125, -0.981566, 5.068240), (0.139401, -0.006285, -0.180068, 0.973706)
62.96558, (0.488313, -0.996374, 5.087050), (0.141454, -0.005146, -0.180320, 0.973370)
62.97947, (0.535581, -1.006435, 5.102831), (0.144979, -0.003738, -0.180337, 0.972855)
62.99335, (0.584292, -1.017098, 5.122275), (0.147233, -0.001592, -0.180338, 0.972522)
63.00722, (0.633488, -1.027590, 5.141408), (0.149842, 0.000782, -0.180887, 0.972022)
63.02125, (0.678573, -1.038412, 5.157060), (0.152205, 0.002721, -0.180193, 0.971780)
63.03504, (0.721412, -1.057472, 5.160413), (0.153920, 0.006504, -0.178253, 0.971850)
63.04916, (0.765288, -1.074340, 5.171107), (0.156250, 0.011191, -0.177993, 0.971483)
63.06296, (0.808064, -1.091241, 5.180684), (0.158675, 0.016432, -0.176968, 0.971203)
63.07671, (0.849518, -1.108414, 5.187615), (0.161818, 0.023791, -0.175868, 0.970731)
63.09089, (0.889479, -1.123762, 5.187374), (0.164559, 0.031270, -0.172490, 0.970665)
63.10452, (0.928904, -1.140236, 5.191467), (0.166817, 0.038427, -0.170527, 0.970369)
63.1183, (0.968414, -1.159161, 5.194101), (0.169510, 0.046122, -0.167558, 0.970084)
63.13225, (1.007376, -1.176260, 5.195661), (0.173948, 0.053796, -0.165037, 0.969335)
63.14621, (1.041689, -1.189454, 5.193273), (0.179876, 0.062771, -0.161764, 0.968265)
63.16006, (1.076152, -1.199906, 5.189225), (0.186736, 0.070708, -0.158463, 0.966964)
63.17406, (1.110861, -1.209356, 5.184892), (0.192378, 0.078812, -0.155048, 0.965785)
63.18792, (1.142364, -1.217864, 5.179458), (0.196891, 0.086572, -0.149597, 0.965070)
63.20192, (1.178834, -1.228548, 5.175034), (0.201938, 0.093473, -0.144646, 0.964138)
63.21629, (1.207214, -1.239637, 5.165559), (0.206936, 0.101445, -0.139953, 0.962964)
63.2297, (1.242251, -1.239809, 5.154815), (0.211635, 0.106936, -0.137196, 0.961745)
63.24354, (1.272337, -1.240580, 5.140018), (0.215026, 0.112774, -0.134420, 0.960717)
63.25776, (1.303965, -1.242167, 5.123363), (0.216654, 0.115766, -0.131097, 0.960455)
63.27144, (1.331986, -1.245756, 5.109107), (0.219366, 0.119047, -0.126287, 0.960082)
63.28552, (1.364808, -1.245304, 5.093422), (0.222749, 0.121378, -0.121433, 0.959638)
63.29925, (1.396268, -1.241428, 5.076403), (0.223702, 0.124298, -0.116502, 0.959653)
63.31328, (1.432410, -1.237147, 5.065364), (0.223292, 0.127113, -0.112902, 0.959811)
63.32724, (1.462728, -1.235175, 5.055600), (0.220678, 0.131470, -0.110522, 0.960105)
63.34155, (1.496136, -1.234434, 5.043264), (0.219409, 0.135042, -0.106711, 0.960331)
63.35515, (1.531350, -1.234230, 5.027618), (0.219317, 0.137855, -0.102415, 0.960420)
63.36925, (1.564497, -1.237499, 5.009932), (0.220038, 0.140488, -0.095877, 0.960549)
63.38315, (1.596458, -1.235427, 4.996420), (0.222065, 0.142711, -0.090269, 0.960298)
63.39685, (1.628302, -1.232427, 4.984388), (0.222272, 0.144357, -0.086600, 0.960342)
63.41052, (1.656668, -1.229179, 4.975235), (0.219387, 0.145656, -0.085906, 0.960871)
63.4245, (1.686597, -1.223992, 4.960528), (0.216913, 0.146285, -0.085103, 0.961409)
63.4383, (1.712707, -1.221353, 4.945515), (0.215488, 0.147435, -0.083502, 0.961694)
63.45237, (1.739143, -1.222281, 4.929494), (0.216217, 0.147379, -0.080472, 0.961797)
63.46619, (1.763887, -1.219341, 4.915396), (0.218423, 0.146745, -0.076820, 0.961694)
63.48016, (1.787487, -1.215408, 4.904135), (0.219874, 0.146992, -0.073832, 0.961560)
63.494, (1.814169, -1.211145, 4.891723), (0.219106, 0.146917, -0.071406, 0.961930)
63.50803, (1.839056, -1.204289, 4.881128), (0.218477, 0.147523, -0.070378, 0.962056)
63.52193, (1.861751, -1.201105, 4.869235), (0.218063, 0.148681, -0.068786, 0.962087)
63.53579, (1.887089, -1.199085, 4.854058), (0.218258, 0.150142, -0.066947, 0.961946)
63.54967, (1.911067, -1.197122, 4.837985), (0.218687, 0.153372, -0.064518, 0.961504)
63.56375, (1.937540, -1.195468, 4.821408), (0.218713, 0.157564, -0.061183, 0.961039)
63.57772, (1.965066, -1.190690, 4.806172), (0.218181, 0.162419, -0.059142, 0.960479)
63.59214, (1.991701, -1.186036, 4.793343), (0.217483, 0.168117, -0.057954, 0.959729)
63.60564, (2.019572, -1.184651, 4.780084), (0.214686, 0.176673, -0.056409, 0.958913)
63.6195, (2.046696, -1.183414, 4.764753), (0.213201, 0.185356, -0.054853, 0.957695)
63.63336, (2.072315, -1.185135, 4.746758), (0.212002, 0.193771, -0.053843, 0.956352)
63.6473, (2.098140, -1.188062, 4.727865), (0.211565, 0.201415, -0.052192, 0.954960)
63.66108, (2.118098, -1.188077, 4.711283), (0.211369, 0.210035, -0.050647, 0.953228)
63.67477, (2.139745, -1.192127, 4.696589), (0.211693, 0.219010, -0.050512, 0.951141)
63.68861, (2.159569, -1.192724, 4.681912), (0.211822, 0.227351, -0.049953, 0.949183)
63.70246, (2.175591, -1.192255, 4.668247), (0.211980, 0.234776, -0.049728, 0.947350)
63.71638, (2.191167, -1.192284, 4.654065), (0.212275, 0.240883, -0.049395, 0.945767)
63.73037, (2.203050, -1.193221, 4.640500), (0.213210, 0.247377, -0.048834, 0.943907)
63.74438, (2.215698, -1.194580, 4.625520), (0.214102, 0.252219, -0.047663, 0.942483)
63.75815, (2.221089, -1.192721, 4.609870), (0.214659, 0.256524, -0.047435, 0.941205)
63.77205, (2.221162, -1.189549, 4.596556), (0.214508, 0.260714, -0.047334, 0.940092)
63.78606, (2.221800, -1.186696, 4.583655), (0.213651, 0.264611, -0.048248, 0.939152)
63.79988, (2.219713, -1.181104, 4.573097), (0.212436, 0.266464, -0.048863, 0.938872)
63.81387, (2.215809, -1.175456, 4.564255), (0.211683, 0.268292, -0.048260, 0.938552)
63.8277, (2.213623, -1.172131, 4.553791), (0.210807, 0.269567, -0.047314, 0.938432)
63.84161, (2.207448, -1.169181, 4.546973), (0.208619, 0.269081, -0.047215, 0.939066)
63.85558, (2.199389, -1.166469, 4.541894), (0.207008, 0.268877, -0.046183, 0.939532)
63.86946, (2.187557, -1.161220, 4.538472), (0.205646, 0.269097, -0.045988, 0.939778)
63.88338, (2.175437, -1.158205, 4.533815), (0.204066, 0.268762, -0.046851, 0.940175)
63.89724, (2.163172, -1.153942, 4.533050), (0.202975, 0.267774, -0.047601, 0.940655)
63.91116, (2.148288, -1.150874, 4.535578), (0.202296, 0.266467, -0.049232, 0.941089)
63.92505, (2.133569, -1.148064, 4.539927), (0.201737, 0.263834, -0.049647, 0.941929)
63.939, (2.120022, -1.145215, 4.545540), (0.201069, 0.260250, -0.049562, 0.943072)
63.95285, (2.106265, -1.140635, 4.553893), (0.199943, 0.256361, -0.049474, 0.944380)
63.96671, (2.092226, -1.134205, 4.563698), (0.198299, 0.251689, -0.049094, 0.946002)
63.98103, (2.080338, -1.123437, 4.576129), (0.196897, 0.244421, -0.049673, 0.948168)
63.99449, (2.065076, -1.113367, 4.586625), (0.195077, 0.237824, -0.048907, 0.950259)
64.00836, (2.056454, -1.102175, 4.598152), (0.192444, 0.226954, -0.048640, 0.953463)
64.02229, (2.051952, -1.091208, 4.613408), (0.191674, 0.217510, -0.048401, 0.955828)
64.03617, (2.044937, -1.084778, 4.622785), (0.189682, 0.208169, -0.047886, 0.958328)
64.05016, (2.042873, -1.073140, 4.636919), (0.187853, 0.198378, -0.049023, 0.960705)
64.06406, (2.042132, -1.061610, 4.654997), (0.185476, 0.190019, -0.050740, 0.962765)
64.07767, (2.049716, -1.051040, 4.668183), (0.182143, 0.180865, -0.052442, 0.965071)
64.09158, (2.054411, -1.040132, 4.679660), (0.179989, 0.172672, -0.053093, 0.966938)
64.10535, (2.065795, -1.025927, 4.689721), (0.180729, 0.165544, -0.053416, 0.968028)
64.11942, (2.076016, -1.009961, 4.697551), (0.180798, 0.159491, -0.054370, 0.968978)
64.13371, (2.088428, -0.990436, 4.704728), (0.180473, 0.154978, -0.056334, 0.969659)
64.14706, (2.099240, -0.973067, 4.713594), (0.177863, 0.153157, -0.058897, 0.970278)
64.16084, (2.115227, -0.957212, 4.722674), (0.174050, 0.152251, -0.061149, 0.970972)
64.17474, (2.133451, -0.943228, 4.728529), (0.169461, 0.152348, -0.063108, 0.971643)
64.18858, (2.149227, -0.927044, 4.733316), (0.165914, 0.152814, -0.063552, 0.972153)
64.2024, (2.165722, -0.912911, 4.735635), (0.162407, 0.152713, -0.061941, 0.972865)
64.21632, (2.177448, -0.905030, 4.731716), (0.160592, 0.154432, -0.059070, 0.973073)
64.23016, (2.192046, -0.891497, 4.728659), (0.159503, 0.153445, -0.056752, 0.973547)
64.24402, (2.200408, -0.883999, 4.723839), (0.158439, 0.153523, -0.053455, 0.973895)
64.25796, (2.210974, -0.876356, 4.721085), (0.157580, 0.153322, -0.050948, 0.974200)
64.27177, (2.220210, -0.872029, 4.719264), (0.155940, 0.154198, -0.049520, 0.974399)
64.28609, (2.231782, -0.866401, 4.715597), (0.153151, 0.154361, -0.049426, 0.974820)
64.29955, (2.238508, -0.859423, 4.711266), (0.150814, 0.154770, -0.050372, 0.975071)
64.31335, (2.242159, -0.858249, 4.696929), (0.148688, 0.153886, -0.050788, 0.975516)
64.3272, (2.247091, -0.857953, 4.679904), (0.147026, 0.151622, -0.051133, 0.976104)
64.34112, (2.251017, -0.855444, 4.667779), (0.147160, 0.149781, -0.050774, 0.976387)
64.35507, (2.253781, -0.856705, 4.648952), (0.148839, 0.146889, -0.050542, 0.976584)
64.36888, (2.257824, -0.854956, 4.635075), (0.148240, 0.144706, -0.050168, 0.977020)
64.38288, (2.262134, -0.851867, 4.620275), (0.146374, 0.142510, -0.050826, 0.977590)
64.39666, (2.260699, -0.844977, 4.601422), (0.142799, 0.140120, -0.052784, 0.978360)
64.41043, (2.258124, -0.839648, 4.577108), (0.140096, 0.138603, -0.054029, 0.978899)
64.42464, (2.255584, -0.838149, 4.547724), (0.137233, 0.135924, -0.054008, 0.979681)
64.43829, (2.248769, -0.837190, 4.513527), (0.135051, 0.134271, -0.052988, 0.980268)
64.45219, (2.240998, -0.834975, 4.478817), (0.133664, 0.132759, -0.052113, 0.980711)
64.46632, (2.231289, -0.830466, 4.442107), (0.132604, 0.131965, -0.052782, 0.980926)
64.48005, (2.223016, -0.827379, 4.404431), (0.130807, 0.131190, -0.054739, 0.981164)
64.49374, (2.213634, -0.820350, 4.363958), (0.129973, 0.131058, -0.057199, 0.981152)
64.50787, (2.204384, -0.813831, 4.317468), (0.128480, 0.132792, -0.059036, 0.981007)
64.52165, (2.193047, -0.806655, 4.272843), (0.125414, 0.134386, -0.060526, 0.981095)
64.53554, (2.178864, -0.799446, 4.229042), (0.122041, 0.136700, -0.061697, 0.981128)
64.54942, (2.162796, -0.794140, 4.180370), (0.118258, 0.138720, -0.061914, 0.981294)
64.56322, (2.142461, -0.789988, 4.130513), (0.114963, 0.140964, -0.061554, 0.981389)
64.57705, (2.120929, -0.788145, 4.077531), (0.111201, 0.143186, -0.060678, 0.981555)
64.59116, (2.097373, -0.783637, 4.024812), (0.108632, 0.145139, -0.059513, 0.981627)
64.60525, (2.070024, -0.783101, 3.969853), (0.105901, 0.146900, -0.058522, 0.981723)
64.61903, (2.040362, -0.783230, 3.912186), (0.102955, 0.147656, -0.057897, 0.981960)
64.63294, (2.013564, -0.781902, 3.855718), (0.100498, 0.147917, -0.058087, 0.982164)
64.64686, (1.975904, -0.786605, 3.795020), (0.097976, 0.147960, -0.057665, 0.982438)
64.66066, (1.948269, -0.794265, 3.737539), (0.095643, 0.146761, -0.057038, 0.982884)
64.67435, (1.920679, -0.800211, 3.683858), (0.094925, 0.146336, -0.055716, 0.983093)
64.68845, (1.892041, -0.806077, 3.630563), (0.093238, 0.146541, -0.055685, 0.983225)
64.70239, (1.864354, -0.812894, 3.576679), (0.090509, 0.146564, -0.056602, 0.983424)
64.716, (1.833874, -0.820464, 3.520277), (0.087576, 0.147555, -0.058238, 0.983446)
64.72973, (1.804677, -0.830953, 3.462372), (0.085383, 0.148079, -0.059324, 0.983495)
64.74377, (1.776639, -0.846459, 3.405580), (0.083858, 0.148369, -0.058902, 0.983608)
64.75758, (1.746523, -0.861862, 3.349686), (0.083995, 0.148273, -0.057503, 0.983694)
64.77145, (1.715083, -0.876770, 3.292466), (0.084518, 0.147701, -0.056016, 0.983821)
64.78537, (1.684342, -0.890000, 3.236836), (0.085533, 0.146941, -0.054899, 0.983910)
64.79926, (1.653062, -0.902584, 3.181718), (0.085498, 0.146637, -0.053854, 0.984016)
64.81327, (1.621047, -0.916874, 3.122167), (0.086884, 0.146919, -0.053973, 0.983846)
64.82715, (1.590503, -0.928434, 3.063231), (0.087862, 0.147869, -0.054367, 0.983595)
64.84107, (1.560257, -0.939369, 3.005782), (0.089207, 0.149207, -0.054546, 0.983262)
64.85499, (1.530181, -0.952640, 2.944982), (0.090000, 0.150489, -0.053781, 0.983037)
64.86891, (1.501518, -0.963455, 2.881802), (0.092691, 0.152235, -0.051781, 0.982625)
64.88283, (1.472845, -0.973600, 2.816117), (0.096127, 0.154647, -0.048900, 0.982066)
64.89673, (1.445031, -0.986067, 2.750392), (0.097422, 0.156182, -0.047890, 0.981745)
64.91067, (1.417486, -1.001253, 2.688550), (0.100120, 0.158547, -0.047015, 0.981136)
64.92458, (1.389550, -1.017141, 2.619426), (0.104399, 0.160864, -0.046945, 0.980316)
64.93854, (1.360027, -1.034915, 2.550536), (0.110521, 0.163219, -0.047156, 0.979245)
64.95245, (1.331411, -1.051303, 2.483212), (0.116025, 0.164187, -0.046289, 0.978488)
64.96642, (1.304475, -1.064862, 2.418315), (0.119007, 0.164886, -0.045565, 0.978046)
64.98032, (1.279340, -1.080257, 2.355871), (0.120074, 0.165623, -0.043776, 0.977873)
64.99429, (1.252201, -1.095165, 2.290274), (0.122901, 0.166894, -0.042895, 0.977344)
65.00832, (1.228988, -1.103784, 2.232032), (0.122652, 0.166553, -0.038391, 0.977621)
65.02216, (1.211090, -1.108576, 2.177407), (0.125363, 0.164461, -0.034317, 0.977783)
65.03621, (1.189643, -1.116892, 2.135215), (0.132944, 0.160600, -0.029565, 0.977578)
65.05011, (1.171318, -1.127539, 2.089021), (0.135550, 0.158456, -0.026473, 0.977659)
65.06416, (1.148675, -1.136659, 2.035799), (0.139111, 0.158280, -0.024658, 0.977235)
65.07814, (1.123980, -1.146432, 1.985053), (0.141738, 0.158792, -0.023260, 0.976808)
65.09193, (1.119424, -1.135055, 1.975617), (0.135516, 0.154252, -0.021508, 0.978458)
65.10574, (1.100306, -1.140889, 1.930688), (0.137189, 0.153249, -0.019361, 0.978427)
65.11983, (1.080404, -1.135765, 1.903341), (0.137606, 0.151388, -0.018115, 0.978682)
65.13366, (1.065169, -1.132745, 1.877889), (0.142942, 0.144034, -0.016995, 0.979047)
65.14759, (1.047291, -1.132272, 1.889456), (0.132754, 0.133966, -0.014303, 0.981950)
65.16154, (1.035352, -1.135256, 1.871606), (0.132826, 0.130364, -0.011336, 0.982463)
65.17539, (1.022759, -1.137068, 1.856020), (0.134436, 0.126191, -0.007402, 0.982827)
65.18929, (1.011780, -1.138276, 1.844034), (0.136055, 0.121933, -0.004083, 0.983161)
65.20325, (0.999048, -1.137987, 1.832584), (0.136439, 0.117845, -0.001411, 0.983613)
65.21714, (0.987131, -1.132776, 1.828703), (0.136854, 0.113861, 0.000005, 0.984026)
65.23106, (0.976549, -1.134255, 1.826029), (0.135048, 0.109900, 0.001265, 0.984725)
65.24492, (0.967854, -1.130182, 1.826493), (0.135357, 0.106028, 0.001422, 0.985106)
65.25912, (0.959147, -1.133568, 1.823298), (0.136689, 0.101560, 0.001697, 0.985393)
65.27288, (0.949075, -1.138813, 1.825421), (0.137436, 0.097384, 0.002735, 0.985708)
65.28664, (0.942473, -1.141009, 1.826180), (0.138239, 0.093527, 0.002277, 0.985970)
65.3006, (0.936959, -1.142300, 1.830053), (0.138676, 0.089987, 0.002819, 0.986237)
65.31455, (0.933988, -1.145428, 1.838077), (0.139072, 0.087382, 0.002949, 0.986415)
65.32834, (0.927488, -1.154183, 1.843188), (0.139313, 0.084254, 0.004087, 0.986649)
65.34226, (0.919766, -1.161758, 1.850356), (0.142117, 0.081190, 0.004843, 0.986503)
65.35622, (0.913196, -1.170485, 1.856853), (0.144342, 0.078215, 0.005596, 0.986416)
65.37015, (0.908741, -1.174433, 1.868542), (0.147233, 0.075750, 0.005162, 0.986184)
65.38403, (0.904925, -1.178985, 1.881160), (0.147223, 0.074312, 0.006539, 0.986286)
65.39797, (0.903255, -1.182023, 1.892039), (0.147079, 0.072565, 0.007232, 0.986433)
65.41185, (0.899325, -1.187150, 1.902786), (0.147782, 0.070665, 0.007964, 0.986460)
65.42589, (0.896608, -1.190425, 1.915122), (0.149138, 0.068024, 0.008984, 0.986433)
65.4398, (0.894856, -1.195217, 1.928977), (0.150383, 0.064517, 0.009367, 0.986476)
65.45361, (0.890378, -1.197543, 1.943045), (0.151499, 0.061239, 0.009128, 0.986516)
65.46781, (0.887495, -1.199323, 1.956462), (0.151824, 0.058146, 0.008835, 0.986656)
65.48183, (0.887538, -1.195613, 1.977719), (0.152085, 0.055835, 0.006975, 0.986764)
65.49561, (0.887313, -1.193835, 1.996838), (0.152720, 0.053991, 0.006664, 0.986771)
65.50955, (0.890221, -1.193994, 2.015908), (0.152209, 0.052164, 0.005310, 0.986957)
65.52303, (0.891057, -1.193348, 2.037985), (0.152443, 0.051353, 0.005038, 0.986964)
65.53691, (0.894674, -1.190479, 2.061346), (0.153291, 0.050820, 0.005843, 0.986856)
65.55096, (0.899081, -1.184436, 2.085053), (0.153609, 0.050478, 0.005911, 0.986824)
65.5647, (0.903725, -1.179906, 2.110510), (0.152918, 0.050686, 0.006308, 0.986918)
65.57858, (0.910716, -1.176001, 2.135205), (0.152596, 0.051142, 0.006507, 0.986943)
65.59259, (0.917926, -1.173694, 2.162080), (0.152472, 0.052234, 0.006451, 0.986905)
65.60635, (0.926755, -1.170784, 2.188575), (0.152885, 0.053646, 0.006525, 0.986765)
65.62034, (0.936547, -1.169187, 2.218663), (0.155037, 0.056848, 0.006381, 0.986251)
65.63418, (0.945620, -1.164064, 2.244095), (0.157412, 0.060328, 0.005782, 0.985672)
65.64807, (0.956612, -1.157415, 2.272853), (0.160003, 0.064374, 0.004948, 0.985003)
65.66242, (0.968361, -1.156373, 2.303541), (0.161186, 0.068344, 0.003994, 0.984547)
65.67581, (0.980143, -1.154310, 2.333196), (0.162435, 0.072132, 0.002451, 0.984076)
65.68984, (0.991352, -1.152025, 2.362522), (0.163516, 0.076301, 0.000311, 0.983586)
65.70409, (1.000872, -1.153139, 2.389636), (0.163694, 0.080749, -0.001554, 0.983200)
65.7179, (1.011047, -1.154794, 2.418127), (0.165221, 0.084891, -0.003376, 0.982591)
65.73176, (1.020810, -1.159773, 2.444104), (0.166797, 0.089306, -0.005660, 0.981922)
65.7457, (1.029102, -1.165867, 2.469041), (0.167871, 0.092873, -0.007211, 0.981398)
65.7595, (1.033861, -1.172048, 2.490382), (0.169994, 0.096091, -0.007061, 0.980724)
65.77335, (1.039993, -1.179256, 2.506771), (0.172789, 0.097850, -0.007841, 0.980055)
65.78696, (1.041318, -1.188231, 2.517878), (0.176184, 0.099854, -0.008620, 0.979242)
65.80128, (1.040594, -1.194402, 2.529533), (0.179440, 0.102252, -0.008913, 0.978400)
65.81475, (1.046248, -1.199632, 2.540775), (0.181688, 0.103615, -0.011041, 0.977820)
65.82848, (1.046897, -1.204653, 2.553213), (0.183251, 0.105337, -0.011684, 0.977337)
65.84246, (1.044872, -1.210697, 2.560014), (0.183312, 0.106919, -0.013137, 0.977135)
65.85646, (1.041675, -1.213955, 2.567168), (0.183949, 0.108474, -0.014710, 0.976821)
65.8705, (1.039468, -1.219039, 2.572235), (0.184832, 0.110213, -0.016162, 0.976437)
65.88432, (1.034706, -1.227365, 2.575417), (0.184858, 0.112757, -0.017303, 0.976122)
65.89809, (1.031594, -1.231848, 2.578405), (0.185479, 0.115327, -0.018506, 0.975682)
65.91202, (1.027622, -1.238474, 2.581921), (0.184953, 0.118313, -0.020051, 0.975393)
65.92602, (1.021070, -1.245790, 2.587209), (0.183392, 0.121807, -0.022057, 0.975215)
65.94043, (1.015065, -1.253651, 2.592065), (0.182285, 0.125610, -0.023347, 0.974910)
65.95374, (1.007831, -1.260256, 2.596585), (0.182964, 0.129225, -0.024233, 0.974289)
65.96759, (1.001362, -1.269836, 2.601929), (0.183965, 0.133016, -0.025014, 0.973570)
65.98154, (0.994096, -1.279936, 2.609702), (0.184686, 0.136830, -0.025831, 0.972883)
65.99538, (0.984559, -1.294115, 2.622588), (0.184845, 0.140650, -0.026931, 0.972278)
66.00937, (0.975382, -1.305064, 2.640035), (0.186666, 0.143940, -0.027086, 0.971444)
66.0232, (0.964349, -1.317149, 2.657890), (0.188607, 0.146453, -0.027426, 0.970684)
66.03713, (0.953132, -1.326542, 2.679897), (0.191489, 0.148494, -0.027679, 0.969802)
66.05125, (0.940388, -1.336052, 2.702215), (0.193687, 0.150036, -0.028218, 0.969112)
66.06523, (0.923676, -1.345891, 2.729086), (0.196552, 0.151675, -0.026995, 0.968315)
66.0789, (0.910425, -1.357452, 2.756904), (0.199793, 0.152535, -0.025816, 0.967548)
66.09299, (0.894328, -1.368364, 2.789504), (0.204010, 0.152488, -0.023367, 0.966738)
66.10673, (0.878089, -1.378554, 2.828946), (0.208608, 0.151589, -0.021456, 0.965942)
66.12052, (0.861498, -1.386927, 2.870827), (0.212055, 0.149449, -0.018285, 0.965590)
66.13448, (0.844447, -1.393157, 2.916125), (0.215894, 0.147226, -0.015440, 0.965130)
66.14864, (0.825645, -1.398642, 2.963167), (0.218321, 0.144477, -0.011458, 0.965055)
66.16231, (0.806693, -1.403809, 3.012486), (0.220990, 0.142110, -0.007854, 0.964835)
66.17625, (0.789159, -1.412487, 3.069609), (0.223949, 0.139699, -0.004190, 0.964528)
66.19011, (0.773301, -1.420202, 3.129139), (0.227179, 0.137362, -0.000893, 0.964117)
66.20398, (0.756320, -1.429759, 3.194476), (0.230378, 0.136786, 0.002010, 0.963437)
66.21841, (0.741014, -1.439625, 3.262108), (0.233655, 0.135945, 0.005096, 0.962756)
66.23186, (0.723464, -1.449063, 3.330674), (0.236864, 0.135471, 0.009319, 0.962006)
66.24568, (0.709076, -1.458549, 3.401575), (0.241086, 0.135018, 0.013412, 0.960972)
66.25964, (0.693883, -1.473616, 3.474637), (0.245678, 0.136427, 0.017443, 0.959545)
66.27354, (0.679387, -1.488687, 3.552656), (0.249797, 0.139027, 0.021374, 0.958027)
66.28753, (0.664967, -1.500065, 3.633631), (0.253639, 0.141325, 0.024238, 0.956612)
66.30145, (0.646006, -1.510390, 3.720403), (0.255949, 0.145619, 0.025676, 0.955315)
66.31531, (0.629211, -1.520730, 3.806149), (0.258707, 0.148080, 0.027040, 0.954155)
66.32913, (0.610931, -1.536944, 3.889171), (0.261166, 0.151057, 0.030237, 0.952922)
66.34323, (0.593495, -1.558276, 3.972024), (0.265637, 0.152126, 0.035509, 0.951333)
66.35702, (0.571824, -1.580019, 4.054126), (0.269823, 0.153464, 0.039685, 0.949773)
66.37133, (0.547595, -1.593869, 4.144455), (0.275798, 0.154416, 0.042151, 0.947795)
66.38486, (0.517481, -1.611141, 4.233199), (0.278921, 0.156656, 0.043441, 0.946454)
66.39884, (0.495415, -1.626543, 4.321812), (0.281775, 0.158915, 0.044588, 0.945178)
66.41246, (0.472836, -1.643099, 4.408878), (0.285384, 0.160633, 0.047159, 0.943679)
66.42639, (0.450253, -1.659656, 4.495948), (0.288985, 0.162346, 0.049729, 0.942156)
66.44035, (0.430551, -1.675928, 4.583545), (0.287640, 0.167448, 0.053869, 0.941447)
66.45418, (0.417160, -1.692635, 4.647432), (0.291995, 0.173390, 0.060008, 0.938655)
66.46801, (0.398504, -1.708997, 4.730805), (0.295500, 0.175749, 0.063253, 0.936905)
66.48214, (0.387689, -1.707410, 4.795938), (0.302647, 0.182194, 0.059341, 0.933643)
66.49615, (0.371598, -1.708580, 4.866623), (0.306910, 0.189451, 0.059808, 0.930773)
66.50983, (0.361006, -1.706710, 4.929226), (0.310946, 0.196840, 0.060332, 0.927861)
66.52368, (0.345240, -1.711311, 4.991984), (0.313537, 0.203130, 0.061266, 0.925570)
66.53769, (0.329338, -1.714561, 5.045286), (0.316128, 0.205685, 0.062792, 0.924021)
66.55189, (0.311533, -1.715189, 5.096414), (0.319362, 0.205957, 0.063733, 0.922783)
66.56552, (0.289973, -1.714875, 5.142675), (0.323587, 0.205169, 0.064834, 0.921409)
66.57951, (0.268553, -1.713244, 5.173458), (0.327088, 0.202126, 0.066448, 0.920730)
66.59357, (0.253950, -1.706911, 5.214539), (0.331891, 0.199901, 0.066648, 0.919481)
66.60712, (0.239202, -1.701512, 5.250523), (0.335127, 0.195954, 0.066039, 0.919201)
66.62087, (0.222926, -1.693392, 5.280771), (0.337579, 0.190290, 0.064894, 0.919575)
66.63483, (0.210665, -1.685326, 5.303891), (0.339038, 0.184549, 0.063125, 0.920332)
66.64854, (0.200961, -1.677276, 5.318110), (0.340213, 0.179377, 0.060788, 0.921078)
66.66249, (0.196193, -1.664593, 5.336653), (0.343095, 0.175766, 0.058993, 0.920821)
66.67635, (0.190130, -1.653979, 5.350044), (0.344597, 0.174477, 0.057811, 0.920581)
66.69028, (0.191722, -1.640233, 5.359245), (0.345308, 0.174340, 0.054950, 0.920515)
66.70439, (0.191721, -1.632001, 5.367477), (0.344165, 0.174238, 0.052382, 0.921112)
66.71841, (0.194217, -1.623757, 5.374817), (0.342475, 0.174853, 0.048856, 0.921819)
66.73232, (0.194490, -1.618191, 5.378277), (0.340992, 0.175345, 0.045505, 0.922447)
66.74621, (0.195456, -1.614574, 5.374560), (0.339281, 0.174973, 0.043128, 0.923262)
66.76045, (0.196371, -1.611348, 5.369268), (0.337230, 0.175074, 0.040763, 0.924101)
66.77408, (0.200273, -1.608281, 5.365829), (0.335223, 0.174771, 0.039192, 0.924957)
66.78758, (0.201806, -1.609508, 5.358489), (0.332736, 0.175110, 0.037596, 0.925856)
66.80145, (0.202645, -1.609553, 5.346811), (0.331582, 0.174883, 0.034679, 0.926427)
66.81561, (0.200934, -1.609888, 5.333177), (0.330869, 0.175327, 0.031431, 0.926714)
66.82915, (0.200918, -1.612017, 5.315338), (0.329634, 0.175614, 0.027753, 0.927217)
66.8431, (0.201653, -1.615431, 5.292681), (0.327189, 0.177010, 0.023476, 0.927935)
66.85693, (0.205694, -1.618320, 5.276022), (0.325902, 0.178163, 0.018822, 0.928274)
66.87089, (0.207543, -1.623293, 5.257087), (0.323848, 0.180533, 0.014638, 0.928610)
66.88484, (0.208431, -1.627936, 5.233417), (0.322567, 0.183393, 0.010362, 0.928553)
66.8987, (0.213286, -1.630964, 5.208230), (0.322063, 0.185775, 0.005516, 0.928296)
66.91261, (0.215443, -1.634059, 5.180180), (0.321794, 0.191135, -0.000558, 0.927317)
66.92738, (0.222699, -1.638054, 5.154457), (0.321323, 0.195615, -0.006314, 0.926524)
66.94042, (0.228968, -1.640661, 5.126987), (0.320813, 0.202178, -0.011841, 0.925237)
66.95434, (0.234406, -1.643602, 5.095724), (0.319943, 0.209402, -0.017645, 0.923837)
66.96825, (0.241422, -1.645993, 5.063906), (0.319229, 0.217954, -0.023983, 0.921962)
66.98214, (0.247794, -1.649636, 5.030814), (0.318396, 0.226896, -0.029437, 0.919933)
66.99613, (0.255243, -1.652486, 4.997017), (0.318305, 0.237565, -0.034356, 0.917096)
67.01006, (0.260795, -1.657869, 4.961912), (0.318675, 0.248694, -0.038126, 0.913862)
67.0239, (0.271709, -1.661726, 4.928332), (0.319387, 0.258995, -0.042829, 0.910538)
67.0379, (0.282188, -1.662558, 4.893981), (0.320244, 0.271491, -0.047125, 0.906375)
67.05206, (0.291965, -1.666015, 4.859978), (0.319836, 0.282573, -0.051736, 0.902874)
67.06567, (0.302828, -1.667550, 4.826622), (0.320017, 0.294487, -0.056486, 0.898708)
67.07951, (0.315260, -1.673177, 4.781049), (0.318606, 0.312748, -0.059968, 0.892795)
67.09339, (0.325289, -1.676812, 4.744706), (0.318082, 0.323769, -0.064450, 0.888732)
67.10748, (0.330163, -1.687254, 4.691463), (0.318288, 0.343979, -0.065019, 0.880990)
67.12144, (0.337560, -1.692522, 4.645995), (0.319278, 0.359676, -0.068066, 0.874106)
67.13535, (0.343330, -1.699332, 4.602638), (0.318789, 0.373558, -0.069893, 0.868299)
67.14931, (0.351434, -1.707448, 4.559241), (0.317652, 0.386229, -0.071445, 0.863030)
67.16319, (0.357662, -1.716781, 4.512387), (0.316621, 0.397785, -0.072470, 0.858060)
67.17709, (0.361315, -1.724356, 4.464544), (0.317079, 0.408501, -0.072478, 0.852839)
67.19109, (0.363160, -1.732779, 4.412061), (0.317585, 0.419082, -0.073215, 0.847438)
67.20498, (0.364725, -1.741252, 4.354565), (0.317470, 0.428538, -0.073563, 0.842708)
67.21883, (0.368842, -1.750528, 4.298218), (0.318535, 0.436353, -0.073820, 0.838262)
67.23373, (0.370559, -1.759456, 4.239252), (0.319168, 0.444153, -0.075238, 0.833786)
67.24689, (0.370846, -1.769723, 4.182950), (0.319587, 0.452268, -0.076662, 0.829121)
67.2607, (0.369291, -1.778038, 4.121984), (0.321010, 0.457666, -0.080706, 0.825216)
67.27458, (0.367190, -1.782944, 4.061780), (0.321227, 0.463769, -0.084897, 0.821294)
67.28863, (0.369137, -1.789240, 4.003227), (0.320153, 0.470045, -0.089271, 0.817674)
67.30258, (0.373129, -1.793729, 3.940817), (0.318333, 0.475910, -0.092692, 0.814605)
67.31654, (0.373909, -1.801895, 3.877718), (0.315052, 0.481543, -0.095698, 0.812220)
67.33045, (0.375751, -1.807663, 3.817660), (0.312670, 0.486594, -0.098976, 0.809733)
67.34443, (0.375245, -1.817188, 3.754893), (0.309594, 0.491858, -0.103049, 0.807222)
67.35832, (0.372527, -1.824192, 3.691395), (0.306469, 0.497722, -0.107964, 0.804173)
67.37231, (0.372695, -1.829567, 3.634323), (0.304449, 0.503691, -0.112103, 0.800650)
67.38618, (0.372320, -1.837274, 3.571450), (0.301774, 0.509858, -0.116284, 0.797155)
67.40044, (0.370148, -1.841023, 3.516616), (0.298115, 0.515364, -0.121120, 0.794266)
67.41425, (0.367925, -1.846029, 3.463976), (0.295275, 0.520459, -0.125362, 0.791340)
67.42816, (0.366934, -1.852010, 3.405487), (0.292778, 0.526229, -0.129296, 0.787811)
67.44187, (0.359663, -1.856762, 3.348871), (0.288697, 0.530511, -0.132781, 0.785864)
67.45584, (0.341217, -1.847538, 3.309671), (0.285170, 0.533129, -0.135693, 0.784882)
67.46995, (0.337638, -1.838995, 3.267816), (0.282081, 0.537505, -0.137341, 0.782724)
67.48372, (0.332504, -1.829510, 3.225359), (0.279289, 0.541821, -0.139599, 0.780346)
67.49787, (0.323422, -1.820720, 3.187382), (0.274073, 0.546737, -0.139456, 0.778791)
67.51167, (0.322783, -1.810474, 3.146915), (0.269179, 0.550818, -0.139866, 0.777548)
67.52551, (0.320224, -1.797386, 3.112227), (0.264858, 0.554481, -0.138575, 0.776659)
67.53949, (0.315550, -1.784881, 3.079216), (0.260834, 0.557940, -0.137720, 0.775695)
67.55346, (0.311336, -1.774527, 3.046992), (0.257407, 0.561816, -0.137238, 0.774126)
67.56741, (0.307024, -1.763998, 3.016479), (0.253856, 0.565882, -0.137669, 0.772258)
67.58153, (0.302074, -1.753559, 2.990103), (0.250695, 0.570077, -0.137630, 0.770209)
67.59511, (0.301141, -1.744211, 2.966251), (0.247698, 0.574489, -0.138415, 0.767756)
67.60932, (0.301877, -1.734813, 2.942953), (0.244985, 0.578344, -0.139295, 0.765570)
67.62281, (0.301971, -1.724663, 2.923113), (0.241652, 0.582654, -0.140227, 0.763188)
67.63657, (0.301708, -1.715902, 2.905076), (0.239493, 0.586059, -0.140362, 0.761234)
67.65054, (0.299520, -1.711794, 2.890754), (0.237559, 0.588637, -0.140514, 0.759821)
67.66435, (0.296091, -1.705579, 2.882429), (0.236163, 0.590804, -0.141290, 0.758429)
67.67862, (0.294458, -1.699989, 2.875388), (0.234976, 0.592270, -0.142353, 0.757456)
67.69229, (0.292739, -1.695958, 2.874476), (0.233070, 0.594128, -0.143252, 0.756419)
67.70609, (0.292684, -1.689821, 2.873328), (0.230981, 0.595809, -0.144114, 0.755574)
67.72007, (0.298500, -1.680930, 2.878782), (0.228519, 0.596979, -0.144650, 0.755296)
67.73396, (0.299126, -1.676273, 2.887769), (0.224900, 0.597901, -0.143989, 0.755779)
67.74789, (0.302952, -1.668357, 2.899776), (0.223184, 0.597991, -0.144035, 0.756208)
67.76209, (0.304379, -1.663045, 2.916333), (0.221983, 0.597855, -0.144128, 0.756651)
67.77573, (0.307365, -1.657213, 2.934753), (0.221266, 0.598294, -0.143927, 0.756552)
67.78967, (0.312497, -1.652647, 2.953131), (0.220016, 0.598747, -0.142999, 0.756734)
67.80362, (0.318362, -1.649151, 2.975217), (0.217971, 0.599528, -0.141309, 0.757025)
67.81764, (0.323734, -1.643476, 3.000306), (0.216110, 0.599811, -0.139575, 0.757656)
67.83169, (0.330276, -1.638991, 3.033432), (0.214396, 0.599030, -0.138310, 0.758991)
67.84542, (0.335897, -1.633525, 3.066984), (0.214269, 0.597964, -0.137399, 0.760032)
67.85925, (0.339512, -1.629183, 3.101142), (0.215279, 0.596565, -0.136796, 0.760955)
67.87321, (0.343454, -1.625341, 3.133674), (0.215612, 0.595370, -0.135701, 0.761992)
67.88693, (0.349281, -1.619281, 3.173630), (0.216800, 0.593769, -0.134385, 0.763136)
67.90074, (0.355642, -1.611826, 3.217554), (0.217111, 0.591774, -0.132745, 0.764883)
67.9147, (0.360517, -1.604686, 3.261571), (0.215889, 0.589731, -0.131359, 0.767043)
67.92831, (0.365599, -1.595526, 3.307290), (0.214644, 0.586417, -0.129435, 0.770253)
67.94225, (0.370198, -1.585957, 3.354549), (0.214785, 0.582574, -0.127351, 0.773471)
67.95618, (0.374390, -1.576017, 3.405533), (0.215173, 0.578935, -0.125703, 0.776359)
67.96997, (0.377026, -1.565399, 3.456903), (0.214305, 0.574492, -0.124220, 0.780129)
67.98402, (0.379202, -1.555375, 3.508171), (0.214638, 0.570170, -0.121837, 0.783577)
67.99797, (0.379494, -1.546031, 3.555704), (0.214528, 0.565346, -0.119653, 0.787430)
68.01175, (0.380276, -1.534687, 3.611124), (0.215799, 0.559632, -0.116671, 0.791601)
68.02554, (0.379737, -1.521778, 3.664671), (0.216453, 0.553735, -0.114713, 0.795843)
68.03948, (0.375378, -1.505145, 3.723654), (0.215192, 0.546291, -0.111897, 0.801709)
68.05367, (0.369378, -1.490843, 3.781322), (0.212485, 0.539397, -0.109233, 0.807446)
68.06728, (0.360758, -1.479235, 3.836578), (0.210369, 0.532685, -0.106856, 0.812757)
68.08108, (0.348701, -1.466444, 3.890390), (0.210687, 0.524852, -0.105106, 0.817982)
68.09495, (0.332787, -1.454959, 3.947065), (0.211440, 0.517270, -0.102147, 0.822977)
68.1088, (0.317554, -1.440265, 4.005577), (0.211766, 0.507488, -0.099797, 0.829248)
68.12267, (0.294996, -1.427784, 4.068932), (0.211417, 0.497290, -0.096447, 0.835885)
68.13692, (0.273497, -1.413381, 4.129473), (0.211200, 0.484300, -0.094147, 0.843792)
68.15067, (0.248940, -1.400253, 4.188482), (0.212160, 0.470048, -0.090659, 0.851953)
68.16436, (0.222096, -1.390580, 4.244095), (0.212947, 0.455960, -0.086989, 0.859760)
68.17825, (0.191107, -1.378688, 4.302016), (0.214148, 0.441652, -0.083386, 0.867255)
68.19221, (0.160082, -1.369311, 4.358780), (0.214557, 0.427450, -0.078765, 0.874670)
68.20562, (0.127808, -1.357994, 4.412747), (0.215084, 0.412471, -0.075716, 0.881971)
68.21947, (0.093431, -1.351353, 4.460862), (0.215258, 0.398610, -0.073389, 0.888475)
68.23341, (0.058290, -1.346915, 4.507629), (0.215130, 0.385390, -0.069632, 0.894620)
68.24738, (0.024872, -1.341577, 4.552549), (0.216166, 0.372808, -0.067364, 0.899861)
68.26089, (-0.012582, -1.341921, 4.591720), (0.216874, 0.360864, -0.064497, 0.904756)
68.27461, (-0.044996, -1.337886, 4.636364), (0.218348, 0.348518, -0.062661, 0.909359)
68.28849, (-0.081538, -1.335633, 4.674927), (0.220183, 0.337815, -0.060176, 0.913115)
68.30233, (-0.115853, -1.332774, 4.717477), (0.220931, 0.326229, -0.058305, 0.917260)
68.3162, (-0.140543, -1.335795, 4.748403), (0.220910, 0.321643, -0.057138, 0.918956)
68.33006, (-0.172500, -1.335064, 4.786870), (0.220960, 0.315561, -0.054803, 0.921192)
68.34388, (-0.196807, -1.336784, 4.820955), (0.220469, 0.307654, -0.052022, 0.924141)
68.35799, (-0.227431, -1.337107, 4.856866), (0.219209, 0.300371, -0.048099, 0.927044)
68.37196, (-0.258916, -1.337571, 4.893112), (0.217793, 0.293116, -0.044492, 0.929876)
68.38549, (-0.285665, -1.337676, 4.923871), (0.222919, 0.288625, -0.044152, 0.930083)
68.39937, (-0.322855, -1.343865, 4.949347), (0.230372, 0.285046, -0.038936, 0.929603)
68.41301, (-0.349183, -1.351426, 4.983446), (0.231551, 0.280118, -0.034856, 0.930969)
68.42712, (-0.378651, -1.355228, 5.016652), (0.232697, 0.274025, -0.031786, 0.932605)
68.44082, (-0.408154, -1.358736, 5.049999), (0.234209, 0.267127, -0.028647, 0.934328)
68.4546, (-0.444364, -1.372713, 5.077405), (0.235747, 0.262923, -0.026223, 0.935204)
68.46833, (-0.476311, -1.382269, 5.110346), (0.238424, 0.256327, -0.023211, 0.936436)
68.48209, (-0.508553, -1.391094, 5.141521), (0.240880, 0.249644, -0.020093, 0.937684)
68.49627, (-0.542032, -1.401438, 5.176296), (0.244234, 0.244470, -0.018476, 0.938213)
68.50989, (-0.574710, -1.416773, 5.209326), (0.246257, 0.239491, -0.016853, 0.938998)
68.5236, (-0.605340, -1.427909, 5.244673), (0.249800, 0.234389, -0.016103, 0.939363)
68.53746, (-0.637377, -1.443897, 5.279160), (0.253657, 0.229518, -0.015442, 0.939543)
68.55135, (-0.666302, -1.458850, 5.315271), (0.258042, 0.223602, -0.013527, 0.939805)
68.56524, (-0.695832, -1.474012, 5.352565), (0.261506, 0.217967, -0.012139, 0.940190)
68.57915, (-0.723107, -1.486559, 5.397201), (0.264064, 0.211727, -0.009282, 0.940934)
68.59322, (-0.746386, -1.501511, 5.440484), (0.265607, 0.205125, -0.007419, 0.941978)
68.60706, (-0.767012, -1.512879, 5.492063), (0.268619, 0.198259, -0.002767, 0.942619)
68.62076, (-0.789082, -1.528666, 5.536837), (0.270194, 0.192036, 0.000654, 0.943460)
68.63457, (-0.810402, -1.544781, 5.578374), (0.272828, 0.184697, 0.004164, 0.944158)
68.64845, (-0.831279, -1.558765, 5.621308), (0.276312, 0.176626, 0.006631, 0.944675)
68.66239, (-0.855090, -1.572044, 5.658680), (0.279262, 0.168118, 0.007244, 0.945355)
68.67683, (-0.878802, -1.584742, 5.694914), (0.282164, 0.160251, 0.007787, 0.945855)
68.6906, (-0.899692, -1.595823, 5.727937), (0.285813, 0.152868, 0.006918, 0.945989)
68.70467, (-0.921875, -1.603696, 5.755565), (0.289863, 0.146202, 0.006573, 0.945813)
68.71784, (-0.944444, -1.607018, 5.780764), (0.293129, 0.139535, 0.006785, 0.945811)
68.73177, (-0.964784, -1.609999, 5.805207), (0.295349, 0.132489, 0.006927, 0.946133)
68.7455, (-0.987816, -1.612933, 5.829523), (0.297729, 0.125374, 0.007818, 0.946350)
68.75947, (-1.007629, -1.610881, 5.842185), (0.298683, 0.117695, 0.008003, 0.947033)
68.77328, (-1.031560, -1.608512, 5.858214), (0.300335, 0.111199, 0.008848, 0.947288)
68.78722, (-1.050943, -1.604084, 5.869918), (0.301304, 0.104302, 0.008963, 0.947764)
68.80122, (-1.073456, -1.597625, 5.876143), (0.300674, 0.098861, 0.008069, 0.948555)
68.81514, (-1.096348, -1.590260, 5.881667), (0.300981, 0.095308, 0.006755, 0.948831)
68.82948, (-1.118205, -1.581473, 5.883010), (0.300700, 0.092952, 0.007485, 0.949149)
68.84315, (-1.137051, -1.573330, 5.884007), (0.300519, 0.089396, 0.007524, 0.949547)
68.85714, (-1.160716, -1.563052, 5.877253), (0.298519, 0.087517, 0.008002, 0.950349)
68.87097, (-1.184982, -1.555194, 5.869466), (0.295745, 0.084673, 0.008556, 0.951468)
68.88483, (-1.209131, -1.547174, 5.859411), (0.294067, 0.081098, 0.009080, 0.952295)
68.89853, (-1.235194, -1.538849, 5.846335), (0.293356, 0.077956, 0.009714, 0.952770)
68.91262, (-1.263060, -1.533675, 5.829353), (0.292233, 0.075170, 0.011421, 0.953320)
68.92616, (-1.286185, -1.524842, 5.814149), (0.291547, 0.072743, 0.012651, 0.953703)
68.94006, (-1.311936, -1.520027, 5.793038), (0.288590, 0.071056, 0.013204, 0.954721)
68.95398, (-1.337760, -1.513177, 5.773435), (0.285751, 0.067826, 0.013825, 0.955801)
68.96787, (-1.367602, -1.505991, 5.753767), (0.284383, 0.064542, 0.013981, 0.956434)
68.98174, (-1.401345, -1.502968, 5.722852), (0.283347, 0.061232, 0.013881, 0.956960)
68.99566, (-1.430483, -1.500989, 5.693777), (0.282651, 0.057034, 0.014259, 0.957420)
69.00957, (-1.461778, -1.500310, 5.660422), (0.280519, 0.054209, 0.014192, 0.958211)
69.0235, (-1.490650, -1.494961, 5.631017), (0.279088, 0.051566, 0.013376, 0.958787)
69.03747, (-1.523076, -1.491668, 5.598595), (0.277208, 0.049281, 0.013320, 0.959453)
69.05123, (-1.553300, -1.488068, 5.569824), (0.275687, 0.046309, 0.013418, 0.960038)
69.06525, (-1.583527, -1.484470, 5.541042), (0.274162, 0.043336, 0.013516, 0.960612)
69.07919, (-1.616432, -1.485602, 5.484897), (0.273943, 0.040979, 0.014233, 0.960767)
69.09286, (-1.646837, -1.482700, 5.443563), (0.273583, 0.038873, 0.015246, 0.960942)
69.10674, (-1.673504, -1.473823, 5.402790), (0.272387, 0.038066, 0.015590, 0.961308)
69.12064, (-1.700983, -1.469318, 5.364397), (0.270288, 0.036123, 0.016043, 0.961968)
69.13461, (-1.729964, -1.465348, 5.326842), (0.268960, 0.033811, 0.016392, 0.962418)
69.14851, (-1.751961, -1.465373, 5.280585), (0.264708, 0.034096, 0.016642, 0.963582)
69.16238, (-1.777320, -1.464294, 5.236277), (0.262587, 0.032533, 0.017149, 0.964207)
69.17628, (-1.803333, -1.461068, 5.192499), (0.261068, 0.030553, 0.017491, 0.964678)
69.19022, (-1.827373, -1.458251, 5.143627), (0.259937, 0.029470, 0.017114, 0.965024)
69.20414, (-1.848672, -1.454782, 5.096220), (0.258685, 0.027668, 0.016742, 0.965420)
69.21802, (-1.867932, -1.454062, 5.049702), (0.257088, 0.025058, 0.015890, 0.965933)
69.23191, (-1.888090, -1.452574, 5.002382), (0.255684, 0.022973, 0.014992, 0.966371)
69.24597, (-1.906044, -1.451170, 4.954237), (0.254773, 0.021386, 0.013806, 0.966666)
69.25982, (-1.920399, -1.450593, 4.908029), (0.253409, 0.020717, 0.012670, 0.967055)
69.27415, (-1.934824, -1.446322, 4.864082), (0.251507, 0.021049, 0.011465, 0.967559)
69.28764, (-1.949844, -1.441898, 4.823425), (0.249163, 0.021883, 0.010544, 0.968157)
69.30135, (-1.962338, -1.439701, 4.779486), (0.245998, 0.022567, 0.009807, 0.968958)
69.31528, (-1.974276, -1.438560, 4.740138), (0.244415, 0.023835, 0.009758, 0.969329)
69.32915, (-1.984091, -1.438800, 4.695224), (0.243145, 0.025680, 0.010242, 0.969596)
69.34309, (-1.991352, -1.437042, 4.652561), (0.242407, 0.027677, 0.009978, 0.969729)
69.35702, (-2.000826, -1.435133, 4.610321), (0.241083, 0.030037, 0.009514, 0.969993)
69.37089, (-2.007566, -1.433841, 4.566433), (0.239624, 0.032869, 0.010142, 0.970256)
69.38475, (-2.013341, -1.433089, 4.520957), (0.239706, 0.035249, 0.010507, 0.970149)
69.39867, (-2.019480, -1.432672, 4.474281), (0.240461, 0.037130, 0.011163, 0.969884)
69.4129, (-2.024423, -1.431321, 4.427144), (0.241247, 0.039036, 0.011480, 0.969611)
69.42713, (-2.030743, -1.428161, 4.380958), (0.241459, 0.040877, 0.011516, 0.969482)
69.44038, (-2.037786, -1.417278, 4.334714), (0.240091, 0.042879, 0.010199, 0.969749)
69.45416, (-2.042280, -1.409309, 4.289477), (0.238176, 0.044729, 0.008595, 0.970154)
69.46804, (-2.044880, -1.403202, 4.241930), (0.236180, 0.046371, 0.007699, 0.970572)
69.48212, (-2.048331, -1.396905, 4.196862), (0.235496, 0.048143, 0.007814, 0.970651)
69.49599, (-2.053458, -1.389676, 4.149388), (0.233262, 0.051715, 0.008207, 0.971003)
69.5099, (-2.056340, -1.380515, 4.103996), (0.231118, 0.055113, 0.008116, 0.971330)
69.52372, (-2.057793, -1.369042, 4.058698), (0.227689, 0.058834, 0.006993, 0.971930)
69.53754, (-2.066830, -1.361672, 4.014816), (0.223264, 0.063311, 0.006203, 0.972680)
69.55144, (-2.072823, -1.353350, 3.971494), (0.219056, 0.066303, 0.004776, 0.973445)
69.56532, (-2.083787, -1.347808, 3.925939), (0.216359, 0.069247, 0.004768, 0.973843)
69.57972, (-2.090273, -1.342661, 3.881974), (0.214513, 0.070619, 0.004849, 0.974153)
69.59317, (-2.095451, -1.335350, 3.842668), (0.213276, 0.072088, 0.004955, 0.974316)
69.6069, (-2.104130, -1.325389, 3.802023), (0.211433, 0.073891, 0.005336, 0.974581)
69.6209, (-2.111691, -1.312340, 3.769888), (0.209034, 0.074578, 0.005007, 0.975048)
69.63468, (-2.119479, -1.297055, 3.738890), (0.207040, 0.076614, 0.004244, 0.975319)
69.64854, (-2.124474, -1.283880, 3.704770), (0.204191, 0.078565, 0.003899, 0.975766)
69.6625, (-2.127380, -1.274340, 3.671659), (0.199978, 0.081316, 0.003835, 0.976413)
69.67668, (-2.133418, -1.261191, 3.639784), (0.194085, 0.085148, 0.005504, 0.977267)
69.6907, (-2.137781, -1.247172, 3.610972), (0.188007, 0.089545, 0.005920, 0.978059)
69.70432, (-2.143428, -1.234053, 3.581457), (0.182055, 0.094112, 0.006386, 0.978753)
69.71841, (-2.149672, -1.219496, 3.552284), (0.175577, 0.099914, 0.006992, 0.979358)
69.73186, (-2.161716, -1.212106, 3.523182), (0.170562, 0.108681, 0.007738, 0.979305)
69.7457, (-2.162154, -1.193348, 3.489742), (0.165679, 0.113447, 0.009452, 0.979587)
69.75964, (-2.171455, -1.180729, 3.463923), (0.158393, 0.120568, 0.010562, 0.979931)
69.77338, (-2.176298, -1.163703, 3.441145), (0.149734, 0.126837, 0.011275, 0.980492)
69.7872, (-2.184457, -1.147739, 3.417885), (0.141394, 0.132513, 0.012774, 0.980961)
69.80106, (-2.196602, -1.138356, 3.389790), (0.132864, 0.138371, 0.014996, 0.981313)
69.81516, (-2.206862, -1.123649, 3.367742), (0.127775, 0.143545, 0.016933, 0.981214)
69.82885, (-2.218336, -1.114155, 3.344893), (0.121598, 0.148428, 0.019270, 0.981230)
69.84281, (-2.223581, -1.076306, 3.332298), (0.121524, 0.152620, 0.015988, 0.980655)
69.85654, (-2.238688, -1.085585, 3.310853), (0.106242, 0.156994, 0.023245, 0.981593)
69.87042, (-2.252073, -1.077988, 3.291330), (0.096489, 0.160674, 0.026640, 0.981919)
69.88421, (-2.251273, -1.056546, 3.276973), (0.091013, 0.160015, 0.025973, 0.982567)
69.8981, (-2.257293, -1.039970, 3.271227), (0.082265, 0.161826, 0.025815, 0.983046)
69.91222, (-2.261471, -1.020616, 3.270971), (0.073034, 0.166730, 0.026049, 0.982949)
69.92611, (-2.256186, -1.003438, 3.263516), (0.061132, 0.172150, 0.026876, 0.982805)
69.93967, (-2.260401, -0.991865, 3.248960), (0.051192, 0.177478, 0.029472, 0.982350)
69.95356, (-2.260898, -0.976987, 3.236076), (0.045658, 0.181801, 0.031386, 0.981773)
69.96747, (-2.261226, -0.970974, 3.223670), (0.046155, 0.187327, 0.033049, 0.980656)
69.98127, (-2.258426, -0.965940, 3.221633), (0.045415, 0.193052, 0.034114, 0.979543)
69.99507, (-2.250438, -0.952925, 3.224047), (0.045196, 0.197648, 0.034847, 0.978610)
70.00912, (-2.244402, -0.951062, 3.224223), (0.040024, 0.202532, 0.035158, 0.977826)
70.02245, (-2.240669, -0.954210, 3.225087), (0.037442, 0.205643, 0.033850, 0.977324)
70.03629, (-2.235441, -0.957921, 3.218909), (0.038075, 0.207514, 0.032762, 0.976942)
70.05019, (-2.226027, -0.963699, 3.213511), (0.038650, 0.210255, 0.031404, 0.976377)
70.06422, (-2.214025, -0.960958, 3.212268), (0.038227, 0.213488, 0.031520, 0.975689)
70.07803, (-2.200979, -0.956094, 3.215249), (0.037006, 0.217420, 0.031849, 0.974856)
70.09178, (-2.185893, -0.949396, 3.219247), (0.035936, 0.220507, 0.033285, 0.974155)
70.10564, (-2.167029, -0.947473, 3.223610), (0.034285, 0.223202, 0.033143, 0.973605)
70.11951, (-2.149584, -0.951384, 3.226172), (0.031619, 0.227344, 0.032449, 0.972760)
70.13359, (-2.118659, -0.957673, 3.235493), (0.029665, 0.234030, 0.035362, 0.971133)
70.14733, (-2.112000, -0.958097, 3.223484), (0.030662, 0.239076, 0.031701, 0.969999)
70.16154, (-2.095480, -0.955740, 3.233657), (0.032803, 0.243571, 0.028853, 0.968899)
70.17512, (-2.075040, -0.962188, 3.241016), (0.031523, 0.248401, 0.027039, 0.967767)
70.18896, (-2.054916, -0.964348, 3.245696), (0.034394, 0.251690, 0.026509, 0.966833)
70.20284, (-2.034353, -0.966153, 3.250136), (0.036913, 0.254613, 0.025001, 0.966015)
70.21665, (-2.016364, -0.969170, 3.255651), (0.036899, 0.258686, 0.024340, 0.964950)
70.23064, (-1.989853, -0.962992, 3.265122), (0.035532, 0.261525, 0.021661, 0.964299)
70.24455, (-1.968414, -0.956055, 3.276371), (0.033860, 0.264650, 0.019354, 0.963556)
70.25864, (-1.947687, -0.949818, 3.282564), (0.032085, 0.266203, 0.018200, 0.963211)
70.27238, (-1.928324, -0.944326, 3.284781), (0.030274, 0.268197, 0.017118, 0.962736)
70.28624, (-1.910475, -0.936056, 3.286024), (0.028521, 0.271080, 0.016847, 0.961987)
70.30016, (-1.890130, -0.932547, 3.286396), (0.026268, 0.274368, 0.017843, 0.961100)
70.31402, (-1.870422, -0.926614, 3.289607), (0.023332, 0.278094, 0.018359, 0.960095)
70.32796, (-1.852074, -0.916536, 3.289763), (0.019898, 0.281480, 0.017952, 0.959193)
70.34178, (-1.836280, -0.913670, 3.287344), (0.015261, 0.284200, 0.019113, 0.958453)
70.35571, (-1.824463, -0.898677, 3.285098), (0.013191, 0.286898, 0.018063, 0.957700)
70.36948, (-1.811293, -0.886631, 3.279818), (0.010799, 0.289116, 0.018514, 0.957054)
70.38337, (-1.800708, -0.881447, 3.270457), (0.005013, 0.292442, 0.017739, 0.956106)
70.39724, (-1.782120, -0.868273, 3.259854), (0.000825, 0.294816, 0.018181, 0.955381)
70.41122, (-1.766669, -0.857992, 3.245792), (-0.004855, 0.299244, 0.018731, 0.953981)
70.42511, (-1.751187, -0.837779, 3.235586), (-0.009499, 0.302461, 0.018226, 0.952940)
70.43895, (-1.740251, -0.824611, 3.224444), (-0.015609, 0.306386, 0.018503, 0.951599)
70.45285, (-1.730325, -0.812135, 3.214174), (-0.021708, 0.310160, 0.018470, 0.950257)
70.46717, (-1.716940, -0.801270, 3.199387), (-0.027635, 0.312962, 0.018819, 0.949177)
70.48116, (-1.706864, -0.786402, 3.184180), (-0.033373, 0.316575, 0.019310, 0.947783)
70.49522, (-1.692012, -0.776259, 3.167239), (-0.038147, 0.318942, 0.019628, 0.946803)
70.50891, (-1.679683, -0.762893, 3.154349), (-0.040726, 0.322315, 0.018724, 0.945571)
70.52251, (-1.664714, -0.754694, 3.141017), (-0.042820, 0.324721, 0.017564, 0.944677)
70.53604, (-1.648824, -0.747181, 3.131566), (-0.045984, 0.327188, 0.017622, 0.943675)
70.54998, (-1.630865, -0.734243, 3.126513), (-0.048639, 0.329429, 0.017088, 0.942772)
70.56377, (-1.613027, -0.723525, 3.123557), (-0.051525, 0.331686, 0.017328, 0.941823)
70.57764, (-1.590579, -0.710410, 3.126035), (-0.053490, 0.332893, 0.017540, 0.941283)
70.59195, (-1.566334, -0.701681, 3.129853), (-0.055108, 0.334002, 0.017780, 0.940792)
70.60558, (-1.541184, -0.694764, 3.131752), (-0.056669, 0.335388, 0.018147, 0.940199)
70.61946, (-1.510273, -0.688334, 3.135325), (-0.056665, 0.336527, 0.018548, 0.939784)
70.63332, (-1.484096, -0.682788, 3.141843), (-0.057118, 0.338412, 0.018906, 0.939073)
70.64725, (-1.452491, -0.678648, 3.151834), (-0.055764, 0.340272, 0.017570, 0.938508)
70.66114, (-1.422195, -0.674046, 3.160255), (-0.055693, 0.342198, 0.016166, 0.937837)
70.675, (-1.388278, -0.670402, 3.168481), (-0.055648, 0.344014, 0.014618, 0.937200)
70.68887, (-1.353451, -0.667779, 3.177756), (-0.054785, 0.345960, 0.013175, 0.936556)
70.70281, (-1.317384, -0.664773, 3.188272), (-0.052890, 0.348696, 0.011904, 0.935666)
70.71673, (-1.282672, -0.657998, 3.198351), (-0.051314, 0.351175, 0.010611, 0.934843)
70.73065, (-1.243272, -0.648031, 3.209300), (-0.048544, 0.353533, 0.008960, 0.934119)
70.74507, (-1.205787, -0.637648, 3.222259), (-0.047505, 0.356403, 0.007335, 0.933095)
70.75844, (-1.166576, -0.628116, 3.233634), (-0.046486, 0.359174, 0.006011, 0.932093)
70.77253, (-1.127561, -0.617237, 3.243971), (-0.045496, 0.362194, 0.005422, 0.930976)
70.78665, (-1.090201, -0.607343, 3.254310), (-0.044674, 0.365323, 0.005726, 0.929791)
70.80069, (-1.048322, -0.593411, 3.265593), (-0.043019, 0.367920, 0.005879, 0.928843)
70.81414, (-1.010847, -0.582776, 3.278122), (-0.042663, 0.370780, 0.006234, 0.927720)
70.82821, (-0.969678, -0.568111, 3.288742), (-0.041667, 0.373101, 0.005784, 0.926837)
70.84176, (-0.927773, -0.547725, 3.302947), (-0.043304, 0.374203, 0.005744, 0.926317)
70.85564, (-0.885697, -0.532244, 3.317916), (-0.046084, 0.375989, 0.004907, 0.925464)
70.86958, (-0.845572, -0.517526, 3.329296), (-0.046297, 0.377017, 0.004961, 0.925035)
70.88348, (-0.805677, -0.502915, 3.340728), (-0.046712, 0.378171, 0.004482, 0.924546)
70.89736, (-0.765916, -0.487139, 3.354007), (-0.047399, 0.379589, 0.004498, 0.923930)
70.91135, (-0.724294, -0.470581, 3.367310), (-0.048351, 0.380042, 0.003860, 0.923696)
70.92556, (-0.681915, -0.455616, 3.382459), (-0.049863, 0.380454, 0.003236, 0.923449)
70.93942, (-0.641048, -0.440129, 3.398035), (-0.051394, 0.380674, 0.003189, 0.923275)
70.95327, (-0.597832, -0.423899, 3.412900), (-0.053073, 0.380150, 0.003922, 0.923393)
70.96716, (-0.554846, -0.409527, 3.425512), (-0.056405, 0.379072, 0.004858, 0.923634)
70.98106, (-0.512343, -0.394574, 3.438296), (-0.059237, 0.378214, 0.005581, 0.923804)
70.99517, (-0.469119, -0.377129, 3.451396), (-0.060784, 0.377679, 0.005637, 0.923922)
71.00869, (-0.427200, -0.364311, 3.463881), (-0.063038, 0.377540, 0.005079, 0.923831)
71.02287, (-0.385236, -0.353923, 3.476250), (-0.064255, 0.377454, 0.003466, 0.923790)
71.0365, (-0.344990, -0.346276, 3.487695), (-0.065877, 0.377271, 0.002640, 0.923753)
71.05027, (-0.304446, -0.336494, 3.499984), (-0.067045, 0.376762, 0.001546, 0.923880)
71.06421, (-0.261884, -0.327693, 3.514498), (-0.068694, 0.375927, 0.000418, 0.924099)
71.07796, (-0.216074, -0.320300, 3.528579), (-0.071137, 0.374473, -0.001134, 0.924504)
71.092, (-0.171076, -0.312847, 3.543963), (-0.072708, 0.373890, -0.002143, 0.924617)
71.10573, (-0.125211, -0.304326, 3.558752), (-0.074336, 0.373132, -0.003182, 0.924790)
71.11966, (-0.076083, -0.302395, 3.575069), (-0.074957, 0.372306, -0.004199, 0.925069)
71.13343, (-0.027511, -0.298505, 3.594052), (-0.072271, 0.371790, -0.006501, 0.925477)
71.14736, (0.018502, -0.292363, 3.610715), (-0.071217, 0.371373, -0.008540, 0.925709)
71.16151, (0.066234, -0.288608, 3.628842), (-0.070397, 0.370725, -0.011349, 0.926002)
71.17514, (0.112752, -0.282912, 3.645131), (-0.070653, 0.370156, -0.012898, 0.926189)
71.189, (0.160933, -0.279945, 3.663865), (-0.070962, 0.369348, -0.015362, 0.926451)
71.2031, (0.210662, -0.279502, 3.688042), (-0.071490, 0.368508, -0.018474, 0.926688)
71.2169, (0.258815, -0.276392, 3.709608), (-0.071589, 0.367938, -0.020745, 0.926859)
71.23075, (0.303667, -0.278455, 3.724952), (-0.067274, 0.366991, -0.021707, 0.927535)
71.24467, (0.350018, -0.273902, 3.741641), (-0.066327, 0.366619, -0.023857, 0.927697)
71.25863, (0.391873, -0.269609, 3.757257), (-0.065412, 0.367145, -0.027630, 0.927450)
71.27254, (0.433173, -0.269469, 3.771731), (-0.065263, 0.366893, -0.030927, 0.927455)
71.28676, (0.471813, -0.270320, 3.784653), (-0.065067, 0.367002, -0.033898, 0.927322)
71.30059, (0.511945, -0.269724, 3.798229), (-0.064460, 0.367148, -0.035996, 0.927228)
71.31461, (0.553451, -0.268496, 3.812536), (-0.063826, 0.367344, -0.038459, 0.927095)
71.32861, (0.591326, -0.267280, 3.823675), (-0.064465, 0.368423, -0.037358, 0.926668)
71.34236, (0.630085, -0.265021, 3.838055), (-0.064770, 0.368877, -0.037397, 0.926465)
71.35622, (0.662096, -0.265932, 3.849091), (-0.065879, 0.368721, -0.036430, 0.926487)
71.36996, (0.693650, -0.268612, 3.860356), (-0.066316, 0.368788, -0.036743, 0.926417)
71.38364, (0.726373, -0.271545, 3.873153), (-0.067793, 0.368608, -0.036976, 0.926372)
71.39756, (0.759189, -0.270759, 3.888132), (-0.067658, 0.368569, -0.037551, 0.926374)
71.41148, (0.791420, -0.271847, 3.901770), (-0.067355, 0.368202, -0.037737, 0.926535)
71.42543, (0.820764, -0.273595, 3.914491), (-0.066463, 0.368009, -0.038298, 0.926653)
71.43926, (0.848626, -0.279088, 3.925001), (-0.065505, 0.367872, -0.038996, 0.926746)
71.45317, (0.873716, -0.281031, 3.936704), (-0.063751, 0.368542, -0.040048, 0.926558)
71.46709, (0.897459, -0.282021, 3.947567), (-0.062113, 0.369189, -0.041063, 0.926367)
71.48098, (0.918575, -0.283238, 3.957772), (-0.060781, 0.370000, -0.041898, 0.926094)
71.49519, (0.936640, -0.283327, 3.963351), (-0.059205, 0.370325, -0.041710, 0.926075)
71.50887, (0.953042, -0.282236, 3.969902), (-0.057853, 0.370720, -0.041406, 0.926016)
71.52272, (0.965273, -0.278809, 3.973919), (-0.057012, 0.370758, -0.040507, 0.926093)
71.53658, (0.977398, -0.275278, 3.977115), (-0.056707, 0.370345, -0.039201, 0.926333)
71.55047, (0.986744, -0.272136, 3.977587), (-0.056728, 0.369728, -0.037842, 0.926634)
71.56443, (0.987910, -0.271184, 3.972801), (-0.058546, 0.369041, -0.035860, 0.926874)
71.57847, (0.995424, -0.268740, 3.973619), (-0.058519, 0.368579, -0.034872, 0.927097)
71.59216, (1.005782, -0.266619, 3.976224), (-0.058316, 0.368378, -0.034150, 0.927217)
71.60602, (0.998768, -0.263466, 3.970469), (-0.058614, 0.367264, -0.033771, 0.927654)
71.62006, (1.005646, -0.261097, 3.971426), (-0.058488, 0.366925, -0.033096, 0.927820)
71.63383, (0.992798, -0.257314, 3.964782), (-0.059747, 0.365625, -0.032454, 0.928276)
71.64778, (0.987229, -0.253333, 3.958696), (-0.060573, 0.364667, -0.032081, 0.928612)
71.66163, (0.965880, -0.249128, 3.942265), (-0.062785, 0.364391, -0.031752, 0.928584)
71.67554, (0.958843, -0.244861, 3.936665), (-0.063415, 0.363993, -0.031205, 0.928716)
71.68951, (0.931726, -0.244978, 3.918994), (-0.065316, 0.364677, -0.031600, 0.928303)
71.70332, (0.917340, -0.243412, 3.906314), (-0.066544, 0.364823, -0.030663, 0.928190)
71.71719, (0.891618, -0.239327, 3.879786), (-0.070013, 0.366836, -0.028466, 0.927210)
71.73112, (0.880006, -0.236216, 3.869526), (-0.071097, 0.366868, -0.027701, 0.927139)
71.74502, (0.868393, -0.233104, 3.859265), (-0.072182, 0.366899, -0.026936, 0.927065)
71.7589, (0.826766, -0.243143, 3.833549), (-0.073432, 0.371367, -0.027455, 0.925171)
71.77288, (0.804636, -0.242599, 3.818512), (-0.074108, 0.373340, -0.026475, 0.924351)
71.78667, (0.782016, -0.240947, 3.804403), (-0.074340, 0.374815, -0.025629, 0.923759)
71.80054, (0.758973, -0.240777, 3.790698), (-0.074376, 0.375673, -0.025458, 0.923412)
71.81471, (0.735551, -0.241820, 3.778520), (-0.073976, 0.376500, -0.025159, 0.923116)
71.82852, (0.711878, -0.245158, 3.766997), (-0.072401, 0.377499, -0.025882, 0.922813)
71.84235, (0.690025, -0.250516, 3.757052), (-0.070818, 0.378751, -0.026227, 0.922412)
71.8558, (0.667087, -0.257188, 3.748023), (-0.068488, 0.379837, -0.026166, 0.922144)
71.86961, (0.645130, -0.266058, 3.741417), (-0.065376, 0.380426, -0.025966, 0.922133)
71.88321, (0.625816, -0.276319, 3.734179), (-0.061278, 0.380558, -0.025956, 0.922360)
71.89699, (0.609017, -0.292474, 3.730495), (-0.055950, 0.380640, -0.025936, 0.922665)
71.91085, (0.596811, -0.310607, 3.726216), (-0.050255, 0.380875, -0.026794, 0.922871)
71.92486, (0.584298, -0.333220, 3.726587), (-0.044451, 0.381374, -0.026906, 0.922959)
71.93848, (0.570797, -0.353794, 3.725563), (-0.034501, 0.381922, -0.028443, 0.923113)
71.95223, (0.556110, -0.376754, 3.721214), (-0.024373, 0.382142, -0.029962, 0.923296)
71.96616, (0.543169, -0.401279, 3.716100), (-0.013243, 0.382341, -0.032327, 0.923361)
71.97987, (0.530505, -0.429589, 3.710819), (-0.003404, 0.383555, -0.035663, 0.922823)
71.99376, (0.522501, -0.455236, 3.708335), (0.006936, 0.384709, -0.037795, 0.922238)
72.00764, (0.510603, -0.483153, 3.707688), (0.016017, 0.386626, -0.039587, 0.921247)
72.02234, (0.509129, -0.512965, 3.704175), (0.025468, 0.387908, -0.042237, 0.920378)
72.03577, (0.502596, -0.540484, 3.698764), (0.034376, 0.389716, -0.043075, 0.919285)
72.04972, (0.492424, -0.565234, 3.689394), (0.044055, 0.391707, -0.044808, 0.917942)
72.06364, (0.484265, -0.592213, 3.679304), (0.051804, 0.393712, -0.048047, 0.916514)
72.07752, (0.481832, -0.616190, 3.672178), (0.058242, 0.396190, -0.051437, 0.914875)
72.09147, (0.479897, -0.641339, 3.665393), (0.061972, 0.399846, -0.054745, 0.912845)
72.10541, (0.482848, -0.664512, 3.659315), (0.064715, 0.403805, -0.056168, 0.910823)
72.11932, (0.485547, -0.692568, 3.648487), (0.066844, 0.407191, -0.057252, 0.909093)
72.1333, (0.488795, -0.715556, 3.639569), (0.068612, 0.411565, -0.056240, 0.907053)
72.14748, (0.487588, -0.732102, 3.625957), (0.070243, 0.413189, -0.055634, 0.906226)
72.16073, (0.488514, -0.749010, 3.617822), (0.072574, 0.416135, -0.056034, 0.904669)
72.17468, (0.489807, -0.765231, 3.603966), (0.073384, 0.418757, -0.056757, 0.903347)
72.18875, (0.494128, -0.780276, 3.591624), (0.075389, 0.421858, -0.058992, 0.901595)
72.20267, (0.493630, -0.798606, 3.579428), (0.076630, 0.424804, -0.060846, 0.899982)
72.21651, (0.502803, -0.809114, 3.569202), (0.076268, 0.425687, -0.062899, 0.899454)
72.23052, (0.514522, -0.815930, 3.563051), (0.074691, 0.426629, -0.064778, 0.899007)
72.24449, (0.529685, -0.819228, 3.559887), (0.072493, 0.426681, -0.066146, 0.899062)
72.25845, (0.550793, -0.821781, 3.559267), (0.071680, 0.424823, -0.066353, 0.899991)
72.27235, (0.573184, -0.827444, 3.556710), (0.072208, 0.422817, -0.066354, 0.900894)
72.28614, (0.597634, -0.824966, 3.554345), (0.074477, 0.420789, -0.065454, 0.901723)
72.30051, (0.625081, -0.825733, 3.552934), (0.076372, 0.418945, -0.064829, 0.902469)
72.31409, (0.652045, -0.828400, 3.551974), (0.078049, 0.417202, -0.065224, 0.903104)
72.32783, (0.680856, -0.832946, 3.553043), (0.079480, 0.415632, -0.066548, 0.903607)
72.3418, (0.714883, -0.840080, 3.555409), (0.080945, 0.413054, -0.069962, 0.904400)
72.35566, (0.748300, -0.849718, 3.554983), (0.082431, 0.411446, -0.073523, 0.904716)
72.3696, (0.781934, -0.860570, 3.553769), (0.084176, 0.410663, -0.076993, 0.904623)
72.38359, (0.818585, -0.870183, 3.553606), (0.086198, 0.410481, -0.079921, 0.904261)
72.39743, (0.855374, -0.881250, 3.553583), (0.088342, 0.410264, -0.082440, 0.903926)
72.4113, (0.893795, -0.891709, 3.553501), (0.091265, 0.410048, -0.085092, 0.903488)
72.42525, (0.932852, -0.907579, 3.552788), (0.093424, 0.410346, -0.086565, 0.902992)
72.43912, (0.975813, -0.921775, 3.553195), (0.095117, 0.410877, -0.089107, 0.902326)
72.45301, (1.016588, -0.938156, 3.554001), (0.096352, 0.411625, -0.091224, 0.901643)
72.46689, (1.059339, -0.955143, 3.554471), (0.098040, 0.412140, -0.093953, 0.900945)
72.48087, (1.103584, -0.970684, 3.554690), (0.101046, 0.412536, -0.096391, 0.900174)
72.49509, (1.146578, -0.988272, 3.553488), (0.104242, 0.412680, -0.099441, 0.899411)
72.50889, (1.188773, -1.003926, 3.555075), (0.108440, 0.413269, -0.102739, 0.898273)
72.52263, (1.231725, -1.021889, 3.558553), (0.111750, 0.414543, -0.106272, 0.896868)
72.5365, (1.279737, -1.040462, 3.562335), (0.115123, 0.414534, -0.109713, 0.896031)
72.55034, (1.326285, -1.056720, 3.568816), (0.118688, 0.415017, -0.112654, 0.894977)
72.56427, (1.375933, -1.072112, 3.576410), (0.121436, 0.415030, -0.115236, 0.894273)
72.5782, (1.426749, -1.087393, 3.584665), (0.122853, 0.415057, -0.116912, 0.893849)
72.59215, (1.476086, -1.099967, 3.595144), (0.125053, 0.415041, -0.118872, 0.893293)
72.60653, (1.526711, -1.113632, 3.605520), (0.127447, 0.414598, -0.121471, 0.892810)
72.62002, (1.576802, -1.127484, 3.619307), (0.130794, 0.414663, -0.124715, 0.891849)
72.63388, (1.628204, -1.145786, 3.631339), (0.133070, 0.414582, -0.127397, 0.891170)
72.6478, (1.679804, -1.165941, 3.645765), (0.135376, 0.414816, -0.130015, 0.890336)
72.66161, (1.733008, -1.184418, 3.661345), (0.137897, 0.414847, -0.132361, 0.889588)
72.67561, (1.787419, -1.203110, 3.673512), (0.139494, 0.414321, -0.134533, 0.889259)
72.68944, (1.838946, -1.220324, 3.688697), (0.141818, 0.414689, -0.136549, 0.888412)
72.70333, (1.892544, -1.238428, 3.701014), (0.144493, 0.414528, -0.139994, 0.887519)
72.71719, (1.943045, -1.256956, 3.715529), (0.147173, 0.414532, -0.142622, 0.886658)
72.7313, (1.994330, -1.275183, 3.732977), (0.149260, 0.415098, -0.144625, 0.885719)
72.74507, (2.046022, -1.294172, 3.749491), (0.150199, 0.415122, -0.146390, 0.885259)
72.75965, (2.097764, -1.312538, 3.766556), (0.152066, 0.414373, -0.148170, 0.884995)
72.77293, (2.147169, -1.326827, 3.784545), (0.154788, 0.413015, -0.149938, 0.884860)
72.78682, (2.195005, -1.340536, 3.804294), (0.157477, 0.412294, -0.151785, 0.884407)
72.80077, (2.244360, -1.354098, 3.820912), (0.159141, 0.411652, -0.154179, 0.883994)
72.81466, (2.295759, -1.367900, 3.839736), (0.160973, 0.411609, -0.155923, 0.883376)
72.82853, (2.345789, -1.381470, 3.859722), (0.162502, 0.411531, -0.157491, 0.882855)
72.84249, (2.393297, -1.396724, 3.879603), (0.163780, 0.410698, -0.158280, 0.882865)
72.85633, (2.437510, -1.410661, 3.898078), (0.166202, 0.409759, -0.159366, 0.882654)
72.87035, (2.480137, -1.425076, 3.915925), (0.168419, 0.408898, -0.160150, 0.882491)
72.88412, (2.524017, -1.439596, 3.933524), (0.170481, 0.408302, -0.161130, 0.882192)
72.89838, (2.568717, -1.454482, 3.951216), (0.171854, 0.407878, -0.162602, 0.881852)
72.91272, (2.610266, -1.469684, 3.970024), (0.172577, 0.407737, -0.164178, 0.881484)
72.92596, (2.650407, -1.485794, 3.988228), (0.173641, 0.407439, -0.166491, 0.880979)
72.93964, (2.690907, -1.501893, 4.006700), (0.175183, 0.406893, -0.168727, 0.880500)
72.95357, (2.727124, -1.518360, 4.022763), (0.176686, 0.405585, -0.170993, 0.880366)
72.96748, (2.764713, -1.532483, 4.040761), (0.178514, 0.405167, -0.172756, 0.879845)
72.98152, (2.801549, -1.549195, 4.058229), (0.178758, 0.404708, -0.174021, 0.879758)
72.99532, (2.839661, -1.565090, 4.076629), (0.179851, 0.404306, -0.175268, 0.879472)
73.00918, (2.874909, -1.582929, 4.093009), (0.180428, 0.404106, -0.176664, 0.879167)
73.02304, (2.909125, -1.600477, 4.110353), (0.180757, 0.403922, -0.177932, 0.878928)
73.03722, (2.943963, -1.617082, 4.127670), (0.180831, 0.403882, -0.179038, 0.878707)
73.05133, (2.980070, -1.633966, 4.145029), (0.181648, 0.403536, -0.180467, 0.878404)
73.06516, (3.016181, -1.650854, 4.162392), (0.182466, 0.403189, -0.181896, 0.878100)
73.07898, (3.052288, -1.667740, 4.179751), (0.183282, 0.402841, -0.183324, 0.877792)
73.09283, (3.084702, -1.687833, 4.198534), (0.182721, 0.403029, -0.184170, 0.877646)
73.10678, (3.119424, -1.706698, 4.219410), (0.182227, 0.403759, -0.184549, 0.877334)
73.1207, (3.152601, -1.724764, 4.239773), (0.181494, 0.405694, -0.184140, 0.876678)
73.13439, (3.188588, -1.739204, 4.265451), (0.181337, 0.409278, -0.181044, 0.875689)
73.148, (3.222593, -1.754745, 4.284944), (0.182147, 0.409988, -0.180736, 0.875253)
73.1619, (3.255564, -1.770357, 4.306295), (0.183781, 0.411097, -0.180888, 0.874359)
73.17575, (3.286579, -1.783621, 4.327581), (0.185940, 0.412135, -0.181626, 0.873260)
73.18971, (3.315409, -1.797047, 4.347703), (0.187836, 0.413040, -0.182730, 0.872196)
73.20368, (3.339265, -1.806785, 4.364596), (0.190974, 0.413327, -0.183801, 0.871153)
73.21763, (3.361642, -1.816720, 4.383306), (0.193453, 0.414035, -0.184184, 0.870188)
73.23161, (3.383609, -1.820508, 4.399696), (0.195599, 0.414310, -0.184841, 0.869438)
73.24556, (3.403173, -1.826714, 4.416315), (0.197116, 0.414657, -0.185366, 0.868818)
73.25944, (3.420498, -1.829190, 4.430995), (0.198149, 0.415061, -0.185975, 0.868260)
73.27319, (3.434100, -1.829177, 4.443673), (0.199231, 0.414935, -0.186496, 0.867961)
73.28705, (3.447149, -1.829104, 4.455996), (0.200262, 0.414796, -0.186870, 0.867709)
73.30096, (3.456886, -1.827562, 4.467583), (0.200590, 0.414789, -0.186939, 0.867622)
73.31493, (3.462602, -1.827066, 4.476840), (0.200103, 0.414617, -0.186833, 0.867840)
73.32883, (3.467818, -1.825676, 4.486866), (0.199859, 0.414626, -0.187025, 0.867850)
73.34272, (3.468891, -1.823616, 4.495429), (0.198861, 0.414601, -0.187708, 0.867944)
73.35703, (3.464632, -1.822152, 4.502676), (0.197788, 0.414815, -0.188615, 0.867890)
73.37054, (3.463183, -1.818776, 4.508735), (0.197556, 0.414830, -0.189453, 0.867753)
73.38451, (3.454606, -1.816261, 4.511028), (0.196502, 0.415441, -0.189714, 0.867643)
73.39822, (3.445456, -1.815392, 4.513786), (0.195853, 0.415829, -0.189665, 0.867615)
73.41241, (3.435564, -1.813248, 4.514345), (0.195397, 0.415988, -0.189571, 0.867662)
73.42609, (3.429662, -1.811349, 4.518531), (0.195060, 0.416221, -0.189856, 0.867563)
73.43996, (3.407387, -1.804563, 4.514149), (0.193873, 0.416243, -0.188576, 0.868098)
73.45378, (3.395521, -1.801480, 4.514481), (0.193242, 0.416260, -0.188538, 0.868239)
73.4677, (3.371798, -1.792958, 4.510528), (0.192226, 0.416559, -0.187641, 0.868516)
73.48177, (3.351911, -1.785517, 4.505984), (0.190581, 0.416265, -0.186373, 0.869291)
73.49577, (3.330033, -1.777960, 4.501637), (0.189288, 0.415889, -0.184901, 0.870068)
73.50986, (3.306221, -1.770942, 4.496340), (0.188552, 0.414947, -0.183446, 0.870985)
73.52333, (3.281990, -1.763210, 4.490632), (0.187684, 0.413990, -0.182233, 0.871882)
73.53715, (3.256637, -1.755308, 4.484787), (0.187285, 0.412835, -0.181556, 0.872656)
73.5511, (3.230065, -1.745334, 4.479962), (0.187018, 0.411909, -0.181010, 0.873264)
73.56501, (3.204135, -1.733264, 4.473962), (0.186591, 0.410844, -0.180017, 0.874062)
73.5789, (3.175439, -1.721189, 4.467454), (0.186102, 0.410252, -0.178663, 0.874723)
73.59297, (3.148745, -1.707537, 4.460479), (0.186028, 0.409216, -0.177178, 0.875525)
73.60661, (3.122012, -1.696056, 4.453682), (0.185165, 0.408400, -0.175825, 0.876361)
73.62049, (3.095556, -1.684138, 4.447989), (0.184185, 0.407830, -0.174763, 0.877045)
73.63442, (3.066876, -1.670363, 4.441535), (0.183993, 0.407816, -0.174452, 0.877154)
73.64839, (3.038314, -1.657441, 4.434312), (0.183172, 0.407676, -0.173519, 0.877576)
73.66267, (3.009625, -1.645546, 4.427846), (0.182270, 0.407909, -0.172529, 0.877851)
73.67607, (2.982191, -1.634405, 4.422606), (0.181462, 0.407659, -0.171576, 0.878321)
73.68993, (2.956482, -1.623577, 4.418651), (0.181232, 0.407259, -0.171024, 0.878662)
73.7039, (2.930276, -1.613612, 4.415614), (0.180585, 0.406821, -0.170371, 0.879124)
73.71774, (2.908535, -1.604766, 4.414082), (0.179916, 0.405982, -0.170015, 0.879718)
73.73164, (2.886980, -1.597929, 4.415570), (0.178548, 0.405357, -0.169315, 0.880420)
73.74558, (2.870291, -1.591899, 4.418989), (0.178080, 0.403856, -0.168512, 0.881358)
73.75947, (2.851934, -1.586032, 4.422381), (0.177343, 0.402199, -0.167769, 0.882405)
73.77328, (2.835429, -1.581447, 4.431266), (0.178056, 0.399093, -0.167355, 0.883750)
73.78714, (2.817792, -1.576760, 4.438885), (0.178823, 0.395976, -0.166294, 0.885196)
73.80112, (2.800111, -1.573784, 4.449910), (0.178454, 0.392483, -0.165138, 0.887041)
73.81559, (2.781196, -1.571209, 4.461776), (0.178486, 0.388711, -0.164339, 0.888842)
73.82899, (2.763860, -1.566886, 4.477512), (0.179538, 0.383706, -0.164190, 0.890830)
73.84264, (2.742362, -1.562195, 4.493145), (0.180595, 0.378778, -0.164119, 0.892736)
73.85648, (2.724158, -1.557537, 4.509158), (0.182107, 0.372088, -0.165056, 0.895067)
73.87055, (2.701403, -1.549637, 4.528934), (0.184138, 0.366411, -0.165469, 0.896915)
73.88436, (2.680545, -1.541939, 4.549376), (0.185842, 0.359719, -0.165114, 0.899335)
73.89832, (2.661973, -1.538885, 4.567404), (0.185860, 0.353650, -0.164871, 0.901779)
73.91242, (2.644072, -1.533498, 4.587198), (0.186191, 0.348203, -0.163756, 0.904031)
73.92649, (2.626392, -1.529797, 4.603524), (0.185787, 0.343372, -0.162648, 0.906159)
73.93994, (2.607446, -1.526778, 4.622203), (0.186130, 0.338821, -0.160298, 0.908218)
73.95407, (2.591902, -1.524760, 4.640625), (0.186346, 0.334316, -0.158718, 0.910119)
73.96759, (2.576884, -1.523677, 4.660783), (0.186653, 0.329739, -0.156873, 0.912044)
73.98139, (2.558744, -1.523939, 4.683630), (0.186572, 0.325963, -0.155703, 0.913617)
73.99529, (2.543816, -1.525491, 4.705602), (0.186274, 0.321706, -0.155299, 0.915254)
74.00915, (2.527598, -1.527089, 4.728656), (0.186204, 0.317802, -0.155271, 0.916636)
74.02307, (2.515616, -1.529201, 4.752086), (0.186389, 0.313574, -0.154999, 0.918099)
74.03692, (2.500887, -1.531482, 4.775590), (0.187129, 0.309310, -0.154075, 0.919549)
74.05083, (2.485431, -1.534133, 4.795761), (0.187900, 0.304744, -0.152844, 0.921121)
74.06507, (2.472365, -1.534283, 4.817643), (0.189824, 0.300352, -0.152378, 0.922246)
74.07858, (2.461586, -1.533850, 4.837648), (0.191938, 0.295517, -0.151817, 0.923462)
74.09239, (2.449638, -1.532259, 4.857419), (0.192962, 0.291380, -0.150201, 0.924826)
74.10623, (2.439979, -1.532916, 4.872990), (0.193302, 0.287982, -0.149726, 0.925896)
74.12023, (2.433940, -1.530759, 4.888866), (0.194771, 0.284618, -0.149978, 0.926587)
74.13437, (2.420049, -1.528349, 4.905163), (0.195656, 0.283021, -0.149342, 0.926992)
74.14821, (2.412735, -1.525847, 4.920373), (0.196169, 0.282243, -0.149543, 0.927089)
74.16209, (2.405132, -1.523426, 4.936214), (0.196569, 0.280481, -0.148856, 0.927649)
74.17601, (2.404108, -1.522034, 4.947681), (0.195425, 0.281404, -0.148223, 0.927713)
74.18979, (2.396597, -1.520411, 4.961051), (0.195594, 0.282004, -0.146822, 0.927718)
74.20354, (2.390835, -1.518978, 4.973349), (0.196158, 0.282074, -0.145555, 0.927777)
74.21729, (2.384134, -1.516367, 4.984138), (0.197189, 0.282925, -0.143986, 0.927544)
74.23148, (2.379065, -1.514801, 4.993428), (0.197937, 0.283782, -0.142907, 0.927290)
74.24552, (2.375574, -1.513149, 5.002878), (0.198070, 0.285260, -0.142609, 0.926854)
74.25888, (2.370444, -1.514502, 5.012728), (0.198199, 0.287023, -0.141734, 0.926416)
74.27277, (2.363415, -1.515745, 5.020125), (0.198475, 0.287670, -0.140247, 0.926383)
74.28661, (2.355003, -1.519780, 5.025078), (0.199075, 0.288789, -0.137234, 0.926357)
74.30055, (2.349530, -1.518981, 5.030134), (0.199556, 0.289309, -0.134597, 0.926478)
74.31448, (2.345084, -1.521062, 5.036606), (0.201267, 0.290074, -0.132025, 0.926239)
74.32842, (2.340192, -1.516460, 5.037000), (0.204374, 0.289777, -0.131812, 0.925682)
74.34241, (2.334099, -1.515776, 5.039343), (0.207184, 0.290404, -0.133751, 0.924582)
74.35615, (2.332263, -1.546479, 5.057837), (0.202270, 0.298930, -0.127851, 0.923787)
74.37002, (2.329391, -1.518805, 5.043600), (0.206493, 0.296594, -0.133244, 0.922843)
74.38396, (2.318671, -1.522874, 5.047697), (0.206754, 0.298322, -0.133513, 0.922188)
74.39835, (2.306521, -1.524434, 5.052345), (0.207549, 0.298423, -0.131903, 0.922208)
74.41182, (2.297494, -1.523613, 5.050571), (0.207394, 0.297474, -0.131108, 0.922663)
74.42605, (2.286964, -1.523367, 5.055185), (0.209799, 0.296584, -0.129515, 0.922631)
74.43963, (2.276008, -1.524662, 5.054471), (0.211588, 0.295479, -0.126913, 0.922939)
74.45348, (2.261324, -1.522920, 5.053635), (0.213285, 0.295421, -0.124882, 0.922844)
74.46738, (2.244240, -1.521684, 5.054931), (0.216392, 0.295110, -0.123678, 0.922382)
74.48149, (2.228754, -1.518068, 5.051142), (0.217013, 0.293809, -0.122471, 0.922813)
74.49541, (2.219737, -1.516994, 5.052383), (0.219535, 0.294281, -0.121063, 0.922251)
74.50913, (2.205191, -1.512294, 5.045073), (0.218492, 0.294111, -0.118135, 0.922932)
74.52301, (2.196408, -1.511022, 5.044201), (0.221953, 0.296126, -0.117774, 0.921507)
74.53692, (2.199461, -1.511407, 5.022969), (0.218510, 0.294166, -0.115145, 0.923288)
74.55112, (2.175905, -1.494687, 5.028758), (0.223568, 0.295642, -0.113453, 0.921814)
74.56474, (2.148912, -1.491631, 5.024229), (0.224066, 0.296055, -0.110132, 0.921964)
74.57861, (2.133457, -1.487157, 5.020802), (0.226047, 0.297272, -0.110736, 0.921016)
74.59251, (2.111175, -1.477990, 4.998878), (0.225667, 0.296516, -0.108298, 0.921642)
74.60638, (2.091483, -1.471326, 4.993463), (0.227593, 0.297420, -0.107494, 0.920971)
74.62029, (2.071741, -1.458534, 4.976365), (0.227809, 0.297039, -0.107169, 0.921079)
74.63439, (2.053033, -1.449852, 4.966164), (0.228403, 0.297327, -0.105745, 0.921003)
74.6483, (2.031024, -1.440351, 4.952426), (0.228435, 0.297467, -0.102908, 0.921271)
74.66222, (2.011500, -1.428005, 4.938971), (0.227661, 0.297533, -0.101230, 0.921628)
74.67593, (1.989415, -1.416225, 4.925389), (0.225443, 0.298050, -0.099194, 0.922227)
74.68993, (1.968996, -1.405993, 4.910961), (0.222935, 0.297976, -0.097830, 0.923006)
74.70416, (1.948101, -1.395597, 4.895963), (0.221281, 0.297560, -0.096401, 0.923688)
74.71761, (1.928400, -1.383712, 4.882107), (0.220646, 0.297413, -0.095066, 0.924026)
74.73158, (1.904549, -1.375438, 4.863221), (0.219827, 0.297173, -0.093422, 0.924465)
74.74549, (1.883164, -1.364114, 4.845956), (0.218766, 0.296142, -0.092124, 0.925178)
74.75932, (1.862007, -1.352488, 4.826184), (0.217230, 0.295335, -0.090905, 0.925918)
74.77328, (1.837322, -1.344662, 4.801813), (0.217126, 0.295674, -0.090397, 0.925884)
74.78712, (1.812903, -1.339098, 4.780249), (0.218205, 0.296787, -0.087610, 0.925542)
74.80101, (1.794203, -1.329708, 4.758040), (0.221232, 0.298112, -0.087709, 0.924388)
74.81498, (1.772180, -1.321387, 4.736898), (0.221921, 0.298542, -0.086029, 0.924242)
74.82877, (1.751682, -1.313587, 4.716640), (0.222419, 0.298908, -0.084718, 0.924125)
74.84277, (1.738293, -1.308501, 4.699785), (0.220771, 0.302680, -0.082998, 0.923448)
74.85708, (1.722721, -1.303037, 4.681354), (0.220996, 0.303353, -0.082172, 0.923247)
74.87049, (1.703657, -1.295841, 4.661985), (0.221042, 0.304202, -0.080893, 0.923070)
74.8845, (1.685582, -1.292238, 4.641568), (0.222007, 0.306492, -0.078750, 0.922266)
74.89828, (1.661525, -1.279328, 4.624002), (0.222194, 0.308393, -0.079981, 0.921481)
74.91222, (1.641623, -1.271261, 4.600770), (0.219763, 0.306870, -0.078954, 0.922660)
74.92611, (1.624855, -1.271451, 4.580899), (0.220056, 0.307044, -0.076935, 0.922703)
74.94021, (1.603262, -1.266643, 4.554334), (0.223534, 0.306067, -0.074464, 0.922394)
74.95404, (1.577706, -1.256144, 4.535962), (0.223398, 0.305730, -0.072813, 0.922671)
74.96793, (1.557047, -1.244571, 4.520415), (0.220604, 0.305931, -0.072315, 0.923315)
74.98182, (1.544717, -1.239668, 4.504205), (0.219458, 0.306099, -0.070805, 0.923649)
74.99557, (1.526159, -1.235296, 4.486485), (0.218967, 0.306811, -0.068557, 0.923699)
75.0098, (1.505558, -1.226995, 4.470145), (0.219201, 0.307104, -0.066739, 0.923680)
75.02364, (1.487993, -1.218091, 4.455189), (0.220893, 0.306745, -0.065900, 0.923456)
75.03727, (1.470442, -1.218406, 4.437593), (0.218604, 0.307368, -0.064330, 0.923904)
75.05128, (1.448717, -1.223022, 4.427863), (0.219446, 0.308987, -0.060521, 0.923422)
75.06525, (1.429475, -1.219949, 4.412796), (0.219293, 0.309475, -0.058696, 0.923412)
75.07907, (1.408493, -1.199429, 4.398127), (0.220258, 0.306794, -0.060745, 0.923945)
75.09293, (1.392282, -1.201820, 4.376379), (0.219261, 0.305976, -0.062248, 0.924353)
75.10671, (1.376362, -1.185181, 4.363327), (0.214243, 0.305289, -0.063728, 0.925655)
75.12109, (1.360021, -1.182892, 4.357099), (0.212028, 0.305706, -0.063256, 0.926060)
75.13453, (1.350359, -1.184038, 4.345990), (0.209294, 0.305651, -0.062869, 0.926726)
75.14869, (1.343036, -1.175184, 4.318389), (0.215796, 0.302264, -0.061785, 0.926419)
75.16272, (1.332586, -1.166712, 4.305183), (0.212879, 0.304441, -0.065590, 0.926119)
75.17648, (1.317469, -1.152650, 4.285356), (0.208115, 0.303980, -0.068404, 0.927149)
75.19039, (1.303802, -1.144702, 4.265869), (0.204593, 0.303622, -0.069727, 0.927952)
75.20438, (1.300521, -1.135969, 4.250464), (0.203259, 0.303758, -0.071521, 0.928063)
75.21816, (1.293045, -1.123558, 4.232436), (0.200475, 0.304259, -0.072707, 0.928413)
75.23178, (1.285430, -1.112872, 4.216380), (0.199306, 0.305220, -0.074332, 0.928220)
75.24602, (1.277579, -1.108148, 4.195683), (0.197006, 0.306631, -0.073208, 0.928335)
75.26059, (1.269464, -1.101782, 4.173469), (0.194838, 0.305636, -0.069294, 0.929421)
75.27339, (1.264199, -1.095272, 4.160590), (0.194653, 0.305863, -0.068259, 0.929462)
75.28719, (1.262220, -1.087275, 4.149745), (0.194185, 0.306289, -0.068473, 0.929403)
75.30107, (1.264619, -1.082690, 4.141279), (0.191894, 0.306277, -0.068634, 0.929871)
75.31514, (1.263999, -1.078714, 4.131466), (0.188943, 0.307039, -0.068269, 0.930251)
75.32903, (1.264728, -1.077298, 4.121984), (0.186844, 0.307067, -0.068611, 0.930641)
75.34281, (1.271520, -1.079142, 4.117359), (0.184786, 0.307305, -0.069047, 0.930941)
75.35668, (1.281890, -1.081978, 4.118407), (0.185021, 0.307799, -0.069932, 0.930665)
75.3706, (1.294477, -1.092789, 4.122349), (0.184748, 0.308045, -0.070058, 0.930628)
75.3845, (1.305469, -1.104006, 4.126709), (0.186970, 0.307525, -0.070216, 0.930344)
75.39851, (1.317798, -1.111876, 4.129853), (0.188656, 0.307699, -0.073109, 0.929723)
75.41299, (1.340715, -1.130370, 4.139672), (0.190974, 0.310089, -0.078974, 0.927975)
75.42625, (1.368800, -1.148555, 4.149408), (0.192696, 0.312711, -0.084258, 0.926273)
75.44005, (1.398012, -1.167513, 4.159152), (0.194588, 0.314628, -0.087283, 0.924947)
75.45404, (1.446496, -1.198903, 4.175806), (0.198176, 0.318744, -0.089286, 0.922582)
75.46793, (1.485807, -1.221611, 4.193604), (0.201225, 0.322263, -0.091121, 0.920517)
75.48193, (1.534919, -1.240238, 4.210104), (0.202668, 0.325775, -0.093709, 0.918703)
75.49587, (1.589597, -1.261786, 4.227507), (0.202081, 0.329108, -0.094823, 0.917529)
75.50977, (1.635026, -1.287304, 4.246750), (0.202734, 0.332956, -0.096912, 0.915777)
75.52366, (1.693293, -1.311377, 4.273757), (0.205664, 0.336636, -0.100463, 0.913392)
75.53747, (1.742469, -1.333227, 4.296814), (0.207111, 0.340796, -0.103297, 0.911204)
75.55141, (1.797883, -1.356915, 4.318633), (0.208503, 0.344914, -0.106433, 0.908974)
75.56582, (1.859471, -1.374133, 4.342364), (0.210875, 0.348890, -0.110087, 0.906470)
75.5792, (1.909926, -1.391321, 4.364367), (0.213175, 0.353653, -0.113645, 0.903643)
75.59326, (1.962335, -1.407135, 4.384609), (0.216839, 0.356583, -0.115742, 0.901351)
75.607, (2.015154, -1.419272, 4.407452), (0.221197, 0.358857, -0.118186, 0.899069)
75.62096, (2.072922, -1.429052, 4.431486), (0.224672, 0.361267, -0.122266, 0.896694)
75.63487, (2.129606, -1.440928, 4.454309), (0.224174, 0.364124, -0.125487, 0.895217)
75.64885, (2.186111, -1.451873, 4.481863), (0.222824, 0.367712, -0.127103, 0.893858)
75.66289, (2.242752, -1.461350, 4.504272), (0.221170, 0.371027, -0.127272, 0.892874)
75.67673, (2.295665, -1.471804, 4.525913), (0.221661, 0.374308, -0.127518, 0.891347)
75.69061, (2.347719, -1.478285, 4.544676), (0.223014, 0.377216, -0.128303, 0.889669)
75.70465, (2.400716, -1.486667, 4.567801), (0.225780, 0.380034, -0.129778, 0.887556)
75.71881, (2.450174, -1.499004, 4.584455), (0.226005, 0.382550, -0.131328, 0.886189)
75.73226, (2.499544, -1.505814, 4.603485), (0.226314, 0.385413, -0.134285, 0.884424)
75.7462, (2.549716, -1.511661, 4.623820), (0.226130, 0.388694, -0.135770, 0.882807)
75.76008, (2.602095, -1.520343, 4.642285), (0.225599, 0.391070, -0.135980, 0.881861)
75.77397, (2.653469, -1.524427, 4.660048), (0.224744, 0.393432, -0.137283, 0.880827)
75.78786, (2.707213, -1.530108, 4.682043), (0.224011, 0.394853, -0.137680, 0.880315)
75.80177, (2.760261, -1.534505, 4.703437), (0.222691, 0.395605, -0.137262, 0.880377)
75.81574, (2.812475, -1.539822, 4.723628), (0.221576, 0.396127, -0.137768, 0.880345)
75.82964, (2.860135, -1.547030, 4.742318), (0.221299, 0.396903, -0.138756, 0.879910)
75.84348, (2.908155, -1.552659, 4.758440), (0.220432, 0.397632, -0.139321, 0.879709)
75.85748, (2.955070, -1.560954, 4.773462), (0.219052, 0.398342, -0.140440, 0.879555)
75.87176, (3.002535, -1.569558, 4.791649), (0.218520, 0.399681, -0.141564, 0.878900)
75.88515, (3.045598, -1.578749, 4.806654), (0.217995, 0.400849, -0.142844, 0.878290)
75.8991, (3.083104, -1.587386, 4.819216), (0.217044, 0.402084, -0.144353, 0.877714)
75.91296, (3.120066, -1.597924, 4.834524), (0.217780, 0.403396, -0.146102, 0.876640)
75.92679, (3.156156, -1.609178, 4.848160), (0.219251, 0.404098, -0.146737, 0.875844)
75.94068, (3.194227, -1.619428, 4.860973), (0.219989, 0.405192, -0.147759, 0.874981)
75.95463, (3.229406, -1.628258, 4.873032), (0.220868, 0.407160, -0.148690, 0.873687)
75.96857, (3.262443, -1.634691, 4.883053), (0.219732, 0.409664, -0.149194, 0.872717)
75.98246, (3.293214, -1.642225, 4.891993), (0.218003, 0.412051, -0.149860, 0.871912)
75.99667, (3.322316, -1.649982, 4.903411), (0.218167, 0.413897, -0.151054, 0.870790)
76.01048, (3.351133, -1.657866, 4.912846), (0.218885, 0.414764, -0.151361, 0.870144)
76.02483, (3.377522, -1.664521, 4.922579), (0.219770, 0.415684, -0.151231, 0.869504)
76.03807, (3.406565, -1.669651, 4.933329), (0.219938, 0.416660, -0.150831, 0.869064)
76.05205, (3.437050, -1.674695, 4.946462), (0.219964, 0.417678, -0.150761, 0.868581)
76.06593, (3.465764, -1.678324, 4.959171), (0.220081, 0.418238, -0.150957, 0.868247)
76.07972, (3.491330, -1.682651, 4.972292), (0.220579, 0.418493, -0.151448, 0.867912)
76.09373, (3.515768, -1.687443, 4.982872), (0.221442, 0.418201, -0.152187, 0.867704)
76.10741, (3.540830, -1.693251, 4.994916), (0.221827, 0.417969, -0.152390, 0.867682)
76.12136, (3.569214, -1.698282, 5.009122), (0.221548, 0.418018, -0.153089, 0.867607)
76.13517, (3.596417, -1.702942, 5.023520), (0.221156, 0.418601, -0.153702, 0.867317)
76.14919, (3.621774, -1.707708, 5.037679), (0.220626, 0.419050, -0.154811, 0.867038)
76.16364, (3.644348, -1.712933, 5.051427), (0.220650, 0.419363, -0.155537, 0.866751)
76.17722, (3.666171, -1.718580, 5.064932), (0.221245, 0.419353, -0.156108, 0.866501)
76.19092, (3.688243, -1.726112, 5.077813), (0.221320, 0.419445, -0.155707, 0.866510)
76.20462, (3.711540, -1.732631, 5.093150), (0.221841, 0.420093, -0.155566, 0.866088)
76.21905, (3.733851, -1.739804, 5.107598), (0.221646, 0.420794, -0.155175, 0.865867)
76.23268, (3.753916, -1.747085, 5.123201), (0.220731, 0.421860, -0.155332, 0.865555)
76.24662, (3.770592, -1.755186, 5.138816), (0.219714, 0.422858, -0.155761, 0.865249)
76.26043, (3.788025, -1.762229, 5.152566), (0.219280, 0.423089, -0.155793, 0.865241)
76.27448, (3.803014, -1.768888, 5.167535), (0.220661, 0.422857, -0.156684, 0.864842)
76.28827, (3.816985, -1.778750, 5.180888), (0.221409, 0.422615, -0.156505, 0.864801)
76.30247, (3.832196, -1.788412, 5.194344), (0.222456, 0.422288, -0.156733, 0.864651)
76.31595, (3.845342, -1.796432, 5.207698), (0.223896, 0.421910, -0.157258, 0.864368)
76.33017, (3.860633, -1.804881, 5.221606), (0.224443, 0.421962, -0.157546, 0.864149)
76.34377, (3.875915, -1.813333, 5.235512), (0.224989, 0.422012, -0.157835, 0.863929)
76.35737, (3.886945, -1.823350, 5.247376), (0.225811, 0.421753, -0.158127, 0.863788)
76.37118, (3.894862, -1.831285, 5.260317), (0.227329, 0.420982, -0.158754, 0.863651)
76.38509, (3.904067, -1.832180, 5.271992), (0.228096, 0.420462, -0.158737, 0.863705)
76.3991, (3.913760, -1.836587, 5.282954), (0.227744, 0.420179, -0.157752, 0.864116)
76.41307, (3.919720, -1.842874, 5.294201), (0.226887, 0.420012, -0.156806, 0.864595)
76.42702, (3.926580, -1.846889, 5.304358), (0.227549, 0.419363, -0.156598, 0.864773)
76.44112, (3.931190, -1.851597, 5.314456), (0.228358, 0.418886, -0.155801, 0.864935)
76.45471, (3.939093, -1.857082, 5.324013), (0.228950, 0.418323, -0.155261, 0.865148)
76.46861, (3.944862, -1.860702, 5.333949), (0.229434, 0.418414, -0.154896, 0.865042)
76.48248, (3.949270, -1.862724, 5.342098), (0.229228, 0.418725, -0.155010, 0.864925)
76.49664, (3.952615, -1.865376, 5.350399), (0.229505, 0.419012, -0.155513, 0.864623)
76.51045, (3.954642, -1.868281, 5.357031), (0.230431, 0.418907, -0.155652, 0.864402)
76.52431, (3.958171, -1.869928, 5.364493), (0.231602, 0.418679, -0.155522, 0.864223)
76.53806, (3.961015, -1.870420, 5.368639), (0.232911, 0.418229, -0.154664, 0.864243)
76.55199, (3.965169, -1.869838, 5.374999), (0.233733, 0.418127, -0.154366, 0.864124)
76.56588, (3.968267, -1.870981, 5.381992), (0.233625, 0.418364, -0.153783, 0.864143)
76.57971, (3.970154, -1.870309, 5.386415), (0.233414, 0.418688, -0.153801, 0.864039)
76.59362, (3.971075, -1.869724, 5.390661), (0.233447, 0.418830, -0.153336, 0.864044)
76.6076, (3.971206, -1.868401, 5.394213), (0.233822, 0.418626, -0.152238, 0.864236)
76.62143, (3.972944, -1.865774, 5.398056), (0.233796, 0.418657, -0.151612, 0.864338)
76.6353, (3.974478, -1.863819, 5.401769), (0.233130, 0.418837, -0.151427, 0.864463)
76.64924, (3.972224, -1.862205, 5.403595), (0.232250, 0.419401, -0.151340, 0.864442)
76.66311, (3.970106, -1.860610, 5.403901), (0.232408, 0.419404, -0.151184, 0.864425)
76.67709, (3.966311, -1.859245, 5.403665), (0.232977, 0.419145, -0.150576, 0.864503)
76.69094, (3.963845, -1.857886, 5.404169), (0.233064, 0.419289, -0.150463, 0.864430)
76.7048, (3.961157, -1.854925, 5.405235), (0.232851, 0.419614, -0.150694, 0.864289)
76.71873, (3.957416, -1.852686, 5.405251), (0.232061, 0.419672, -0.150969, 0.864426)
76.73261, (3.952942, -1.849781, 5.404785), (0.231495, 0.419581, -0.151457, 0.864536)
76.74705, (3.946719, -1.846970, 5.405138), (0.231348, 0.419468, -0.151373, 0.864645)
76.76051, (3.940588, -1.843572, 5.404695), (0.231464, 0.418803, -0.151238, 0.864960)
76.77432, (3.933410, -1.840235, 5.404108), (0.231181, 0.418651, -0.150869, 0.865174)
76.78807, (3.927983, -1.837370, 5.403966), (0.231007, 0.418528, -0.150772, 0.865297)
76.80208, (3.920158, -1.833954, 5.401763), (0.230432, 0.418421, -0.149949, 0.865644)
76.81602, (3.906802, -1.828904, 5.400783), (0.229115, 0.418250, -0.149623, 0.866133)
76.82982, (3.896201, -1.826115, 5.399490), (0.228168, 0.417586, -0.149456, 0.866732)
76.84375, (3.884732, -1.822441, 5.398096), (0.228100, 0.416599, -0.149232, 0.867263)
76.85758, (3.872698, -1.819701, 5.396283), (0.228027, 0.415429, -0.148977, 0.867888)
76.87151, (3.859359, -1.815658, 5.397058), (0.228274, 0.413914, -0.149075, 0.868530)
76.88539, (3.842077, -1.810604, 5.397764), (0.227844, 0.412248, -0.149734, 0.869321)
76.89977, (3.825171, -1.806886, 5.399308), (0.226870, 0.410198, -0.150397, 0.870430)
76.91334, (3.807859, -1.802596, 5.401302), (0.225857, 0.407943, -0.150558, 0.871725)
76.92729, (3.793032, -1.797342, 5.405172), (0.224847, 0.405265, -0.150509, 0.873242)
76.94096, (3.775358, -1.791463, 5.410350), (0.223901, 0.402589, -0.150547, 0.874715)
76.95481, (3.755641, -1.785678, 5.416965), (0.223073, 0.399142, -0.150758, 0.876468)
76.9687, (3.735274, -1.777694, 5.424920), (0.222929, 0.396049, -0.151148, 0.877839)
76.98267, (3.713549, -1.770626, 5.432332), (0.222010, 0.393030, -0.150863, 0.879477)
76.99655, (3.693681, -1.761998, 5.442313), (0.220959, 0.389157, -0.149199, 0.881745)
77.01032, (3.674726, -1.755184, 5.450992), (0.219292, 0.386312, -0.148594, 0.883512)
77.02422, (3.653941, -1.749427, 5.460269), (0.217471, 0.383618, -0.147741, 0.885277)
77.03814, (3.633293, -1.742296, 5.472613), (0.217378, 0.379447, -0.147301, 0.887169)
77.05256, (3.608608, -1.734738, 5.487509), (0.217670, 0.375943, -0.146343, 0.888747)
77.06613, (3.585225, -1.727556, 5.498414), (0.217334, 0.372533, -0.146028, 0.890315)
77.07977, (3.560195, -1.720047, 5.510811), (0.216885, 0.368771, -0.144565, 0.892227)
77.09357, (3.538653, -1.712266, 5.523830), (0.216870, 0.364862, -0.144034, 0.893923)
77.10747, (3.513579, -1.704344, 5.542775), (0.217088, 0.362073, -0.142074, 0.895316)
77.1213, (3.488801, -1.697655, 5.556812), (0.216249, 0.358402, -0.141520, 0.897083)
77.13522, (3.461825, -1.688683, 5.574362), (0.216738, 0.354610, -0.141060, 0.898542)
77.1493, (3.432734, -1.680509, 5.591187), (0.216710, 0.350558, -0.139880, 0.900322)
77.16328, (3.406702, -1.672617, 5.608933), (0.216628, 0.346538, -0.138828, 0.902059)
77.17725, (3.380704, -1.663735, 5.626765), (0.216306, 0.342914, -0.137999, 0.903647)
77.19072, (3.350636, -1.654649, 5.646987), (0.216241, 0.340173, -0.136556, 0.904917)
77.20488, (3.318360, -1.648022, 5.666399), (0.215619, 0.337373, -0.135537, 0.906266)
77.21853, (3.290789, -1.642021, 5.684907), (0.215221, 0.332622, -0.134627, 0.908250)
77.23235, (3.259055, -1.635249, 5.707056), (0.215133, 0.328842, -0.133595, 0.909798)
77.24619, (3.226728, -1.628582, 5.729626), (0.215025, 0.324638, -0.131169, 0.911685)
77.26024, (3.193877, -1.622220, 5.755577), (0.215946, 0.320396, -0.128911, 0.913288)
77.27446, (3.160610, -1.618620, 5.778748), (0.215947, 0.315629, -0.127091, 0.915201)
77.28809, (3.126203, -1.615385, 5.804630), (0.216200, 0.310743, -0.125783, 0.916992)
77.30202, (3.089711, -1.611810, 5.834136), (0.217114, 0.305819, -0.124907, 0.918550)
77.31594, (3.054312, -1.608466, 5.860523), (0.217986, 0.300530, -0.124662, 0.920121)
77.3297, (3.013367, -1.605016, 5.888059), (0.218816, 0.295654, -0.123365, 0.921678)
77.34348, (2.974738, -1.601206, 5.914788), (0.219185, 0.290918, -0.121779, 0.923306)
77.35749, (2.939514, -1.597965, 5.945362), (0.220306, 0.285195, -0.120013, 0.925055)
77.37098, (2.900968, -1.598369, 5.974739), (0.220478, 0.280296, -0.118856, 0.926659)
77.38493, (2.860799, -1.594152, 6.006855), (0.222028, 0.274538, -0.116547, 0.928304)
77.39912, (2.818621, -1.591877, 6.035957), (0.223973, 0.268559, -0.115675, 0.929694)
77.41266, (2.777939, -1.588228, 6.066036), (0.225342, 0.262944, -0.114281, 0.931140)
77.42654, (2.733381, -1.586570, 6.098144), (0.225653, 0.258479, -0.112486, 0.932532)
77.44038, (2.692899, -1.583368, 6.132362), (0.225666, 0.253319, -0.110508, 0.934180)
77.45422, (2.652540, -1.579369, 6.166493), (0.226267, 0.247462, -0.108595, 0.935828)
77.46814, (2.609107, -1.576457, 6.199628), (0.226609, 0.241791, -0.107122, 0.937396)
77.48206, (2.565444, -1.574166, 6.230967), (0.227169, 0.235687, -0.106248, 0.938913)
77.49612, (2.519679, -1.572430, 6.264662), (0.227403, 0.230866, -0.105335, 0.940156)
77.51003, (2.478418, -1.569659, 6.300078), (0.228141, 0.225454, -0.104595, 0.941373)
77.52364, (2.436235, -1.567856, 6.335049), (0.229018, 0.220263, -0.104100, 0.942443)
77.53755, (2.389722, -1.568063, 6.368199), (0.229514, 0.215513, -0.102718, 0.943571)
77.55176, (2.344156, -1.567000, 6.403509), (0.231098, 0.210340, -0.100447, 0.944596)
77.56521, (2.302266, -1.568326, 6.437423), (0.232600, 0.205395, -0.099029, 0.945465)
77.57906, (2.259798, -1.569905, 6.472561), (0.233952, 0.200555, -0.096492, 0.946432)
77.59289, (2.219478, -1.569051, 6.509673), (0.236235, 0.196243, -0.094301, 0.946989)
77.60685, (2.178319, -1.571072, 6.545253), (0.237110, 0.192640, -0.092360, 0.947702)
77.62061, (2.140000, -1.574125, 6.581359), (0.237728, 0.189131, -0.091021, 0.948383)
77.63455, (2.102727, -1.575550, 6.618820), (0.238650, 0.186204, -0.088798, 0.948941)
77.64851, (2.066240, -1.579407, 6.654335), (0.239862, 0.182657, -0.086947, 0.949496)
77.66236, (2.029381, -1.582609, 6.687928), (0.241762, 0.179299, -0.084737, 0.949854)
77.67616, (1.993984, -1.585935, 6.722174), (0.243334, 0.175884, -0.083797, 0.950175)
77.69015, (1.954851, -1.586910, 6.758485), (0.245183, 0.172790, -0.082332, 0.950395)
77.70436, (1.919840, -1.589160, 6.794412), (0.246489, 0.169038, -0.081318, 0.950819)
77.71785, (1.884971, -1.590770, 6.830716), (0.247832, 0.165828, -0.080312, 0.951121)
77.73165, (1.850677, -1.591108, 6.866234), (0.249183, 0.163049, -0.079289, 0.951334)
77.74554, (1.818573, -1.594445, 6.897410), (0.249923, 0.159705, -0.078694, 0.951756)
77.75974, (1.784534, -1.596764, 6.927135), (0.250758, 0.156572, -0.077823, 0.952129)
77.77332, (1.748913, -1.597201, 6.959595), (0.252292, 0.153927, -0.076689, 0.952247)
77.78716, (1.716386, -1.601913, 6.989703), (0.252609, 0.150742, -0.075777, 0.952745)
77.80114, (1.684646, -1.600612, 7.023129), (0.254065, 0.147183, -0.074136, 0.953044)
77.81503, (1.655923, -1.600869, 7.055068), (0.255229, 0.143629, -0.073468, 0.953326)
77.82891, (1.625078, -1.604595, 7.083046), (0.255532, 0.140837, -0.072696, 0.953721)
77.8428, (1.597557, -1.606745, 7.110031), (0.256454, 0.137999, -0.071501, 0.953979)
77.85719, (1.568202, -1.608382, 7.135352), (0.257798, 0.135732, -0.069938, 0.954058)
77.87049, (1.543118, -1.608539, 7.159013), (0.259495, 0.133209, -0.068315, 0.954071)
77.88445, (1.516693, -1.610096, 7.184429), (0.260299, 0.131210, -0.066812, 0.954235)
77.89822, (1.493701, -1.612035, 7.208089), (0.260134, 0.129190, -0.065660, 0.954636)
77.91231, (1.470347, -1.614070, 7.232103), (0.259804, 0.127311, -0.064358, 0.955067)
77.92617, (1.449293, -1.615466, 7.256046), (0.259869, 0.125196, -0.063276, 0.955401)
77.93987, (1.429124, -1.614900, 7.277374), (0.260455, 0.122935, -0.062353, 0.955595)
77.95379, (1.408520, -1.614300, 7.294998), (0.261084, 0.121360, -0.062044, 0.955645)
77.9677, (1.389379, -1.615336, 7.308620), (0.261574, 0.119097, -0.061492, 0.955832)
77.98167, (1.370003, -1.615857, 7.322669), (0.262701, 0.117724, -0.060746, 0.955740)
77.99556, (1.353631, -1.615090, 7.335759), (0.264561, 0.116145, -0.060176, 0.955456)
78.00939, (1.339098, -1.615541, 7.347249), (0.265160, 0.115294, -0.058991, 0.955467)
78.02367, (1.325890, -1.611392, 7.360184), (0.265675, 0.114629, -0.058047, 0.955462)
78.03716, (1.312921, -1.608080, 7.370786), (0.265298, 0.114318, -0.057930, 0.955611)
78.05112, (1.299434, -1.606039, 7.378925), (0.264642, 0.114080, -0.058026, 0.955816)
78.06529, (1.287320, -1.604837, 7.383819), (0.264227, 0.114034, -0.057757, 0.955952)
78.0788, (1.278732, -1.603928, 7.388462), (0.264200, 0.114181, -0.056816, 0.955999)
78.09271, (1.271134, -1.602741, 7.392660), (0.264098, 0.114383, -0.054990, 0.956109)
78.10651, (1.264309, -1.600589, 7.397061), (0.263991, 0.115119, -0.053646, 0.956127)
78.12076, (1.257734, -1.598793, 7.399880), (0.263645, 0.116194, -0.053295, 0.956112)
78.1348, (1.250125, -1.597736, 7.400194), (0.263557, 0.117165, -0.053198, 0.956023)
78.14843, (1.243700, -1.597699, 7.399421), (0.263783, 0.117768, -0.053157, 0.955889)
78.16277, (1.238800, -1.596845, 7.397449), (0.264113, 0.118431, -0.053056, 0.955721)
78.17601, (1.237173, -1.597656, 7.394664), (0.264119, 0.119116, -0.052534, 0.955664)
78.18977, (1.236010, -1.595898, 7.392577), (0.264351, 0.119826, -0.051669, 0.955558)
78.20377, (1.234797, -1.594197, 7.390408), (0.264616, 0.120261, -0.051216, 0.955454)
78.21764, (1.235448, -1.594913, 7.384028), (0.264471, 0.121094, -0.051080, 0.955396)
78.23166, (1.236649, -1.595296, 7.377385), (0.264446, 0.121557, -0.050695, 0.955365)
78.2454, (1.238731, -1.594365, 7.370100), (0.264801, 0.122315, -0.050538, 0.955178)
78.25939, (1.243331, -1.592944, 7.362549), (0.264690, 0.122990, -0.050337, 0.955133)
78.27341, (1.248117, -1.591439, 7.356287), (0.264826, 0.123439, -0.050193, 0.955045)
78.2872, (1.255847, -1.591160, 7.345092), (0.264327, 0.124878, -0.051146, 0.954946)
78.30108, (1.261775, -1.591834, 7.333492), (0.264270, 0.126197, -0.051774, 0.954754)
78.31533, (1.266459, -1.591458, 7.325256), (0.264242, 0.127039, -0.051832, 0.954647)
78.32887, (1.274804, -1.590816, 7.311072), (0.264897, 0.128539, -0.052937, 0.954204)
78.34277, (1.288696, -1.585432, 7.295683), (0.265644, 0.130701, -0.053162, 0.953690)
78.35722, (1.302444, -1.581458, 7.279602), (0.265080, 0.132597, -0.053827, 0.953548)
78.3709, (1.314645, -1.578295, 7.265667), (0.264675, 0.134068, -0.054360, 0.953424)
78.38466, (1.329134, -1.575389, 7.249067), (0.262797, 0.135758, -0.055385, 0.953646)
78.39858, (1.344603, -1.573820, 7.231473), (0.261705, 0.136876, -0.056469, 0.953722)
78.41241, (1.360295, -1.571013, 7.213846), (0.261129, 0.138512, -0.057570, 0.953578)
78.42635, (1.378564, -1.567026, 7.196299), (0.261015, 0.139982, -0.058878, 0.953315)
78.43999, (1.399473, -1.563720, 7.175718), (0.259314, 0.141834, -0.059661, 0.953457)
78.45432, (1.416432, -1.560663, 7.158679), (0.258436, 0.143257, -0.060398, 0.953436)
78.46775, (1.437554, -1.559023, 7.142031), (0.257132, 0.143720, -0.062414, 0.953589)
78.48158, (1.458823, -1.557324, 7.122535), (0.256635, 0.143412, -0.064711, 0.953616)
78.49584, (1.480586, -1.555172, 7.100845), (0.256536, 0.143723, -0.066800, 0.953452)
78.50952, (1.502536, -1.553638, 7.080017), (0.256123, 0.144483, -0.068328, 0.953340)
78.52336, (1.526823, -1.552187, 7.058185), (0.256203, 0.146136, -0.071013, 0.952870)
78.5373, (1.550345, -1.551025, 7.037545), (0.256109, 0.147591, -0.073565, 0.952478)
78.5512, (1.571599, -1.550215, 7.014111), (0.255763, 0.149323, -0.076184, 0.952094)
78.56506, (1.596231, -1.548169, 6.990771), (0.256298, 0.150787, -0.078568, 0.951526)
78.57894, (1.620672, -1.544598, 6.966258), (0.257042, 0.152733, -0.079601, 0.950929)
78.59356, (1.646898, -1.542403, 6.941505), (0.256533, 0.154800, -0.079702, 0.950724)
78.60689, (1.672913, -1.537788, 6.918112), (0.256980, 0.157427, -0.080625, 0.950094)
78.6207, (1.699553, -1.533570, 6.893425), (0.256020, 0.159988, -0.081241, 0.949872)
78.63463, (1.725238, -1.528531, 6.868721), (0.254952, 0.163236, -0.082171, 0.949527)
78.64856, (1.753607, -1.523408, 6.843338), (0.253253, 0.165885, -0.082586, 0.949487)
78.66248, (1.779761, -1.517470, 6.816949), (0.251246, 0.169158, -0.082608, 0.949441)
78.67628, (1.805689, -1.509227, 6.792473), (0.249863, 0.172308, -0.082936, 0.949210)
78.69031, (1.832947, -1.502703, 6.765017), (0.247660, 0.175256, -0.083745, 0.949177)
78.70419, (1.856789, -1.494517, 6.732898), (0.245924, 0.178429, -0.084926, 0.948932)
78.71806, (1.883410, -1.486334, 6.704451), (0.244923, 0.181028, -0.085469, 0.948650)
78.73196, (1.909457, -1.480635, 6.673248), (0.242736, 0.184275, -0.086489, 0.948494)
78.74627, (1.934625, -1.472000, 6.643511), (0.240860, 0.187728, -0.087233, 0.948227)
78.75982, (1.962470, -1.463506, 6.611691), (0.238675, 0.190406, -0.088229, 0.948154)
78.77364, (1.986001, -1.453357, 6.579289), (0.236710, 0.194530, -0.089352, 0.947704)
78.78751, (2.012133, -1.441885, 6.546050), (0.235627, 0.197793, -0.090885, 0.947153)
78.80141, (2.036567, -1.434858, 6.510367), (0.234348, 0.201184, -0.091933, 0.946654)
78.81538, (2.059590, -1.429012, 6.471952), (0.232111, 0.204771, -0.092351, 0.946396)
78.82929, (2.085292, -1.419222, 6.437188), (0.231897, 0.208057, -0.093685, 0.945600)
78.84317, (2.103020, -1.412643, 6.397644), (0.229573, 0.212953, -0.094309, 0.945015)
78.85703, (2.124798, -1.403046, 6.361788), (0.228046, 0.216886, -0.094581, 0.944463)
78.87099, (2.146789, -1.390349, 6.326260), (0.226189, 0.221839, -0.094372, 0.943780)
78.88489, (2.169633, -1.380736, 6.290097), (0.224501, 0.226068, -0.095418, 0.943074)
78.89884, (2.190016, -1.370096, 6.252630), (0.222270, 0.231064, -0.094681, 0.942465)
78.91278, (2.208214, -1.363015, 6.210504), (0.220894, 0.236261, -0.094560, 0.941512)
78.92673, (2.225760, -1.353686, 6.168609), (0.219773, 0.242015, -0.094958, 0.940272)
78.94052, (2.242774, -1.343855, 6.127748), (0.218141, 0.248355, -0.095429, 0.938950)
78.95443, (2.263225, -1.333126, 6.086416), (0.217229, 0.253905, -0.095059, 0.937714)
78.96839, (2.278591, -1.324131, 6.043668), (0.215275, 0.260317, -0.095904, 0.936320)
78.9823, (2.292744, -1.315919, 5.998998), (0.213609, 0.266182, -0.096399, 0.935000)
78.99639, (2.301776, -1.305685, 5.954335), (0.212244, 0.271371, -0.095594, 0.933901)
79.01009, (2.316689, -1.295850, 5.908981), (0.211400, 0.275938, -0.096679, 0.932642)
79.02399, (2.325728, -1.283188, 5.864623), (0.210689, 0.280684, -0.096380, 0.931417)
79.03795, (2.330312, -1.272440, 5.819068), (0.207400, 0.285938, -0.096457, 0.930548)
79.05251, (2.335612, -1.261034, 5.775676), (0.204363, 0.290498, -0.096594, 0.929794)
79.0659, (2.345795, -1.250837, 5.730402), (0.202089, 0.295297, -0.097028, 0.928733)
79.07964, (2.345128, -1.234553, 5.685125), (0.200146, 0.298772, -0.096911, 0.928055)
79.09365, (2.347788, -1.222314, 5.641989), (0.198577, 0.303292, -0.097001, 0.926915)
79.10764, (2.331039, -1.203443, 5.598232), (0.194521, 0.305808, -0.095567, 0.927098)
79.12146, (2.331954, -1.189549, 5.553750), (0.192256, 0.310116, -0.095468, 0.926149)
79.13531, (2.332853, -1.175648, 5.509257), (0.189986, 0.314417, -0.095368, 0.925177)
79.14928, (2.331442, -1.161758, 5.461032), (0.189231, 0.317259, -0.095320, 0.924366)
79.16324, (2.310700, -1.149654, 5.404901), (0.189202, 0.317537, -0.095729, 0.924234)
79.17731, (2.290424, -1.130300, 5.369006), (0.190859, 0.318585, -0.092547, 0.923857)
79.19118, (2.282741, -1.133558, 5.316694), (0.188983, 0.316553, -0.090474, 0.925145)
79.20539, (2.276049, -1.120365, 5.275169), (0.195397, 0.314751, -0.086950, 0.924766)
79.21925, (2.257033, -1.112987, 5.229933), (0.204220, 0.311064, -0.078795, 0.924838)
79.23315, (2.243905, -1.100657, 5.187868), (0.209499, 0.307302, -0.075105, 0.925222)
79.2468, (2.233136, -1.085244, 5.157390), (0.216087, 0.305152, -0.070926, 0.924748)
79.26081, (2.216370, -1.091373, 5.117112), (0.214950, 0.305754, -0.063982, 0.925320)
79.27445, (2.197670, -1.086620, 5.075860), (0.215301, 0.303850, -0.060931, 0.926072)
79.28831, (2.173935, -1.077694, 5.031271), (0.211756, 0.303115, -0.059472, 0.927224)
79.30225, (2.153048, -1.061261, 4.998153), (0.207195, 0.302769, -0.061053, 0.928264)
79.31621, (2.129915, -1.057439, 4.962335), (0.197419, 0.305705, -0.062580, 0.929330)
79.33009, (2.109900, -1.050586, 4.924549), (0.193792, 0.308168, -0.063196, 0.929238)
79.34445, (2.088699, -1.048509, 4.882569), (0.191369, 0.311182, -0.064950, 0.928615)
79.35788, (2.064162, -1.041472, 4.841539), (0.192998, 0.312617, -0.066610, 0.927678)
79.37209, (2.041433, -1.040133, 4.804583), (0.192559, 0.314863, -0.067773, 0.926925)
79.38613, (2.022735, -1.034503, 4.767890), (0.189633, 0.316663, -0.068288, 0.926877)
79.39989, (2.002017, -1.024690, 4.728447), (0.184314, 0.314586, -0.069254, 0.928584)
79.41388, (1.980247, -1.016593, 4.696628), (0.179297, 0.314719, -0.069651, 0.929491)
79.42796, (1.961580, -1.008118, 4.665882), (0.175768, 0.314856, -0.070556, 0.930050)
79.44151, (1.943347, -1.004264, 4.640301), (0.178020, 0.315086, -0.069016, 0.929660)
79.45518, (1.913793, -1.009281, 4.607840), (0.182100, 0.313634, -0.064960, 0.929653)
79.46931, (1.891205, -0.996403, 4.570108), (0.183314, 0.311085, -0.062941, 0.930409)
79.48357, (1.863268, -0.987860, 4.536706), (0.182835, 0.308968, -0.063349, 0.931181)
79.49726, (1.842578, -0.979438, 4.512753), (0.182064, 0.307858, -0.063551, 0.931685)
79.51064, (1.818070, -0.973967, 4.487975), (0.181280, 0.308062, -0.063097, 0.931802)
79.5246, (1.799937, -0.968503, 4.466813), (0.180028, 0.308608, -0.061960, 0.931940)
79.53847, (1.779686, -0.959547, 4.443405), (0.177791, 0.310021, -0.063724, 0.931782)
79.55237, (1.751636, -0.963930, 4.409526), (0.180745, 0.310533, -0.064710, 0.930974)
79.56627, (1.741243, -0.946413, 4.406994), (0.175078, 0.313915, -0.064995, 0.930903)
79.58034, (1.722203, -0.933825, 4.385235), (0.173601, 0.315391, -0.067814, 0.930480)
79.5942, (1.697801, -0.930818, 4.364462), (0.174255, 0.316516, -0.071557, 0.929695)
79.608, (1.672406, -0.931602, 4.338401), (0.172863, 0.316215, -0.071489, 0.930062)
79.622, (1.641777, -0.934157, 4.312049), (0.172036, 0.316251, -0.070341, 0.930291)
79.6363, (1.610783, -0.935955, 4.284635), (0.173248, 0.315336, -0.067795, 0.930566)
79.64972, (1.579645, -0.950843, 4.259900), (0.173527, 0.314336, -0.064042, 0.931118)
79.6636, (1.559188, -0.947870, 4.238991), (0.176675, 0.312392, -0.061197, 0.931371)
79.67752, (1.542802, -0.941064, 4.215383), (0.179827, 0.312266, -0.061038, 0.930821)
79.69135, (1.526599, -0.935807, 4.194335), (0.179685, 0.310973, -0.062411, 0.931190)
79.70536, (1.510679, -0.926573, 4.187400), (0.177073, 0.312238, -0.065468, 0.931057)
79.71922, (1.495803, -0.923761, 4.180836), (0.173507, 0.314353, -0.066236, 0.930962)
79.73322, (1.478394, -0.916190, 4.170207), (0.171353, 0.316156, -0.067509, 0.930659)
79.74697, (1.460282, -0.911385, 4.156325), (0.170481, 0.316710, -0.067990, 0.930596)
79.76089, (1.442175, -0.906576, 4.142450), (0.169610, 0.317264, -0.068471, 0.930531)
79.77489, (1.413420, -0.908341, 4.119211), (0.172365, 0.316289, -0.063841, 0.930686)
79.78909, (1.392295, -0.895429, 4.107466), (0.178325, 0.311588, -0.060752, 0.931355)
79.80264, (1.374603, -0.891111, 4.096374), (0.178519, 0.309488, -0.059871, 0.932075)
79.8164, (1.353396, -0.889624, 4.085575), (0.179062, 0.308109, -0.059293, 0.932464)
79.83033, (1.333485, -0.889615, 4.074492), (0.179440, 0.306988, -0.058574, 0.932807)
79.8442, (1.312177, -0.891165, 4.067564), (0.182399, 0.306736, -0.056914, 0.932419)
79.85819, (1.294773, -0.897514, 4.057977), (0.184306, 0.306719, -0.052633, 0.932301)
79.87209, (1.283461, -0.888466, 4.045820), (0.186529, 0.304091, -0.054319, 0.932623)
79.88589, (1.269773, -0.885211, 4.033769), (0.186219, 0.303166, -0.056860, 0.932834)
79.89976, (1.259730, -0.882320, 4.030916), (0.182949, 0.304430, -0.057224, 0.933048)
79.91373, (1.250109, -0.876671, 4.024736), (0.180218, 0.306635, -0.059380, 0.932722)
79.92762, (1.237114, -0.870806, 4.022163), (0.178680, 0.309070, -0.061973, 0.932045)
79.94133, (1.223111, -0.867832, 4.016613), (0.177575, 0.309966, -0.062548, 0.931921)
79.95518, (1.208521, -0.862874, 4.007309), (0.179789, 0.308900, -0.062956, 0.931822)
79.96903, (1.195052, -0.865943, 4.003245), (0.180466, 0.308979, -0.061700, 0.931750)
79.98303, (1.182035, -0.870577, 4.003323), (0.179843, 0.307711, -0.057370, 0.932566)
79.99695, (1.170881, -0.868278, 3.999636), (0.171975, 0.305556, -0.052419, 0.935047)
80.01086, (1.161153, -0.854527, 4.000441), (0.172663, 0.302115, -0.052888, 0.936011)
80.02467, (1.146473, -0.846195, 4.001729), (0.175726, 0.300373, -0.053152, 0.935987)
80.03852, (1.138739, -0.845032, 4.003610), (0.175037, 0.300697, -0.054094, 0.935958)
80.05269, (1.129315, -0.844442, 4.001574), (0.173194, 0.301593, -0.053639, 0.936039)
80.06636, (1.120171, -0.846349, 3.999507), (0.174058, 0.301926, -0.053276, 0.935792)
80.08018, (1.113913, -0.847738, 4.000243), (0.174373, 0.303479, -0.052705, 0.935263)
80.09463, (1.107622, -0.850622, 3.996943), (0.173564, 0.305384, -0.050125, 0.934935)
80.10831, (1.104279, -0.844073, 3.993160), (0.174238, 0.306684, -0.050127, 0.934384)
80.12222, (1.098750, -0.822274, 3.981907), (0.166197, 0.305940, -0.051135, 0.936037)
80.13599, (1.090214, -0.801474, 3.985452), (0.159321, 0.305116, -0.054417, 0.937315)
80.14986, (1.087128, -0.782343, 4.007281), (0.152481, 0.309306, -0.058984, 0.936803)
80.16358, (1.089893, -0.782152, 4.020150), (0.144063, 0.312778, -0.056458, 0.937138)
80.17744, (1.082736, -0.772314, 4.024794), (0.132747, 0.317556, -0.052558, 0.937430)
80.19135, (1.080968, -0.760003, 4.013766), (0.127463, 0.317507, -0.051287, 0.938250)
80.20499, (1.074094, -0.739625, 4.005221), (0.125144, 0.315793, -0.051902, 0.939106)
80.21896, (1.065578, -0.709686, 3.991944), (0.120920, 0.312155, -0.053662, 0.940775)
80.23322, (1.053082, -0.670925, 3.990238), (0.118185, 0.309193, -0.059509, 0.941749)
80.24677, (1.046048, -0.640056, 4.008924), (0.115214, 0.310731, -0.066105, 0.941171)
80.26112, (1.048562, -0.619173, 4.017565), (0.106699, 0.314100, -0.068913, 0.940855)
80.27433, (1.044835, -0.611739, 4.018146), (0.097952, 0.317389, -0.067380, 0.940813)
80.28848, (1.040752, -0.598693, 4.005490), (0.088653, 0.317294, -0.062743, 0.942087)
80.3019, (1.038814, -0.569919, 3.995008), (0.079888, 0.315527, -0.058517, 0.943735)
80.31574, (1.030544, -0.553217, 3.968120), (0.072168, 0.312947, -0.058219, 0.945234)
80.32961, (1.021844, -0.530558, 3.946832), (0.069476, 0.310586, -0.055746, 0.946363)
80.34376, (1.012244, -0.529501, 3.921756), (0.060342, 0.307952, -0.051785, 0.948073)
80.35762, (0.997469, -0.513386, 3.904653), (0.058399, 0.305555, -0.049688, 0.949082)
80.37197, (0.982218, -0.488082, 3.892895), (0.058128, 0.304753, -0.053242, 0.949164)
80.38535, (0.975341, -0.461863, 3.887836), (0.058014, 0.306751, -0.059063, 0.948182)
80.39913, (0.980492, -0.446516, 3.888169), (0.052341, 0.314324, -0.062922, 0.945781)
80.41299, (1.003624, -0.440028, 3.886297), (0.039203, 0.321511, -0.059827, 0.944200)
80.4268, (1.011229, -0.424610, 3.875385), (0.028942, 0.327207, -0.055302, 0.942889)
80.44073, (1.021446, -0.403540, 3.868184), (0.019451, 0.331653, -0.051767, 0.941779)
80.45447, (1.024899, -0.384480, 3.851723), (0.011219, 0.333987, -0.048409, 0.941267)
80.46822, (1.019151, -0.359885, 3.849921), (0.008502, 0.333816, -0.050353, 0.941254)
80.48224, (1.017928, -0.351191, 3.840611), (0.004034, 0.332250, -0.048374, 0.941941)
80.49656, (1.011659, -0.336670, 3.849827), (-0.001657, 0.328898, -0.048537, 0.943116)
80.51003, (1.009882, -0.319405, 3.871632), (-0.010412, 0.327226, -0.045554, 0.943790)
80.5238, (1.012286, -0.302966, 3.873342), (-0.017850, 0.328853, -0.050790, 0.942845)
80.5377, (1.010940, -0.289431, 3.889930), (-0.019555, 0.329631, -0.053913, 0.942367)
80.55154, (1.016893, -0.285983, 3.885926), (-0.014364, 0.329542, -0.050384, 0.942686)
80.56494, (1.021100, -0.290775, 3.889091), (-0.012369, 0.331515, -0.041987, 0.942434)
80.57903, (1.019038, -0.272988, 3.888546), (-0.005262, 0.331743, -0.042381, 0.942403)
80.59283, (1.027003, -0.256565, 3.906706), (0.005413, 0.332559, -0.044675, 0.942008)
80.60664, (1.034851, -0.260201, 3.926627), (0.009239, 0.333929, -0.041882, 0.941622)
80.62054, (1.039499, -0.261433, 3.943825), (0.013152, 0.334184, -0.038456, 0.941631)
80.63496, (1.051999, -0.275666, 3.955575), (0.014463, 0.327736, -0.035288, 0.943999)
80.64838, (1.050503, -0.277605, 3.968159), (0.016368, 0.322846, -0.034912, 0.945666)
80.66227, (1.065165, -0.263269, 3.982753), (0.019348, 0.318601, -0.042912, 0.946720)
80.67619, (1.070839, -0.266440, 4.005686), (0.023015, 0.322195, -0.046139, 0.945268)
80.69006, (1.079389, -0.269468, 4.024667), (0.025161, 0.325859, -0.043126, 0.944099)
80.70396, (1.084891, -0.278428, 4.034307), (0.022205, 0.328022, -0.040053, 0.943559)
80.71788, (1.089649, -0.273507, 4.042088), (0.021960, 0.324384, -0.041497, 0.944760)
80.73173, (1.104490, -0.259470, 4.049211), (0.020457, 0.318132, -0.047812, 0.946619)
80.74574, (1.119116, -0.254767, 4.063013), (0.020539, 0.316104, -0.051118, 0.947124)
80.75961, (1.135632, -0.263432, 4.070058), (0.019593, 0.319583, -0.045420, 0.946266)
80.77345, (1.143840, -0.271331, 4.070753), (0.019318, 0.323921, -0.038943, 0.945085)
80.78777, (1.141472, -0.266389, 4.066613), (0.022925, 0.326237, -0.033302, 0.944423)
80.80119, (1.139894, -0.245782, 4.061924), (0.029579, 0.325274, -0.035507, 0.944490)
80.81519, (1.133045, -0.211532, 4.061531), (0.041081, 0.322517, -0.042145, 0.944732)
80.82903, (1.130161, -0.174125, 4.067289), (0.053307, 0.320334, -0.048397, 0.944565)
80.84296, (1.142474, -0.152863, 4.077087), (0.060590, 0.321092, -0.053455, 0.943595)
80.85677, (1.158310, -0.152224, 4.086683), (0.059473, 0.322141, -0.049132, 0.943544)
80.87074, (1.185062, -0.147206, 4.099897), (0.053784, 0.319144, -0.040532, 0.945310)
80.8847, (1.198984, -0.130161, 4.112180), (0.050704, 0.314708, -0.036683, 0.947123)
80.89855, (1.218826, -0.106692, 4.130321), (0.049336, 0.309180, -0.037999, 0.948962)
80.91242, (1.241464, -0.094688, 4.154482), (0.047492, 0.306164, -0.036694, 0.950085)
80.92638, (1.263242, -0.084984, 4.180901), (0.046858, 0.304679, -0.032729, 0.950739)
80.94096, (1.292627, -0.082034, 4.209404), (0.046859, 0.301645, -0.028040, 0.951855)
80.95409, (1.318327, -0.075974, 4.237972), (0.046866, 0.296468, -0.026645, 0.953520)
80.96786, (1.343082, -0.063210, 4.273595), (0.047347, 0.291218, -0.027172, 0.955098)
80.98172, (1.370841, -0.056142, 4.315102), (0.047378, 0.285495, -0.028805, 0.956775)
80.99562, (1.398397, -0.050998, 4.357784), (0.046294, 0.280244, -0.028098, 0.958400)
81.00952, (1.429545, -0.050620, 4.407320), (0.043252, 0.275253, -0.027287, 0.960011)
81.02334, (1.460305, -0.054848, 4.451544), (0.039075, 0.269872, -0.024809, 0.961783)
81.03757, (1.491638, -0.063301, 4.497915), (0.030192, 0.264386, -0.020105, 0.963734)
81.05139, (1.515308, -0.053821, 4.546162), (0.028069, 0.257571, -0.017562, 0.965692)
81.06518, (1.523029, -0.039852, 4.593242), (0.030647, 0.248730, -0.018981, 0.967902)
81.07895, (1.537212, -0.026044, 4.644471), (0.036062, 0.239323, -0.023048, 0.969996)
81.09275, (1.554903, -0.023855, 4.697095), (0.038760, 0.230225, -0.026688, 0.971999)
81.10639, (1.574601, -0.028152, 4.752801), (0.037157, 0.223593, -0.029003, 0.973542)
81.12038, (1.591809, -0.031079, 4.812821), (0.033443, 0.219462, -0.026912, 0.974676)
81.13409, (1.611816, -0.030320, 4.866690), (0.031554, 0.213113, -0.026937, 0.976146)
81.14804, (1.622202, -0.025576, 4.923858), (0.029599, 0.207917, -0.026612, 0.977336)
81.16192, (1.629600, -0.018196, 4.980710), (0.032223, 0.199695, -0.027904, 0.978931)
81.17574, (1.641446, -0.020286, 5.035636), (0.035473, 0.189489, -0.029774, 0.980790)
81.18985, (1.655639, -0.034659, 5.091105), (0.035616, 0.180154, -0.029905, 0.982538)
81.20369, (1.662769, -0.047677, 5.150558), (0.036816, 0.172067, -0.026183, 0.984049)
81.21737, (1.664564, -0.055562, 5.206026), (0.038730, 0.164091, -0.025466, 0.985356)
81.23165, (1.663615, -0.048347, 5.263141), (0.042446, 0.154629, -0.029971, 0.986605)
81.24506, (1.665245, -0.039196, 5.325943), (0.045761, 0.148107, -0.036754, 0.987228)
81.25894, (1.664839, -0.043968, 5.393480), (0.043948, 0.146764, -0.037985, 0.987464)
81.2728, (1.668474, -0.050389, 5.457754), (0.039408, 0.145579, -0.035473, 0.987925)
81.28671, (1.675082, -0.051533, 5.516631), (0.041322, 0.142436, -0.036470, 0.988268)
81.30054, (1.676840, -0.052202, 5.567542), (0.037756, 0.136387, -0.040090, 0.989124)
81.3146, (1.674469, -0.051413, 5.624671), (0.035471, 0.128477, -0.038121, 0.990345)
81.32862, (1.680671, -0.032955, 5.682738), (0.041724, 0.122890, -0.042376, 0.990637)
81.3427, (1.685966, -0.028195, 5.737851), (0.044775, 0.118597, -0.043815, 0.990964)
81.35622, (1.692997, -0.028543, 5.794100), (0.045857, 0.114244, -0.040428, 0.991570)
81.37065, (1.702759, -0.030868, 5.843792), (0.045671, 0.106417, -0.039035, 0.992505)
81.38386, (1.708967, -0.037260, 5.891713), (0.043408, 0.098064, -0.039627, 0.993443)
81.39785, (1.710009, -0.044339, 5.936594), (0.040358, 0.088320, -0.040586, 0.994446)
81.41157, (1.706966, -0.047852, 5.984843), (0.039363, 0.082012, -0.040549, 0.995028)
81.42544, (1.696563, -0.067443, 6.019373), (0.031841, 0.080661, -0.040345, 0.995416)
81.43934, (1.681738, -0.063841, 6.054747), (0.030495, 0.082359, -0.041574, 0.995268)
81.45314, (1.665421, -0.066398, 6.083066), (0.032027, 0.085319, -0.046531, 0.994751)
81.46704, (1.653741, -0.071772, 6.111309), (0.034248, 0.088516, -0.052206, 0.994116)
81.48101, (1.643248, -0.078174, 6.141088), (0.036386, 0.089398, -0.054516, 0.993837)
81.49538, (1.632897, -0.084870, 6.164022), (0.038463, 0.090388, -0.055887, 0.993593)
81.50938, (1.626938, -0.084367, 6.188105), (0.040576, 0.091112, -0.058291, 0.993305)
81.52296, (1.616814, -0.083402, 6.209986), (0.043591, 0.092396, -0.058851, 0.993025)
81.53677, (1.613588, -0.073905, 6.234532), (0.049748, 0.094025, -0.058697, 0.992592)
81.55058, (1.609989, -0.073018, 6.257653), (0.052363, 0.096221, -0.058333, 0.992269)
81.56442, (1.610618, -0.064318, 6.280544), (0.054078, 0.097040, -0.055175, 0.992277)
81.57833, (1.612796, -0.061162, 6.300662), (0.051373, 0.095271, -0.052562, 0.992734)
81.59221, (1.612077, -0.054111, 6.316375), (0.046771, 0.090859, -0.048682, 0.993573)
81.60583, (1.612631, -0.035417, 6.331238), (0.043782, 0.086037, -0.047357, 0.994202)
81.61967, (1.612284, -0.020616, 6.344986), (0.041322, 0.085326, -0.047915, 0.994342)
81.63352, (1.610781, -0.002248, 6.360996), (0.040829, 0.088067, -0.044819, 0.994268)
81.64785, (1.609900, 0.002906, 6.370904), (0.036450, 0.093625, -0.038466, 0.994196)
81.66135, (1.608688, 0.010931, 6.374124), (0.033555, 0.095833, -0.030757, 0.994356)
81.67514, (1.605337, 0.022115, 6.370761), (0.034190, 0.092935, -0.025745, 0.994752)
81.68906, (1.598768, 0.034014, 6.366549), (0.035471, 0.089441, -0.024163, 0.995067)
81.70296, (1.588469, 0.043520, 6.357799), (0.039540, 0.087007, -0.026251, 0.995077)
81.71688, (1.572945, 0.047354, 6.352587), (0.042150, 0.090620, -0.023658, 0.994712)
81.73078, (1.560995, 0.051463, 6.348701), (0.044377, 0.095933, -0.020330, 0.994190)
81.7447, (1.549015, 0.050290, 6.341395), (0.045237, 0.101651, -0.018568, 0.993618)
81.75864, (1.529985, 0.057909, 6.331354), (0.049287, 0.106544, -0.019587, 0.992893)
81.77254, (1.515054, 0.071523, 6.326084), (0.054005, 0.109036, -0.019716, 0.992374)
81.78687, (1.508750, 0.075178, 6.325127), (0.057646, 0.111776, -0.025580, 0.991730)
81.8014, (1.504116, 0.074517, 6.333713), (0.057300, 0.117009, -0.024081, 0.991184)
81.81503, (1.502180, 0.065424, 6.339263), (0.051904, 0.122099, -0.019830, 0.990961)
81.82873, (1.501263, 0.063556, 6.342919), (0.046985, 0.123667, -0.017027, 0.991065)
81.8428, (1.495916, 0.070722, 6.341932), (0.045164, 0.121656, -0.017465, 0.991391)
81.85653, (1.493228, 0.078540, 6.340286), (0.045000, 0.118011, -0.021608, 0.991757)
81.87035, (1.489934, 0.089277, 6.343060), (0.046343, 0.116110, -0.024967, 0.991841)
81.88436, (1.485841, 0.093926, 6.349409), (0.045511, 0.116687, -0.022858, 0.991862)
81.89863, (1.480448, 0.096790, 6.351363), (0.043948, 0.117443, -0.021471, 0.991874)
81.91188, (1.477896, 0.096507, 6.352278), (0.040415, 0.117234, -0.017109, 0.992134)
81.92663, (1.479624, 0.095630, 6.347790), (0.038294, 0.114390, -0.017231, 0.992548)
81.93974, (1.477209, 0.091490, 6.346851), (0.035678, 0.114188, -0.015787, 0.992693)
81.95331, (1.468808, 0.090581, 6.343079), (0.032891, 0.114280, -0.012495, 0.992825)
81.96754, (1.459646, 0.093465, 6.332475), (0.033445, 0.113765, -0.013145, 0.992858)
81.98157, (1.449248, 0.090833, 6.323633), (0.033585, 0.113131, -0.012774, 0.992930)
81.99541, (1.435241, 0.086048, 6.309461), (0.037657, 0.111589, -0.013963, 0.992943)
82.00937, (1.427545, 0.078248, 6.297374), (0.039033, 0.111697, -0.017045, 0.992829)
82.02335, (1.416816, 0.071942, 6.287325), (0.039767, 0.114045, -0.018973, 0.992498)
82.03781, (1.403643, 0.070790, 6.277122), (0.041535, 0.117136, -0.019422, 0.992057)
82.05104, (1.394000, 0.069804, 6.265107), (0.044073, 0.119888, -0.021003, 0.991586)
82.06513, (1.388464, 0.063771, 6.251146), (0.045336, 0.119757, -0.022388, 0.991515)
82.07876, (1.380265, 0.060407, 6.238404), (0.048123, 0.119156, -0.022956, 0.991443)
82.0928, (1.372829, 0.059077, 6.227574), (0.050386, 0.119429, -0.024113, 0.991270)
82.10664, (1.367792, 0.060133, 6.220140), (0.052299, 0.120698, -0.025709, 0.990977)
82.12045, (1.363559, 0.063975, 6.215689), (0.054960, 0.122228, -0.026323, 0.990630)
82.13471, (1.362632, 0.064355, 6.212424), (0.056013, 0.123023, -0.027009, 0.990454)
82.14813, (1.365431, 0.062878, 6.211644), (0.054487, 0.121836, -0.025662, 0.990721)
82.16228, (1.362068, 0.062368, 6.205382), (0.055604, 0.122294, -0.026151, 0.990590)
82.17633, (1.373537, 0.067326, 6.211974), (0.054075, 0.118021, -0.025428, 0.991212)
82.18974, (1.377611, 0.071216, 6.218813), (0.053105, 0.117599, -0.022605, 0.991383)
82.20354, (1.379804, 0.071291, 6.221575), (0.052244, 0.117666, -0.019982, 0.991477)
82.2175, (1.376022, 0.070397, 6.213331), (0.050552, 0.116286, -0.018334, 0.991759)
82.23129, (1.378515, 0.070797, 6.214499), (0.050099, 0.115444, -0.016959, 0.991905)
82.24484, (1.385250, 0.069757, 6.223717), (0.049477, 0.109791, -0.016643, 0.992583)
82.2587, (1.388535, 0.068736, 6.227008), (0.046893, 0.108457, -0.018325, 0.992826)
82.27268, (1.388936, 0.066104, 6.230522), (0.044903, 0.111048, -0.018378, 0.992630)
82.28696, (1.386972, 0.065737, 6.231597), (0.046969, 0.113393, -0.018546, 0.992266)
82.30079, (1.384128, 0.066600, 6.231172), (0.049348, 0.113855, -0.019358, 0.992082)
82.31458, (1.382012, 0.066131, 6.230257), (0.053565, 0.114890, -0.021097, 0.991709)
82.32854, (1.382310, 0.062057, 6.230903), (0.051861, 0.116518, -0.020474, 0.991622)
82.34229, (1.383701, 0.052146, 6.232889), (0.048833, 0.119742, -0.017187, 0.991454)
82.35612, (1.381107, 0.039757, 6.231417), (0.050611, 0.121307, -0.016650, 0.991184)
82.37052, (1.381599, 0.042317, 6.230171), (0.055439, 0.119910, -0.020162, 0.991031)
82.38461, (1.382971, 0.038718, 6.232166), (0.057883, 0.118425, -0.022157, 0.991027)
82.39774, (1.383032, 0.031579, 6.233173), (0.058086, 0.118110, -0.022843, 0.991037)
82.41203, (1.383531, 0.023450, 6.235446), (0.057126, 0.118780, -0.023330, 0.991001)
82.42562, (1.382820, 0.020334, 6.237557), (0.057129, 0.119741, -0.023793, 0.990875)
82.43949, (1.381794, 0.021083, 6.238750), (0.057762, 0.121366, -0.026621, 0.990568)
82.45336, (1.380981, 0.020840, 6.241889), (0.058679, 0.122959, -0.029116, 0.990248)
82.4673, (1.382190, 0.020306, 6.246951), (0.059041, 0.124297, -0.030921, 0.990004)
82.48072, (1.387186, 0.015395, 6.257583), (0.056025, 0.126860, -0.031653, 0.989831)
82.49529, (1.386620, 0.017093, 6.262380), (0.054536, 0.127519, -0.028705, 0.989920)
82.50925, (1.385552, 0.026163, 6.266743), (0.057078, 0.127027, -0.026636, 0.989897)
82.52277, (1.387144, 0.034583, 6.273092), (0.061926, 0.124862, -0.024648, 0.989933)
82.53624, (1.391320, 0.035700, 6.280157), (0.064868, 0.121738, -0.021977, 0.990196)
82.55009, (1.396255, 0.034329, 6.288864), (0.065988, 0.118548, -0.018750, 0.990576)
82.56449, (1.399377, 0.032437, 6.299099), (0.065469, 0.116195, -0.015212, 0.990950)
82.57851, (1.400884, 0.031527, 6.311384), (0.064126, 0.115822, -0.010825, 0.991139)
82.59277, (1.397592, 0.025396, 6.320210), (0.059842, 0.117689, -0.006562, 0.991224)
82.60608, (1.396909, 0.022907, 6.328137), (0.058655, 0.117911, -0.004293, 0.991281)
82.62019, (1.386608, 0.020505, 6.328280), (0.057899, 0.117714, -0.005912, 0.991341)
82.63372, (1.378411, 0.022162, 6.330099), (0.061511, 0.116221, -0.010775, 0.991258)
82.64812, (1.372211, 0.019425, 6.333271), (0.063890, 0.114696, -0.016038, 0.991214)
82.66197, (1.369562, 0.010316, 6.339951), (0.063184, 0.115759, -0.019618, 0.991072)
82.67557, (1.363421, -0.002069, 6.343859), (0.059204, 0.119364, -0.021008, 0.990861)
82.68972, (1.359202, -0.005071, 6.349453), (0.058160, 0.123190, -0.021891, 0.990436)
82.70294, (1.356828, -0.006764, 6.351457), (0.057207, 0.126150, -0.023283, 0.990087)
82.71662, (1.353650, -0.006129, 6.354890), (0.057752, 0.127414, -0.024133, 0.989873)
82.73058, (1.352592, -0.001343, 6.358847), (0.060582, 0.127744, -0.024111, 0.989662)
82.74438, (1.353301, 0.001119, 6.364671), (0.064032, 0.126388, -0.020218, 0.989706)
82.75849, (1.356090, -0.002480, 6.369922), (0.064637, 0.125731, -0.016109, 0.989825)
82.77229, (1.356456, -0.003928, 6.376484), (0.066452, 0.125756, -0.013127, 0.989746)
82.78616, (1.355006, -0.002247, 6.382668), (0.067934, 0.125551, -0.008522, 0.989722)
82.79987, (1.355326, 0.004460, 6.389607), (0.068041, 0.126496, -0.007844, 0.989600)
82.81519, (1.348901, 0.011734, 6.396966), (0.067847, 0.129448, -0.004779, 0.989251)
82.82787, (1.344588, 0.022140, 6.404478), (0.069899, 0.130941, -0.000914, 0.988923)
82.84174, (1.345788, 0.028768, 6.410999), (0.071781, 0.131351, 0.001300, 0.988733)
82.85567, (1.343275, 0.029566, 6.416064), (0.071966, 0.130142, 0.003225, 0.988875)
82.86949, (1.341561, 0.037166, 6.422873), (0.074157, 0.126859, 0.003670, 0.989138)
82.88349, (1.338656, 0.036187, 6.427878), (0.073799, 0.123765, 0.003480, 0.989557)
82.89732, (1.334344, 0.036067, 6.435291), (0.071650, 0.122504, 0.004016, 0.989870)
82.94417, (1.332952, 0.033523, 6.436944), (0.069526, 0.124225, 0.003277, 0.989810)