36.95976, (-0.975733, -3.202978, 6.210058), (-0.024597, 0.231227, 0.045638, 0.971517)
36.97369, (-1.024273, -3.201188, 6.216591), (-0.024273, 0.232895, 0.047165, 0.971054)
36.98792, (-1.075062, -3.202076, 6.222682), (-0.024505, 0.234136, 0.048473, 0.970686)
37.00142, (-1.121594, -3.202308, 6.228826), (-0.024618, 0.234339, 0.049233, 0.970595)
37.01527, (-1.168034, -3.201845, 6.236986), (-0.024529, 0.232987, 0.051179, 0.970823)
37.0292, (-1.215643, -3.199894, 6.249015), (-0.024857, 0.230960, 0.053944, 0.971149)
37.04315, (-1.265203, -3.198491, 6.260787), (-0.026274, 0.227481, 0.057374, 0.971736)
37.05708, (-1.312347, -3.199319, 6.270239), (-0.026094, 0.225509, 0.059598, 0.972066)
37.07112, (-1.361030, -3.199806, 6.279083), (-0.025985, 0.224645, 0.061448, 0.972154)
37.08503, (-1.401772, -3.202995, 6.280241), (-0.022132, 0.226399, 0.060588, 0.971897)
37.09894, (-1.442405, -3.204010, 6.285337), (-0.019974, 0.228026, 0.060675, 0.971558)
37.11257, (-1.478214, -3.202809, 6.290354), (-0.016794, 0.233404, 0.061242, 0.970304)
37.12619, (-1.520707, -3.202389, 6.298125), (-0.015455, 0.234511, 0.062344, 0.969989)
37.14013, (-1.557073, -3.197467, 6.304474), (-0.014681, 0.237767, 0.066374, 0.968941)
37.154, (-1.593840, -3.195770, 6.308423), (-0.015122, 0.239172, 0.068526, 0.968438)
37.1679, (-1.629368, -3.193139, 6.310843), (-0.015706, 0.240443, 0.070358, 0.967983)
37.18182, (-1.666413, -3.193626, 6.315153), (-0.016663, 0.242732, 0.071528, 0.967309)
37.19581, (-1.700910, -3.190775, 6.319862), (-0.016363, 0.245318, 0.072569, 0.966584)
37.20965, (-1.733626, -3.188814, 6.322783), (-0.016902, 0.248637, 0.074054, 0.965614)
37.22361, (-1.765705, -3.186017, 6.323981), (-0.017618, 0.251382, 0.075559, 0.964773)
37.23749, (-1.799605, -3.184493, 6.325799), (-0.018693, 0.254893, 0.077250, 0.963697)
37.2514, (-1.830774, -3.183841, 6.327701), (-0.018690, 0.257077, 0.078893, 0.962984)
37.26537, (-1.862992, -3.182665, 6.329484), (-0.018888, 0.259329, 0.080131, 0.962274)
37.27918, (-1.893386, -3.181077, 6.329291), (-0.019042, 0.261658, 0.081160, 0.961554)
37.29315, (-1.921211, -3.180584, 6.328355), (-0.020163, 0.263681, 0.083515, 0.960776)
37.30727, (-1.951141, -3.180217, 6.327695), (-0.020903, 0.266245, 0.085496, 0.959879)
37.32114, (-1.979630, -3.179328, 6.323658), (-0.020834, 0.268947, 0.088871, 0.958820)
37.33482, (-2.004910, -3.177655, 6.321018), (-0.021298, 0.270597, 0.090721, 0.958172)
37.34886, (-2.031228, -3.174506, 6.315279), (-0.023308, 0.272245, 0.093020, 0.957438)
37.36293, (-2.049291, -3.166821, 6.305228), (-0.026127, 0.273543, 0.094431, 0.956857)
37.37654, (-2.069646, -3.162988, 6.294087), (-0.029373, 0.275854, 0.096170, 0.955925)
37.39037, (-2.087053, -3.158172, 6.277771), (-0.032384, 0.279717, 0.097248, 0.954595)
37.40439, (-2.107310, -3.154912, 6.264801), (-0.035528, 0.284153, 0.098164, 0.953079)
37.41856, (-2.120176, -3.149552, 6.242894), (-0.037929, 0.289535, 0.098200, 0.951361)
37.43236, (-2.136056, -3.146300, 6.219049), (-0.039736, 0.295576, 0.098677, 0.949378)
37.44639, (-2.147018, -3.141675, 6.195580), (-0.040768, 0.301792, 0.099643, 0.947275)
37.46031, (-2.155066, -3.139639, 6.170959), (-0.042014, 0.309692, 0.100639, 0.944562)
37.47424, (-2.163161, -3.137108, 6.145462), (-0.041813, 0.318984, 0.102166, 0.941309)
37.48818, (-2.167226, -3.134143, 6.114345), (-0.041417, 0.329329, 0.103739, 0.937585)
37.5021, (-2.169418, -3.127227, 6.079803), (-0.037206, 0.344272, 0.103870, 0.932365)
37.51604, (-2.159299, -3.132933, 6.044870), (-0.035084, 0.357419, 0.105737, 0.927276)
37.52988, (-2.159600, -3.137101, 6.013615), (-0.031478, 0.371913, 0.105532, 0.921712)
37.54381, (-2.155123, -3.141644, 5.981874), (-0.026911, 0.385346, 0.105608, 0.916314)
37.55779, (-2.147077, -3.143181, 5.950855), (-0.023310, 0.397406, 0.104973, 0.911321)
37.57162, (-2.138984, -3.145502, 5.919091), (-0.020890, 0.408986, 0.105274, 0.906207)
37.58573, (-2.128954, -3.146858, 5.886350), (-0.017510, 0.421834, 0.105326, 0.900364)
37.59962, (-2.118574, -3.155605, 5.852144), (-0.014373, 0.435754, 0.104462, 0.893868)
37.61371, (-2.102471, -3.163745, 5.819660), (-0.011762, 0.447665, 0.101559, 0.888337)
37.62749, (-2.090440, -3.170347, 5.786957), (-0.008529, 0.458009, 0.098827, 0.883396)
37.64138, (-2.079807, -3.176671, 5.756576), (-0.006376, 0.465841, 0.097508, 0.879457)
37.65524, (-2.071898, -3.179466, 5.730811), (-0.005234, 0.471541, 0.096097, 0.876577)
37.66927, (-2.060964, -3.182236, 5.704229), (-0.003524, 0.476868, 0.094792, 0.873842)
37.68333, (-2.047973, -3.187855, 5.679246), (-0.003164, 0.481519, 0.092952, 0.871487)
37.6973, (-2.037120, -3.192853, 5.653933), (-0.002119, 0.487200, 0.092467, 0.868379)
37.71125, (-2.024751, -3.193910, 5.626784), (-0.000107, 0.492000, 0.090980, 0.865829)
37.72522, (-2.017082, -3.195143, 5.603921), (0.000305, 0.496442, 0.089476, 0.863446)
37.73917, (-2.004991, -3.197366, 5.579919), (-0.000023, 0.499235, 0.088812, 0.861903)
37.75303, (-1.996997, -3.198992, 5.558849), (0.000317, 0.503813, 0.087725, 0.859347)
37.76706, (-1.986961, -3.199092, 5.535624), (0.000767, 0.506425, 0.087779, 0.857804)
37.78089, (-1.973344, -3.197711, 5.510473), (0.003095, 0.510125, 0.087689, 0.855613)
37.79483, (-1.962039, -3.200918, 5.484911), (0.005208, 0.514543, 0.086862, 0.853038)
37.80878, (-1.948563, -3.210179, 5.456660), (0.009170, 0.518935, 0.085172, 0.850510)
37.82308, (-1.935441, -3.222325, 5.432072), (0.013047, 0.523785, 0.081778, 0.847816)
37.83666, (-1.919633, -3.232324, 5.409127), (0.017466, 0.527721, 0.077104, 0.845731)
37.85083, (-1.905150, -3.243403, 5.385791), (0.022053, 0.530643, 0.072957, 0.844162)
37.86464, (-1.888288, -3.254417, 5.357651), (0.027304, 0.534047, 0.068364, 0.842244)
37.87853, (-1.871356, -3.271397, 5.330095), (0.034277, 0.538616, 0.063643, 0.839445)
37.89238, (-1.856338, -3.294103, 5.305652), (0.043309, 0.543058, 0.057227, 0.836623)
37.90629, (-1.841108, -3.313063, 5.285487), (0.051659, 0.546200, 0.049914, 0.834569)
37.92024, (-1.825126, -3.334126, 5.268052), (0.057181, 0.547370, 0.043044, 0.833825)
37.93417, (-1.806657, -3.351139, 5.245459), (0.061939, 0.548258, 0.037062, 0.833189)
37.94805, (-1.783705, -3.366908, 5.224590), (0.067139, 0.549049, 0.033569, 0.832413)
37.962, (-1.765148, -3.383548, 5.209105), (0.072116, 0.550376, 0.027976, 0.831326)
37.97585, (-1.746041, -3.407017, 5.185845), (0.079135, 0.549883, 0.021820, 0.831198)
37.98971, (-1.729451, -3.427896, 5.167614), (0.084732, 0.549113, 0.014861, 0.831309)
38.00374, (-1.716200, -3.443338, 5.158918), (0.088720, 0.544688, 0.005160, 0.833917)
38.01756, (-1.706469, -3.458650, 5.150589), (0.094281, 0.540860, -0.002184, 0.835809)
38.0316, (-1.697633, -3.482785, 5.136351), (0.093883, 0.537890, -0.004216, 0.837761)
38.04556, (-1.680637, -3.478211, 5.134780), (0.098025, 0.535645, -0.003808, 0.838726)
38.05968, (-1.668460, -3.485343, 5.123662), (0.101326, 0.532858, -0.003171, 0.840111)
38.07355, (-1.655034, -3.497581, 5.113334), (0.105373, 0.531243, -0.006690, 0.840614)
38.08738, (-1.642708, -3.496257, 5.103092), (0.111846, 0.528145, -0.008258, 0.841715)
38.10113, (-1.629557, -3.506024, 5.093001), (0.116240, 0.526279, -0.011484, 0.842251)
38.11522, (-1.627080, -3.533226, 5.081215), (0.116097, 0.523362, -0.013993, 0.844049)
38.12925, (-1.635590, -3.563659, 5.080025), (0.116566, 0.523711, -0.015151, 0.843747)
38.14268, (-1.622435, -3.569226, 5.070155), (0.121796, 0.519038, -0.022242, 0.845737)
38.15684, (-1.621549, -3.573880, 5.068660), (0.125695, 0.514368, -0.034659, 0.847600)
38.17039, (-1.620855, -3.580670, 5.062308), (0.130099, 0.511910, -0.039535, 0.848210)
38.18443, (-1.612481, -3.544259, 5.056644), (0.126075, 0.511682, -0.022302, 0.849582)
38.19849, (-1.617455, -3.543006, 5.058226), (0.127092, 0.509015, -0.019965, 0.851089)
38.21224, (-1.617846, -3.544822, 5.056835), (0.127005, 0.505430, -0.020141, 0.853232)
38.22605, (-1.615415, -3.551966, 5.055513), (0.124720, 0.501634, -0.020062, 0.855807)
38.23996, (-1.616366, -3.547995, 5.054101), (0.125868, 0.499089, -0.019303, 0.857143)
38.25397, (-1.615183, -3.549126, 5.049889), (0.125626, 0.495675, -0.017964, 0.859187)
38.26817, (-1.617791, -3.555731, 5.050409), (0.125207, 0.491487, -0.016037, 0.861688)
38.28172, (-1.622748, -3.557370, 5.054226), (0.126072, 0.486329, -0.017099, 0.864464)
38.29597, (-1.626850, -3.563967, 5.056324), (0.124195, 0.480639, -0.016694, 0.867919)
38.31001, (-1.622383, -3.565634, 5.051565), (0.124261, 0.472056, -0.016729, 0.872607)
38.32373, (-1.635660, -3.572642, 5.064788), (0.124973, 0.464028, -0.016108, 0.876813)
38.33778, (-1.646127, -3.575449, 5.070790), (0.126317, 0.454980, -0.014517, 0.881378)
38.35157, (-1.652320, -3.579520, 5.081101), (0.126967, 0.445033, -0.013356, 0.886367)
38.36534, (-1.663725, -3.584895, 5.091193), (0.126951, 0.433864, -0.011143, 0.891920)
38.37914, (-1.680093, -3.588830, 5.104800), (0.128556, 0.421131, -0.008860, 0.897799)
38.39318, (-1.694556, -3.590369, 5.117536), (0.130125, 0.406480, -0.007248, 0.904317)
38.40694, (-1.712122, -3.596528, 5.130489), (0.129869, 0.393509, -0.006795, 0.910076)
38.42062, (-1.723940, -3.594580, 5.142583), (0.132217, 0.377747, -0.006202, 0.916399)
38.43454, (-1.744834, -3.595774, 5.157731), (0.131744, 0.363583, -0.004550, 0.922188)
38.4483, (-1.762475, -3.600200, 5.172628), (0.132268, 0.347793, -0.002699, 0.928191)
38.4621, (-1.781300, -3.603746, 5.185435), (0.133478, 0.332230, -0.001402, 0.933705)
38.47601, (-1.798749, -3.610610, 5.196549), (0.134598, 0.315692, -0.000209, 0.939267)
38.48987, (-1.817707, -3.611872, 5.206247), (0.135994, 0.301445, 0.000417, 0.943736)
38.50366, (-1.833880, -3.613555, 5.216609), (0.137395, 0.287618, 0.001313, 0.947838)
38.51751, (-1.850467, -3.617674, 5.225008), (0.139056, 0.274891, 0.001289, 0.951366)
38.53142, (-1.869473, -3.621514, 5.234394), (0.141200, 0.263123, 0.001789, 0.954372)
38.54522, (-1.881838, -3.625438, 5.240176), (0.142831, 0.252402, 0.003617, 0.957016)
38.55902, (-1.897576, -3.628578, 5.247205), (0.143523, 0.242046, 0.005260, 0.959577)
38.57312, (-1.912292, -3.628767, 5.255204), (0.144318, 0.230917, 0.005918, 0.962193)
38.58682, (-1.930171, -3.624325, 5.265141), (0.143914, 0.222527, 0.006798, 0.964222)
38.60064, (-1.949230, -3.626708, 5.273375), (0.142746, 0.214025, 0.007061, 0.966316)
38.61459, (-1.967027, -3.629968, 5.281332), (0.141089, 0.203819, 0.008757, 0.968749)
38.62832, (-1.983862, -3.630682, 5.290071), (0.140886, 0.191922, 0.009423, 0.971199)
38.64211, (-2.006447, -3.631653, 5.294638), (0.139483, 0.179986, 0.010688, 0.973671)
38.65612, (-2.027636, -3.635046, 5.298618), (0.138078, 0.166768, 0.012318, 0.976203)
38.66984, (-2.051031, -3.637285, 5.305475), (0.136986, 0.153976, 0.013142, 0.978445)
38.68403, (-2.068429, -3.637556, 5.311077), (0.136257, 0.140117, 0.013305, 0.980624)
38.69726, (-2.086559, -3.638833, 5.312981), (0.134927, 0.126762, 0.014719, 0.982604)
38.71109, (-2.106193, -3.636379, 5.318180), (0.134122, 0.114719, 0.018071, 0.984136)
38.72491, (-2.121044, -3.634164, 5.321732), (0.133684, 0.102656, 0.019974, 0.985490)
38.73878, (-2.131931, -3.631901, 5.324434), (0.133678, 0.091750, 0.022310, 0.986516)
38.75271, (-2.146573, -3.629487, 5.319829), (0.133893, 0.084810, 0.023629, 0.987077)
38.76651, (-2.158646, -3.626883, 5.318940), (0.135622, 0.077521, 0.023658, 0.987440)
38.7803, (-2.170489, -3.621135, 5.314991), (0.135458, 0.071015, 0.026292, 0.987885)
38.79451, (-2.172812, -3.629105, 5.319529), (0.134844, 0.064373, 0.023869, 0.988486)
38.80822, (-2.180762, -3.622681, 5.320890), (0.135464, 0.058838, 0.024701, 0.988725)
38.8222, (-2.182534, -3.619986, 5.316739), (0.134626, 0.056554, 0.024667, 0.988974)
38.83645, (-2.184560, -3.614239, 5.316148), (0.133556, 0.052006, 0.024850, 0.989364)
38.84981, (-2.192008, -3.609345, 5.319669), (0.131797, 0.046993, 0.026222, 0.989815)
38.86375, (-2.198121, -3.602898, 5.316877), (0.127655, 0.043390, 0.026233, 0.990522)
38.8775, (-2.201019, -3.598495, 5.318943), (0.124511, 0.038478, 0.025038, 0.991156)
38.89145, (-2.205314, -3.592530, 5.317873), (0.121497, 0.034847, 0.023371, 0.991705)
38.90527, (-2.207598, -3.585103, 5.317154), (0.118955, 0.031785, 0.021413, 0.992160)
38.91962, (-2.205666, -3.574724, 5.317636), (0.115345, 0.027531, 0.019959, 0.992743)
38.93317, (-2.211677, -3.554375, 5.317346), (0.109896, 0.025023, 0.021908, 0.993387)
38.94742, (-2.213434, -3.536124, 5.325384), (0.102438, 0.020855, 0.023897, 0.994234)
38.96088, (-2.218434, -3.516788, 5.327530), (0.092460, 0.017680, 0.027397, 0.995182)
38.97537, (-2.218418, -3.508880, 5.323284), (0.084291, 0.014392, 0.027432, 0.995960)
38.98838, (-2.221254, -3.500918, 5.314745), (0.081744, 0.013414, 0.027680, 0.996179)
39.00218, (-2.220420, -3.503803, 5.305309), (0.077682, 0.012918, 0.026946, 0.996530)
39.0161, (-2.220206, -3.496823, 5.298729), (0.077950, 0.014241, 0.026633, 0.996500)
39.03017, (-2.213387, -3.488737, 5.296530), (0.076111, 0.014766, 0.026070, 0.996649)
39.04381, (-2.210207, -3.480564, 5.289549), (0.072994, 0.016003, 0.027124, 0.996835)
39.05785, (-2.199713, -3.473129, 5.287088), (0.070314, 0.016845, 0.027639, 0.997000)
39.07177, (-2.197350, -3.464444, 5.279971), (0.067764, 0.018112, 0.028293, 0.997136)
39.08538, (-2.168955, -3.498075, 5.280305), (0.057287, 0.012621, 0.026123, 0.997936)
39.09925, (-2.182875, -3.454663, 5.257156), (0.065759, 0.021085, 0.029249, 0.997184)
39.11327, (-2.182568, -3.441855, 5.270503), (0.063362, 0.020996, 0.030238, 0.997311)
39.12747, (-2.174879, -3.438982, 5.267148), (0.055802, 0.020341, 0.029259, 0.997806)
39.1408, (-2.169157, -3.435310, 5.261931), (0.053589, 0.020480, 0.029695, 0.997911)
39.15463, (-2.163061, -3.427892, 5.258483), (0.052107, 0.020745, 0.031040, 0.997944)
39.16858, (-2.158910, -3.425418, 5.259307), (0.049249, 0.020365, 0.031656, 0.998077)
39.18271, (-2.155008, -3.422484, 5.254772), (0.046830, 0.020560, 0.032642, 0.998158)
39.19653, (-2.151909, -3.420063, 5.253112), (0.045544, 0.020596, 0.032877, 0.998209)
39.21055, (-2.147025, -3.418368, 5.251167), (0.044903, 0.020630, 0.032236, 0.998258)
39.22445, (-2.141247, -3.416377, 5.249962), (0.044969, 0.020769, 0.031420, 0.998278)
39.23808, (-2.137182, -3.417045, 5.240758), (0.041748, 0.022386, 0.029260, 0.998449)
39.25193, (-2.129029, -3.403761, 5.238814), (0.044091, 0.024408, 0.031054, 0.998246)
39.26629, (-2.120089, -3.407619, 5.250993), (0.040545, 0.024273, 0.030504, 0.998417)
39.27955, (-2.112586, -3.404810, 5.247030), (0.038917, 0.024346, 0.031024, 0.998464)
39.29344, (-2.110682, -3.404784, 5.247275), (0.038438, 0.025355, 0.031028, 0.998457)
39.30738, (-2.105505, -3.401123, 5.247274), (0.036315, 0.025378, 0.031592, 0.998519)
39.32116, (-2.096812, -3.398762, 5.248973), (0.034529, 0.025815, 0.031989, 0.998558)
39.3351, (-2.088067, -3.393667, 5.250230), (0.032917, 0.026804, 0.031992, 0.998586)
39.3491, (-2.081171, -3.390806, 5.249758), (0.031100, 0.027825, 0.031831, 0.998622)
39.36288, (-2.074376, -3.392363, 5.250637), (0.029312, 0.027604, 0.030300, 0.998730)
39.37677, (-2.067371, -3.393871, 5.252434), (0.028426, 0.026709, 0.028653, 0.998828)
39.39068, (-2.061730, -3.390826, 5.254830), (0.029926, 0.025999, 0.027956, 0.998823)
39.40465, (-2.055973, -3.389612, 5.256167), (0.030692, 0.025361, 0.027652, 0.998825)
39.41856, (-2.048587, -3.389529, 5.261402), (0.030522, 0.023632, 0.027437, 0.998878)
39.43238, (-2.045685, -3.387315, 5.268500), (0.030170, 0.022837, 0.027298, 0.998911)
39.44631, (-2.042298, -3.388029, 5.275723), (0.027286, 0.019646, 0.026758, 0.999076)
39.4604, (-2.039130, -3.383608, 5.280254), (0.025459, 0.016491, 0.025152, 0.999223)
39.47438, (-2.035319, -3.379767, 5.285517), (0.025405, 0.013905, 0.023588, 0.999302)
39.48804, (-2.031128, -3.370204, 5.296261), (0.025166, 0.010724, 0.023246, 0.999355)
39.50182, (-2.030847, -3.365831, 5.303793), (0.024228, 0.009543, 0.021305, 0.999434)
39.51572, (-2.029099, -3.359717, 5.310026), (0.024866, 0.009089, 0.019603, 0.999457)
39.52956, (-2.034484, -3.351460, 5.314433), (0.023729, 0.011069, 0.016754, 0.999517)
39.54346, (-2.021926, -3.360374, 5.320790), (0.021320, 0.010158, 0.015991, 0.999593)
39.55763, (-2.015224, -3.352726, 5.325660), (0.027372, 0.010186, 0.016033, 0.999445)
39.57204, (-2.009726, -3.349006, 5.332024), (0.035260, 0.010249, 0.017787, 0.999167)
39.58534, (-2.008158, -3.353739, 5.333085), (0.035091, 0.010373, 0.017754, 0.999173)
39.59927, (-2.007973, -3.354399, 5.333938), (0.034938, 0.008844, 0.017530, 0.999197)
39.61323, (-2.009840, -3.356564, 5.338974), (0.031834, 0.004732, 0.017471, 0.999329)
39.62719, (-2.009526, -3.355564, 5.341151), (0.029802, -0.000523, 0.018213, 0.999390)
39.64083, (-2.007097, -3.348855, 5.350255), (0.036543, -0.004335, 0.020398, 0.999115)
39.65461, (-2.002599, -3.351260, 5.348929), (0.038833, -0.005551, 0.020419, 0.999022)
39.66848, (-1.994130, -3.352509, 5.350840), (0.040158, -0.006170, 0.019518, 0.998984)
39.68232, (-1.988418, -3.364488, 5.350101), (0.037429, -0.004303, 0.018688, 0.999115)
39.69624, (-1.983032, -3.366667, 5.355119), (0.037481, -0.002590, 0.018646, 0.999120)
39.71019, (-1.979787, -3.366405, 5.354708), (0.037751, 0.000526, 0.018671, 0.999113)
39.72407, (-1.977639, -3.370289, 5.354087), (0.038866, 0.002868, 0.017894, 0.999080)
39.73801, (-1.976534, -3.375157, 5.349270), (0.044419, 0.002911, 0.016604, 0.998871)
39.7522, (-1.975989, -3.380044, 5.346337), (0.048350, -0.000432, 0.017696, 0.998674)
39.76595, (-1.970979, -3.388052, 5.345492), (0.049619, -0.004469, 0.018437, 0.998588)
39.77973, (-1.973890, -3.391834, 5.350220), (0.051797, -0.007721, 0.019850, 0.998431)
39.79369, (-1.976495, -3.397880, 5.351113), (0.052863, -0.009613, 0.018934, 0.998376)
39.80749, (-1.976048, -3.404171, 5.352119), (0.054673, -0.011748, 0.018858, 0.998257)
39.82137, (-1.976449, -3.410393, 5.345323), (0.060949, -0.012864, 0.017559, 0.997904)
39.83527, (-1.968483, -3.412430, 5.345296), (0.064053, -0.015207, 0.016564, 0.997693)
39.84925, (-1.965573, -3.416877, 5.344715), (0.066437, -0.016659, 0.015625, 0.997529)
39.86346, (-1.956175, -3.412384, 5.350362), (0.068189, -0.017841, 0.014051, 0.997414)
39.87725, (-1.956359, -3.410324, 5.352047), (0.060457, -0.017802, 0.012889, 0.997929)
39.89107, (-1.953583, -3.412817, 5.348273), (0.059488, -0.020180, 0.012319, 0.997949)
39.9049, (-1.953521, -3.408267, 5.346859), (0.058878, -0.023456, 0.012618, 0.997910)
39.91888, (-1.950472, -3.408911, 5.348728), (0.059009, -0.026509, 0.013633, 0.997812)
39.9327, (-1.952114, -3.403893, 5.350926), (0.054567, -0.028806, 0.013383, 0.998005)
39.94664, (-1.954484, -3.398297, 5.356128), (0.051209, -0.031745, 0.012524, 0.998105)
39.9606, (-1.955051, -3.393699, 5.358945), (0.047707, -0.034528, 0.011988, 0.998193)
39.97451, (-1.954506, -3.389016, 5.358919), (0.048816, -0.036495, 0.010977, 0.998080)
39.98835, (-1.954608, -3.386250, 5.355928), (0.047772, -0.039112, 0.010468, 0.998037)
40.00226, (-1.955418, -3.386713, 5.350690), (0.047223, -0.041681, 0.010045, 0.997964)
40.01692, (-1.957821, -3.391576, 5.342478), (0.047467, -0.043649, 0.008541, 0.997882)
40.0307, (-1.960019, -3.397607, 5.326355), (0.048850, -0.046482, 0.008398, 0.997689)
40.04422, (-1.957581, -3.386896, 5.315129), (0.051403, -0.048405, 0.006955, 0.997480)
40.0582, (-1.955521, -3.398257, 5.309841), (0.048697, -0.051072, 0.007480, 0.997479)
40.07186, (-1.955407, -3.398950, 5.303290), (0.048473, -0.053424, 0.006942, 0.997371)
40.0857, (-1.954230, -3.376886, 5.290082), (0.044101, -0.053395, 0.009732, 0.997552)
40.09949, (-1.956544, -3.364873, 5.289470), (0.041444, -0.054829, 0.009918, 0.997586)
40.11341, (-1.956891, -3.359604, 5.285272), (0.039347, -0.056623, 0.009723, 0.997573)
40.12738, (-1.958892, -3.355820, 5.281813), (0.037235, -0.058514, 0.008755, 0.997554)
40.14187, (-1.960494, -3.355868, 5.269500), (0.037859, -0.061404, 0.007384, 0.997367)
40.15546, (-1.963419, -3.358076, 5.261869), (0.037714, -0.063951, 0.005199, 0.997227)
40.16922, (-1.964248, -3.360022, 5.256839), (0.036677, -0.067806, 0.003453, 0.997018)
40.18338, (-1.968199, -3.363465, 5.252889), (0.037379, -0.071120, 0.002172, 0.996765)
40.19735, (-1.967018, -3.363513, 5.243072), (0.038282, -0.074513, 0.001059, 0.996485)
40.21122, (-1.967031, -3.360150, 5.234847), (0.039195, -0.076476, 0.000725, 0.996301)
40.22509, (-1.963942, -3.359007, 5.229213), (0.035835, -0.078500, 0.001854, 0.996268)
40.23898, (-1.966395, -3.360368, 5.225235), (0.031979, -0.078686, 0.001651, 0.996385)
40.25288, (-1.967640, -3.352437, 5.221183), (0.030924, -0.080190, 0.001111, 0.996299)
40.26653, (-1.969928, -3.349446, 5.215922), (0.028585, -0.081700, -0.000360, 0.996247)
40.28076, (-1.970325, -3.348700, 5.210884), (0.027322, -0.083064, -0.001471, 0.996169)
40.29477, (-1.971243, -3.346741, 5.202013), (0.025117, -0.084546, -0.002443, 0.996100)
40.30846, (-1.974208, -3.345646, 5.192990), (0.021249, -0.086468, -0.002677, 0.996024)
40.32222, (-1.975727, -3.345419, 5.185654), (0.018444, -0.088498, -0.003414, 0.995900)
40.33613, (-1.980781, -3.346313, 5.178719), (0.016431, -0.089974, -0.002719, 0.995805)
40.35005, (-1.982377, -3.345978, 5.171609), (0.014060, -0.092155, -0.001964, 0.995644)
40.36403, (-1.984051, -3.341146, 5.163743), (0.012674, -0.094074, -0.001952, 0.995483)
40.37783, (-1.985178, -3.339992, 5.152312), (0.011182, -0.096707, -0.001849, 0.995248)
40.39178, (-1.990860, -3.338335, 5.142626), (0.009048, -0.098487, -0.001745, 0.995096)
40.40572, (-1.994737, -3.336694, 5.135318), (0.005994, -0.100635, -0.002287, 0.994903)
40.42, (-1.998446, -3.330081, 5.127653), (0.003612, -0.102990, -0.003201, 0.994671)
40.43391, (-2.001543, -3.328832, 5.117417), (0.001147, -0.104183, -0.003832, 0.994550)
40.44764, (-2.003502, -3.325574, 5.110999), (-0.000754, -0.105795, -0.004296, 0.994378)
40.46159, (-2.007798, -3.318694, 5.104900), (-0.003033, -0.104740, -0.004466, 0.994485)
40.47562, (-2.011326, -3.317186, 5.094972), (-0.006903, -0.104851, -0.004478, 0.994454)
40.48946, (-2.014692, -3.311121, 5.095386), (-0.006329, -0.104203, -0.004895, 0.994524)
40.50352, (-2.017980, -3.311405, 5.089359), (-0.009774, -0.104563, -0.005383, 0.994456)
40.51722, (-2.018779, -3.304278, 5.088451), (-0.012427, -0.104038, -0.007296, 0.994469)
40.53097, (-2.017697, -3.298280, 5.087681), (-0.017082, -0.099981, -0.011958, 0.994771)
40.54504, (-2.019741, -3.293002, 5.085945), (-0.020020, -0.098385, -0.014533, 0.994841)
40.55904, (-2.016250, -3.278999, 5.085518), (-0.023058, -0.093928, -0.019943, 0.995112)
40.5726, (-2.005939, -3.258228, 5.074738), (-0.027958, -0.092671, -0.032327, 0.994779)
40.58645, (-2.003691, -3.250109, 5.076142), (-0.028778, -0.090048, -0.038734, 0.994768)
40.60032, (-1.998696, -3.253427, 5.052092), (-0.026642, -0.091223, -0.041295, 0.994617)
40.61435, (-1.981760, -3.265094, 5.051642), (-0.027626, -0.094921, -0.038023, 0.994375)
40.62812, (-1.984023, -3.261851, 5.044911), (-0.026488, -0.094598, -0.036393, 0.994497)
40.64199, (-1.960106, -3.250788, 5.027418), (-0.024023, -0.105695, -0.034578, 0.993507)
40.65585, (-1.969573, -3.242042, 5.035120), (-0.022123, -0.108369, -0.036698, 0.993187)
40.66981, (-1.967463, -3.237562, 5.025547), (-0.025963, -0.113344, -0.040228, 0.992402)
40.68372, (-1.964514, -3.231027, 5.019665), (-0.027131, -0.115803, -0.042052, 0.992011)
40.6978, (-1.960724, -3.225238, 5.013251), (-0.028064, -0.118349, -0.043787, 0.991609)
40.71161, (-1.956933, -3.219448, 5.006835), (-0.028997, -0.120894, -0.045522, 0.991197)
40.72549, (-1.953143, -3.213657, 5.000421), (-0.029929, -0.123437, -0.047256, 0.990775)
40.73943, (-1.949353, -3.207867, 4.994007), (-0.030861, -0.125979, -0.048990, 0.990342)
40.75351, (-1.945564, -3.202077, 4.987592), (-0.031793, -0.128520, -0.050723, 0.989899)
40.76738, (-1.972654, -3.240080, 5.034280), (-0.036721, -0.114024, -0.046330, 0.991718)
40.78137, (-1.980022, -3.243524, 5.040710), (-0.035723, -0.113666, -0.044643, 0.991872)
40.79516, (-2.009653, -3.255391, 5.059596), (-0.034659, -0.113528, -0.042563, 0.992018)
40.80902, (-2.025308, -3.260946, 5.069120), (-0.033907, -0.113648, -0.041050, 0.992093)
40.82302, (-2.046940, -3.263481, 5.083140), (-0.032038, -0.113872, -0.038446, 0.992234)
40.83671, (-2.060663, -3.266293, 5.092304), (-0.031428, -0.114070, -0.037695, 0.992260)
40.85094, (-2.088042, -3.271892, 5.105826), (-0.029340, -0.113659, -0.035227, 0.992462)
40.86418, (-2.123062, -3.277006, 5.125697), (-0.026522, -0.111727, -0.032484, 0.992854)
40.87801, (-2.149872, -3.281226, 5.142737), (-0.027035, -0.110643, -0.031132, 0.993005)
40.89185, (-2.183974, -3.284980, 5.159843), (-0.025498, -0.109149, -0.029909, 0.993248)
40.90585, (-2.217283, -3.293755, 5.174641), (-0.023751, -0.108342, -0.027227, 0.993457)
40.91962, (-2.248490, -3.301384, 5.190694), (-0.021772, -0.108135, -0.024133, 0.993605)
40.9337, (-2.279001, -3.305757, 5.208557), (-0.019657, -0.107843, -0.020451, 0.993763)
40.94746, (-2.311441, -3.308092, 5.228148), (-0.017232, -0.105765, -0.017243, 0.994092)
40.96134, (-2.344226, -3.312508, 5.247362), (-0.016998, -0.103227, -0.016759, 0.994371)
40.97524, (-2.377858, -3.310661, 5.265419), (-0.017046, -0.102614, -0.017286, 0.994425)
40.98908, (-2.413506, -3.310252, 5.282078), (-0.016720, -0.101791, -0.016847, 0.994523)
41.00321, (-2.447124, -3.312385, 5.300040), (-0.015798, -0.100791, -0.015505, 0.994662)
41.01679, (-2.491409, -3.306704, 5.320359), (-0.016869, -0.100795, -0.019211, 0.994579)
41.03065, (-2.530899, -3.307617, 5.340323), (-0.016992, -0.101443, -0.019729, 0.994501)
41.0448, (-2.568345, -3.308887, 5.359372), (-0.016642, -0.100759, -0.019222, 0.994586)
41.0588, (-2.605434, -3.309517, 5.378282), (-0.016163, -0.100134, -0.018795, 0.994665)
41.07236, (-2.646155, -3.313918, 5.396262), (-0.013504, -0.100237, -0.017015, 0.994726)
41.08629, (-2.699543, -3.318423, 5.422115), (-0.012854, -0.100100, -0.015512, 0.994773)
41.10012, (-2.740966, -3.320137, 5.445424), (-0.012115, -0.098862, -0.013599, 0.994934)
41.11396, (-2.785645, -3.321060, 5.466516), (-0.011014, -0.097161, -0.011941, 0.995136)
41.12753, (-2.831764, -3.323277, 5.487845), (-0.009809, -0.096070, -0.011047, 0.995265)
41.14143, (-2.878137, -3.326036, 5.513661), (-0.008106, -0.095010, -0.010134, 0.995392)
41.15528, (-2.920860, -3.331252, 5.534645), (-0.006584, -0.094206, -0.008683, 0.995493)
41.1692, (-2.962603, -3.334752, 5.558620), (-0.005099, -0.093503, -0.006811, 0.995583)
41.18271, (-3.008095, -3.336333, 5.582945), (-0.003446, -0.091814, -0.005091, 0.995757)
41.1965, (-3.053539, -3.336570, 5.608814), (-0.002859, -0.089987, -0.003854, 0.995931)
41.21017, (-3.100250, -3.337562, 5.635805), (-0.002387, -0.088199, -0.003304, 0.996095)
41.224, (-3.149323, -3.339918, 5.663147), (-0.001388, -0.086695, -0.002075, 0.996232)
41.23788, (-3.194206, -3.345883, 5.684804), (-0.000484, -0.085711, -0.000140, 0.996320)
41.25169, (-3.236746, -3.349026, 5.709695), (0.000451, -0.085151, 0.002313, 0.996365)
41.2654, (-3.279123, -3.350575, 5.736804), (0.002470, -0.083344, 0.005152, 0.996504)
41.27913, (-3.321494, -3.353728, 5.765030), (0.002932, -0.081147, 0.009061, 0.996657)
41.29294, (-3.362869, -3.358983, 5.790520), (0.002737, -0.077228, 0.011712, 0.996941)
41.30732, (-3.402599, -3.362041, 5.814791), (0.003997, -0.073615, 0.013824, 0.997183)
41.32105, (-3.438951, -3.365026, 5.839044), (0.005024, -0.069460, 0.014231, 0.997471)
41.33495, (-3.478624, -3.361526, 5.866121), (0.005224, -0.066018, 0.014468, 0.997700)
41.34888, (-3.515773, -3.363695, 5.890706), (0.003660, -0.063928, 0.014098, 0.997848)
41.36224, (-3.553748, -3.366112, 5.916067), (0.003035, -0.061813, 0.014520, 0.997978)
41.37611, (-3.590532, -3.369893, 5.933916), (0.003310, -0.060621, 0.015242, 0.998039)
41.38991, (-3.627489, -3.374660, 5.947991), (0.004132, -0.060185, 0.015780, 0.998054)
41.4037, (-3.664958, -3.377535, 5.965644), (0.005266, -0.060542, 0.017497, 0.997998)
41.41767, (-3.698602, -3.380729, 5.982971), (0.004787, -0.060439, 0.018989, 0.997980)
41.43148, (-3.730915, -3.382399, 5.999516), (0.004234, -0.059891, 0.020298, 0.997990)
41.4455, (-3.764768, -3.384711, 6.017499), (0.003833, -0.059044, 0.021825, 0.998009)
41.45924, (-3.795775, -3.387089, 6.031005), (0.002268, -0.058803, 0.024150, 0.997975)
41.47495, (-3.825630, -3.389660, 6.045473), (0.001425, -0.059001, 0.025092, 0.997942)
41.48877, (-3.852708, -3.394591, 6.060385), (0.000005, -0.058897, 0.026402, 0.997915)
41.50216, (-3.879939, -3.400255, 6.073795), (-0.001569, -0.058308, 0.027891, 0.997908)
41.51581, (-3.904884, -3.408939, 6.087075), (-0.003271, -0.057015, 0.029582, 0.997930)
41.52961, (-3.931753, -3.415956, 6.101680), (-0.003461, -0.055742, 0.031106, 0.997955)
41.54318, (-3.958186, -3.422290, 6.117146), (-0.003575, -0.055205, 0.033245, 0.997915)
41.55682, (-3.982550, -3.425440, 6.133794), (-0.004775, -0.054973, 0.034879, 0.997867)
41.57053, (-4.004633, -3.430771, 6.149651), (-0.006022, -0.055175, 0.036641, 0.997786)
41.58461, (-4.024723, -3.436786, 6.165820), (-0.006979, -0.055523, 0.039501, 0.997651)
41.59846, (-4.044989, -3.442885, 6.182862), (-0.006431, -0.055288, 0.041822, 0.997573)
41.61214, (-4.065155, -3.450551, 6.198030), (-0.005221, -0.054489, 0.043911, 0.997535)
41.62577, (-4.082906, -3.458790, 6.212971), (-0.004640, -0.053826, 0.045713, 0.997493)
41.63981, (-4.100038, -3.467255, 6.230070), (-0.004369, -0.052967, 0.046677, 0.997495)
41.65372, (-4.116621, -3.474318, 6.245811), (-0.003580, -0.052368, 0.047894, 0.997472)
41.66739, (-4.130520, -3.482407, 6.261572), (-0.003017, -0.052313, 0.049065, 0.997420)
41.68151, (-4.143010, -3.487920, 6.278816), (-0.002891, -0.051950, 0.050114, 0.997387)
41.69534, (-4.154499, -3.491434, 6.295502), (-0.002701, -0.051140, 0.051256, 0.997372)
41.70911, (-4.166492, -3.496711, 6.311572), (-0.002148, -0.050302, 0.052220, 0.997366)
41.7229, (-4.176330, -3.504369, 6.327621), (-0.001619, -0.050171, 0.053771, 0.997291)
41.7369, (-4.186635, -3.509122, 6.343903), (-0.000630, -0.050069, 0.055348, 0.997211)
41.75072, (-4.192823, -3.511732, 6.361093), (-0.001264, -0.050622, 0.055691, 0.997163)
41.7649, (-4.200471, -3.514127, 6.376428), (-0.001328, -0.050520, 0.056474, 0.997124)
41.77827, (-4.206220, -3.517326, 6.391389), (-0.001185, -0.050242, 0.056325, 0.997147)
41.79202, (-4.211809, -3.519661, 6.406478), (-0.000251, -0.049107, 0.055582, 0.997246)
41.80592, (-4.218423, -3.523240, 6.420689), (0.000140, -0.048596, 0.055566, 0.997272)
41.81988, (-4.224313, -3.526803, 6.435338), (0.000357, -0.048033, 0.055082, 0.997326)
41.8337, (-4.227126, -3.528268, 6.449204), (0.000440, -0.048812, 0.055033, 0.997291)
41.84772, (-4.230189, -3.528470, 6.462759), (0.000030, -0.048977, 0.055119, 0.997278)
41.8616, (-4.233608, -3.528314, 6.474304), (0.000364, -0.048615, 0.055964, 0.997249)
41.87547, (-4.236591, -3.528347, 6.486168), (0.000321, -0.048114, 0.056328, 0.997252)
41.88931, (-4.239639, -3.529416, 6.498531), (0.000180, -0.047840, 0.056542, 0.997253)
41.90337, (-4.244208, -3.530304, 6.509186), (0.000123, -0.047554, 0.056533, 0.997268)
41.91769, (-4.247415, -3.533348, 6.519569), (-0.000190, -0.047649, 0.056422, 0.997269)
41.93116, (-4.250183, -3.535371, 6.527244), (-0.000838, -0.047838, 0.056468, 0.997257)
41.94499, (-4.250997, -3.536619, 6.535297), (-0.000527, -0.048235, 0.056693, 0.997226)
41.95887, (-4.253325, -3.538655, 6.543283), (0.000131, -0.048268, 0.057143, 0.997199)
41.97276, (-4.256591, -3.541484, 6.551727), (0.000293, -0.048740, 0.057499, 0.997155)
41.98663, (-4.258829, -3.543667, 6.559772), (0.000151, -0.049742, 0.056951, 0.997137)
42.00066, (-4.261383, -3.545873, 6.566823), (0.000400, -0.050048, 0.056476, 0.997149)
42.01447, (-4.262771, -3.548260, 6.575039), (0.000416, -0.050543, 0.056103, 0.997145)
42.02836, (-4.263194, -3.549421, 6.582960), (0.000032, -0.050753, 0.056443, 0.997115)
42.04233, (-4.263556, -3.548522, 6.591524), (0.000068, -0.050996, 0.056863, 0.997079)
42.05624, (-4.262741, -3.549765, 6.600035), (-0.000524, -0.051215, 0.056703, 0.997077)
42.07059, (-4.262167, -3.550997, 6.608392), (-0.000432, -0.051259, 0.056694, 0.997075)
42.08417, (-4.261770, -3.553368, 6.616445), (-0.000514, -0.051564, 0.057045, 0.997039)
42.0977, (-4.262422, -3.555475, 6.624873), (-0.000159, -0.051721, 0.056815, 0.997044)
42.11147, (-4.262438, -3.557065, 6.633093), (-0.000161, -0.051958, 0.056849, 0.997030)
42.1254, (-4.262454, -3.558655, 6.641313), (-0.000163, -0.052195, 0.056882, 0.997016)
42.13941, (-4.263257, -3.560719, 6.649275), (0.000133, -0.052198, 0.056958, 0.997011)
42.15342, (-4.260871, -3.565179, 6.656945), (0.000463, -0.052642, 0.056889, 0.996992)
42.16727, (-4.259367, -3.563241, 6.664215), (0.001534, -0.052966, 0.057426, 0.996943)
42.18134, (-4.258830, -3.564725, 6.672172), (0.001739, -0.053213, 0.057514, 0.996924)
42.19529, (-4.259310, -3.568181, 6.678757), (0.002702, -0.052675, 0.056260, 0.997022)
42.20905, (-4.259822, -3.568981, 6.685712), (0.003432, -0.052642, 0.056428, 0.997012)
42.223, (-4.258636, -3.571044, 6.692176), (0.003542, -0.052648, 0.056591, 0.997002)
42.2368, (-4.259044, -3.572204, 6.698874), (0.004297, -0.052495, 0.057187, 0.996973)
42.25081, (-4.258298, -3.575038, 6.705418), (0.004741, -0.052720, 0.057654, 0.996932)
42.26464, (-4.257766, -3.576850, 6.712049), (0.005185, -0.052795, 0.057953, 0.996909)
42.27851, (-4.256879, -3.578763, 6.718536), (0.004889, -0.052776, 0.058012, 0.996908)
42.29275, (-4.256879, -3.580633, 6.724772), (0.004955, -0.052568, 0.058248, 0.996905)
42.30663, (-4.259016, -3.583306, 6.731241), (0.005211, -0.052418, 0.058107, 0.996920)
42.32034, (-4.257882, -3.586494, 6.738005), (0.005005, -0.052803, 0.058140, 0.996899)
42.33424, (-4.257526, -3.588898, 6.744290), (0.005183, -0.052858, 0.058247, 0.996888)
42.34829, (-4.261513, -3.593513, 6.750808), (0.005322, -0.052851, 0.058081, 0.996898)
42.36235, (-4.262927, -3.596799, 6.756753), (0.005618, -0.053183, 0.057738, 0.996898)
42.37589, (-4.263569, -3.599802, 6.762910), (0.005807, -0.053275, 0.057734, 0.996893)
42.38956, (-4.264211, -3.602804, 6.769066), (0.005995, -0.053367, 0.057730, 0.996887)
42.40337, (-4.264854, -3.605807, 6.775223), (0.006184, -0.053460, 0.057726, 0.996881)
42.4173, (-4.265497, -3.608809, 6.781380), (0.006373, -0.053552, 0.057722, 0.996875)
42.43169, (-4.269300, -3.609715, 6.788460), (0.007711, -0.052735, 0.057771, 0.996906)
42.44521, (-4.274482, -3.613365, 6.795811), (0.010143, -0.051854, 0.057493, 0.996947)
42.45927, (-4.293382, -3.615837, 6.798532), (0.007877, -0.051942, 0.058811, 0.996886)
42.47312, (-4.313277, -3.616983, 6.796030), (0.009186, -0.054618, 0.062587, 0.996502)
42.48695, (-4.328015, -3.619961, 6.795688), (0.009535, -0.054522, 0.062661, 0.996499)
42.50074, (-4.339140, -3.623064, 6.797154), (0.009996, -0.054930, 0.063007, 0.996450)
42.51463, (-4.352452, -3.626366, 6.796863), (0.010513, -0.055541, 0.063357, 0.996389)
42.52874, (-4.364927, -3.629801, 6.794544), (0.010821, -0.056131, 0.064378, 0.996287)
42.54248, (-4.378753, -3.631929, 6.791473), (0.010887, -0.056451, 0.065736, 0.996179)
42.55664, (-4.393495, -3.630468, 6.788471), (0.010261, -0.056760, 0.066250, 0.996135)
42.57051, (-4.406538, -3.632295, 6.786544), (0.009963, -0.057343, 0.066968, 0.996056)
42.58444, (-4.426727, -3.631215, 6.779871), (0.008645, -0.057638, 0.067918, 0.995987)
42.5984, (-4.444835, -3.631694, 6.774608), (0.007883, -0.058837, 0.068470, 0.995886)
42.61248, (-4.464351, -3.633780, 6.767637), (0.007676, -0.059613, 0.069105, 0.995797)
42.62609, (-4.484477, -3.636445, 6.758539), (0.007881, -0.060692, 0.070587, 0.995626)
42.63998, (-4.503074, -3.639342, 6.750348), (0.007863, -0.061914, 0.071651, 0.995475)
42.65371, (-4.523383, -3.640983, 6.741181), (0.007471, -0.062449, 0.072817, 0.995360)
42.66762, (-4.543224, -3.641605, 6.732931), (0.007198, -0.063256, 0.074307, 0.995201)
42.6816, (-4.563437, -3.642056, 6.724195), (0.006521, -0.063967, 0.075574, 0.995065)
42.69538, (-4.584227, -3.642365, 6.714863), (0.005752, -0.064337, 0.076950, 0.994940)
42.70948, (-4.605332, -3.643314, 6.704553), (0.005140, -0.064628, 0.078088, 0.994836)
42.72338, (-4.626064, -3.645647, 6.694287), (0.004877, -0.065003, 0.079525, 0.994699)
42.73717, (-4.648019, -3.648170, 6.682463), (0.004420, -0.065153, 0.080901, 0.994581)
42.75105, (-4.669525, -3.650010, 6.672168), (0.004188, -0.065740, 0.082074, 0.994447)
42.76486, (-4.690413, -3.651912, 6.662404), (0.003396, -0.066178, 0.083700, 0.994285)
42.77883, (-4.711535, -3.654082, 6.653421), (0.002142, -0.066222, 0.085733, 0.994113)
42.79273, (-4.734598, -3.656015, 6.644583), (0.001182, -0.065630, 0.087111, 0.994034)
42.80635, (-4.755351, -3.658137, 6.634564), (-0.000088, -0.065276, 0.088654, 0.993921)
42.8202, (-4.775671, -3.660867, 6.624373), (-0.000965, -0.065224, 0.090262, 0.993780)
42.83413, (-4.795840, -3.663383, 6.613822), (-0.000937, -0.065050, 0.092217, 0.993611)
42.84799, (-4.816004, -3.666278, 6.603647), (-0.001117, -0.065310, 0.093983, 0.993429)
42.86202, (-4.836010, -3.669772, 6.591817), (-0.001466, -0.066018, 0.095190, 0.993267)
42.8759, (-4.855803, -3.672059, 6.579742), (-0.000810, -0.066139, 0.095747, 0.993206)
42.88982, (-4.872993, -3.675885, 6.566791), (-0.001065, -0.066564, 0.096246, 0.993129)
42.90376, (-4.889709, -3.678569, 6.555070), (-0.001539, -0.066938, 0.096629, 0.993066)
42.91773, (-4.905244, -3.680590, 6.545038), (-0.001983, -0.067449, 0.096789, 0.993015)
42.93157, (-4.920943, -3.681815, 6.534914), (-0.002745, -0.068105, 0.097368, 0.992912)
42.94553, (-4.937774, -3.683885, 6.524729), (-0.003096, -0.068460, 0.098053, 0.992819)
42.9594, (-4.951824, -3.685662, 6.515428), (-0.004123, -0.068957, 0.098215, 0.992765)
42.97338, (-4.964210, -3.685321, 6.506496), (-0.004727, -0.069451, 0.098463, 0.992703)
42.98753, (-4.976542, -3.684174, 6.497159), (-0.004529, -0.069512, 0.098718, 0.992674)
43.00129, (-4.988567, -3.684779, 6.488000), (-0.004298, -0.069367, 0.098976, 0.992660)
43.01536, (-4.999444, -3.684361, 6.479533), (-0.004142, -0.069792, 0.099476, 0.992581)
43.02896, (-5.009089, -3.683598, 6.471927), (-0.003808, -0.070072, 0.100408, 0.992469)
43.04282, (-5.017695, -3.683096, 6.464205), (-0.004090, -0.070742, 0.101145, 0.992345)
43.05675, (-5.023916, -3.680261, 6.458903), (-0.004297, -0.071494, 0.101575, 0.992246)
43.07088, (-5.028339, -3.675327, 6.452100), (-0.004662, -0.072102, 0.102595, 0.992096)
43.08456, (-5.033342, -3.672650, 6.445138), (-0.005667, -0.072342, 0.103317, 0.991998)
43.09834, (-5.030545, -3.666500, 6.441917), (-0.007072, -0.071539, 0.102992, 0.992081)
43.11226, (-5.026644, -3.664240, 6.437154), (-0.007584, -0.070658, 0.102719, 0.992169)
43.12625, (-5.022752, -3.660332, 6.431741), (-0.007452, -0.070158, 0.102717, 0.992206)
43.14053, (-5.017927, -3.655699, 6.425711), (-0.007240, -0.069328, 0.102465, 0.992292)
43.15415, (-5.006781, -3.650343, 6.421103), (-0.007866, -0.068197, 0.102129, 0.992400)
43.16819, (-4.997813, -3.643048, 6.417370), (-0.007841, -0.067558, 0.102112, 0.992445)
43.18209, (-4.984799, -3.635868, 6.411654), (-0.008808, -0.066840, 0.101548, 0.992544)
43.19599, (-4.967784, -3.627121, 6.405800), (-0.009167, -0.066745, 0.100663, 0.992637)
43.20957, (-4.949999, -3.618689, 6.398701), (-0.009519, -0.066076, 0.100163, 0.992729)
43.22359, (-4.930263, -3.609532, 6.391032), (-0.009668, -0.065639, 0.099793, 0.992794)
43.23744, (-4.907972, -3.599261, 6.383495), (-0.009943, -0.065291, 0.098867, 0.992907)
43.25135, (-4.882509, -3.587804, 6.375756), (-0.010397, -0.065118, 0.097525, 0.993046)
43.26548, (-4.856302, -3.576719, 6.367390), (-0.011298, -0.065319, 0.096051, 0.993167)
43.2793, (-4.826282, -3.563507, 6.356096), (-0.012309, -0.065299, 0.094072, 0.993345)
43.29312, (-4.795041, -3.549285, 6.347006), (-0.013423, -0.064805, 0.092073, 0.993551)
43.30739, (-4.757632, -3.534180, 6.337068), (-0.015635, -0.064294, 0.090110, 0.993731)
43.32079, (-4.721368, -3.518867, 6.326092), (-0.017272, -0.063655, 0.087653, 0.993965)
43.33475, (-4.685215, -3.504446, 6.315214), (-0.019052, -0.063198, 0.085265, 0.994170)
43.34867, (-4.645601, -3.489066, 6.304212), (-0.021006, -0.063048, 0.082442, 0.994378)
43.36264, (-4.604595, -3.475401, 6.291017), (-0.022776, -0.063216, 0.080256, 0.994507)
43.3766, (-4.562126, -3.461993, 6.277284), (-0.023662, -0.062567, 0.078000, 0.994707)
43.39037, (-4.518561, -3.447593, 6.264511), (-0.024526, -0.062137, 0.076030, 0.994865)
43.4043, (-4.473432, -3.432950, 6.251363), (-0.025601, -0.061211, 0.073474, 0.995088)
43.41848, (-4.428754, -3.420274, 6.237509), (-0.026926, -0.060714, 0.071155, 0.995252)
43.43242, (-4.383690, -3.408092, 6.222707), (-0.027940, -0.060075, 0.069066, 0.995410)
43.44804, (-4.335541, -3.397204, 6.207820), (-0.028756, -0.060428, 0.067552, 0.995469)
43.46207, (-4.288532, -3.386122, 6.194445), (-0.028844, -0.060276, 0.066106, 0.995573)
43.47527, (-4.242871, -3.373773, 6.180952), (-0.029774, -0.059970, 0.064192, 0.995689)
43.48866, (-4.197851, -3.361757, 6.167106), (-0.030703, -0.059398, 0.062618, 0.995795)
43.50239, (-4.149407, -3.352262, 6.153948), (-0.031954, -0.058188, 0.059762, 0.996003)
43.51622, (-4.103213, -3.342974, 6.139371), (-0.032586, -0.057568, 0.058271, 0.996107)
43.53022, (-4.054199, -3.333278, 6.125541), (-0.032590, -0.057350, 0.057256, 0.996178)
43.54383, (-4.005110, -3.326601, 6.111779), (-0.032664, -0.057354, 0.055811, 0.996257)
43.5574, (-3.958402, -3.318079, 6.098721), (-0.032263, -0.057289, 0.054198, 0.996363)
43.57129, (-3.911596, -3.310697, 6.085124), (-0.032499, -0.057275, 0.052596, 0.996442)
43.58512, (-3.863935, -3.303845, 6.073661), (-0.032084, -0.058168, 0.050791, 0.996498)
43.59915, (-3.815082, -3.294262, 6.063035), (-0.031261, -0.059107, 0.049510, 0.996533)
43.61298, (-3.766505, -3.286079, 6.052697), (-0.031272, -0.059606, 0.048125, 0.996571)
43.62684, (-3.720110, -3.278334, 6.043110), (-0.030882, -0.059695, 0.045962, 0.996680)
43.64051, (-3.674662, -3.271549, 6.033494), (-0.030751, -0.060155, 0.043407, 0.996771)
43.65422, (-3.627281, -3.266959, 6.026178), (-0.030781, -0.060714, 0.041054, 0.996836)
43.66824, (-3.578852, -3.261596, 6.019320), (-0.030480, -0.061514, 0.038501, 0.996898)
43.68221, (-3.527777, -3.254412, 6.014091), (-0.029781, -0.062631, 0.035707, 0.996953)
43.696, (-3.481846, -3.248602, 6.006951), (-0.029727, -0.063045, 0.032991, 0.997022)
43.7098, (-3.436632, -3.243314, 6.001047), (-0.029003, -0.063620, 0.029913, 0.997104)
43.72364, (-3.393304, -3.239609, 5.994613), (-0.028319, -0.064313, 0.027153, 0.997158)
43.73761, (-3.348622, -3.238410, 5.990394), (-0.027102, -0.065738, 0.023631, 0.997189)
43.75193, (-3.306530, -3.240075, 5.986061), (-0.026051, -0.066982, 0.021121, 0.997190)
43.76547, (-3.263892, -3.237859, 5.983429), (-0.024322, -0.068396, 0.018996, 0.997181)
43.7796, (-3.221380, -3.233291, 5.980741), (-0.023796, -0.069874, 0.016588, 0.997134)
43.7937, (-3.177587, -3.228450, 5.980599), (-0.023976, -0.071401, 0.013698, 0.997065)
43.80745, (-3.133084, -3.223491, 5.983395), (-0.024550, -0.072945, 0.010553, 0.996978)
43.82127, (-3.090890, -3.220556, 5.983427), (-0.024890, -0.073960, 0.007429, 0.996923)
43.83521, (-3.050087, -3.217610, 5.985216), (-0.025216, -0.075087, 0.003869, 0.996851)
43.84895, (-3.007731, -3.215138, 5.986288), (-0.025173, -0.076642, 0.000725, 0.996741)
43.86263, (-2.964618, -3.211191, 5.990623), (-0.024370, -0.078622, -0.001988, 0.996605)
43.87687, (-2.925272, -3.210279, 5.995002), (-0.023993, -0.079738, -0.004561, 0.996517)
43.89084, (-2.885625, -3.207003, 5.999820), (-0.022617, -0.081644, -0.006970, 0.996381)
43.90428, (-2.845073, -3.204104, 6.006070), (-0.022004, -0.083683, -0.009622, 0.996203)
43.91813, (-2.807654, -3.204322, 6.011261), (-0.021549, -0.085413, -0.012555, 0.996033)
43.93207, (-2.768536, -3.203342, 6.018207), (-0.020422, -0.087320, -0.015189, 0.995855)
43.94604, (-2.730139, -3.201457, 6.025143), (-0.018913, -0.089235, -0.017341, 0.995680)
43.95985, (-2.689679, -3.202889, 6.032283), (-0.018172, -0.091809, -0.019580, 0.995418)
43.9738, (-2.652055, -3.200504, 6.040493), (-0.017252, -0.094155, -0.021095, 0.995185)
43.98777, (-2.614370, -3.199202, 6.048224), (-0.016066, -0.096095, -0.023786, 0.994958)
44.00163, (-2.574592, -3.198438, 6.057756), (-0.014720, -0.098864, -0.026576, 0.994637)
44.01563, (-2.536962, -3.200774, 6.067634), (-0.013870, -0.100839, -0.029085, 0.994381)
44.02965, (-2.499036, -3.202209, 6.077359), (-0.012550, -0.102310, -0.031661, 0.994169)
44.04375, (-2.459495, -3.205585, 6.087461), (-0.013036, -0.104067, -0.033954, 0.993905)
44.0574, (-2.417969, -3.204650, 6.098793), (-0.012567, -0.106001, -0.036654, 0.993611)
44.07148, (-2.375675, -3.208157, 6.108055), (-0.012547, -0.107504, -0.038550, 0.993378)
44.08537, (-2.333351, -3.211591, 6.118853), (-0.011661, -0.109317, -0.040130, 0.993128)
44.0989, (-2.293023, -3.214705, 6.128193), (-0.010645, -0.110575, -0.042182, 0.992915)
44.11277, (-2.251769, -3.219415, 6.136589), (-0.009145, -0.112664, -0.044059, 0.992614)
44.12676, (-2.210454, -3.222795, 6.145254), (-0.007725, -0.114991, -0.046005, 0.992271)
44.14067, (-2.167981, -3.224161, 6.156059), (-0.006702, -0.117424, -0.048272, 0.991885)
44.1545, (-2.122175, -3.226283, 6.167006), (-0.006369, -0.119371, -0.050988, 0.991519)
44.1685, (-2.076997, -3.228115, 6.176654), (-0.005919, -0.120892, -0.053168, 0.991223)
44.18235, (-2.032580, -3.229781, 6.185625), (-0.005495, -0.121976, -0.055851, 0.990945)
44.19642, (-1.987598, -3.229389, 6.195155), (-0.004625, -0.123395, -0.057852, 0.990659)
44.21026, (-1.941094, -3.232138, 6.204582), (-0.004291, -0.124151, -0.061024, 0.990376)
44.22398, (-1.896336, -3.234551, 6.213671), (-0.004513, -0.125319, -0.062822, 0.990115)
44.23787, (-1.850751, -3.234605, 6.222768), (-0.004424, -0.126828, -0.064606, 0.989809)
44.25177, (-1.804856, -3.236464, 6.228231), (-0.004814, -0.127660, -0.067151, 0.989531)
44.26574, (-1.759480, -3.236080, 6.235667), (-0.004666, -0.128211, -0.069101, 0.989326)
44.27964, (-1.713075, -3.234487, 6.242080), (-0.004179, -0.128423, -0.071435, 0.989135)
44.29369, (-1.667596, -3.234873, 6.249964), (-0.005205, -0.127978, -0.074043, 0.988996)
44.30745, (-1.624191, -3.237337, 6.249121), (-0.006346, -0.128661, -0.076784, 0.988691)
44.32137, (-1.582312, -3.240230, 6.251647), (-0.006563, -0.130471, -0.078198, 0.988342)
44.3352, (-1.538188, -3.242000, 6.256146), (-0.007177, -0.133237, -0.078808, 0.987920)
44.3491, (-1.491696, -3.243878, 6.259221), (-0.008290, -0.136478, -0.079161, 0.987441)
44.36323, (-1.444964, -3.244476, 6.262961), (-0.009238, -0.139739, -0.079796, 0.986925)
44.37731, (-1.397525, -3.244150, 6.266475), (-0.009908, -0.142035, -0.081039, 0.986489)
44.39115, (-1.353116, -3.245343, 6.269158), (-0.011103, -0.143787, -0.083344, 0.986030)
44.40504, (-1.311246, -3.245305, 6.272155), (-0.011664, -0.145839, -0.087185, 0.985390)
44.41876, (-1.269092, -3.249662, 6.271980), (-0.011573, -0.148833, -0.091605, 0.984542)
44.4328, (-1.227854, -3.253415, 6.272027), (-0.010895, -0.151666, -0.093809, 0.983910)
44.4467, (-1.185447, -3.260484, 6.271306), (-0.010096, -0.155029, -0.095282, 0.983252)
44.46049, (-1.142005, -3.262783, 6.273125), (-0.009813, -0.158447, -0.096231, 0.982618)
44.47424, (-1.101250, -3.266116, 6.272306), (-0.010422, -0.161036, -0.097229, 0.982092)
44.48851, (-1.060240, -3.266380, 6.270852), (-0.011471, -0.164894, -0.097404, 0.981423)
44.50202, (-1.021417, -3.268304, 6.266147), (-0.012995, -0.168861, -0.098231, 0.980647)
44.51589, (-0.982952, -3.271030, 6.262488), (-0.014153, -0.173289, -0.099071, 0.979773)
44.52983, (-0.942062, -3.275265, 6.261953), (-0.015224, -0.178496, -0.102017, 0.978519)
44.54365, (-0.902851, -3.274935, 6.257567), (-0.017476, -0.183145, -0.105104, 0.977295)
44.55762, (-0.862023, -3.274949, 6.254604), (-0.019481, -0.187775, -0.109196, 0.975929)
44.57151, (-0.821053, -3.279067, 6.253668), (-0.022153, -0.191579, -0.113222, 0.974673)
44.58557, (-0.784217, -3.282930, 6.250104), (-0.024275, -0.193884, -0.116828, 0.973741)
44.59947, (-0.746469, -3.285792, 6.246334), (-0.025895, -0.197097, -0.118532, 0.972848)
44.61374, (-0.709860, -3.292619, 6.246615), (-0.025225, -0.199565, -0.121156, 0.972039)
44.62757, (-0.674123, -3.295518, 6.246726), (-0.025109, -0.201370, -0.124062, 0.971302)
44.64165, (-0.639061, -3.299783, 6.247155), (-0.025728, -0.202854, -0.126523, 0.970660)
44.65528, (-0.603932, -3.307723, 6.248760), (-0.026697, -0.203369, -0.129432, 0.970142)
44.66947, (-0.570032, -3.312860, 6.248767), (-0.027393, -0.203998, -0.130221, 0.969885)
44.68333, (-0.539101, -3.319200, 6.248928), (-0.027989, -0.204544, -0.131270, 0.969612)
44.69713, (-0.507294, -3.326775, 6.248699), (-0.028775, -0.206023, -0.132551, 0.969101)
44.71098, (-0.478283, -3.330970, 6.248595), (-0.028237, -0.207064, -0.135087, 0.968545)
44.72488, (-0.447319, -3.336127, 6.248732), (-0.028457, -0.208087, -0.136902, 0.968064)
44.73876, (-0.418257, -3.341966, 6.249197), (-0.028422, -0.208496, -0.138144, 0.967801)
44.75272, (-0.390244, -3.348145, 6.251479), (-0.028657, -0.209289, -0.139790, 0.967386)
44.76649, (-0.367494, -3.354524, 6.249945), (-0.027970, -0.209462, -0.141819, 0.967073)
44.78043, (-0.342931, -3.362180, 6.249445), (-0.027370, -0.210471, -0.143987, 0.966551)
44.79438, (-0.320485, -3.368511, 6.249977), (-0.026743, -0.210741, -0.145451, 0.966290)
44.80798, (-0.297183, -3.372645, 6.252244), (-0.026689, -0.211271, -0.146453, 0.966025)
44.82193, (-0.277588, -3.377733, 6.253884), (-0.027997, -0.210790, -0.147618, 0.965915)
44.83579, (-0.259276, -3.381077, 6.256898), (-0.029505, -0.210540, -0.148221, 0.965833)
44.84977, (-0.242731, -3.384594, 6.259194), (-0.030051, -0.210177, -0.149658, 0.965674)
44.86389, (-0.230053, -3.386971, 6.261763), (-0.029440, -0.210167, -0.151166, 0.965460)
44.87761, (-0.217992, -3.392504, 6.262551), (-0.029261, -0.210260, -0.152648, 0.965212)
44.89166, (-0.205290, -3.396516, 6.264651), (-0.028810, -0.210375, -0.153848, 0.965009)
44.90594, (-0.195428, -3.401980, 6.266705), (-0.028431, -0.210137, -0.154467, 0.964974)
44.91925, (-0.188736, -3.407371, 6.267787), (-0.027518, -0.210455, -0.153600, 0.965069)
44.93329, (-0.182722, -3.411390, 6.267996), (-0.027099, -0.210722, -0.153460, 0.965045)
44.94713, (-0.178193, -3.414015, 6.269361), (-0.026219, -0.211380, -0.153836, 0.964866)
44.96087, (-0.173554, -3.416727, 6.268596), (-0.025639, -0.211576, -0.154564, 0.964722)
44.97479, (-0.170793, -3.417939, 6.269049), (-0.024681, -0.211643, -0.155093, 0.964647)
44.98861, (-0.165355, -3.421035, 6.268940), (-0.024191, -0.211785, -0.155647, 0.964539)
45.00257, (-0.159240, -3.424202, 6.269084), (-0.023693, -0.211987, -0.156237, 0.964412)
45.01649, (-0.153127, -3.427370, 6.269228), (-0.023194, -0.212188, -0.156828, 0.964284)
45.03052, (-0.157556, -3.423630, 6.265009), (-0.021346, -0.210840, -0.158383, 0.964368)
45.04424, (-0.155612, -3.422803, 6.264867), (-0.020078, -0.210470, -0.158807, 0.964407)
45.05841, (-0.176165, -3.413483, 6.257326), (-0.020734, -0.207117, -0.156616, 0.965476)
45.07227, (-0.167968, -3.417341, 6.257887), (-0.020490, -0.205755, -0.156009, 0.965871)
45.08604, (-0.200319, -3.403614, 6.239588), (-0.021418, -0.204859, -0.153621, 0.966424)
45.09984, (-0.214936, -3.397875, 6.233522), (-0.022461, -0.204104, -0.151294, 0.966927)
45.11371, (-0.230688, -3.390586, 6.226033), (-0.023163, -0.203580, -0.150409, 0.967159)
45.12767, (-0.248010, -3.384335, 6.216762), (-0.024087, -0.202938, -0.150235, 0.967298)
45.14157, (-0.265836, -3.377540, 6.207346), (-0.024692, -0.202827, -0.149585, 0.967407)
45.1557, (-0.281719, -3.371408, 6.198411), (-0.025065, -0.202442, -0.149209, 0.967536)
45.16974, (-0.306187, -3.365164, 6.186746), (-0.026343, -0.202969, -0.148241, 0.967540)
45.18337, (-0.338372, -3.352714, 6.172984), (-0.027045, -0.204863, -0.146564, 0.967377)
45.19716, (-0.364590, -3.345287, 6.160119), (-0.027823, -0.205578, -0.145468, 0.967369)
45.21108, (-0.392023, -3.336084, 6.146441), (-0.028112, -0.207205, -0.144195, 0.967204)
45.22493, (-0.425696, -3.324978, 6.131408), (-0.029338, -0.209552, -0.141992, 0.966988)
45.23884, (-0.457626, -3.313152, 6.115917), (-0.030789, -0.211903, -0.140398, 0.966663)
45.25311, (-0.491855, -3.301790, 6.098542), (-0.032954, -0.214602, -0.138992, 0.966199)
45.26711, (-0.526272, -3.289220, 6.080061), (-0.035434, -0.218249, -0.137348, 0.965530)
45.2807, (-0.563004, -3.279147, 6.059997), (-0.037401, -0.221672, -0.135803, 0.964894)
45.29483, (-0.601429, -3.267342, 6.037368), (-0.039308, -0.225390, -0.134246, 0.964174)
45.30848, (-0.636047, -3.256321, 6.018638), (-0.040839, -0.227812, -0.132821, 0.963739)
45.32231, (-0.675511, -3.244896, 5.995911), (-0.042065, -0.231011, -0.131566, 0.963096)
45.33622, (-0.717927, -3.230432, 5.968566), (-0.043979, -0.236695, -0.130860, 0.961726)
45.35015, (-0.759246, -3.219419, 5.945640), (-0.045971, -0.241189, -0.129779, 0.960662)
45.36426, (-0.802906, -3.211086, 5.920592), (-0.047404, -0.245758, -0.128724, 0.959576)
45.3781, (-0.847215, -3.203298, 5.897610), (-0.048328, -0.251051, -0.127589, 0.958310)
45.39199, (-0.887823, -3.192676, 5.876167), (-0.048645, -0.256402, -0.126618, 0.957006)
45.40595, (-0.930699, -3.184104, 5.853244), (-0.049880, -0.262047, -0.124573, 0.955680)
45.42011, (-0.973840, -3.172888, 5.830715), (-0.049698, -0.267366, -0.122626, 0.954468)
45.43408, (-1.013295, -3.167951, 5.809402), (-0.048822, -0.272993, -0.123074, 0.952861)
45.44798, (-1.053418, -3.162335, 5.790817), (-0.045906, -0.278783, -0.124039, 0.951203)
45.4618, (-1.097947, -3.161213, 5.769790), (-0.043595, -0.283483, -0.128381, 0.949345)
45.47586, (-1.142409, -3.154837, 5.747273), (-0.041732, -0.287453, -0.133329, 0.947551)
45.49004, (-1.185111, -3.151358, 5.724897), (-0.040699, -0.291506, -0.137014, 0.945830)
45.50352, (-1.229118, -3.148655, 5.706435), (-0.038098, -0.295992, -0.143584, 0.943568)
45.51748, (-1.276510, -3.154464, 5.690544), (-0.037829, -0.299815, -0.144830, 0.942181)
45.53135, (-1.334847, -3.167419, 5.669837), (-0.032300, -0.303353, -0.138931, 0.942142)
45.54567, (-1.386093, -3.173449, 5.648213), (-0.026775, -0.308182, -0.134744, 0.941356)
45.55976, (-1.437741, -3.178692, 5.626009), (-0.022141, -0.314116, -0.130361, 0.940132)
45.57333, (-1.490316, -3.180288, 5.604169), (-0.018593, -0.320183, -0.127722, 0.938522)
45.58747, (-1.543503, -3.181560, 5.583125), (-0.014299, -0.327039, -0.124948, 0.936605)
45.60106, (-1.595680, -3.184807, 5.561409), (-0.011180, -0.333688, -0.122537, 0.934619)
45.61499, (-1.650215, -3.185393, 5.534837), (-0.007441, -0.340902, -0.119758, 0.932410)
45.62898, (-1.702368, -3.191259, 5.509295), (-0.003924, -0.347886, -0.117358, 0.930154)
45.64273, (-1.752001, -3.194766, 5.484084), (-0.001234, -0.355543, -0.113001, 0.927803)
45.65669, (-1.801961, -3.199545, 5.456080), (0.002001, -0.363003, -0.109599, 0.925318)
45.6709, (-1.849515, -3.198650, 5.430423), (0.003223, -0.370384, -0.106112, 0.922793)
45.68458, (-1.897334, -3.194165, 5.403260), (0.004212, -0.377099, -0.103729, 0.920336)
45.69899, (-1.942014, -3.192945, 5.377568), (0.003372, -0.384594, -0.102789, 0.917339)
45.71258, (-1.988961, -3.187304, 5.347346), (0.003025, -0.391597, -0.100910, 0.914582)
45.72634, (-2.033715, -3.185238, 5.318178), (0.003762, -0.398869, -0.098332, 0.911713)
45.74029, (-2.075828, -3.186088, 5.288754), (0.004430, -0.406499, -0.094753, 0.908714)
45.75434, (-2.118568, -3.185993, 5.260975), (0.005434, -0.413752, -0.091730, 0.905740)
45.76817, (-2.157850, -3.185195, 5.231538), (0.004150, -0.420464, -0.088249, 0.902998)
45.78211, (-2.197809, -3.180004, 5.207576), (0.003792, -0.426856, -0.086242, 0.900190)
45.79607, (-2.236234, -3.177342, 5.180522), (0.003784, -0.432805, -0.085011, 0.897462)
45.81009, (-2.271612, -3.175777, 5.150681), (0.004053, -0.438916, -0.082386, 0.894734)
45.82407, (-2.305255, -3.177058, 5.124430), (0.003823, -0.444388, -0.079952, 0.892251)
45.83793, (-2.337668, -3.172853, 5.100653), (0.004187, -0.448718, -0.076370, 0.890395)
45.85185, (-2.369945, -3.171439, 5.071869), (0.003878, -0.453605, -0.073737, 0.888139)
45.86581, (-2.398861, -3.167826, 5.045006), (0.003662, -0.458064, -0.071399, 0.886040)
45.87971, (-2.426343, -3.164618, 5.020040), (0.002640, -0.461722, -0.069704, 0.884278)
45.89386, (-2.448916, -3.160441, 4.993453), (0.001268, -0.463356, -0.067406, 0.883604)
45.90799, (-2.473206, -3.158611, 4.967185), (0.000224, -0.465650, -0.065692, 0.882527)
45.92179, (-2.493081, -3.155605, 4.944379), (-0.001959, -0.468056, -0.062644, 0.881473)
45.93573, (-2.515522, -3.153048, 4.917829), (-0.003361, -0.470286, -0.060781, 0.880412)
45.94965, (-2.537081, -3.150766, 4.893810), (-0.004562, -0.472997, -0.058897, 0.879082)
45.96366, (-2.556028, -3.149114, 4.870167), (-0.005423, -0.475088, -0.057950, 0.878012)
45.97746, (-2.574160, -3.148936, 4.848137), (-0.006188, -0.477166, -0.056768, 0.876956)
45.99147, (-2.590399, -3.147982, 4.825630), (-0.007375, -0.478500, -0.055285, 0.876315)
46.00531, (-2.608731, -3.143929, 4.803603), (-0.007914, -0.480182, -0.053364, 0.875509)
46.01888, (-2.625292, -3.143274, 4.779775), (-0.009140, -0.481162, -0.051428, 0.875074)
46.03292, (-2.639265, -3.144315, 4.758392), (-0.009685, -0.483175, -0.049560, 0.874067)
46.0467, (-2.654980, -3.144715, 4.734478), (-0.009865, -0.484579, -0.047065, 0.873425)
46.06117, (-2.669803, -3.146747, 4.710782), (-0.010064, -0.485595, -0.044795, 0.872977)
46.07456, (-2.683296, -3.147765, 4.689702), (-0.010308, -0.487052, -0.042642, 0.872270)
46.08841, (-2.693740, -3.150548, 4.669498), (-0.011156, -0.487428, -0.040608, 0.872147)
46.1022, (-2.702775, -3.152617, 4.648927), (-0.011766, -0.487739, -0.038102, 0.872078)
46.11616, (-2.711003, -3.154261, 4.629447), (-0.012890, -0.488369, -0.035860, 0.871805)
46.13019, (-2.721046, -3.155487, 4.609786), (-0.013419, -0.489101, -0.034594, 0.871437)
46.14398, (-2.729760, -3.157159, 4.590863), (-0.014352, -0.489518, -0.033302, 0.871239)
46.15786, (-2.738460, -3.159926, 4.572181), (-0.014904, -0.489970, -0.032282, 0.871014)
46.17179, (-2.740762, -3.165792, 4.559999), (-0.014231, -0.488675, -0.032343, 0.871750)
46.18564, (-2.747082, -3.168286, 4.545919), (-0.014384, -0.487539, -0.031335, 0.872420)
46.19965, (-2.753819, -3.170888, 4.530541), (-0.014451, -0.486398, -0.030525, 0.873085)
46.21395, (-2.760608, -3.174083, 4.517793), (-0.014362, -0.485611, -0.029662, 0.873553)
46.22789, (-2.767861, -3.177742, 4.506974), (-0.014791, -0.484017, -0.028838, 0.874459)
46.24128, (-2.773643, -3.180110, 4.496734), (-0.014713, -0.482492, -0.028112, 0.875326)
46.25504, (-2.780320, -3.181219, 4.490076), (-0.015331, -0.480004, -0.027472, 0.876702)
46.26886, (-2.786443, -3.184307, 4.482845), (-0.015233, -0.477043, -0.027194, 0.878327)
46.28283, (-2.792561, -3.186353, 4.475727), (-0.014910, -0.474357, -0.025648, 0.879833)
46.29657, (-2.798327, -3.193109, 4.474481), (-0.014190, -0.470191, -0.023803, 0.882130)
46.31049, (-2.804888, -3.197861, 4.473026), (-0.013748, -0.466031, -0.022611, 0.884373)
46.32432, (-2.809777, -3.201985, 4.470666), (-0.013556, -0.461619, -0.021108, 0.886723)
46.33823, (-2.811782, -3.208858, 4.471264), (-0.012983, -0.456601, -0.019622, 0.889361)
46.35215, (-2.814657, -3.217456, 4.474056), (-0.012406, -0.449901, -0.017537, 0.892820)
46.36624, (-2.812792, -3.227370, 4.481129), (-0.011718, -0.443187, -0.016283, 0.896205)
46.37988, (-2.813708, -3.231852, 4.485298), (-0.009807, -0.435929, -0.014646, 0.899808)
46.39386, (-2.811793, -3.238378, 4.493007), (-0.008349, -0.427703, -0.014134, 0.903771)
46.40768, (-2.805259, -3.246182, 4.505967), (-0.006730, -0.418798, -0.014102, 0.907945)
46.42165, (-2.795506, -3.250395, 4.518873), (-0.005123, -0.408796, -0.013779, 0.912508)
46.43549, (-2.784546, -3.258506, 4.533225), (-0.004851, -0.398691, -0.014559, 0.916957)
46.4493, (-2.777300, -3.261064, 4.544982), (-0.004665, -0.388057, -0.014991, 0.921502)
46.46316, (-2.767482, -3.263414, 4.562261), (-0.004856, -0.378854, -0.016594, 0.925295)
46.4771, (-2.757728, -3.266503, 4.577866), (-0.004470, -0.370300, -0.017457, 0.928738)
46.49098, (-2.746611, -3.270154, 4.596081), (-0.004315, -0.362509, -0.018811, 0.931780)
46.50527, (-2.735132, -3.274173, 4.614660), (-0.003889, -0.354487, -0.020070, 0.934837)
46.5194, (-2.721831, -3.280345, 4.633849), (-0.003127, -0.345957, -0.021262, 0.938004)
46.53324, (-2.703920, -3.285202, 4.660081), (-0.002542, -0.337441, -0.020851, 0.941113)
46.54672, (-2.689126, -3.288635, 4.683972), (-0.002391, -0.329067, -0.020406, 0.944083)
46.56075, (-2.673877, -3.291155, 4.711357), (-0.002786, -0.320044, -0.021037, 0.947165)
46.57456, (-2.654845, -3.296409, 4.739513), (-0.002965, -0.311507, -0.021998, 0.949985)
46.5885, (-2.634019, -3.301249, 4.769012), (-0.001800, -0.302543, -0.023249, 0.952851)
46.602, (-2.614211, -3.305899, 4.797782), (0.000386, -0.292314, -0.024216, 0.956016)
46.6162, (-2.592589, -3.313497, 4.826149), (0.001778, -0.281704, -0.025669, 0.959156)
46.6297, (-2.571601, -3.316159, 4.857053), (0.003576, -0.271249, -0.026073, 0.962149)
46.64355, (-2.550924, -3.321838, 4.888864), (0.004567, -0.260908, -0.027786, 0.964953)
46.65737, (-2.533048, -3.321958, 4.920382), (0.006344, -0.250390, -0.028687, 0.967699)
46.67133, (-2.513728, -3.323463, 4.952071), (0.007995, -0.240171, -0.029500, 0.970249)
46.68515, (-2.495356, -3.326398, 4.982546), (0.008963, -0.229478, -0.031036, 0.972778)
46.69893, (-2.474627, -3.324956, 5.018637), (0.010356, -0.220843, -0.031128, 0.974758)
46.71278, (-2.456121, -3.327328, 5.050710), (0.010615, -0.211743, -0.031210, 0.976769)
46.72674, (-2.439278, -3.330514, 5.083672), (0.010936, -0.202951, -0.031708, 0.978614)
46.74056, (-2.421242, -3.332990, 5.123110), (0.011064, -0.196565, -0.031216, 0.979931)
46.75432, (-2.404947, -3.334931, 5.157876), (0.011781, -0.189744, -0.029747, 0.981312)
46.76849, (-2.391174, -3.335811, 5.192220), (0.013550, -0.182457, -0.029454, 0.982679)
46.78239, (-2.373397, -3.337446, 5.232500), (0.015212, -0.176987, -0.030296, 0.983629)
46.79617, (-2.358341, -3.339601, 5.273079), (0.016536, -0.172133, -0.030410, 0.984465)
46.80992, (-2.342902, -3.341357, 5.314218), (0.018330, -0.167070, -0.030359, 0.985307)
46.82367, (-2.323646, -3.345523, 5.360763), (0.020203, -0.163824, -0.030608, 0.985808)
46.83758, (-2.305601, -3.349273, 5.406416), (0.022159, -0.159366, -0.031404, 0.986471)
46.85142, (-2.287672, -3.349464, 5.453249), (0.024174, -0.154962, -0.030715, 0.987147)
46.86533, (-2.267839, -3.353032, 5.500956), (0.026040, -0.150314, -0.030450, 0.987826)
46.87893, (-2.248097, -3.357657, 5.549641), (0.029943, -0.145266, -0.030352, 0.988474)
46.89262, (-2.227775, -3.369979, 5.596618), (0.034036, -0.140081, -0.030226, 0.989093)
46.9067, (-2.204632, -3.380346, 5.644274), (0.039432, -0.135773, -0.030420, 0.989488)
46.92025, (-2.183043, -3.389633, 5.692064), (0.045082, -0.130941, -0.030379, 0.989899)
46.93405, (-2.161870, -3.399854, 5.739454), (0.050258, -0.126395, -0.030665, 0.990231)
46.94781, (-2.138096, -3.410834, 5.786910), (0.055651, -0.122233, -0.031246, 0.990447)
46.96176, (-2.110147, -3.423035, 5.833189), (0.060278, -0.118240, -0.030336, 0.990690)
46.97561, (-2.081937, -3.434865, 5.879089), (0.065352, -0.112823, -0.029557, 0.991023)
46.98943, (-2.049653, -3.446691, 5.927696), (0.069976, -0.106245, -0.028202, 0.991474)
47.00315, (-2.016828, -3.458461, 5.975021), (0.074194, -0.098610, -0.028037, 0.991960)
47.01701, (-1.983208, -3.466337, 6.021472), (0.077929, -0.091459, -0.028006, 0.992360)
47.03086, (-1.947912, -3.473997, 6.067610), (0.080442, -0.083190, -0.030120, 0.992825)
47.04464, (-1.909895, -3.477576, 6.114029), (0.081347, -0.074219, -0.032003, 0.993403)
47.0588, (-1.866714, -3.484379, 6.158607), (0.083493, -0.065451, -0.034651, 0.993753)
47.07251, (-1.827603, -3.491249, 6.200106), (0.087552, -0.055331, -0.035262, 0.993997)
47.08614, (-1.786978, -3.498075, 6.244749), (0.092241, -0.047215, -0.035908, 0.993968)
47.09969, (-1.748984, -3.505415, 6.290092), (0.095804, -0.039402, -0.036685, 0.993943)
47.11364, (-1.699424, -3.521146, 6.321857), (0.105846, -0.026409, -0.038228, 0.993296)
47.12736, (-1.649485, -3.531967, 6.365789), (0.110280, -0.016706, -0.039003, 0.992995)
47.14118, (-1.603751, -3.536804, 6.407139), (0.111992, -0.007857, -0.040968, 0.992833)
47.15491, (-1.560747, -3.542230, 6.445450), (0.113781, 0.000781, -0.043490, 0.992553)
47.16879, (-1.518894, -3.541415, 6.482835), (0.115772, 0.008144, -0.046491, 0.992154)
47.18258, (-1.476522, -3.549685, 6.514259), (0.115130, 0.013541, -0.048533, 0.992072)
47.19642, (-1.429790, -3.552361, 6.553187), (0.117470, 0.018117, -0.048570, 0.991723)
47.21019, (-1.380464, -3.560802, 6.585044), (0.119929, 0.021403, -0.047893, 0.991396)
47.22411, (-1.336622, -3.566995, 6.615059), (0.122201, 0.025492, -0.045968, 0.991113)
47.23793, (-1.287630, -3.572072, 6.646696), (0.124602, 0.029735, -0.046546, 0.990668)
47.25171, (-1.239388, -3.568606, 6.674604), (0.128180, 0.034487, -0.047776, 0.989999)
47.26554, (-1.194426, -3.573172, 6.698442), (0.129193, 0.040067, -0.049727, 0.989561)
47.27942, (-1.147122, -3.577615, 6.723179), (0.130182, 0.045898, -0.052196, 0.989051)
47.29335, (-1.097373, -3.578110, 6.747042), (0.131556, 0.050558, -0.053525, 0.988571)
47.30709, (-1.051195, -3.579313, 6.770843), (0.132646, 0.055489, -0.055123, 0.988073)
47.32128, (-1.006334, -3.578855, 6.793511), (0.132528, 0.059205, -0.056193, 0.987812)
47.33519, (-0.960900, -3.578544, 6.813253), (0.132892, 0.062969, -0.057805, 0.987438)
47.34897, (-0.919263, -3.579788, 6.828945), (0.133658, 0.067491, -0.058807, 0.986976)
47.36287, (-0.877956, -3.578105, 6.841271), (0.135202, 0.070310, -0.057635, 0.986638)
47.37676, (-0.836230, -3.574423, 6.857540), (0.137174, 0.073629, -0.057829, 0.986113)
47.39061, (-0.798891, -3.572596, 6.871943), (0.137716, 0.075187, -0.058597, 0.985874)
47.40447, (-0.762283, -3.569926, 6.886493), (0.136809, 0.076241, -0.058589, 0.985920)
47.41816, (-0.726270, -3.564962, 6.900799), (0.137096, 0.077241, -0.058835, 0.985788)
47.43176, (-0.689281, -3.564510, 6.909153), (0.136346, 0.077606, -0.058716, 0.985870)
47.44589, (-0.653611, -3.562793, 6.918578), (0.136149, 0.078024, -0.057498, 0.985936)
47.45962, (-0.618061, -3.559730, 6.925980), (0.136511, 0.078266, -0.056144, 0.985945)
47.4736, (-0.584160, -3.557997, 6.933686), (0.136068, 0.079501, -0.055874, 0.985922)
47.48743, (-0.553662, -3.558232, 6.938416), (0.135316, 0.079920, -0.055862, 0.985993)
47.50139, (-0.522985, -3.560133, 6.940750), (0.134579, 0.079997, -0.055883, 0.986086)
47.51567, (-0.492654, -3.558912, 6.942111), (0.136034, 0.079920, -0.056717, 0.985845)
47.52903, (-0.462995, -3.559057, 6.942542), (0.136472, 0.078845, -0.057032, 0.985853)
47.54289, (-0.432786, -3.558105, 6.945795), (0.136361, 0.078967, -0.057073, 0.985856)
47.55682, (-0.404581, -3.557230, 6.943309), (0.135333, 0.077893, -0.058587, 0.985995)
47.57077, (-0.375449, -3.557395, 6.942127), (0.134819, 0.077808, -0.058734, 0.986063)
47.58471, (-0.345267, -3.557374, 6.939463), (0.134129, 0.077989, -0.058859, 0.986135)
47.5984, (-0.315372, -3.555357, 6.936985), (0.132961, 0.078011, -0.058854, 0.986292)
47.6124, (-0.286200, -3.553876, 6.933043), (0.131509, 0.078573, -0.059098, 0.986427)
47.62651, (-0.258383, -3.551892, 6.928065), (0.130270, 0.078783, -0.059028, 0.986579)
47.64054, (-0.233184, -3.551579, 6.922317), (0.128599, 0.079331, -0.058980, 0.986758)
47.65417, (-0.207784, -3.550683, 6.914958), (0.128203, 0.079325, -0.058704, 0.986826)
47.66785, (-0.183109, -3.550068, 6.907316), (0.128109, 0.078996, -0.058126, 0.986899)
47.6818, (-0.159875, -3.550917, 6.897962), (0.127883, 0.078638, -0.058416, 0.986940)
47.69575, (-0.137267, -3.551139, 6.889939), (0.126480, 0.078242, -0.058847, 0.987126)
47.70957, (-0.117312, -3.548721, 6.880684), (0.125217, 0.077784, -0.059014, 0.987313)
47.72355, (-0.097513, -3.545834, 6.869338), (0.123642, 0.077065, -0.058748, 0.987584)
47.73728, (-0.077644, -3.544214, 6.857424), (0.122663, 0.075794, -0.058897, 0.987796)
47.75127, (-0.059601, -3.542165, 6.847143), (0.121672, 0.074563, -0.058755, 0.988020)
47.76516, (-0.043346, -3.541229, 6.835734), (0.120297, 0.073180, -0.058216, 0.988324)
47.77911, (-0.026016, -3.539838, 6.823902), (0.119324, 0.071772, -0.058129, 0.988550)
47.7934, (-0.013149, -3.537731, 6.810370), (0.118958, 0.068449, -0.056483, 0.988926)
47.80693, (0.001652, -3.535787, 6.798022), (0.119014, 0.066422, -0.055324, 0.989122)
47.82076, (0.016249, -3.532844, 6.786889), (0.118545, 0.064801, -0.054917, 0.989309)
47.83463, (0.027832, -3.528223, 6.776056), (0.117799, 0.064084, -0.054331, 0.989477)
47.84855, (0.042300, -3.523670, 6.763321), (0.116678, 0.062843, -0.053515, 0.989734)
47.86269, (0.054181, -3.521268, 6.750187), (0.114859, 0.062496, -0.051807, 0.990059)
47.87675, (0.068373, -3.517649, 6.737404), (0.113544, 0.061088, -0.049693, 0.990407)
47.89018, (0.081063, -3.515410, 6.723906), (0.111395, 0.060235, -0.046302, 0.990868)
47.90411, (0.090704, -3.512269, 6.711159), (0.109677, 0.059156, -0.042770, 0.991283)
47.91795, (0.102300, -3.507661, 6.698973), (0.108010, 0.057967, -0.039975, 0.991653)
47.93179, (0.113073, -3.502706, 6.683276), (0.106062, 0.056531, -0.037544, 0.992041)
47.94574, (0.125296, -3.500868, 6.666520), (0.103950, 0.054397, -0.035074, 0.992474)
47.95972, (0.134366, -3.499341, 6.650891), (0.101478, 0.052569, -0.032618, 0.992912)
47.97357, (0.144503, -3.495550, 6.636220), (0.099571, 0.050212, -0.030200, 0.993304)
47.98755, (0.157780, -3.491523, 6.619133), (0.097805, 0.047493, -0.028945, 0.993650)
48.00198, (0.168405, -3.485876, 6.600031), (0.095766, 0.044623, -0.026816, 0.994042)
48.01555, (0.178020, -3.481798, 6.579917), (0.092994, 0.041844, -0.024768, 0.994479)
48.02945, (0.189301, -3.476917, 6.561442), (0.090516, 0.039137, -0.023402, 0.994851)
48.04325, (0.202388, -3.469424, 6.544190), (0.088819, 0.036396, -0.022646, 0.995125)
48.05713, (0.216914, -3.463064, 6.524561), (0.086237, 0.033614, -0.021348, 0.995479)
48.07101, (0.230295, -3.454808, 6.502304), (0.081208, 0.031825, -0.020695, 0.995974)
48.08488, (0.243541, -3.445973, 6.481645), (0.078043, 0.030520, -0.019886, 0.996284)
48.09857, (0.259632, -3.428305, 6.461651), (0.074020, 0.029444, -0.016926, 0.996678)
48.11259, (0.273559, -3.417095, 6.440026), (0.070160, 0.029282, -0.015811, 0.996981)
48.12627, (0.285217, -3.407924, 6.416745), (0.065499, 0.029252, -0.014588, 0.997317)
48.14042, (0.297202, -3.390989, 6.396284), (0.061974, 0.029044, -0.014022, 0.997557)
48.15419, (0.307477, -3.375696, 6.375813), (0.057426, 0.029264, -0.012534, 0.997842)
48.16811, (0.316669, -3.355689, 6.355309), (0.051814, 0.028900, -0.010354, 0.998185)
48.18199, (0.326022, -3.336407, 6.333205), (0.046510, 0.028416, -0.008315, 0.998479)
48.19608, (0.332657, -3.324969, 6.308029), (0.039427, 0.028145, -0.006337, 0.998806)
48.20987, (0.337044, -3.317168, 6.281123), (0.034273, 0.026623, -0.004623, 0.999047)
48.22379, (0.341208, -3.302760, 6.259420), (0.031551, 0.025136, -0.003839, 0.999179)
48.23772, (0.343730, -3.285379, 6.242379), (0.028385, 0.025149, -0.004927, 0.999269)
48.25164, (0.345128, -3.277872, 6.216592), (0.021685, 0.024639, -0.003546, 0.999455)
48.26567, (0.344330, -3.273523, 6.191990), (0.017875, 0.025664, -0.002984, 0.999506)
48.27957, (0.346396, -3.265822, 6.168432), (0.015899, 0.025931, -0.002132, 0.999535)
48.2935, (0.345250, -3.266757, 6.142859), (0.012983, 0.027195, -0.002226, 0.999543)
48.30741, (0.343287, -3.268827, 6.114956), (0.011320, 0.029184, -0.003808, 0.999503)
48.32135, (0.339162, -3.265814, 6.087638), (0.011686, 0.031339, -0.003525, 0.999434)
48.33534, (0.336352, -3.266745, 6.061465), (0.011767, 0.034353, -0.004187, 0.999332)
48.34925, (0.332426, -3.268069, 6.035440), (0.011577, 0.037329, -0.003814, 0.999229)
48.36321, (0.330757, -3.268124, 6.011683), (0.010799, 0.039308, -0.003482, 0.999163)
48.37709, (0.325995, -3.265033, 5.989799), (0.010043, 0.043294, -0.002049, 0.999010)
48.39104, (0.322957, -3.257771, 5.967124), (0.008079, 0.047132, -0.001498, 0.998855)
48.40526, (0.320802, -3.253634, 5.944855), (0.005286, 0.050791, -0.000969, 0.998695)
48.41931, (0.317967, -3.247956, 5.926290), (0.002378, 0.055986, -0.000231, 0.998429)
48.43286, (0.312960, -3.240368, 5.909924), (0.000018, 0.061329, 0.000280, 0.998118)
48.44674, (0.311461, -3.236423, 5.893116), (-0.002759, 0.065960, 0.000094, 0.997819)
48.46066, (0.305199, -3.232112, 5.872955), (-0.005026, 0.071203, 0.000917, 0.997449)
48.47454, (0.303339, -3.226422, 5.855321), (-0.007055, 0.075625, 0.001151, 0.997111)
48.48846, (0.298138, -3.221675, 5.840005), (-0.009681, 0.079889, 0.002260, 0.996754)
48.50231, (0.295311, -3.216125, 5.825278), (-0.012132, 0.083735, 0.002643, 0.996411)
48.51622, (0.291963, -3.210933, 5.813210), (-0.014502, 0.087252, 0.002719, 0.996077)
48.53016, (0.289664, -3.206611, 5.800692), (-0.016276, 0.090436, 0.003641, 0.995763)
48.54406, (0.287832, -3.208635, 5.786687), (-0.017988, 0.093070, 0.004335, 0.995488)
48.55799, (0.287408, -3.206733, 5.776792), (-0.018893, 0.095275, 0.005074, 0.995259)
48.572, (0.285627, -3.208886, 5.763415), (-0.020390, 0.098173, 0.005190, 0.994947)
48.586, (0.286878, -3.206168, 5.750516), (-0.020432, 0.099591, 0.006005, 0.994801)
48.60033, (0.287433, -3.210318, 5.737625), (-0.020261, 0.100948, 0.005063, 0.994673)
48.61399, (0.288551, -3.212847, 5.725559), (-0.020231, 0.102526, 0.004205, 0.994516)
48.62791, (0.291001, -3.215305, 5.715299), (-0.018898, 0.103182, 0.002622, 0.994480)
48.64176, (0.294542, -3.219376, 5.705750), (-0.019155, 0.103970, 0.000719, 0.994396)
48.65569, (0.300592, -3.220475, 5.696592), (-0.018848, 0.104502, -0.000316, 0.994346)
48.66955, (0.311759, -3.222389, 5.689936), (-0.019627, 0.104654, -0.001504, 0.994314)
48.68351, (0.321400, -3.223060, 5.687960), (-0.019874, 0.104347, -0.002894, 0.994338)
48.69727, (0.331708, -3.225701, 5.684001), (-0.020565, 0.103895, -0.004553, 0.994365)
48.71091, (0.343500, -3.230298, 5.686205), (-0.020901, 0.101979, -0.006764, 0.994544)
48.725, (0.359473, -3.233470, 5.691834), (-0.020249, 0.100215, -0.009198, 0.994717)
48.73888, (0.379154, -3.238264, 5.699197), (-0.020292, 0.097818, -0.011624, 0.994930)
48.75254, (0.398516, -3.243847, 5.709723), (-0.019930, 0.095709, -0.013843, 0.995114)
48.76643, (0.418339, -3.249854, 5.724910), (-0.018745, 0.092375, -0.016459, 0.995412)
48.78043, (0.434405, -3.256062, 5.740187), (-0.016733, 0.088632, -0.019601, 0.995731)
48.79425, (0.445419, -3.261867, 5.755973), (-0.012981, 0.083580, -0.023898, 0.996130)
48.80821, (0.457798, -3.267304, 5.772706), (-0.009272, 0.077324, -0.026812, 0.996602)
48.82206, (0.471310, -3.272427, 5.795865), (-0.006491, 0.070375, -0.029150, 0.997074)
48.83592, (0.489332, -3.276346, 5.820065), (-0.003765, 0.063211, -0.030834, 0.997517)
48.84985, (0.505675, -3.280598, 5.845047), (-0.002533, 0.055466, -0.031594, 0.997957)
48.86408, (0.528424, -3.279173, 5.871388), (-0.000908, 0.046188, -0.029808, 0.998488)
48.87798, (0.551289, -3.280989, 5.897415), (0.000355, 0.038169, -0.028869, 0.998854)
48.89214, (0.580945, -3.285837, 5.926127), (0.001261, 0.030148, -0.028391, 0.999141)
48.90553, (0.606552, -3.285819, 5.954990), (0.003201, 0.022575, -0.028243, 0.999341)
48.91955, (0.635489, -3.289579, 5.985561), (0.004387, 0.015052, -0.029295, 0.999448)
48.93346, (0.660980, -3.294330, 6.014406), (0.007207, 0.008377, -0.030715, 0.999467)
48.94728, (0.690362, -3.300604, 6.042317), (0.010445, 0.001106, -0.032318, 0.999423)
48.96128, (0.721592, -3.305353, 6.070275), (0.015581, -0.006547, -0.034091, 0.999276)
48.97497, (0.751698, -3.311925, 6.099994), (0.018423, -0.012214, -0.033742, 0.999186)
48.98883, (0.785041, -3.311418, 6.128724), (0.021146, -0.016953, -0.034163, 0.999049)
49.00266, (0.820947, -3.308878, 6.158422), (0.023179, -0.021961, -0.035442, 0.998862)
49.01656, (0.860472, -3.302270, 6.185035), (0.021084, -0.023548, -0.037489, 0.998797)
49.03084, (0.899365, -3.295101, 6.213689), (0.019930, -0.026712, -0.040218, 0.998635)
49.04417, (0.935952, -3.293130, 6.240238), (0.019986, -0.030915, -0.041808, 0.998447)
49.05809, (0.971330, -3.290719, 6.268589), (0.020978, -0.035710, -0.043201, 0.998208)
49.07187, (1.006704, -3.288305, 6.296937), (0.021970, -0.040504, -0.044592, 0.997942)
49.08565, (1.044166, -3.288929, 6.315277), (0.020782, -0.036472, -0.044230, 0.998139)
49.09948, (1.080584, -3.288133, 6.331023), (0.021008, -0.036016, -0.045596, 0.998089)
49.11341, (1.116490, -3.286183, 6.355383), (0.021640, -0.038897, -0.046771, 0.997913)
49.12732, (1.149657, -3.286303, 6.367593), (0.020700, -0.040337, -0.049033, 0.997768)
49.14119, (1.181673, -3.286389, 6.382880), (0.020983, -0.042059, -0.050569, 0.997614)
49.15511, (1.212107, -3.289930, 6.387993), (0.023814, -0.043097, -0.050532, 0.997508)
49.16902, (1.245588, -3.292385, 6.396790), (0.024516, -0.044763, -0.050645, 0.997412)
49.18298, (1.276686, -3.291583, 6.405922), (0.025030, -0.046189, -0.050935, 0.997319)
49.19686, (1.306341, -3.294264, 6.413885), (0.023918, -0.046446, -0.051628, 0.997299)
49.21104, (1.337555, -3.296193, 6.421769), (0.022850, -0.046954, -0.052896, 0.997234)
49.2249, (1.365192, -3.297627, 6.425882), (0.021646, -0.047136, -0.054571, 0.997162)
49.2386, (1.393994, -3.302152, 6.429010), (0.019846, -0.047853, -0.056001, 0.997086)
49.25245, (1.422500, -3.307201, 6.432326), (0.018814, -0.049057, -0.057591, 0.996957)
49.26632, (1.448675, -3.312805, 6.434453), (0.019231, -0.049966, -0.058476, 0.996852)
49.2802, (1.474591, -3.319172, 6.435222), (0.020037, -0.051359, -0.058968, 0.996737)
49.29416, (1.498056, -3.324008, 6.436043), (0.021017, -0.052427, -0.059257, 0.996644)
49.30814, (1.519563, -3.328390, 6.433988), (0.021114, -0.053702, -0.060116, 0.996522)
49.32224, (1.541824, -3.331786, 6.431998), (0.021467, -0.055162, -0.060585, 0.996406)
49.33586, (1.562360, -3.334956, 6.428729), (0.022097, -0.056761, -0.059904, 0.996344)
49.3497, (1.581184, -3.339467, 6.424293), (0.023194, -0.058597, -0.059773, 0.996221)
49.36357, (1.598141, -3.344108, 6.419046), (0.024476, -0.061070, -0.058962, 0.996090)
49.37739, (1.614418, -3.348621, 6.411089), (0.025955, -0.064690, -0.057647, 0.995901)
49.39132, (1.626837, -3.350580, 6.405528), (0.028959, -0.069185, -0.056781, 0.995566)
49.40543, (1.637857, -3.354174, 6.398260), (0.030563, -0.073372, -0.056119, 0.995255)
49.4192, (1.650112, -3.357067, 6.392324), (0.033002, -0.078922, -0.055457, 0.994790)
49.433, (1.657096, -3.362428, 6.383026), (0.035602, -0.084773, -0.054526, 0.994270)
49.44698, (1.662258, -3.362058, 6.376581), (0.040548, -0.092369, -0.052442, 0.993516)
49.46098, (1.661821, -3.370984, 6.366429), (0.044535, -0.101129, -0.051201, 0.992556)
49.47538, (1.667160, -3.375165, 6.359888), (0.049470, -0.111232, -0.049164, 0.991344)
49.48911, (1.668504, -3.383400, 6.351747), (0.053002, -0.118702, -0.047271, 0.990387)
49.50291, (1.673903, -3.388461, 6.344213), (0.056131, -0.125067, -0.046027, 0.989489)
49.51662, (1.679400, -3.397616, 6.338273), (0.059889, -0.133845, -0.041298, 0.988329)
49.53068, (1.689766, -3.393869, 6.335372), (0.061323, -0.137426, -0.037593, 0.987897)
49.54434, (1.699544, -3.395969, 6.331155), (0.061608, -0.141010, -0.035694, 0.987445)
49.55832, (1.709831, -3.400227, 6.325905), (0.061524, -0.143420, -0.033706, 0.987172)
49.57199, (1.719986, -3.403906, 6.319377), (0.061871, -0.145557, -0.031601, 0.986908)
49.58598, (1.733771, -3.403921, 6.315871), (0.061189, -0.147370, -0.030131, 0.986727)
49.59995, (1.743316, -3.400840, 6.309242), (0.060474, -0.147530, -0.030150, 0.986747)
49.61417, (1.757156, -3.398507, 6.306190), (0.059259, -0.148241, -0.030646, 0.986698)
49.6279, (1.771359, -3.398082, 6.302561), (0.058453, -0.148419, -0.031365, 0.986697)
49.64177, (1.785034, -3.396751, 6.297405), (0.057602, -0.147996, -0.031902, 0.986794)
49.65567, (1.798145, -3.394564, 6.294808), (0.057485, -0.147649, -0.032364, 0.986837)
49.66959, (1.811244, -3.392811, 6.291217), (0.057072, -0.147320, -0.032056, 0.986920)
49.68349, (1.824572, -3.390337, 6.287075), (0.056351, -0.146502, -0.031387, 0.987105)
49.69751, (1.837723, -3.389235, 6.283847), (0.055261, -0.145989, -0.031136, 0.987251)
49.71133, (1.852590, -3.387574, 6.280800), (0.054420, -0.145281, -0.030539, 0.987421)
49.72523, (1.867308, -3.387305, 6.277239), (0.054678, -0.144019, -0.029858, 0.987612)
49.73914, (1.883231, -3.387645, 6.272945), (0.055155, -0.142344, -0.028688, 0.987863)
49.75351, (1.900767, -3.386000, 6.269556), (0.056152, -0.138218, -0.027200, 0.988435)
49.76717, (1.918422, -3.384635, 6.266057), (0.056072, -0.134371, -0.026178, 0.988997)
49.78135, (1.935323, -3.383361, 6.264701), (0.055668, -0.130434, -0.025685, 0.989560)
49.79516, (1.951612, -3.381927, 6.261232), (0.055109, -0.126307, -0.025036, 0.990143)
49.80851, (1.969472, -3.381084, 6.256027), (0.054853, -0.121452, -0.023565, 0.990800)
49.82234, (1.988151, -3.380165, 6.251788), (0.054578, -0.117091, -0.022386, 0.991368)
49.83623, (2.005564, -3.378346, 6.248319), (0.054716, -0.112351, -0.020939, 0.991940)
49.85007, (2.023620, -3.378538, 6.242697), (0.053857, -0.107112, -0.019649, 0.992593)
49.86422, (2.039218, -3.372630, 6.239107), (0.053670, -0.102278, -0.017506, 0.993153)
49.87813, (2.056944, -3.368865, 6.235991), (0.051200, -0.096849, -0.018729, 0.993805)
49.8922, (2.071405, -3.367350, 6.231832), (0.048886, -0.092612, -0.018198, 0.994335)
49.90553, (2.087358, -3.364010, 6.228773), (0.047847, -0.088217, -0.017331, 0.994801)
49.91934, (2.103162, -3.365099, 6.223598), (0.046663, -0.083750, -0.015847, 0.995268)
49.93333, (2.121979, -3.365130, 6.220828), (0.045571, -0.081105, -0.013327, 0.995574)
49.9472, (2.134799, -3.362542, 6.218756), (0.044106, -0.078824, -0.011019, 0.995851)
49.96096, (2.148305, -3.366183, 6.215591), (0.041783, -0.078396, -0.009981, 0.995996)
49.97488, (2.163311, -3.369663, 6.215101), (0.041396, -0.078538, -0.009685, 0.996004)
49.9887, (2.179060, -3.373975, 6.214094), (0.041187, -0.080399, -0.008891, 0.995872)
50.00267, (2.195775, -3.377486, 6.212222), (0.039400, -0.080818, -0.009168, 0.995908)
50.01646, (2.214885, -3.375031, 6.216689), (0.038499, -0.083457, -0.010507, 0.995712)
50.03043, (2.235633, -3.377459, 6.217000), (0.038612, -0.083771, -0.010819, 0.995678)
50.04484, (2.256196, -3.378391, 6.218043), (0.040184, -0.083310, -0.011227, 0.995650)
50.05838, (2.275337, -3.380940, 6.218190), (0.040651, -0.083328, -0.011798, 0.995623)
50.07246, (2.294209, -3.381898, 6.220654), (0.040721, -0.083513, -0.012683, 0.995594)
50.08608, (2.312116, -3.381735, 6.222289), (0.040756, -0.083448, -0.014183, 0.995577)
50.09991, (2.330516, -3.382246, 6.226233), (0.040333, -0.083038, -0.015015, 0.995617)
50.11351, (2.349175, -3.382798, 6.230117), (0.038850, -0.081429, -0.014886, 0.995810)
50.1275, (2.368603, -3.381906, 6.232467), (0.037190, -0.078940, -0.014739, 0.996076)
50.14154, (2.387389, -3.382058, 6.235985), (0.034280, -0.075924, -0.014485, 0.996419)
50.15524, (2.405910, -3.384216, 6.239440), (0.032004, -0.072778, -0.013806, 0.996739)
50.16906, (2.426492, -3.388764, 6.243256), (0.028726, -0.067139, -0.012864, 0.997247)
50.1831, (2.450806, -3.393015, 6.248255), (0.025403, -0.059997, -0.011287, 0.997811)
50.19682, (2.476775, -3.398129, 6.252906), (0.021824, -0.050117, -0.009151, 0.998463)
50.21054, (2.503528, -3.404028, 6.256721), (0.020624, -0.038347, -0.005320, 0.999038)
50.22424, (2.533269, -3.411062, 6.259845), (0.020981, -0.025763, -0.002531, 0.999445)
50.23846, (2.562171, -3.421246, 6.260283), (0.019966, -0.011022, 0.000539, 0.999740)
50.25216, (2.593644, -3.416433, 6.263661), (0.015432, -0.000882, -0.000451, 0.999881)
50.26604, (2.608866, -3.409623, 6.274522), (0.011736, 0.010000, -0.002803, 0.999877)
50.27982, (2.633176, -3.408248, 6.277127), (0.007527, 0.018695, -0.004398, 0.999787)
50.29385, (2.657522, -3.404462, 6.282454), (0.007719, 0.026630, -0.003289, 0.999610)
50.3079, (2.682761, -3.406022, 6.285892), (0.007085, 0.034424, -0.001835, 0.999381)
50.32219, (2.706186, -3.400017, 6.289332), (0.006334, 0.041098, 0.000023, 0.999135)
50.33551, (2.726381, -3.393118, 6.292498), (0.004800, 0.049088, -0.000491, 0.998783)
50.34954, (2.743291, -3.387400, 6.295619), (0.001741, 0.054888, -0.001784, 0.998489)
50.36333, (2.757666, -3.385262, 6.297347), (-0.001376, 0.060779, -0.003281, 0.998145)
50.37717, (2.774222, -3.380258, 6.298309), (-0.001362, 0.065243, -0.003019, 0.997864)
50.39112, (2.784873, -3.377674, 6.298004), (-0.001730, 0.067809, -0.002369, 0.997694)
50.40501, (2.796186, -3.374151, 6.298815), (-0.003217, 0.068817, -0.001771, 0.997623)
50.4189, (2.807160, -3.367778, 6.300010), (-0.004351, 0.071417, -0.001782, 0.997436)
50.43289, (2.816631, -3.368546, 6.298893), (-0.006244, 0.071687, -0.002583, 0.997404)
50.44671, (2.825630, -3.367329, 6.297713), (-0.006536, 0.074870, -0.003632, 0.997165)
50.46059, (2.837573, -3.368679, 6.296449), (-0.007386, 0.076506, -0.004329, 0.997032)
50.47456, (2.844094, -3.365681, 6.298061), (-0.006950, 0.078477, -0.005671, 0.996876)
50.48839, (2.849085, -3.364786, 6.299016), (-0.006588, 0.079858, -0.005904, 0.996767)
50.50233, (2.854609, -3.364445, 6.299794), (-0.006657, 0.081317, -0.006631, 0.996644)
50.51619, (2.859144, -3.364000, 6.301598), (-0.007173, 0.083562, -0.007196, 0.996451)
50.53016, (2.863442, -3.362383, 6.302572), (-0.006955, 0.085938, -0.008185, 0.996243)
50.54404, (2.864921, -3.362812, 6.301766), (-0.007412, 0.088627, -0.007844, 0.996006)
50.55797, (2.864998, -3.362831, 6.300843), (-0.006836, 0.092060, -0.007856, 0.995699)
50.57212, (2.862804, -3.359957, 6.297982), (-0.006492, 0.095682, -0.005412, 0.995376)
50.58604, (2.863141, -3.356135, 6.295208), (-0.006179, 0.099413, -0.004334, 0.995018)
50.60002, (2.858790, -3.348955, 6.291581), (-0.008048, 0.104376, -0.000569, 0.994505)
50.61379, (2.850214, -3.339534, 6.287673), (-0.010948, 0.109590, 0.001513, 0.993915)
50.62743, (2.843406, -3.328713, 6.281049), (-0.014804, 0.114451, 0.004055, 0.993310)
50.64127, (2.837042, -3.316903, 6.272566), (-0.018851, 0.119104, 0.006628, 0.992681)
50.65518, (2.827299, -3.303300, 6.266084), (-0.024033, 0.124550, 0.009798, 0.991874)
50.6692, (2.820492, -3.289151, 6.258555), (-0.029517, 0.129984, 0.012802, 0.990994)
50.68304, (2.808354, -3.280756, 6.245297), (-0.034664, 0.134751, 0.016292, 0.990139)
50.6972, (2.794035, -3.268259, 6.233777), (-0.040072, 0.139539, 0.020128, 0.989201)
50.71107, (2.777323, -3.252705, 6.226488), (-0.045109, 0.143903, 0.023578, 0.988282)
50.72493, (2.763977, -3.237505, 6.216187), (-0.050187, 0.146535, 0.026798, 0.987568)
50.73893, (2.743850, -3.221312, 6.205719), (-0.056481, 0.148940, 0.030034, 0.986775)
50.75319, (2.722945, -3.200214, 6.197107), (-0.064865, 0.150076, 0.032692, 0.986003)
50.76698, (2.700497, -3.176246, 6.184630), (-0.073603, 0.150652, 0.034067, 0.985254)
50.78092, (2.676928, -3.154476, 6.168651), (-0.085210, 0.148892, 0.034555, 0.984569)
50.79488, (2.660020, -3.141100, 6.154279), (-0.095447, 0.147038, 0.035857, 0.983862)
50.80877, (2.634824, -3.125557, 6.138634), (-0.100948, 0.147368, 0.037927, 0.983186)
50.82257, (2.611292, -3.117431, 6.120872), (-0.105528, 0.146585, 0.039463, 0.982761)
50.8366, (2.586102, -3.113796, 6.103312), (-0.107584, 0.143886, 0.040975, 0.982875)
50.85066, (2.561687, -3.100879, 6.090050), (-0.111518, 0.142757, 0.041605, 0.982575)
50.86451, (2.538242, -3.090197, 6.076231), (-0.116808, 0.141815, 0.041447, 0.982103)
50.8783, (2.509651, -3.080579, 6.060683), (-0.118459, 0.140826, 0.038769, 0.982157)
50.89216, (2.483033, -3.073689, 6.043189), (-0.120149, 0.140453, 0.038143, 0.982030)
50.90615, (2.456175, -3.068471, 6.031181), (-0.122618, 0.140207, 0.037468, 0.981786)
50.92005, (2.431105, -3.058825, 6.019323), (-0.123489, 0.138768, 0.037135, 0.981894)
50.93406, (2.403372, -3.052942, 6.006032), (-0.124886, 0.136799, 0.038168, 0.981954)
50.94832, (2.373003, -3.046671, 5.991044), (-0.128610, 0.135381, 0.038884, 0.981641)
50.96185, (2.345204, -3.032802, 5.975206), (-0.132794, 0.133506, 0.040178, 0.981289)
50.9758, (2.320024, -3.023659, 5.961592), (-0.137605, 0.132530, 0.041183, 0.980716)
50.98968, (2.290473, -3.017690, 5.947972), (-0.142424, 0.132094, 0.042683, 0.980023)
51.00375, (2.262216, -3.012731, 5.933179), (-0.145084, 0.131735, 0.043573, 0.979642)
51.01784, (2.234218, -3.012395, 5.916929), (-0.146221, 0.131882, 0.043737, 0.979446)
51.03161, (2.210027, -3.013085, 5.905709), (-0.146389, 0.131398, 0.044424, 0.979455)
51.04554, (2.183534, -3.012449, 5.893635), (-0.147106, 0.131424, 0.044931, 0.979321)
51.05972, (2.156558, -3.015625, 5.880888), (-0.146339, 0.132597, 0.046604, 0.979199)
51.07346, (2.131831, -3.014212, 5.869022), (-0.147849, 0.132886, 0.048089, 0.978861)
51.08739, (2.106079, -3.010740, 5.857747), (-0.149478, 0.133212, 0.049396, 0.978504)
51.10148, (2.081688, -3.011260, 5.849359), (-0.152048, 0.132180, 0.050179, 0.978209)
51.11529, (2.058444, -3.012310, 5.838929), (-0.154619, 0.129314, 0.050144, 0.978191)
51.12916, (2.034301, -3.011727, 5.830940), (-0.155206, 0.126537, 0.049233, 0.978507)
51.14313, (2.009589, -3.012530, 5.820665), (-0.155171, 0.123696, 0.048670, 0.978904)
51.15665, (1.985644, -3.012466, 5.811862), (-0.156083, 0.121003, 0.047908, 0.979133)
51.17051, (1.960185, -3.011862, 5.802064), (-0.157009, 0.118401, 0.047390, 0.979328)
51.18441, (1.934129, -3.010074, 5.794006), (-0.157067, 0.114079, 0.046340, 0.979882)
51.19826, (1.907735, -3.011019, 5.785470), (-0.157513, 0.110195, 0.045184, 0.980309)
51.21217, (1.881389, -3.007616, 5.774872), (-0.157689, 0.105842, 0.044930, 0.980772)
51.22609, (1.855120, -3.002579, 5.765646), (-0.157420, 0.101087, 0.045225, 0.981303)
51.24006, (1.831101, -3.000596, 5.756652), (-0.159614, 0.095175, 0.045023, 0.981549)
51.25391, (1.805313, -2.992756, 5.746369), (-0.160845, 0.089818, 0.044459, 0.981878)
51.2678, (1.777476, -2.983570, 5.733815), (-0.162827, 0.084988, 0.044611, 0.981975)
51.28165, (1.754954, -2.973663, 5.715616), (-0.167390, 0.082387, 0.043223, 0.981491)
51.29563, (1.738675, -2.962241, 5.698171), (-0.171851, 0.079813, 0.044090, 0.980894)
51.3095, (1.724805, -2.946131, 5.676226), (-0.179592, 0.081074, 0.044712, 0.979375)
51.32347, (1.713434, -2.924365, 5.654216), (-0.189670, 0.084079, 0.046004, 0.977159)
51.33727, (1.704272, -2.903745, 5.632763), (-0.201094, 0.088901, 0.044864, 0.974497)
51.35118, (1.696515, -2.891281, 5.608334), (-0.211949, 0.093748, 0.043395, 0.971806)
51.36518, (1.684739, -2.884479, 5.582644), (-0.221242, 0.099662, 0.041386, 0.969230)
51.37907, (1.672320, -2.880205, 5.557307), (-0.230415, 0.105397, 0.041048, 0.966497)
51.3933, (1.658137, -2.871785, 5.532731), (-0.236522, 0.110002, 0.041623, 0.964481)
51.40722, (1.644278, -2.865745, 5.511682), (-0.242048, 0.112800, 0.041327, 0.962799)
51.42135, (1.622014, -2.858118, 5.490989), (-0.245058, 0.113663, 0.043299, 0.961848)
51.43506, (1.605842, -2.851923, 5.468949), (-0.248777, 0.112389, 0.043733, 0.961024)
51.4487, (1.589347, -2.845547, 5.448000), (-0.253271, 0.112087, 0.043924, 0.959876)
51.46262, (1.577909, -2.840679, 5.421592), (-0.257592, 0.111187, 0.045305, 0.958765)
51.47669, (1.565981, -2.832938, 5.397891), (-0.262561, 0.111963, 0.047230, 0.957233)
51.49056, (1.552793, -2.827348, 5.375204), (-0.268004, 0.112637, 0.047602, 0.955626)
51.50451, (1.543238, -2.822205, 5.354595), (-0.272386, 0.111748, 0.050032, 0.954366)
51.51847, (1.532250, -2.822579, 5.340549), (-0.274423, 0.110538, 0.048644, 0.953995)
51.53267, (1.526100, -2.823265, 5.323776), (-0.277292, 0.110881, 0.047374, 0.953189)
51.54646, (1.517421, -2.820146, 5.306277), (-0.278630, 0.113382, 0.046281, 0.952559)
51.56023, (1.509607, -2.818785, 5.289338), (-0.281150, 0.114858, 0.046676, 0.951622)
51.57423, (1.500384, -2.813646, 5.275684), (-0.283289, 0.115792, 0.046789, 0.950868)
51.58797, (1.494147, -2.811515, 5.265146), (-0.285497, 0.115335, 0.046827, 0.950261)
51.60173, (1.485404, -2.811384, 5.253290), (-0.287268, 0.115018, 0.045849, 0.949814)
51.61596, (1.479233, -2.810637, 5.241110), (-0.288671, 0.114748, 0.047100, 0.949360)
51.62992, (1.474148, -2.808602, 5.230355), (-0.289596, 0.114463, 0.047538, 0.949091)
51.64354, (1.467296, -2.807531, 5.219931), (-0.291469, 0.114513, 0.047970, 0.948489)
51.65765, (1.462984, -2.805412, 5.212121), (-0.292419, 0.114254, 0.047068, 0.948273)
51.67124, (1.457067, -2.806733, 5.203671), (-0.292735, 0.113553, 0.045712, 0.948326)
51.68493, (1.451524, -2.809082, 5.196950), (-0.292558, 0.112741, 0.044315, 0.948544)
51.69874, (1.448463, -2.810628, 5.190619), (-0.291683, 0.111516, 0.043226, 0.949008)
51.71256, (1.443074, -2.812275, 5.185711), (-0.291494, 0.110372, 0.041883, 0.949260)
51.72642, (1.437987, -2.814201, 5.179746), (-0.291757, 0.109186, 0.040519, 0.949376)
51.74033, (1.432580, -2.815044, 5.175715), (-0.291427, 0.106800, 0.039097, 0.949808)
51.75438, (1.426196, -2.816776, 5.174067), (-0.289518, 0.102321, 0.038789, 0.950897)
51.76804, (1.418916, -2.818975, 5.174088), (-0.286722, 0.097695, 0.037985, 0.952262)
51.78207, (1.409058, -2.823220, 5.177675), (-0.281769, 0.090218, 0.035368, 0.954576)
51.79585, (1.397058, -2.830971, 5.180173), (-0.275450, 0.080382, 0.032466, 0.957399)
51.80976, (1.383407, -2.839745, 5.184796), (-0.269512, 0.069250, 0.030074, 0.960033)
51.82373, (1.368011, -2.846093, 5.191853), (-0.262953, 0.058496, 0.027213, 0.962649)
51.83759, (1.352557, -2.854310, 5.196259), (-0.256329, 0.045270, 0.025614, 0.965189)
51.8515, (1.333467, -2.860689, 5.199734), (-0.249147, 0.031581, 0.023945, 0.967654)
51.86525, (1.316545, -2.870656, 5.203680), (-0.243617, 0.017271, 0.022365, 0.969460)
51.87948, (1.298679, -2.878397, 5.206906), (-0.238461, 0.002571, 0.020339, 0.970936)
51.89346, (1.282713, -2.884037, 5.209649), (-0.233531, -0.010459, 0.017283, 0.972140)
51.90703, (1.267663, -2.889490, 5.209884), (-0.229707, -0.023441, 0.013933, 0.972878)
51.92057, (1.250466, -2.895348, 5.211201), (-0.226246, -0.035735, 0.010643, 0.973356)
51.93435, (1.233137, -2.900974, 5.212255), (-0.222971, -0.049772, 0.005471, 0.973538)
51.94817, (1.215988, -2.910233, 5.213335), (-0.219546, -0.064698, 0.000286, 0.973455)
51.96187, (1.200179, -2.919909, 5.214738), (-0.216325, -0.079876, -0.004700, 0.973037)
51.97571, (1.181364, -2.924851, 5.214564), (-0.211145, -0.093881, -0.008242, 0.972901)
51.98957, (1.163681, -2.927624, 5.213625), (-0.205549, -0.109240, -0.010127, 0.972478)
52.00338, (1.146253, -2.936729, 5.211396), (-0.202562, -0.127223, -0.012345, 0.970892)
52.01734, (1.126237, -2.940155, 5.211626), (-0.196949, -0.144119, -0.015706, 0.969636)
52.03129, (1.109644, -2.946907, 5.210893), (-0.190280, -0.160370, -0.019915, 0.968338)
52.04516, (1.091374, -2.951835, 5.206914), (-0.182950, -0.175378, -0.022683, 0.967087)
52.05922, (1.078156, -2.962171, 5.199845), (-0.178545, -0.189627, -0.022098, 0.965233)
52.07314, (1.064185, -2.967020, 5.196733), (-0.174881, -0.204266, -0.021872, 0.962919)
52.08687, (1.051811, -2.969614, 5.193143), (-0.172078, -0.219191, -0.022383, 0.960127)
52.10069, (1.032195, -2.976786, 5.188024), (-0.169774, -0.231606, -0.024776, 0.957560)
52.11469, (1.027390, -2.970872, 5.182199), (-0.168317, -0.241627, -0.025060, 0.955331)
52.12862, (1.018902, -2.972311, 5.174274), (-0.166699, -0.251577, -0.026000, 0.953019)
52.14277, (1.012653, -2.969927, 5.168352), (-0.165099, -0.260855, -0.027742, 0.950751)
52.15655, (1.006353, -2.971214, 5.162745), (-0.164566, -0.269691, -0.030184, 0.948301)
52.17051, (1.003196, -2.971460, 5.158027), (-0.165850, -0.276632, -0.032034, 0.946014)
52.18446, (1.001355, -2.971715, 5.152106), (-0.166915, -0.282606, -0.034127, 0.943986)
52.19856, (0.999062, -2.967149, 5.144258), (-0.166926, -0.287333, -0.035845, 0.942492)
52.21237, (0.997933, -2.969279, 5.137043), (-0.167553, -0.291480, -0.038713, 0.940992)
52.22626, (0.995607, -2.965273, 5.131115), (-0.167592, -0.295689, -0.039404, 0.939643)
52.24018, (0.996010, -2.965391, 5.126109), (-0.168288, -0.299369, -0.040730, 0.938296)
52.25468, (0.994590, -2.963424, 5.120879), (-0.167912, -0.304248, -0.042225, 0.936726)
52.26818, (0.991980, -2.963343, 5.110541), (-0.169559, -0.308152, -0.043639, 0.935087)
52.28202, (0.991415, -2.961022, 5.102074), (-0.169530, -0.314000, -0.044855, 0.933087)
52.29591, (0.988357, -2.963489, 5.091415), (-0.169448, -0.319233, -0.045624, 0.931288)
52.30988, (0.988060, -2.965957, 5.084332), (-0.168090, -0.325557, -0.046128, 0.929317)
52.3237, (0.986551, -2.969189, 5.078392), (-0.167400, -0.331037, -0.046978, 0.927461)
52.33739, (0.983897, -2.969912, 5.069901), (-0.166461, -0.335455, -0.047464, 0.926017)
52.35148, (0.983079, -2.972312, 5.063373), (-0.166386, -0.339696, -0.047796, 0.924466)
52.36547, (0.982631, -2.972126, 5.057024), (-0.166047, -0.343950, -0.047351, 0.922976)
52.3792, (0.981808, -2.972916, 5.049738), (-0.166431, -0.347585, -0.046501, 0.921588)
52.39348, (0.980214, -2.972039, 5.044757), (-0.166117, -0.351838, -0.046027, 0.920053)
52.40711, (0.979389, -2.971870, 5.039313), (-0.165766, -0.355997, -0.046606, 0.918485)
52.42102, (0.977734, -2.974364, 5.033727), (-0.165101, -0.359900, -0.047287, 0.917048)
52.43478, (0.977522, -2.978595, 5.029259), (-0.164902, -0.364007, -0.047875, 0.915431)
52.44883, (0.976149, -2.978065, 5.023474), (-0.163425, -0.367418, -0.047967, 0.914328)
52.46293, (0.973314, -2.980769, 5.016843), (-0.162727, -0.370651, -0.049166, 0.913083)
52.47694, (0.972726, -2.981479, 5.013117), (-0.161962, -0.374602, -0.049604, 0.911582)
52.49067, (0.970107, -2.982278, 5.007691), (-0.160883, -0.377871, -0.050196, 0.910391)
52.50457, (0.969544, -2.986377, 5.005593), (-0.160398, -0.381891, -0.051101, 0.908747)
52.51832, (0.966408, -2.987937, 4.999977), (-0.158832, -0.385040, -0.051950, 0.907644)
52.53225, (0.963179, -2.988689, 4.994596), (-0.157274, -0.387556, -0.052094, 0.906836)
52.54634, (0.960033, -2.992542, 4.989635), (-0.156957, -0.390261, -0.051846, 0.905744)
52.56002, (0.956040, -2.994252, 4.985254), (-0.156097, -0.393143, -0.051961, 0.904639)
52.57392, (0.951752, -2.996557, 4.979286), (-0.154608, -0.395923, -0.051238, 0.903723)
52.58797, (0.947012, -2.997532, 4.972676), (-0.152846, -0.398840, -0.050801, 0.902765)
52.6018, (0.942760, -3.000966, 4.968762), (-0.151514, -0.402647, -0.049947, 0.901346)
52.61592, (0.936809, -3.005035, 4.961251), (-0.149441, -0.405123, -0.049346, 0.900615)
52.62958, (0.931400, -3.009962, 4.955016), (-0.148086, -0.408085, -0.048625, 0.899540)
52.64349, (0.925469, -3.012980, 4.950041), (-0.145892, -0.411567, -0.047015, 0.898398)
52.65762, (0.918057, -3.017755, 4.943132), (-0.144391, -0.414784, -0.045258, 0.897250)
52.67128, (0.910995, -3.024399, 4.937618), (-0.143351, -0.418586, -0.044051, 0.895710)
52.68518, (0.899996, -3.040043, 4.932217), (-0.139950, -0.423486, -0.038938, 0.894180)
52.69947, (0.890947, -3.050669, 4.925441), (-0.134814, -0.427160, -0.034630, 0.893398)
52.71307, (0.879768, -3.063972, 4.917905), (-0.129363, -0.430096, -0.030094, 0.892960)
52.72699, (0.868073, -3.080020, 4.915976), (-0.123921, -0.433862, -0.024978, 0.892067)
52.74089, (0.852594, -3.090916, 4.911514), (-0.117439, -0.436708, -0.019521, 0.891691)
52.75497, (0.836643, -3.105172, 4.910560), (-0.113278, -0.440464, -0.013718, 0.890489)
52.76896, (0.821160, -3.116856, 4.907256), (-0.108052, -0.442908, -0.010175, 0.889974)
52.78261, (0.807381, -3.125949, 4.906172), (-0.104348, -0.445408, -0.004885, 0.889213)
52.79661, (0.791822, -3.136007, 4.904446), (-0.100080, -0.446942, -0.000869, 0.888947)
52.81035, (0.777172, -3.144219, 4.906131), (-0.096947, -0.448948, 0.004193, 0.888273)
52.82419, (0.761362, -3.153952, 4.906149), (-0.092541, -0.450765, 0.007789, 0.887799)
52.83809, (0.746748, -3.165894, 4.908204), (-0.087640, -0.452459, 0.011054, 0.887400)
52.85242, (0.731427, -3.176212, 4.908146), (-0.082428, -0.452790, 0.013922, 0.887690)
52.86629, (0.715913, -3.184018, 4.908394), (-0.076840, -0.452914, 0.016635, 0.888081)
52.88002, (0.699492, -3.194208, 4.911501), (-0.073493, -0.452401, 0.018195, 0.888595)
52.89384, (0.683185, -3.199387, 4.918056), (-0.070199, -0.451983, 0.019609, 0.889044)
52.90781, (0.669314, -3.205965, 4.923801), (-0.067572, -0.452297, 0.021129, 0.889053)
52.92165, (0.652119, -3.207663, 4.926077), (-0.063813, -0.451513, 0.022194, 0.889703)
52.9356, (0.635148, -3.216136, 4.928092), (-0.062107, -0.451012, 0.022446, 0.890071)
52.94912, (0.618018, -3.222464, 4.935431), (-0.059589, -0.450635, 0.022569, 0.890431)
52.96343, (0.598905, -3.226104, 4.941378), (-0.057292, -0.450018, 0.024250, 0.890850)
52.9769, (0.582088, -3.233560, 4.948761), (-0.055975, -0.449225, 0.024992, 0.891313)
52.99104, (0.564832, -3.240020, 4.956389), (-0.053398, -0.448650, 0.026436, 0.891719)
53.00464, (0.544406, -3.247409, 4.964456), (-0.051450, -0.447990, 0.028127, 0.892114)
53.01875, (0.524139, -3.252128, 4.972995), (-0.049458, -0.447360, 0.030379, 0.892469)
53.03261, (0.505298, -3.258108, 4.980064), (-0.047024, -0.446958, 0.031987, 0.892745)
53.04643, (0.486455, -3.264086, 4.987137), (-0.044589, -0.446553, 0.033595, 0.893014)
53.06034, (0.467610, -3.270065, 4.994211), (-0.042154, -0.446144, 0.035203, 0.893275)
53.07421, (0.448764, -3.276043, 5.001286), (-0.039719, -0.445730, 0.036811, 0.893528)
53.08804, (0.425464, -3.278190, 5.007277), (-0.038181, -0.444346, 0.037366, 0.894261)
53.1053, (0.395544, -3.273312, 5.021906), (-0.039795, -0.443942, 0.035823, 0.894454)
53.11892, (0.366948, -3.274084, 5.035751), (-0.039437, -0.445020, 0.036037, 0.893926)
53.13287, (0.344570, -3.277605, 5.044580), (-0.037738, -0.444703, 0.037061, 0.894115)
53.15684, (0.312519, -3.283509, 5.061012), (-0.038739, -0.447555, 0.039523, 0.892543)
53.17338, (0.285106, -3.289212, 5.074952), (-0.036104, -0.449376, 0.039831, 0.891724)
53.18639, (0.231206, -3.296820, 5.099933), (-0.032585, -0.450191, 0.041406, 0.891376)
53.19912, (0.200989, -3.298745, 5.116701), (-0.031647, -0.450410, 0.041957, 0.891274)
53.21284, (0.170979, -3.302720, 5.132322), (-0.031291, -0.450401, 0.041912, 0.891293)
53.2265, (0.140792, -3.305568, 5.149410), (-0.030136, -0.450151, 0.041587, 0.891474)
53.24038, (0.109668, -3.309414, 5.167184), (-0.029390, -0.450353, 0.042108, 0.891373)
53.25419, (0.077901, -3.314241, 5.183664), (-0.028192, -0.450256, 0.043555, 0.891391)
53.26813, (0.045803, -3.317106, 5.201938), (-0.025292, -0.450394, 0.045704, 0.891301)
53.28202, (0.012604, -3.320431, 5.218815), (-0.022711, -0.450011, 0.046547, 0.891520)
53.29629, (-0.022791, -3.323568, 5.237625), (-0.020768, -0.450010, 0.046291, 0.891581)
53.31007, (-0.058753, -3.326225, 5.256996), (-0.018901, -0.449766, 0.046084, 0.891757)
53.32402, (-0.095985, -3.329504, 5.276604), (-0.017286, -0.449294, 0.046340, 0.892014)
53.33775, (-0.132897, -3.331945, 5.296749), (-0.015585, -0.449020, 0.047470, 0.892124)
53.35193, (-0.168881, -3.333684, 5.317359), (-0.014067, -0.448510, 0.049191, 0.892312)
53.36575, (-0.203085, -3.335900, 5.337675), (-0.012557, -0.447888, 0.051359, 0.892525)
53.37948, (-0.239902, -3.338873, 5.360503), (-0.011843, -0.447340, 0.053490, 0.892684)
53.39336, (-0.277472, -3.341732, 5.383408), (-0.010342, -0.446254, 0.054717, 0.893172)
53.40734, (-0.316038, -3.344429, 5.406225), (-0.009139, -0.444731, 0.054919, 0.893932)
53.42132, (-0.354257, -3.344742, 5.429678), (-0.007177, -0.443151, 0.055048, 0.894726)
53.43505, (-0.390000, -3.344859, 5.452647), (-0.005463, -0.440456, 0.054973, 0.896073)
53.44908, (-0.425942, -3.347633, 5.479368), (-0.004078, -0.436987, 0.055942, 0.897718)
53.46281, (-0.462034, -3.347731, 5.506372), (-0.003251, -0.433369, 0.057605, 0.899368)
53.47685, (-0.496716, -3.348812, 5.535963), (-0.001619, -0.429492, 0.057675, 0.901226)
53.49062, (-0.532443, -3.350304, 5.564356), (-0.000467, -0.425138, 0.057646, 0.903291)
53.50473, (-0.568492, -3.350011, 5.595276), (0.001131, -0.420524, 0.057139, 0.905480)
53.51825, (-0.605159, -3.351027, 5.627167), (0.002472, -0.414353, 0.055557, 0.908416)
53.53228, (-0.641855, -3.350925, 5.661269), (0.003959, -0.408069, 0.054088, 0.911339)
53.5462, (-0.675972, -3.351343, 5.694948), (0.005585, -0.401136, 0.052324, 0.914506)
53.56025, (-0.707535, -3.359078, 5.730405), (0.007023, -0.392796, 0.049641, 0.918258)
53.57412, (-0.741355, -3.362870, 5.768881), (0.009092, -0.384343, 0.048370, 0.921877)
53.58776, (-0.779389, -3.367521, 5.805005), (0.011604, -0.375342, 0.046607, 0.925641)
53.60161, (-0.822091, -3.372805, 5.838857), (0.013056, -0.367624, 0.045592, 0.928765)
53.61567, (-0.863703, -3.378741, 5.874004), (0.015447, -0.361905, 0.043329, 0.931080)
53.62953, (-0.906688, -3.388600, 5.905300), (0.018311, -0.357138, 0.042782, 0.932892)
53.64322, (-0.947583, -3.398421, 5.936897), (0.021593, -0.352546, 0.043854, 0.934517)
53.65717, (-0.985706, -3.410197, 5.967022), (0.025603, -0.348605, 0.049561, 0.935608)
53.67109, (-1.022980, -3.421168, 5.998341), (0.028451, -0.343226, 0.054818, 0.937220)
53.68481, (-1.060304, -3.432351, 6.031390), (0.031483, -0.337877, 0.058861, 0.938820)
53.69905, (-1.095980, -3.443604, 6.062040), (0.033003, -0.331922, 0.061209, 0.940740)
53.71239, (-1.131857, -3.450814, 6.090448), (0.035036, -0.326468, 0.061561, 0.942551)
53.72659, (-1.166882, -3.455490, 6.116047), (0.036179, -0.320795, 0.063412, 0.944331)
53.74062, (-1.200868, -3.464283, 6.143391), (0.037913, -0.314783, 0.064687, 0.946198)
53.75398, (-1.227112, -3.470937, 6.169948), (0.039329, -0.309403, 0.064782, 0.947906)
53.76751, (-1.259333, -3.477436, 6.191329), (0.039522, -0.304695, 0.066053, 0.949334)
53.78172, (-1.289325, -3.479596, 6.213494), (0.040653, -0.301279, 0.065695, 0.950401)
53.79535, (-1.318803, -3.486071, 6.231485), (0.042672, -0.297606, 0.065124, 0.951509)
53.80914, (-1.348287, -3.493980, 6.245870), (0.044286, -0.294551, 0.065741, 0.952343)
53.82333, (-1.375065, -3.499964, 6.263146), (0.046693, -0.292162, 0.067193, 0.952862)
53.83721, (-1.402141, -3.505628, 6.277989), (0.048386, -0.289621, 0.068979, 0.953426)
53.85115, (-1.428538, -3.508869, 6.294654), (0.049453, -0.287565, 0.071088, 0.953838)
53.86476, (-1.455253, -3.512019, 6.311044), (0.049767, -0.285703, 0.072463, 0.954278)
53.87854, (-1.479153, -3.513836, 6.324510), (0.050392, -0.284286, 0.072843, 0.954639)
53.89239, (-1.503435, -3.518939, 6.334645), (0.050510, -0.282299, 0.073642, 0.955161)
53.90607, (-1.521079, -3.522910, 6.345804), (0.050530, -0.281201, 0.076134, 0.955289)
53.92021, (-1.539747, -3.526951, 6.356226), (0.050658, -0.278902, 0.079220, 0.955705)
53.93379, (-1.555424, -3.532438, 6.367254), (0.050029, -0.277474, 0.081416, 0.955969)
53.94772, (-1.569453, -3.533984, 6.376054), (0.050869, -0.275608, 0.082761, 0.956349)
53.96148, (-1.582279, -3.537101, 6.385317), (0.051481, -0.274029, 0.084710, 0.956599)
53.97561, (-1.593291, -3.541299, 6.393993), (0.052005, -0.272745, 0.086582, 0.956770)
53.98929, (-1.601762, -3.544559, 6.404271), (0.052858, -0.271676, 0.088353, 0.956866)
54.00352, (-1.609253, -3.547752, 6.412854), (0.053496, -0.269784, 0.089566, 0.957253)
54.01718, (-1.612474, -3.549881, 6.422752), (0.054041, -0.267673, 0.090003, 0.957774)
54.0316, (-1.614493, -3.552619, 6.430367), (0.054478, -0.264717, 0.090718, 0.958503)
54.04505, (-1.612567, -3.556273, 6.438463), (0.054858, -0.262304, 0.091095, 0.959108)
54.05941, (-1.609672, -3.559047, 6.447163), (0.056021, -0.259983, 0.092318, 0.959556)
54.07255, (-1.607230, -3.562455, 6.455131), (0.056866, -0.257873, 0.092844, 0.960025)
54.08651, (-1.601444, -3.564610, 6.463130), (0.057417, -0.256046, 0.092809, 0.960484)
54.10056, (-1.591906, -3.565220, 6.470191), (0.058305, -0.254395, 0.092836, 0.960867)
54.11422, (-1.582958, -3.566164, 6.476429), (0.059271, -0.252779, 0.093185, 0.961201)
54.12812, (-1.569952, -3.569862, 6.481359), (0.060745, -0.251154, 0.093286, 0.961525)
54.14207, (-1.554278, -3.570892, 6.486973), (0.062475, -0.249801, 0.093424, 0.961753)
54.1559, (-1.537033, -3.570732, 6.493842), (0.063844, -0.247774, 0.093215, 0.962207)
54.16962, (-1.517264, -3.567967, 6.499989), (0.065444, -0.245184, 0.092996, 0.962784)
54.18379, (-1.494337, -3.563429, 6.506704), (0.066984, -0.242532, 0.091869, 0.963458)
54.19784, (-1.472964, -3.561623, 6.514480), (0.068084, -0.240278, 0.090335, 0.964091)
54.2113, (-1.446714, -3.558439, 6.520091), (0.068840, -0.238169, 0.089038, 0.964681)
54.22541, (-1.421731, -3.557086, 6.525867), (0.070001, -0.235946, 0.088499, 0.965193)
54.23901, (-1.395315, -3.553909, 6.529348), (0.071825, -0.233268, 0.088303, 0.965728)
54.25286, (-1.365415, -3.551615, 6.533427), (0.073728, -0.231603, 0.088196, 0.965995)
54.2669, (-1.336182, -3.551197, 6.536551), (0.075097, -0.229880, 0.088603, 0.966264)
54.2808, (-1.303587, -3.546122, 6.539006), (0.077948, -0.228733, 0.089338, 0.966242)
54.29449, (-1.271333, -3.539929, 6.542099), (0.080926, -0.227331, 0.089815, 0.966284)
54.30835, (-1.235290, -3.537353, 6.544997), (0.082784, -0.226322, 0.090444, 0.966305)
54.32236, (-1.196710, -3.534735, 6.547422), (0.085938, -0.225362, 0.091864, 0.966120)
54.33609, (-1.159511, -3.532200, 6.551261), (0.091329, -0.224704, 0.091900, 0.965775)
54.35047, (-1.120448, -3.544500, 6.551757), (0.100416, -0.224094, 0.092353, 0.964971)
54.36442, (-1.076880, -3.551977, 6.555912), (0.109409, -0.220935, 0.092506, 0.964707)
54.37825, (-1.030000, -3.561208, 6.561641), (0.118870, -0.213557, 0.090514, 0.965438)
54.39218, (-0.979137, -3.573015, 6.565287), (0.127257, -0.205025, 0.086818, 0.966557)
54.40584, (-0.931139, -3.582015, 6.569180), (0.135059, -0.198327, 0.084112, 0.967135)
54.41972, (-0.879605, -3.594735, 6.570592), (0.145757, -0.189610, 0.078568, 0.967797)
54.43359, (-0.835340, -3.608608, 6.566852), (0.152917, -0.183400, 0.075808, 0.968109)
54.4473, (-0.790305, -3.617169, 6.566389), (0.158982, -0.178829, 0.075187, 0.968035)
54.46144, (-0.749527, -3.621782, 6.563704), (0.163894, -0.175170, 0.076271, 0.967800)
54.47572, (-0.708895, -3.630872, 6.554820), (0.168319, -0.172898, 0.075948, 0.967475)
54.4891, (-0.672765, -3.637162, 6.542763), (0.174618, -0.173806, 0.075121, 0.966259)
54.50283, (-0.634426, -3.652729, 6.524750), (0.179658, -0.175324, 0.073386, 0.965194)
54.51676, (-0.591854, -3.665440, 6.507020), (0.182517, -0.175134, 0.072904, 0.964728)
54.53084, (-0.546527, -3.671361, 6.495108), (0.185014, -0.172658, 0.069893, 0.964922)
54.54472, (-0.504862, -3.676498, 6.478115), (0.186631, -0.170507, 0.065408, 0.965307)
54.55873, (-0.468685, -3.683523, 6.455425), (0.188968, -0.169352, 0.059930, 0.965412)
54.57278, (-0.433643, -3.687936, 6.430655), (0.194618, -0.171572, 0.054527, 0.964217)
54.58677, (-0.398614, -3.695952, 6.404728), (0.198746, -0.174432, 0.052170, 0.962991)
54.60042, (-0.361866, -3.701382, 6.385893), (0.202246, -0.177079, 0.050082, 0.961889)
54.61455, (-0.325055, -3.705015, 6.369634), (0.203315, -0.179903, 0.049554, 0.961167)
54.62873, (-0.287057, -3.707469, 6.348727), (0.203843, -0.180599, 0.047608, 0.961023)
54.64258, (-0.250627, -3.705583, 6.330732), (0.205513, -0.180452, 0.044622, 0.960838)
54.65648, (-0.210787, -3.706529, 6.311750), (0.205507, -0.178854, 0.039541, 0.961361)
54.67024, (-0.173843, -3.710617, 6.293008), (0.204573, -0.176247, 0.036750, 0.962152)
54.68428, (-0.134227, -3.711835, 6.278176), (0.205837, -0.174004, 0.033892, 0.962395)
54.69831, (-0.092836, -3.713712, 6.258936), (0.206850, -0.170580, 0.031329, 0.962878)
54.71225, (-0.052828, -3.716148, 6.239638), (0.207747, -0.167045, 0.028842, 0.963382)
54.72609, (-0.009044, -3.714441, 6.223871), (0.207990, -0.160310, 0.026736, 0.964534)
54.74006, (0.032298, -3.715169, 6.203910), (0.208268, -0.154109, 0.025093, 0.965528)
54.75397, (0.070768, -3.713880, 6.190814), (0.208441, -0.149157, 0.023020, 0.966320)
54.76829, (0.106770, -3.712937, 6.175561), (0.207629, -0.144503, 0.022333, 0.967218)
54.78157, (0.146117, -3.712966, 6.159843), (0.206974, -0.140893, 0.021638, 0.967906)
54.7954, (0.183524, -3.713704, 6.140805), (0.207097, -0.136752, 0.021563, 0.968476)
54.80959, (0.223430, -3.713293, 6.123224), (0.206071, -0.134217, 0.021378, 0.969053)
54.8233, (0.258288, -3.714913, 6.107385), (0.203983, -0.130661, 0.019783, 0.970014)
54.83715, (0.289341, -3.712429, 6.090837), (0.202127, -0.128920, 0.018103, 0.970668)
54.85133, (0.321698, -3.713772, 6.072526), (0.200489, -0.128274, 0.015866, 0.971133)
54.86541, (0.351850, -3.715106, 6.056435), (0.199500, -0.128212, 0.013431, 0.971381)
54.87897, (0.383847, -3.716352, 6.041680), (0.198655, -0.128970, 0.011049, 0.971484)
54.89282, (0.411584, -3.715783, 6.029444), (0.198224, -0.130105, 0.008425, 0.971447)
54.90707, (0.440743, -3.715836, 6.015240), (0.198093, -0.130687, 0.006702, 0.971409)
54.92113, (0.472064, -3.716307, 6.004506), (0.197736, -0.131242, 0.005158, 0.971416)
54.93445, (0.498335, -3.718069, 5.994967), (0.198529, -0.133314, 0.003886, 0.970978)
54.9484, (0.524833, -3.722234, 5.985773), (0.198747, -0.135561, 0.001960, 0.970628)
54.96222, (0.551635, -3.726605, 5.977093), (0.199538, -0.137172, 0.000037, 0.970242)
54.97641, (0.580312, -3.728282, 5.969743), (0.200142, -0.137593, -0.001582, 0.970056)
54.99031, (0.606708, -3.728819, 5.966453), (0.201310, -0.137235, -0.003804, 0.969859)
55.00415, (0.632097, -3.730721, 5.962109), (0.200542, -0.137169, -0.006602, 0.970012)
55.01813, (0.654621, -3.732377, 5.961104), (0.199761, -0.138006, -0.009791, 0.970028)
55.03236, (0.672932, -3.737456, 5.961508), (0.200485, -0.138907, -0.012502, 0.969719)
55.04605, (0.692848, -3.741176, 5.960650), (0.201246, -0.140134, -0.013807, 0.969367)
55.0603, (0.711067, -3.742871, 5.962598), (0.202175, -0.141215, -0.014568, 0.969006)
55.07359, (0.725764, -3.744551, 5.969869), (0.203485, -0.142953, -0.015599, 0.968460)
55.08724, (0.737805, -3.747052, 5.976965), (0.203919, -0.144759, -0.017338, 0.968071)
55.10106, (0.745581, -3.749945, 5.989261), (0.204487, -0.147201, -0.019933, 0.967533)
55.11501, (0.761192, -3.752608, 5.994348), (0.204998, -0.148545, -0.021796, 0.967179)
55.12892, (0.774158, -3.757169, 6.000864), (0.204848, -0.150227, -0.023895, 0.966901)
55.14279, (0.777277, -3.763316, 6.018229), (0.205264, -0.155017, -0.028043, 0.965945)
55.15696, (0.764360, -3.780593, 6.039501), (0.206018, -0.159264, -0.033369, 0.964924)
55.17073, (0.757796, -3.809717, 6.055173), (0.209401, -0.162540, -0.030450, 0.963745)
55.18471, (0.753843, -3.833113, 6.070002), (0.215924, -0.165071, -0.027997, 0.961948)
55.1995, (0.748403, -3.857139, 6.087120), (0.222627, -0.168939, -0.024068, 0.959853)
55.2127, (0.741916, -3.879880, 6.104774), (0.227994, -0.171953, -0.022055, 0.958105)
55.22677, (0.730401, -3.907714, 6.121318), (0.234040, -0.174539, -0.019382, 0.956235)
55.24041, (0.720170, -3.932769, 6.138253), (0.241347, -0.176877, -0.017124, 0.954030)
55.2546, (0.712559, -3.964032, 6.155430), (0.248929, -0.180782, -0.013952, 0.951398)
55.26844, (0.699933, -3.993268, 6.172064), (0.257513, -0.182389, -0.010541, 0.948847)
55.28221, (0.688205, -4.026384, 6.185766), (0.264911, -0.185220, -0.008124, 0.946282)
55.29633, (0.675856, -4.051653, 6.204068), (0.272494, -0.187513, -0.006401, 0.943687)
55.31038, (0.661391, -4.077926, 6.219854), (0.281034, -0.189943, -0.005775, 0.940696)
55.32447, (0.650537, -4.106432, 6.232903), (0.287500, -0.191807, -0.005403, 0.938363)
55.33799, (0.637970, -4.131313, 6.249312), (0.294763, -0.193633, -0.003635, 0.935739)
55.35223, (0.625877, -4.156089, 6.264668), (0.299780, -0.195333, -0.001624, 0.933796)
55.36598, (0.617057, -4.178910, 6.281350), (0.304631, -0.197622, 0.000428, 0.931743)
55.37952, (0.600761, -4.188734, 6.296710), (0.308900, -0.198588, 0.003160, 0.930126)
55.39366, (0.589899, -4.205099, 6.307138), (0.311764, -0.200636, 0.004553, 0.928724)
55.40746, (0.579007, -4.218999, 6.317666), (0.315772, -0.201897, 0.005684, 0.927089)
55.42144, (0.567723, -4.228607, 6.325412), (0.318129, -0.202250, 0.007057, 0.926196)
55.43536, (0.556433, -4.233184, 6.336110), (0.320543, -0.201955, 0.008480, 0.925416)
55.44931, (0.545090, -4.238415, 6.346438), (0.321154, -0.200817, 0.009367, 0.925443)
55.46388, (0.533123, -4.241467, 6.360272), (0.320811, -0.199531, 0.010091, 0.925833)
55.47745, (0.516400, -4.242178, 6.372272), (0.320505, -0.198028, 0.011880, 0.926240)
55.49121, (0.497714, -4.244236, 6.379075), (0.319356, -0.196267, 0.013956, 0.926982)
55.50502, (0.476427, -4.246503, 6.383945), (0.318839, -0.194515, 0.016834, 0.927482)
55.51888, (0.452822, -4.248843, 6.387109), (0.318614, -0.193039, 0.020487, 0.927794)
55.53275, (0.427470, -4.254250, 6.389337), (0.318637, -0.191033, 0.023743, 0.928124)
55.5467, (0.396089, -4.258156, 6.388776), (0.318295, -0.189004, 0.027408, 0.928555)
55.5606, (0.361837, -4.260651, 6.384508), (0.317523, -0.187090, 0.030874, 0.929098)
55.57464, (0.330394, -4.266539, 6.376815), (0.317704, -0.185986, 0.033439, 0.929169)
55.58841, (0.293986, -4.271041, 6.365129), (0.317527, -0.184617, 0.037305, 0.929355)
55.60231, (0.253844, -4.273069, 6.352459), (0.317632, -0.182288, 0.042837, 0.929541)
55.61643, (0.217562, -4.278010, 6.337609), (0.317709, -0.180401, 0.046847, 0.929689)
55.63004, (0.177208, -4.278670, 6.325408), (0.317198, -0.178661, 0.050995, 0.929981)
55.64392, (0.133207, -4.280201, 6.312314), (0.316572, -0.176261, 0.055320, 0.930405)
55.65781, (0.091049, -4.281817, 6.295197), (0.314748, -0.173898, 0.058865, 0.931251)
55.67171, (0.048516, -4.281568, 6.275847), (0.312615, -0.171886, 0.062957, 0.932075)
55.6858, (0.007326, -4.281070, 6.255115), (0.311084, -0.168764, 0.066202, 0.932932)
55.69992, (-0.037190, -4.274887, 6.233122), (0.309879, -0.164330, 0.069735, 0.933867)
55.71354, (-0.082448, -4.271603, 6.214970), (0.308295, -0.158829, 0.071593, 0.935202)
55.72734, (-0.127926, -4.268204, 6.194083), (0.305153, -0.152794, 0.073364, 0.937098)
55.74143, (-0.175171, -4.265419, 6.173038), (0.303221, -0.147853, 0.076291, 0.938284)
55.75598, (-0.225320, -4.262852, 6.146453), (0.297668, -0.138393, 0.074316, 0.941657)
55.76909, (-0.271979, -4.260593, 6.123203), (0.294987, -0.131890, 0.075377, 0.943348)
55.78291, (-0.321992, -4.259792, 6.096933), (0.292291, -0.123921, 0.077416, 0.945101)
55.79672, (-0.373062, -4.259139, 6.072323), (0.289694, -0.115548, 0.079828, 0.946759)
55.81059, (-0.424302, -4.260573, 6.047878), (0.286432, -0.105984, 0.081355, 0.948739)
55.82437, (-0.479049, -4.260677, 6.026703), (0.283720, -0.097132, 0.083620, 0.950303)
55.83856, (-0.534615, -4.264001, 6.000842), (0.280788, -0.087221, 0.085081, 0.952004)
55.85233, (-0.590390, -4.270835, 5.976554), (0.278580, -0.077379, 0.085993, 0.953421)
55.86652, (-0.648315, -4.279537, 5.952014), (0.276237, -0.067814, 0.087788, 0.954666)
55.87998, (-0.706196, -4.288001, 5.928217), (0.273207, -0.058802, 0.089396, 0.955986)
55.89422, (-0.768927, -4.296089, 5.906210), (0.270953, -0.048965, 0.091275, 0.957003)
55.90763, (-0.830278, -4.306195, 5.885114), (0.268968, -0.039706, 0.092953, 0.957831)
55.92155, (-0.895439, -4.318233, 5.859537), (0.266536, -0.029277, 0.095255, 0.958659)
55.93539, (-0.954342, -4.330696, 5.838204), (0.265066, -0.020779, 0.097618, 0.959051)
55.94922, (-1.013765, -4.341424, 5.817036), (0.264945, -0.012944, 0.101256, 0.958845)
55.96311, (-1.070214, -4.351259, 5.797043), (0.264994, -0.006462, 0.104679, 0.958530)
55.97701, (-1.128738, -4.359610, 5.779226), (0.264955, 0.000135, 0.108157, 0.958176)
55.99096, (-1.185991, -4.366485, 5.769311), (0.264955, 0.004155, 0.110656, 0.957882)
56.0051, (-1.248823, -4.374541, 5.758220), (0.262537, 0.010068, 0.111520, 0.958403)
56.0188, (-1.307855, -4.378896, 5.748544), (0.260504, 0.016441, 0.111189, 0.958908)
56.0327, (-1.362532, -4.381807, 5.737386), (0.260051, 0.022296, 0.112116, 0.958805)
56.04698, (-1.415527, -4.386716, 5.722198), (0.259965, 0.028313, 0.114161, 0.958428)
56.06041, (-1.463050, -4.394260, 5.703852), (0.260531, 0.032663, 0.116940, 0.957801)
56.07408, (-1.512733, -4.403156, 5.686848), (0.261037, 0.036642, 0.120175, 0.957118)
56.08787, (-1.560198, -4.409126, 5.673740), (0.262141, 0.040450, 0.123356, 0.956258)
56.10171, (-1.608703, -4.410237, 5.658817), (0.263203, 0.043078, 0.127579, 0.955297)
56.11564, (-1.653790, -4.407907, 5.646705), (0.264123, 0.044715, 0.130412, 0.954585)
56.12997, (-1.698363, -4.406882, 5.634102), (0.263705, 0.046975, 0.132891, 0.954250)
56.14368, (-1.740492, -4.404205, 5.623456), (0.262946, 0.048835, 0.136250, 0.953893)
56.15792, (-1.774388, -4.401612, 5.613303), (0.261841, 0.050998, 0.137926, 0.953842)
56.17136, (-1.808066, -4.398342, 5.600369), (0.261009, 0.054291, 0.138603, 0.953790)
56.18517, (-1.839354, -4.394350, 5.587272), (0.259693, 0.058872, 0.138001, 0.953965)
56.19899, (-1.868284, -4.392100, 5.575294), (0.257841, 0.063055, 0.137817, 0.954227)
56.21292, (-1.896169, -4.387395, 5.563871), (0.256596, 0.066594, 0.138247, 0.954260)
56.22685, (-1.921298, -4.382835, 5.555942), (0.255368, 0.068803, 0.139124, 0.954305)
56.24067, (-1.946162, -4.378140, 5.551452), (0.254352, 0.070594, 0.140494, 0.954245)
56.25462, (-1.966130, -4.371804, 5.548097), (0.252465, 0.070707, 0.142178, 0.954488)
56.26849, (-1.986889, -4.365416, 5.545202), (0.251197, 0.071528, 0.142732, 0.954679)
56.2826, (-2.004308, -4.359623, 5.542099), (0.249752, 0.072491, 0.142181, 0.955067)
56.2964, (-2.019744, -4.353535, 5.539700), (0.249770, 0.073636, 0.140456, 0.955230)
56.31035, (-2.031818, -4.347682, 5.535798), (0.250368, 0.074689, 0.138391, 0.955293)
56.32395, (-2.041629, -4.340932, 5.531154), (0.251465, 0.076214, 0.136251, 0.955192)
56.33783, (-2.050686, -4.335315, 5.526274), (0.252086, 0.078865, 0.133982, 0.955135)
56.35176, (-2.061875, -4.327560, 5.520312), (0.251820, 0.082290, 0.132295, 0.955151)
56.36572, (-2.071754, -4.317701, 5.513176), (0.250500, 0.085206, 0.130056, 0.955550)
56.37959, (-2.081155, -4.309268, 5.507636), (0.249364, 0.088041, 0.128305, 0.955827)
56.39352, (-2.090170, -4.302822, 5.500689), (0.247738, 0.091067, 0.126386, 0.956221)
56.4078, (-2.100513, -4.297011, 5.492888), (0.245667, 0.094890, 0.124830, 0.956588)
56.42121, (-2.111444, -4.292526, 5.486396), (0.243156, 0.099339, 0.123666, 0.956929)
56.43517, (-2.119801, -4.289111, 5.479600), (0.239930, 0.104398, 0.121936, 0.957427)
56.44897, (-2.128564, -4.287380, 5.472121), (0.237397, 0.109549, 0.120622, 0.957649)
56.46293, (-2.139165, -4.286163, 5.464173), (0.235499, 0.114076, 0.120323, 0.957627)
56.47685, (-2.146084, -4.288279, 5.456071), (0.234363, 0.117950, 0.119607, 0.957526)
56.49104, (-2.155821, -4.290542, 5.450680), (0.233080, 0.122271, 0.119153, 0.957354)
56.50492, (-2.165417, -4.293349, 5.448723), (0.232255, 0.126836, 0.118962, 0.956984)
56.5186, (-2.170759, -4.297516, 5.442874), (0.230638, 0.130086, 0.118382, 0.957011)
56.53281, (-2.178714, -4.297972, 5.441040), (0.231202, 0.133636, 0.117919, 0.956443)
56.54695, (-2.183865, -4.302695, 5.435194), (0.231266, 0.136255, 0.117574, 0.956100)
56.56031, (-2.185608, -4.306854, 5.430868), (0.231243, 0.138290, 0.117908, 0.955772)
56.57402, (-2.188399, -4.309363, 5.428569), (0.232432, 0.141232, 0.118038, 0.955037)
56.58809, (-2.184820, -4.310150, 5.429094), (0.234264, 0.143113, 0.118037, 0.954310)
56.60178, (-2.179233, -4.311948, 5.427521), (0.235096, 0.144525, 0.117544, 0.953953)
56.61554, (-2.169423, -4.311667, 5.430069), (0.235428, 0.145836, 0.116877, 0.953753)
56.62929, (-2.154935, -4.310923, 5.429735), (0.234631, 0.146929, 0.116768, 0.953795)
56.64328, (-2.135729, -4.308860, 5.431236), (0.234977, 0.148443, 0.116541, 0.953504)
56.65715, (-2.118031, -4.307737, 5.431368), (0.235215, 0.150341, 0.116271, 0.953180)
56.67115, (-2.097743, -4.306580, 5.432068), (0.235515, 0.151706, 0.116326, 0.952883)
56.68519, (-2.068738, -4.306630, 5.431848), (0.235008, 0.152118, 0.115221, 0.953077)
56.69951, (-2.037295, -4.303812, 5.433109), (0.234976, 0.152040, 0.113285, 0.953329)
56.71284, (-2.002999, -4.303124, 5.434430), (0.234868, 0.151420, 0.110849, 0.953741)
56.72663, (-1.960385, -4.301673, 5.435791), (0.235764, 0.149360, 0.107580, 0.954219)
56.74049, (-1.922013, -4.299727, 5.435803), (0.236147, 0.148010, 0.104661, 0.954659)
56.75454, (-1.882164, -4.296454, 5.437100), (0.237563, 0.146039, 0.101319, 0.954972)
56.76832, (-1.837794, -4.292387, 5.435811), (0.238018, 0.142404, 0.097400, 0.955815)
56.78225, (-1.789361, -4.287813, 5.438003), (0.239724, 0.138678, 0.092421, 0.956430)
56.79618, (-1.746265, -4.284930, 5.438118), (0.240476, 0.136617, 0.089143, 0.956850)
56.81015, (-1.689839, -4.277799, 5.437379), (0.241480, 0.131672, 0.084380, 0.957721)
56.82429, (-1.632767, -4.270677, 5.437458), (0.241641, 0.127380, 0.078796, 0.958736)
56.83834, (-1.577838, -4.259252, 5.439153), (0.243008, 0.122421, 0.072929, 0.959501)
56.8522, (-1.521084, -4.244070, 5.439962), (0.242992, 0.116155, 0.064798, 0.960867)
56.86566, (-1.463695, -4.228915, 5.439346), (0.241785, 0.109034, 0.056991, 0.962499)
56.87949, (-1.404661, -4.209723, 5.440927), (0.239313, 0.101097, 0.047899, 0.964476)
56.89351, (-1.333585, -4.194496, 5.442949), (0.235357, 0.091499, 0.036384, 0.966908)
56.90736, (-1.267238, -4.185471, 5.438782), (0.231493, 0.084380, 0.026535, 0.968807)
56.92125, (-1.197523, -4.171395, 5.434663), (0.230908, 0.076827, 0.017388, 0.969782)
56.93512, (-1.126136, -4.158973, 5.427128), (0.231694, 0.068397, 0.008508, 0.970344)
56.94912, (-1.054902, -4.145045, 5.422982), (0.233223, 0.058924, 0.000194, 0.970636)
56.96304, (-0.983640, -4.133187, 5.419958), (0.234671, 0.048843, -0.007074, 0.970821)
56.97707, (-0.912635, -4.122009, 5.416364), (0.234119, 0.038976, -0.014054, 0.971325)
56.991, (-0.837722, -4.110752, 5.415631), (0.233243, 0.029535, -0.022564, 0.971708)
57.0049, (-0.762542, -4.098726, 5.410645), (0.232636, 0.020219, -0.031193, 0.971853)
57.01876, (-0.686947, -4.087727, 5.404502), (0.232498, 0.010157, -0.038755, 0.971771)
57.03279, (-0.609071, -4.081884, 5.398565), (0.232669, -0.001001, -0.044863, 0.971520)
57.04669, (-0.528898, -4.076098, 5.399168), (0.232995, -0.012032, -0.052394, 0.970991)
57.06078, (-0.451365, -4.071554, 5.398162), (0.231928, -0.021460, -0.059295, 0.970687)
57.07494, (-0.371205, -4.064990, 5.398506), (0.231418, -0.029427, -0.067902, 0.970036)
57.08887, (-0.291214, -4.058406, 5.399119), (0.230726, -0.037543, -0.076143, 0.969308)
57.10259, (-0.214193, -4.055772, 5.400654), (0.229908, -0.044464, -0.083371, 0.968615)
57.11647, (-0.135691, -4.058661, 5.400491), (0.229010, -0.052496, -0.088572, 0.967964)
57.13037, (-0.060354, -4.064906, 5.396127), (0.229741, -0.060196, -0.091802, 0.967041)
57.14471, (0.010796, -4.071408, 5.391788), (0.231288, -0.066593, -0.094459, 0.965996)
57.15795, (0.078693, -4.075129, 5.388904), (0.233339, -0.072898, -0.095845, 0.964911)
57.17212, (0.145331, -4.075465, 5.389261), (0.237290, -0.079207, -0.096348, 0.963399)
57.18575, (0.215881, -4.080320, 5.393164), (0.238488, -0.087701, -0.093755, 0.962623)
57.19968, (0.289581, -4.073312, 5.407820), (0.242342, -0.096885, -0.090988, 0.961044)
57.21347, (0.362185, -4.083459, 5.407447), (0.240525, -0.104866, -0.092777, 0.960491)
57.22747, (0.429582, -4.068811, 5.423241), (0.240497, -0.113825, -0.095499, 0.959211)
57.24126, (0.497739, -4.066577, 5.429643), (0.240832, -0.120678, -0.099932, 0.957836)
57.25533, (0.569588, -4.068848, 5.435118), (0.240716, -0.126482, -0.105081, 0.956565)
57.26921, (0.638492, -4.065152, 5.444365), (0.242329, -0.133048, -0.107766, 0.954967)
57.28366, (0.701247, -4.075816, 5.443466), (0.244105, -0.136821, -0.110443, 0.953675)
57.2971, (0.763591, -4.074435, 5.451721), (0.247774, -0.141849, -0.111997, 0.951811)
57.31097, (0.827764, -4.075477, 5.458937), (0.249865, -0.147055, -0.113651, 0.950277)
57.32494, (0.890708, -4.076180, 5.469256), (0.250842, -0.149586, -0.114732, 0.949494)
57.3393, (0.953199, -4.078777, 5.484852), (0.249422, -0.151394, -0.117249, 0.949274)
57.35315, (1.012953, -4.078181, 5.501470), (0.248489, -0.152959, -0.119971, 0.948928)
57.36744, (1.068028, -4.081855, 5.513491), (0.246721, -0.154116, -0.122017, 0.948941)
57.38092, (1.122783, -4.084666, 5.526072), (0.246070, -0.156616, -0.123263, 0.948540)
57.395, (1.174567, -4.088316, 5.539091), (0.245255, -0.159263, -0.123461, 0.948284)
57.40868, (1.222409, -4.092122, 5.551310), (0.244345, -0.163230, -0.124647, 0.947689)
57.4225, (1.271505, -4.096951, 5.567191), (0.243381, -0.168197, -0.127035, 0.946751)
57.43645, (1.313288, -4.101676, 5.578388), (0.243445, -0.172723, -0.130095, 0.945503)
57.45025, (1.358658, -4.112105, 5.588852), (0.243126, -0.177013, -0.132714, 0.944427)
57.46415, (1.405648, -4.116177, 5.601393), (0.243133, -0.180531, -0.134457, 0.943513)
57.47781, (1.454405, -4.121605, 5.613950), (0.242809, -0.184364, -0.136505, 0.942561)
57.49159, (1.496225, -4.136189, 5.626088), (0.245536, -0.188398, -0.137847, 0.940860)
57.50541, (1.524861, -4.140739, 5.643536), (0.246037, -0.190779, -0.141036, 0.939775)
57.51937, (1.560384, -4.150357, 5.654137), (0.244949, -0.193073, -0.144100, 0.939126)
57.53331, (1.593162, -4.156368, 5.665028), (0.244924, -0.194803, -0.147330, 0.938274)
57.54719, (1.626331, -4.164182, 5.675220), (0.245781, -0.196785, -0.150902, 0.937068)
57.56105, (1.659643, -4.170913, 5.687308), (0.246809, -0.199350, -0.153338, 0.935859)
57.575, (1.692097, -4.179739, 5.697319), (0.247278, -0.202103, -0.155537, 0.934782)
57.58905, (1.721905, -4.187534, 5.707708), (0.246477, -0.204445, -0.156855, 0.934263)
57.60294, (1.751461, -4.194269, 5.721935), (0.245886, -0.206606, -0.158892, 0.933599)
57.61722, (1.777225, -4.198914, 5.734091), (0.245678, -0.208354, -0.160693, 0.932957)
57.63101, (1.800964, -4.206356, 5.746481), (0.245499, -0.209841, -0.162968, 0.932276)
57.64484, (1.823414, -4.214482, 5.756692), (0.245558, -0.210423, -0.165424, 0.931697)
57.65899, (1.846097, -4.222100, 5.768090), (0.246041, -0.210844, -0.167496, 0.931104)
57.67253, (1.870121, -4.231640, 5.780413), (0.245918, -0.211739, -0.169679, 0.930538)
57.68641, (1.889758, -4.240852, 5.793843), (0.245560, -0.212264, -0.171947, 0.930096)
57.70039, (1.907038, -4.249682, 5.803740), (0.245413, -0.212041, -0.174332, 0.929742)
57.71418, (1.921773, -4.258008, 5.812001), (0.246365, -0.211174, -0.176322, 0.929312)
57.72789, (1.940377, -4.267410, 5.821282), (0.247274, -0.211163, -0.178514, 0.928654)
57.74167, (1.954219, -4.277891, 5.829253), (0.248574, -0.210302, -0.178607, 0.928485)
57.75545, (1.966216, -4.287232, 5.839808), (0.248867, -0.209757, -0.178725, 0.928507)
57.76929, (1.977054, -4.295016, 5.850966), (0.248688, -0.209168, -0.178996, 0.928635)
57.7832, (1.989357, -4.301860, 5.862028), (0.249090, -0.208572, -0.180148, 0.928439)
57.79771, (1.998852, -4.309956, 5.872727), (0.249309, -0.207137, -0.181957, 0.928349)
57.811, (2.008370, -4.319471, 5.882182), (0.249786, -0.206036, -0.183538, 0.928154)
57.82491, (2.017932, -4.328084, 5.890304), (0.250180, -0.205084, -0.184776, 0.928013)
57.83881, (2.024091, -4.338260, 5.899328), (0.250692, -0.204909, -0.185984, 0.927672)
57.8527, (2.031930, -4.346488, 5.908111), (0.250912, -0.204352, -0.186900, 0.927552)
57.86684, (2.041579, -4.351990, 5.917237), (0.251892, -0.204251, -0.188246, 0.927036)
57.88049, (2.047714, -4.358356, 5.925755), (0.252382, -0.203514, -0.189850, 0.926737)
57.89437, (2.053758, -4.366255, 5.933209), (0.252052, -0.202401, -0.192078, 0.926612)
57.90834, (2.057438, -4.373055, 5.939252), (0.252430, -0.201033, -0.194160, 0.926373)
57.9225, (2.063394, -4.380101, 5.942583), (0.253418, -0.200223, -0.195267, 0.926046)
57.93623, (2.070583, -4.383574, 5.949741), (0.254685, -0.200199, -0.195505, 0.925653)
57.95069, (2.076601, -4.386396, 5.957205), (0.255033, -0.199582, -0.196006, 0.925585)
57.96397, (2.080945, -4.389544, 5.965911), (0.254076, -0.198265, -0.196761, 0.925971)
57.97804, (2.084678, -4.390862, 5.973036), (0.253023, -0.195988, -0.197998, 0.926480)
57.99159, (2.087619, -4.390471, 5.977154), (0.253024, -0.193106, -0.199276, 0.926811)
58.00531, (2.090218, -4.389125, 5.979917), (0.253323, -0.190238, -0.200119, 0.927140)
58.01918, (2.092676, -4.388423, 5.983298), (0.253126, -0.187566, -0.200799, 0.927591)
58.03313, (2.093239, -4.385104, 5.988678), (0.252210, -0.184617, -0.200381, 0.928523)
58.04703, (2.093100, -4.382794, 5.993278), (0.250821, -0.182161, -0.199857, 0.929496)
58.06112, (2.091080, -4.378767, 5.996048), (0.249603, -0.179795, -0.198879, 0.930494)
58.07494, (2.088182, -4.374485, 5.997348), (0.248548, -0.177236, -0.198755, 0.931294)
58.08925, (2.084155, -4.367877, 5.999379), (0.247229, -0.174530, -0.198402, 0.932231)
58.1025, (2.079360, -4.362507, 6.002223), (0.245815, -0.172249, -0.198221, 0.933067)
58.11629, (2.072170, -4.354484, 6.003633), (0.244195, -0.170325, -0.197173, 0.934067)
58.13008, (2.064705, -4.347615, 6.004862), (0.243119, -0.168729, -0.196081, 0.934867)
58.1441, (2.056669, -4.340538, 6.006886), (0.242370, -0.167105, -0.195375, 0.935501)
58.15803, (2.044548, -4.331337, 6.007075), (0.242233, -0.165677, -0.195505, 0.935763)
58.17179, (2.032237, -4.322040, 6.005981), (0.241139, -0.164017, -0.195059, 0.936431)
58.1859, (2.021015, -4.312223, 6.007768), (0.240402, -0.162618, -0.194103, 0.937063)
58.19994, (2.010325, -4.303710, 6.010708), (0.239086, -0.161706, -0.192919, 0.937801)
58.21367, (1.996849, -4.292621, 6.015210), (0.238085, -0.160324, -0.191515, 0.938581)
58.22745, (1.983937, -4.281014, 6.021064), (0.236518, -0.159120, -0.190428, 0.939403)
58.24194, (1.969235, -4.269736, 6.025878), (0.233686, -0.157435, -0.189965, 0.940489)
58.25525, (1.955555, -4.256887, 6.027601), (0.231803, -0.155068, -0.189258, 0.941490)
58.26933, (1.943547, -4.243536, 6.030384), (0.230206, -0.153534, -0.187393, 0.942505)
58.28289, (1.930850, -4.230718, 6.032905), (0.228759, -0.151955, -0.184775, 0.943630)
58.29664, (1.914511, -4.217023, 6.035531), (0.227594, -0.149878, -0.182263, 0.944732)
58.31052, (1.899310, -4.202753, 6.039181), (0.225720, -0.148037, -0.180449, 0.945819)
58.32444, (1.884066, -4.187062, 6.042102), (0.223349, -0.146095, -0.178444, 0.947063)
58.33832, (1.868247, -4.168864, 6.045489), (0.220754, -0.143759, -0.176920, 0.948315)
58.35219, (1.852264, -4.152614, 6.047173), (0.218297, -0.141968, -0.175043, 0.949501)
58.36607, (1.834110, -4.137099, 6.048191), (0.216527, -0.140295, -0.173195, 0.950493)
58.37992, (1.814602, -4.123976, 6.045508), (0.215060, -0.138925, -0.171398, 0.951353)
58.3938, (1.793365, -4.107314, 6.044745), (0.214846, -0.138007, -0.168686, 0.952019)
58.4077, (1.771925, -4.091737, 6.042419), (0.214497, -0.137075, -0.166865, 0.952553)
58.42185, (1.748487, -4.076170, 6.040887), (0.213921, -0.136306, -0.164539, 0.953198)
58.43558, (1.723613, -4.065492, 6.038889), (0.212453, -0.136958, -0.162081, 0.953853)
58.4493, (1.697836, -4.053268, 6.035398), (0.211842, -0.137563, -0.158778, 0.954458)
58.46328, (1.671704, -4.038572, 6.031296), (0.211343, -0.137261, -0.155726, 0.955114)
58.4772, (1.648510, -4.023781, 6.030249), (0.210579, -0.136854, -0.153136, 0.955760)
58.49095, (1.622351, -4.004878, 6.026110), (0.208845, -0.136875, -0.150611, 0.956538)
58.5048, (1.596834, -3.982974, 6.020505), (0.206513, -0.136242, -0.148785, 0.957420)
58.51868, (1.570952, -3.961322, 6.013025), (0.202315, -0.136047, -0.145021, 0.958921)
58.53291, (1.546403, -3.941137, 6.003151), (0.199658, -0.134599, -0.140227, 0.960394)
58.5464, (1.524917, -3.921702, 5.993523), (0.197633, -0.133682, -0.135549, 0.961612)
58.56016, (1.499607, -3.898038, 5.975428), (0.195030, -0.131048, -0.130811, 0.963161)
58.57402, (1.476507, -3.873023, 5.957455), (0.192268, -0.129998, -0.126213, 0.964471)
58.58796, (1.453114, -3.845402, 5.937451), (0.189295, -0.128899, -0.120724, 0.965908)
58.60215, (1.430303, -3.819110, 5.918458), (0.185985, -0.128005, -0.114410, 0.967437)
58.61611, (1.408661, -3.788036, 5.896385), (0.181231, -0.125683, -0.109074, 0.969258)
58.62992, (1.386407, -3.759710, 5.879516), (0.178580, -0.124489, -0.104663, 0.970390)
58.64379, (1.359427, -3.733605, 5.847954), (0.169436, -0.122079, -0.102363, 0.972579)
58.65754, (1.332606, -3.710023, 5.819687), (0.165166, -0.121562, -0.098504, 0.973776)
58.67181, (1.305782, -3.690623, 5.790727), (0.162301, -0.121916, -0.095713, 0.974492)
58.68534, (1.278209, -3.670765, 5.764756), (0.159949, -0.122456, -0.092794, 0.975095)
58.69882, (1.244985, -3.660063, 5.733288), (0.156919, -0.122170, -0.091644, 0.975732)
58.71252, (1.217078, -3.648692, 5.706910), (0.153482, -0.122442, -0.089889, 0.976407)
58.72668, (1.189655, -3.635036, 5.681747), (0.151409, -0.121170, -0.088569, 0.977010)
58.74058, (1.160438, -3.626869, 5.650818), (0.148690, -0.119914, -0.087354, 0.977692)
58.75431, (1.130423, -3.619163, 5.623538), (0.146843, -0.118600, -0.086899, 0.978172)
58.76808, (1.097879, -3.616265, 5.597888), (0.146009, -0.117346, -0.085746, 0.978550)
58.78196, (1.065426, -3.612825, 5.571898), (0.145281, -0.115917, -0.084188, 0.978963)
58.7959, (1.035915, -3.617169, 5.549012), (0.145646, -0.115065, -0.080887, 0.979288)
58.81005, (1.004597, -3.618253, 5.528121), (0.145431, -0.114147, -0.077633, 0.979691)
58.82361, (0.971724, -3.619475, 5.509648), (0.144661, -0.112795, -0.074893, 0.980174)
58.8375, (0.938562, -3.620338, 5.493992), (0.144687, -0.111339, -0.073840, 0.980417)
58.8513, (0.905356, -3.626164, 5.476252), (0.143999, -0.110979, -0.072772, 0.980639)
58.86523, (0.871321, -3.631611, 5.460740), (0.145695, -0.110215, -0.071266, 0.980585)
58.87924, (0.839595, -3.639299, 5.444753), (0.146885, -0.109913, -0.069046, 0.980600)
58.89305, (0.809985, -3.646851, 5.434661), (0.148509, -0.110411, -0.066238, 0.980493)
58.90699, (0.779052, -3.653876, 5.425859), (0.149815, -0.110022, -0.064161, 0.980476)
58.92088, (0.748440, -3.659106, 5.416555), (0.151157, -0.109917, -0.063278, 0.980340)
58.93494, (0.719031, -3.664999, 5.408070), (0.152923, -0.109553, -0.063398, 0.980099)
58.94872, (0.690627, -3.669547, 5.398938), (0.155537, -0.108888, -0.063118, 0.979780)
58.9632, (0.669082, -3.676115, 5.394845), (0.158129, -0.108579, -0.061126, 0.979525)
58.9766, (0.645064, -3.681957, 5.392341), (0.159853, -0.107986, -0.058326, 0.979482)
58.99039, (0.618143, -3.687963, 5.385871), (0.161342, -0.107431, -0.056480, 0.979407)
59.00458, (0.591210, -3.693899, 5.379171), (0.162835, -0.106948, -0.054787, 0.979309)
59.01835, (0.575923, -3.688620, 5.392794), (0.162458, -0.105841, -0.050900, 0.979701)
59.03254, (0.551465, -3.692331, 5.390350), (0.163672, -0.105257, -0.048896, 0.979664)
59.04601, (0.527008, -3.696041, 5.387909), (0.164886, -0.104673, -0.046891, 0.979621)
59.06017, (0.509883, -3.684382, 5.401877), (0.163379, -0.103192, -0.047682, 0.979993)
59.0739, (0.503270, -3.678534, 5.422592), (0.164476, -0.104440, -0.048607, 0.979631)
59.08779, (0.490876, -3.676882, 5.437982), (0.164802, -0.104668, -0.046051, 0.979676)
59.10173, (0.477399, -3.674475, 5.457718), (0.164485, -0.104444, -0.044278, 0.979835)
59.11618, (0.462597, -3.673712, 5.477376), (0.164347, -0.103945, -0.043588, 0.979942)
59.12954, (0.446941, -3.674878, 5.497550), (0.164988, -0.104083, -0.042808, 0.979854)
59.1433, (0.431425, -3.676784, 5.518083), (0.165992, -0.104011, -0.041638, 0.979742)
59.15724, (0.416306, -3.679982, 5.540909), (0.167460, -0.103955, -0.039965, 0.979568)
59.17112, (0.401490, -3.684005, 5.566404), (0.169158, -0.103652, -0.038830, 0.979354)
59.18531, (0.384921, -3.690170, 5.590940), (0.171349, -0.102084, -0.038562, 0.979148)
59.19924, (0.367221, -3.695339, 5.615296), (0.173915, -0.100503, -0.037925, 0.978884)
59.2132, (0.348836, -3.703166, 5.642972), (0.176197, -0.099042, -0.037050, 0.978659)
59.22695, (0.330273, -3.710564, 5.672602), (0.178194, -0.097777, -0.034511, 0.978517)
59.24091, (0.313808, -3.714845, 5.703975), (0.180188, -0.097850, -0.031364, 0.978250)
59.25514, (0.295328, -3.715948, 5.737900), (0.181882, -0.097346, -0.028183, 0.978084)
59.26859, (0.275217, -3.716736, 5.770104), (0.182255, -0.096239, -0.026160, 0.978180)
59.28259, (0.257985, -3.717835, 5.804197), (0.182880, -0.095774, -0.024794, 0.978145)
59.29605, (0.239971, -3.724650, 5.832461), (0.183941, -0.095091, -0.022856, 0.978060)
59.30995, (0.220974, -3.731866, 5.863762), (0.186776, -0.094297, -0.020872, 0.977644)
59.32378, (0.201632, -3.738739, 5.895984), (0.190165, -0.093987, -0.019230, 0.977054)
59.33764, (0.178642, -3.745146, 5.926473), (0.192755, -0.093453, -0.017684, 0.976627)
59.35161, (0.155824, -3.747338, 5.959569), (0.195233, -0.093661, -0.016720, 0.976131)
59.36554, (0.130625, -3.749822, 5.991900), (0.197295, -0.092994, -0.015587, 0.975799)
59.37938, (0.108952, -3.756196, 6.023020), (0.198827, -0.092403, -0.014800, 0.975557)
59.39363, (0.085395, -3.761933, 6.051340), (0.201050, -0.092114, -0.013495, 0.975147)
59.40719, (0.059737, -3.768591, 6.077872), (0.203924, -0.091220, -0.012382, 0.974649)
59.42105, (0.033750, -3.775679, 6.104535), (0.206373, -0.090270, -0.010641, 0.974242)
59.43507, (0.008503, -3.781644, 6.127805), (0.209565, -0.088689, -0.008458, 0.973728)
59.449, (-0.018189, -3.785806, 6.152678), (0.211919, -0.086889, -0.005819, 0.973400)
59.46309, (-0.045813, -3.790151, 6.178302), (0.212383, -0.085079, -0.003225, 0.973470)
59.47726, (-0.074879, -3.795247, 6.204439), (0.212857, -0.083894, -0.000312, 0.973475)
59.49109, (-0.106464, -3.802269, 6.226811), (0.213188, -0.082021, 0.001701, 0.973561)
59.5047, (-0.135485, -3.809121, 6.249824), (0.214415, -0.081225, 0.004020, 0.973351)
59.51856, (-0.167333, -3.816276, 6.267008), (0.215399, -0.079769, 0.006798, 0.973239)
59.53247, (-0.198272, -3.823181, 6.286558), (0.217353, -0.078396, 0.009358, 0.972895)
59.54662, (-0.231494, -3.830198, 6.305602), (0.219016, -0.076622, 0.011822, 0.972636)
59.56031, (-0.265514, -3.842784, 6.317654), (0.219871, -0.075618, 0.014832, 0.972481)
59.57434, (-0.299342, -3.848855, 6.333878), (0.221094, -0.073977, 0.017426, 0.972287)
59.58787, (-0.335306, -3.857410, 6.344480), (0.221991, -0.072399, 0.019994, 0.972152)
59.60147, (-0.372320, -3.867391, 6.354714), (0.222717, -0.071560, 0.023526, 0.971969)
59.6154, (-0.408540, -3.879211, 6.364195), (0.223871, -0.069781, 0.026701, 0.971751)
59.62933, (-0.446374, -3.889164, 6.371946), (0.225398, -0.067829, 0.029977, 0.971440)
59.64323, (-0.485853, -3.893999, 6.382647), (0.227074, -0.065115, 0.033847, 0.971109)
59.65736, (-0.522779, -3.904272, 6.388278), (0.227018, -0.061745, 0.036227, 0.971256)
59.6708, (-0.565507, -3.912408, 6.392659), (0.226750, -0.058375, 0.040852, 0.971343)
59.68472, (-0.605913, -3.920975, 6.395319), (0.226404, -0.055448, 0.045599, 0.971385)
59.6986, (-0.648667, -3.930079, 6.396531), (0.227358, -0.052687, 0.050289, 0.971084)
59.71247, (-0.689754, -3.941171, 6.395027), (0.228426, -0.050969, 0.054140, 0.970718)
59.72634, (-0.733200, -3.950568, 6.389502), (0.229275, -0.048224, 0.057176, 0.970484)
59.74038, (-0.773013, -3.959991, 6.386718), (0.230303, -0.046485, 0.059808, 0.970167)
59.75425, (-0.812750, -3.970456, 6.384425), (0.231442, -0.043155, 0.063483, 0.969816)
59.76797, (-0.853345, -3.977240, 6.382558), (0.232787, -0.039311, 0.068572, 0.969311)
59.7819, (-0.893693, -3.987719, 6.378753), (0.231164, -0.035408, 0.072104, 0.969593)
59.79581, (-0.934196, -3.994375, 6.376557), (0.230184, -0.031427, 0.074157, 0.969809)
59.81063, (-0.976480, -3.999971, 6.371387), (0.229221, -0.027717, 0.076600, 0.969960)
59.82379, (-1.015666, -4.006083, 6.363100), (0.228372, -0.024148, 0.079572, 0.970016)
59.83742, (-1.053812, -4.011020, 6.355280), (0.228995, -0.020888, 0.083502, 0.969615)
59.85138, (-1.092111, -4.018455, 6.346905), (0.228723, -0.017288, 0.087525, 0.969395)
59.86546, (-1.131822, -4.025120, 6.342521), (0.228213, -0.013441, 0.090766, 0.969278)
59.87907, (-1.170864, -4.031765, 6.337418), (0.227483, -0.010548, 0.094471, 0.969131)
59.89299, (-1.213068, -4.036105, 6.335168), (0.226634, -0.006435, 0.097495, 0.969067)
59.90686, (-1.257991, -4.042893, 6.334977), (0.221749, -0.000219, 0.097762, 0.970191)
59.92073, (-1.295244, -4.051656, 6.333304), (0.219459, 0.004446, 0.102060, 0.970259)
59.93468, (-1.335172, -4.060306, 6.331304), (0.218744, 0.009333, 0.107315, 0.969818)
59.94847, (-1.372577, -4.069576, 6.328544), (0.218114, 0.013157, 0.111437, 0.969451)
59.96278, (-1.411031, -4.075085, 6.328416), (0.218360, 0.015922, 0.115632, 0.968863)
59.97623, (-1.447888, -4.080019, 6.327745), (0.218639, 0.018217, 0.119329, 0.968311)
59.98999, (-1.480340, -4.085860, 6.326546), (0.219028, 0.018162, 0.123666, 0.967679)
60.00384, (-1.509684, -4.091308, 6.325564), (0.219383, 0.018248, 0.128679, 0.966944)
60.01782, (-1.541193, -4.094711, 6.325454), (0.220300, 0.018498, 0.133586, 0.966065)
60.03171, (-1.569672, -4.097601, 6.324058), (0.220157, 0.018773, 0.136512, 0.965683)
60.04556, (-1.598207, -4.096766, 6.326621), (0.219814, 0.018787, 0.138560, 0.965469)
60.05956, (-1.628166, -4.092278, 6.330311), (0.220180, 0.019788, 0.139665, 0.965206)
60.07376, (-1.655908, -4.088771, 6.330352), (0.219505, 0.021565, 0.139829, 0.965298)
60.0875, (-1.681111, -4.085303, 6.330402), (0.218429, 0.023728, 0.140328, 0.965419)
60.10111, (-1.701550, -4.084356, 6.333169), (0.216578, 0.026902, 0.141032, 0.965650)
60.11477, (-1.722835, -4.082850, 6.336702), (0.214797, 0.030133, 0.141927, 0.965821)
60.12858, (-1.748412, -4.081222, 6.338501), (0.213774, 0.032782, 0.143594, 0.965716)
60.14248, (-1.770401, -4.078953, 6.341352), (0.211644, 0.035850, 0.144265, 0.965976)
60.15642, (-1.790487, -4.074492, 6.343475), (0.208716, 0.038030, 0.145569, 0.966334)
60.17027, (-1.808949, -4.071392, 6.345987), (0.206626, 0.039368, 0.148433, 0.966294)
60.18427, (-1.828923, -4.069407, 6.346568), (0.205020, 0.040965, 0.151492, 0.966095)
60.19813, (-1.847843, -4.067733, 6.347523), (0.203748, 0.042800, 0.154134, 0.965866)
60.21221, (-1.864694, -4.065020, 6.347860), (0.202214, 0.044811, 0.155872, 0.965819)
60.22583, (-1.881327, -4.061712, 6.347689), (0.200151, 0.047164, 0.157048, 0.965946)
60.23965, (-1.896668, -4.056240, 6.349537), (0.197858, 0.049860, 0.158650, 0.966021)
60.25354, (-1.906842, -4.048332, 6.354076), (0.195803, 0.052067, 0.159719, 0.966147)
60.26806, (-1.920792, -4.044800, 6.355086), (0.192678, 0.054467, 0.161406, 0.966363)
60.28121, (-1.934854, -4.038305, 6.357892), (0.190436, 0.056393, 0.162700, 0.966480)
60.29504, (-1.946334, -4.031481, 6.357968), (0.186439, 0.058750, 0.163779, 0.966936)
60.30886, (-1.956762, -4.022505, 6.357967), (0.183037, 0.061269, 0.164811, 0.967254)
60.32277, (-1.966802, -4.013806, 6.357112), (0.179853, 0.063434, 0.166121, 0.967488)
60.33682, (-1.975843, -4.002771, 6.357596), (0.177663, 0.064686, 0.167229, 0.967619)
60.35096, (-1.983540, -3.997149, 6.354523), (0.174632, 0.065264, 0.168075, 0.967985)
60.36465, (-1.997256, -3.986053, 6.354461), (0.172675, 0.067687, 0.167873, 0.968205)
60.37854, (-2.006271, -3.976778, 6.351368), (0.169361, 0.068395, 0.167721, 0.968767)
60.39217, (-2.015756, -3.969405, 6.349416), (0.165515, 0.069254, 0.168101, 0.969304)
60.40616, (-2.023646, -3.962173, 6.346909), (0.162051, 0.070407, 0.168435, 0.969748)
60.41978, (-2.035682, -3.954908, 6.341709), (0.158841, 0.072346, 0.168819, 0.970070)
60.43351, (-2.045993, -3.945053, 6.340632), (0.156598, 0.073589, 0.170146, 0.970109)
60.44728, (-2.058263, -3.938049, 6.335799), (0.152261, 0.074919, 0.171345, 0.970487)
60.46121, (-2.069738, -3.925890, 6.334316), (0.147842, 0.076345, 0.171601, 0.971014)
60.4752, (-2.081422, -3.914425, 6.329937), (0.143179, 0.077495, 0.173321, 0.971316)
60.48898, (-2.092587, -3.904845, 6.326503), (0.139520, 0.078911, 0.174203, 0.971577)
60.50288, (-2.096937, -3.889734, 6.324006), (0.132048, 0.079893, 0.178227, 0.971811)
60.51671, (-2.105060, -3.874350, 6.320888), (0.126042, 0.080456, 0.181713, 0.971916)
60.53055, (-2.114543, -3.852718, 6.320157), (0.119055, 0.079161, 0.186138, 0.972066)
60.54447, (-2.124243, -3.833044, 6.316512), (0.110656, 0.075776, 0.191129, 0.972360)
60.55867, (-2.139422, -3.814030, 6.312618), (0.103226, 0.073757, 0.194851, 0.972593)
60.57212, (-2.155024, -3.794141, 6.302438), (0.094384, 0.070550, 0.197717, 0.973151)
60.58588, (-2.166521, -3.777983, 6.283446), (0.082212, 0.065969, 0.198839, 0.974347)
60.59972, (-2.170806, -3.760149, 6.273817), (0.072273, 0.063631, 0.200560, 0.974938)
60.61377, (-2.168762, -3.734212, 6.269279), (0.067841, 0.064291, 0.202451, 0.974822)
60.62769, (-2.172227, -3.722419, 6.256780), (0.062021, 0.066141, 0.202957, 0.974981)
60.64149, (-2.179149, -3.708491, 6.250326), (0.053873, 0.066552, 0.203224, 0.975381)
60.6552, (-2.181671, -3.691226, 6.240918), (0.046344, 0.066367, 0.201764, 0.976084)
60.66898, (-2.184016, -3.673161, 6.227629), (0.037869, 0.065764, 0.198859, 0.977086)
60.68281, (-2.187388, -3.661723, 6.214623), (0.032296, 0.065535, 0.196089, 0.977861)
60.69698, (-2.186405, -3.651482, 6.198049), (0.030296, 0.066704, 0.194911, 0.978081)
60.71122, (-2.182057, -3.646740, 6.183832), (0.026252, 0.066818, 0.193968, 0.978378)
60.72475, (-2.182266, -3.636310, 6.172982), (0.022255, 0.067863, 0.193023, 0.978592)
60.73854, (-2.179898, -3.621273, 6.161575), (0.018835, 0.067801, 0.190463, 0.979169)
60.75248, (-2.182456, -3.610643, 6.150380), (0.014141, 0.066966, 0.189019, 0.979585)
60.76634, (-2.180825, -3.604282, 6.139650), (0.008901, 0.065297, 0.186430, 0.980256)
60.7802, (-2.178640, -3.592904, 6.131371), (0.007158, 0.064043, 0.184249, 0.980765)
60.79383, (-2.176813, -3.587464, 6.117495), (0.003579, 0.063431, 0.182946, 0.981068)
60.80805, (-2.172474, -3.580236, 6.105301), (0.003282, 0.063304, 0.179877, 0.981645)
60.82178, (-2.165826, -3.576763, 6.091794), (0.001065, 0.063582, 0.177478, 0.982068)
60.83549, (-2.160966, -3.569610, 6.079887), (-0.001170, 0.064216, 0.176465, 0.982209)
60.8497, (-2.153094, -3.562896, 6.067779), (-0.003349, 0.064855, 0.174618, 0.982492)
60.86344, (-2.147057, -3.555628, 6.057785), (-0.006492, 0.065941, 0.173330, 0.982633)
60.87713, (-2.141457, -3.544409, 6.046795), (-0.009765, 0.067622, 0.170171, 0.983043)
60.8911, (-2.132877, -3.531035, 6.036041), (-0.012053, 0.068771, 0.167324, 0.983427)
60.90524, (-2.124044, -3.523959, 6.023807), (-0.015794, 0.070476, 0.164826, 0.983675)
60.91908, (-2.108484, -3.518549, 6.011490), (-0.019732, 0.074114, 0.163062, 0.983630)
60.93292, (-2.095059, -3.508340, 5.998655), (-0.021691, 0.077988, 0.161594, 0.983532)
60.94688, (-2.082168, -3.503489, 5.985240), (-0.025317, 0.082143, 0.159327, 0.983477)
60.96071, (-2.070579, -3.494190, 5.971407), (-0.027836, 0.086481, 0.156425, 0.983503)
60.97464, (-2.051546, -3.489496, 5.954903), (-0.029921, 0.090894, 0.152549, 0.983652)
60.98847, (-2.031027, -3.483505, 5.937796), (-0.031880, 0.097145, 0.149326, 0.983488)
61.00284, (-2.009665, -3.474861, 5.920466), (-0.033616, 0.103831, 0.147321, 0.983049)
61.01633, (-1.987758, -3.457954, 5.905868), (-0.033605, 0.109686, 0.146024, 0.982607)
61.03024, (-1.963298, -3.445134, 5.889487), (-0.035708, 0.116125, 0.143585, 0.982153)
61.04421, (-1.931159, -3.424184, 5.874410), (-0.039168, 0.123648, 0.140358, 0.981569)
61.05832, (-1.897408, -3.406689, 5.860786), (-0.044650, 0.134053, 0.136933, 0.980452)
61.07211, (-1.861545, -3.391429, 5.843967), (-0.050085, 0.146420, 0.133096, 0.978948)
61.08592, (-1.823346, -3.379799, 5.823627), (-0.053903, 0.160277, 0.129871, 0.977005)
61.09975, (-1.788909, -3.365757, 5.806328), (-0.056920, 0.170957, 0.127289, 0.975362)
61.11389, (-1.746664, -3.360683, 5.792501), (-0.060168, 0.188566, 0.124490, 0.972278)
61.12766, (-1.707590, -3.352487, 5.775331), (-0.062263, 0.202646, 0.120799, 0.969776)
61.14168, (-1.670469, -3.343493, 5.757598), (-0.066020, 0.215052, 0.117831, 0.967218)
61.15606, (-1.635012, -3.337110, 5.740480), (-0.070037, 0.226989, 0.114402, 0.964615)
61.16999, (-1.603118, -3.331335, 5.722805), (-0.073345, 0.237326, 0.111914, 0.962171)
61.18397, (-1.573903, -3.327938, 5.705892), (-0.076731, 0.245677, 0.110050, 0.960023)
61.19774, (-1.545292, -3.326492, 5.689166), (-0.078634, 0.251731, 0.107409, 0.958599)
61.21155, (-1.523251, -3.325846, 5.673374), (-0.079492, 0.256341, 0.107098, 0.957340)
61.22561, (-1.498085, -3.328749, 5.656175), (-0.079310, 0.260182, 0.105780, 0.956465)
61.23958, (-1.477243, -3.333037, 5.640695), (-0.078672, 0.262312, 0.105501, 0.955967)
61.25348, (-1.454343, -3.333648, 5.625991), (-0.079037, 0.265119, 0.105124, 0.955204)
61.26752, (-1.433385, -3.331236, 5.611204), (-0.079053, 0.268974, 0.103916, 0.954256)
61.28136, (-1.414422, -3.334699, 5.593943), (-0.080163, 0.270676, 0.102759, 0.953808)
61.2955, (-1.394598, -3.333966, 5.578821), (-0.081694, 0.273426, 0.100951, 0.953086)
61.30991, (-1.375012, -3.333929, 5.561626), (-0.082774, 0.275740, 0.099222, 0.952508)
61.32347, (-1.357912, -3.333832, 5.545484), (-0.082716, 0.278454, 0.099537, 0.951690)
61.33734, (-1.336537, -3.333343, 5.527518), (-0.082667, 0.281704, 0.099092, 0.950784)
61.35127, (-1.316585, -3.330158, 5.510435), (-0.083414, 0.286160, 0.098683, 0.949429)
61.36523, (-1.295549, -3.327321, 5.491795), (-0.085128, 0.291141, 0.099133, 0.947714)
61.37914, (-1.282590, -3.323874, 5.472508), (-0.086708, 0.297841, 0.097729, 0.945633)
61.39283, (-1.264585, -3.318701, 5.456545), (-0.088481, 0.303071, 0.095655, 0.944018)
61.40691, (-1.247486, -3.316690, 5.440135), (-0.091048, 0.308826, 0.093643, 0.942108)
61.42081, (-1.233124, -3.310753, 5.421572), (-0.091553, 0.314466, 0.092644, 0.940291)
61.43481, (-1.217812, -3.312774, 5.406260), (-0.093385, 0.319601, 0.092484, 0.938393)
61.44884, (-1.211065, -3.309355, 5.396095), (-0.093519, 0.323891, 0.093053, 0.936851)
61.4627, (-1.200305, -3.308119, 5.384234), (-0.094436, 0.326334, 0.092659, 0.935950)
61.47647, (-1.196637, -3.307180, 5.377945), (-0.094760, 0.326211, 0.092133, 0.936012)
61.49038, (-1.194143, -3.303983, 5.367434), (-0.093924, 0.327466, 0.091717, 0.935699)
61.50423, (-1.190367, -3.305306, 5.356273), (-0.092416, 0.327639, 0.092111, 0.935750)
61.51819, (-1.186228, -3.305157, 5.347626), (-0.091379, 0.328495, 0.091982, 0.935564)
61.5325, (-1.186055, -3.304797, 5.339036), (-0.090447, 0.328125, 0.092393, 0.935744)
61.54622, (-1.187110, -3.304629, 5.328354), (-0.089949, 0.327403, 0.092646, 0.936020)
61.56001, (-1.187001, -3.304622, 5.318128), (-0.089989, 0.328239, 0.092941, 0.935694)
61.57426, (-1.185878, -3.303066, 5.307432), (-0.090346, 0.329995, 0.093439, 0.934992)
61.58831, (-1.186525, -3.298764, 5.297134), (-0.092190, 0.332695, 0.094152, 0.933783)
61.60231, (-1.189057, -3.294797, 5.286990), (-0.095477, 0.335922, 0.093934, 0.932318)
61.616, (-1.190184, -3.290761, 5.276587), (-0.099024, 0.339689, 0.093983, 0.930577)
61.62984, (-1.189554, -3.286089, 5.264267), (-0.103064, 0.345614, 0.094777, 0.927872)
61.6437, (-1.188033, -3.282024, 5.249749), (-0.106925, 0.353071, 0.096008, 0.924495)
61.65787, (-1.189265, -3.277154, 5.237551), (-0.110793, 0.361870, 0.098007, 0.920418)
61.67152, (-1.189098, -3.271279, 5.225859), (-0.114324, 0.371823, 0.099555, 0.915842)
61.68546, (-1.191173, -3.267536, 5.211153), (-0.117749, 0.381642, 0.100619, 0.911241)
61.69915, (-1.192066, -3.261607, 5.196275), (-0.121773, 0.391808, 0.101621, 0.906273)
61.71313, (-1.190847, -3.255218, 5.183413), (-0.125219, 0.401235, 0.101886, 0.901637)
61.72715, (-1.193256, -3.256379, 5.173190), (-0.128088, 0.410024, 0.101853, 0.897273)
61.74074, (-1.198404, -3.254510, 5.163165), (-0.129751, 0.417940, 0.102586, 0.893290)
61.75458, (-1.203227, -3.248914, 5.156529), (-0.130593, 0.423760, 0.103758, 0.890285)
61.76861, (-1.207609, -3.243545, 5.150654), (-0.131062, 0.428405, 0.104672, 0.887883)
61.78269, (-1.219660, -3.243215, 5.148550), (-0.133154, 0.431524, 0.107251, 0.885751)
61.79643, (-1.228322, -3.234925, 5.144824), (-0.133885, 0.434311, 0.108955, 0.884069)
61.81034, (-1.235347, -3.231281, 5.141165), (-0.135277, 0.437100, 0.110383, 0.882303)
61.82443, (-1.244459, -3.234098, 5.139098), (-0.135914, 0.439572, 0.111641, 0.880818)
61.83855, (-1.251829, -3.238391, 5.136576), (-0.138266, 0.440886, 0.112442, 0.879693)
61.85229, (-1.261708, -3.235008, 5.140311), (-0.139333, 0.441954, 0.113503, 0.878852)
61.86615, (-1.272221, -3.235514, 5.140992), (-0.140882, 0.442776, 0.114700, 0.878035)
61.88008, (-1.281116, -3.235358, 5.141228), (-0.141346, 0.444223, 0.116483, 0.876995)
61.89404, (-1.289447, -3.239764, 5.142123), (-0.140971, 0.445088, 0.118984, 0.876280)
61.90801, (-1.299796, -3.240728, 5.142684), (-0.140390, 0.445562, 0.120326, 0.875949)
61.92183, (-1.309515, -3.239660, 5.145924), (-0.139633, 0.445210, 0.122416, 0.875960)
61.93576, (-1.318847, -3.240664, 5.148993), (-0.139456, 0.444323, 0.124191, 0.876188)
61.94962, (-1.328412, -3.241858, 5.151879), (-0.138772, 0.442740, 0.125653, 0.876890)
61.96356, (-1.338435, -3.243611, 5.153622), (-0.137847, 0.441529, 0.126056, 0.877588)
61.97749, (-1.346132, -3.245044, 5.155094), (-0.137777, 0.440623, 0.126479, 0.877993)
61.99152, (-1.354633, -3.246894, 5.156475), (-0.137941, 0.440375, 0.127062, 0.878007)
62.00547, (-1.360679, -3.245943, 5.156716), (-0.137837, 0.439588, 0.127278, 0.878387)
62.0192, (-1.367960, -3.246212, 5.158854), (-0.138067, 0.439223, 0.127866, 0.878448)
62.0331, (-1.373360, -3.244138, 5.158588), (-0.138835, 0.438445, 0.128116, 0.878679)
62.04685, (-1.379239, -3.242867, 5.158117), (-0.138748, 0.438633, 0.128967, 0.878474)
62.06092, (-1.385329, -3.242800, 5.159144), (-0.139093, 0.438269, 0.129685, 0.878496)
62.07484, (-1.389350, -3.241098, 5.158169), (-0.140634, 0.438511, 0.131222, 0.877901)
62.08863, (-1.397753, -3.239000, 5.159162), (-0.141546, 0.438164, 0.131666, 0.877862)
62.10246, (-1.403365, -3.240483, 5.158014), (-0.143303, 0.437959, 0.131744, 0.877667)
62.11641, (-1.407284, -3.241869, 5.154694), (-0.144047, 0.438189, 0.132782, 0.877274)
62.13019, (-1.414171, -3.242086, 5.154253), (-0.144382, 0.439340, 0.134410, 0.876395)
62.14425, (-1.421669, -3.240349, 5.154784), (-0.144516, 0.439972, 0.135678, 0.875860)
62.15807, (-1.427973, -3.237849, 5.152183), (-0.145609, 0.441070, 0.135907, 0.875091)
62.17236, (-1.431497, -3.236582, 5.148421), (-0.146912, 0.442610, 0.136823, 0.873952)
62.18599, (-1.434844, -3.235030, 5.145204), (-0.147657, 0.444950, 0.137424, 0.872543)
62.20007, (-1.437352, -3.236032, 5.139666), (-0.148523, 0.448397, 0.138739, 0.870421)
62.21367, (-1.439986, -3.235770, 5.136044), (-0.149213, 0.452620, 0.139997, 0.867913)
62.22747, (-1.438307, -3.235278, 5.128515), (-0.149855, 0.457866, 0.140018, 0.865042)
62.24139, (-1.436090, -3.237216, 5.123463), (-0.149318, 0.465609, 0.140297, 0.860947)
62.25555, (-1.433257, -3.237854, 5.118043), (-0.148070, 0.473946, 0.141252, 0.856445)
62.2695, (-1.429763, -3.241848, 5.116744), (-0.145055, 0.483490, 0.140411, 0.851752)
62.28359, (-1.419485, -3.254565, 5.114131), (-0.141707, 0.491328, 0.141600, 0.847624)
62.29702, (-1.411421, -3.259672, 5.111115), (-0.140417, 0.497952, 0.141227, 0.844027)
62.31087, (-1.401418, -3.263229, 5.114492), (-0.136704, 0.504816, 0.140667, 0.840646)
62.3247, (-1.394770, -3.271935, 5.114059), (-0.130355, 0.511933, 0.139949, 0.837464)
62.33889, (-1.382864, -3.287593, 5.114050), (-0.123751, 0.519444, 0.139754, 0.833866)
62.35282, (-1.359354, -3.304924, 5.106212), (-0.110231, 0.528486, 0.139375, 0.830136)
62.3669, (-1.335624, -3.326628, 5.095044), (-0.098049, 0.538369, 0.137893, 0.825549)
62.38052, (-1.316231, -3.346533, 5.090277), (-0.090206, 0.547965, 0.137959, 0.820101)
62.39415, (-1.300359, -3.356110, 5.081836), (-0.085357, 0.555109, 0.138418, 0.815726)
62.40805, (-1.281791, -3.339009, 5.082279), (-0.083387, 0.566113, 0.134920, 0.808925)
62.42212, (-1.256514, -3.355205, 5.064009), (-0.077598, 0.575259, 0.134103, 0.803164)
62.43625, (-1.228008, -3.372284, 5.043384), (-0.064963, 0.587168, 0.131297, 0.796099)
62.44982, (-1.200085, -3.393371, 5.020418), (-0.055933, 0.598088, 0.131059, 0.788661)
62.4638, (-1.178030, -3.404692, 5.007586), (-0.048397, 0.607732, 0.129498, 0.782017)
62.47779, (-1.155030, -3.400389, 4.988046), (-0.048978, 0.621329, 0.123900, 0.772140)
62.4914, (-1.134809, -3.398043, 4.973083), (-0.051119, 0.630619, 0.119162, 0.765184)
62.50485, (-1.119971, -3.393606, 4.959250), (-0.056520, 0.637736, 0.115132, 0.759502)
62.51876, (-1.094032, -3.395442, 4.946401), (-0.059077, 0.643863, 0.110708, 0.754781)
62.53281, (-1.078855, -3.410462, 4.932797), (-0.056591, 0.649179, 0.107042, 0.750937)
62.54666, (-1.064943, -3.425314, 4.921375), (-0.050351, 0.655091, 0.104442, 0.746601)
62.56042, (-1.047390, -3.437862, 4.902470), (-0.046554, 0.660153, 0.101556, 0.742777)
62.57443, (-1.031925, -3.443776, 4.892145), (-0.046069, 0.665702, 0.098310, 0.738278)
62.58839, (-1.020035, -3.444523, 4.886541), (-0.046507, 0.671533, 0.094622, 0.733435)
62.60218, (-1.007092, -3.446238, 4.880552), (-0.045629, 0.676138, 0.090721, 0.729743)
62.61661, (-0.995272, -3.455281, 4.873554), (-0.044941, 0.679644, 0.087984, 0.726859)
62.63034, (-0.983908, -3.459371, 4.865889), (-0.043856, 0.680753, 0.086179, 0.726103)
62.64427, (-0.973681, -3.461267, 4.864207), (-0.041798, 0.682909, 0.086204, 0.724194)
62.65791, (-0.963364, -3.466257, 4.858499), (-0.039996, 0.683967, 0.086721, 0.723235)
62.67179, (-0.956052, -3.469461, 4.857500), (-0.037670, 0.685651, 0.086481, 0.721793)
62.68574, (-0.947980, -3.470209, 4.857105), (-0.036654, 0.685738, 0.087369, 0.721655)
62.69975, (-0.941122, -3.472525, 4.856340), (-0.036497, 0.687077, 0.087096, 0.720422)
62.7136, (-0.940920, -3.472034, 4.861665), (-0.036358, 0.685144, 0.088351, 0.722114)
62.72791, (-0.936174, -3.471335, 4.862223), (-0.035415, 0.683823, 0.088669, 0.723374)
62.74148, (-0.932660, -3.473586, 4.866803), (-0.035034, 0.681257, 0.090664, 0.725563)
62.75544, (-0.933176, -3.472813, 4.874525), (-0.036263, 0.678513, 0.092721, 0.727810)
62.76917, (-0.936477, -3.468549, 4.884949), (-0.036630, 0.674337, 0.093466, 0.731569)
62.78315, (-0.937224, -3.470671, 4.894713), (-0.035478, 0.669518, 0.093931, 0.735978)
62.79727, (-0.939845, -3.472532, 4.906976), (-0.034294, 0.663924, 0.095571, 0.740875)
62.81104, (-0.941377, -3.471019, 4.922800), (-0.034452, 0.658218, 0.097401, 0.745705)
62.8251, (-0.945067, -3.467135, 4.937302), (-0.035348, 0.651478, 0.098461, 0.751421)
62.83893, (-0.952790, -3.467922, 4.956271), (-0.034379, 0.644810, 0.099245, 0.757092)
62.85285, (-0.959715, -3.468798, 4.976287), (-0.032792, 0.637595, 0.100938, 0.763026)
62.86681, (-0.965441, -3.463191, 4.996725), (-0.032918, 0.628984, 0.101887, 0.770009)
62.88046, (-0.974672, -3.460945, 5.022482), (-0.033148, 0.618972, 0.104157, 0.777770)
62.89434, (-0.985373, -3.459456, 5.047459), (-0.031923, 0.608654, 0.105252, 0.785775)
62.90815, (-0.992721, -3.462938, 5.069191), (-0.027893, 0.597101, 0.107741, 0.794408)
62.92194, (-0.998209, -3.470443, 5.089948), (-0.023300, 0.586353, 0.110397, 0.802159)
62.93555, (-1.004628, -3.475120, 5.112653), (-0.018624, 0.576967, 0.112805, 0.808726)
62.9494, (-1.009786, -3.475627, 5.134727), (-0.013807, 0.567163, 0.114810, 0.815447)
62.96319, (-1.015564, -3.479345, 5.158472), (-0.011752, 0.557818, 0.116613, 0.821646)
62.97702, (-1.021325, -3.478951, 5.182794), (-0.009503, 0.548192, 0.117864, 0.827951)
62.99091, (-1.023364, -3.481543, 5.207977), (-0.006688, 0.538582, 0.119399, 0.834044)
63.00508, (-1.024439, -3.485495, 5.230078), (-0.003034, 0.528825, 0.120684, 0.840101)
63.01866, (-1.027403, -3.497241, 5.249928), (-0.000649, 0.518853, 0.123628, 0.845877)
63.03247, (-1.027489, -3.498873, 5.271945), (0.002599, 0.509394, 0.123370, 0.851640)
63.04663, (-1.029589, -3.505416, 5.292086), (0.005503, 0.499183, 0.123017, 0.857702)
63.0604, (-1.030489, -3.512644, 5.313350), (0.009305, 0.489429, 0.122324, 0.863371)
63.07433, (-1.026729, -3.519251, 5.330149), (0.013365, 0.479152, 0.122879, 0.868985)
63.08797, (-1.025367, -3.525790, 5.349540), (0.015736, 0.468957, 0.122777, 0.874504)
63.10173, (-1.025583, -3.525517, 5.366849), (0.017837, 0.458770, 0.121839, 0.879982)
63.11533, (-1.023017, -3.528415, 5.385486), (0.020913, 0.448079, 0.121727, 0.885421)
63.12918, (-1.015528, -3.529189, 5.397504), (0.018667, 0.438898, 0.119175, 0.890403)
63.14323, (-1.006950, -3.532068, 5.409313), (0.020363, 0.429529, 0.117767, 0.895110)
63.15692, (-0.998462, -3.536782, 5.420811), (0.020419, 0.421789, 0.117518, 0.898814)
63.17075, (-0.990259, -3.536747, 5.428580), (0.021063, 0.415252, 0.115844, 0.902055)
63.18457, (-0.972120, -3.533695, 5.433239), (0.021523, 0.410575, 0.112383, 0.904619)
63.1987, (-0.955756, -3.532815, 5.437679), (0.020093, 0.407633, 0.110509, 0.906212)
63.21234, (-0.936483, -3.532315, 5.444265), (0.018365, 0.404224, 0.108488, 0.908018)
63.22616, (-0.914649, -3.527039, 5.450771), (0.014923, 0.403557, 0.104581, 0.908835)
63.24, (-0.894498, -3.522724, 5.455794), (0.014441, 0.400284, 0.101189, 0.910673)
63.25392, (-0.868944, -3.519342, 5.455780), (0.014236, 0.398854, 0.098297, 0.911620)
63.26758, (-0.840279, -3.515648, 5.457807), (0.012656, 0.397156, 0.095581, 0.912673)
63.28138, (-0.810900, -3.507662, 5.463079), (0.012438, 0.396097, 0.092309, 0.913472)
63.2952, (-0.781587, -3.503835, 5.465877), (0.010442, 0.394141, 0.089369, 0.914635)
63.30952, (-0.749478, -3.491704, 5.464682), (0.009289, 0.390978, 0.085102, 0.916410)
63.32306, (-0.716037, -3.480506, 5.466118), (0.007640, 0.388188, 0.080811, 0.917999)
63.33699, (-0.676399, -3.465208, 5.465922), (0.006232, 0.385100, 0.075987, 0.919720)
63.35102, (-0.632491, -3.449631, 5.464640), (0.003093, 0.382190, 0.070972, 0.921349)
63.36465, (-0.589055, -3.431965, 5.460887), (0.000382, 0.378505, 0.065689, 0.923266)
63.37836, (-0.537365, -3.411896, 5.458784), (-0.003418, 0.374663, 0.058794, 0.925289)
63.39213, (-0.487230, -3.397452, 5.457544), (-0.009126, 0.371774, 0.053920, 0.926711)
63.40609, (-0.430232, -3.380183, 5.454809), (-0.014027, 0.368880, 0.047259, 0.928169)
63.4203, (-0.370666, -3.370024, 5.447854), (-0.019329, 0.366386, 0.041209, 0.929349)
63.4342, (-0.313895, -3.356724, 5.440664), (-0.020844, 0.365699, 0.034853, 0.929847)
63.44786, (-0.252088, -3.356025, 5.428124), (-0.020195, 0.365960, 0.027328, 0.930010)
63.46227, (-0.194803, -3.354043, 5.418189), (-0.022559, 0.364508, 0.021818, 0.930671)
63.47576, (-0.135593, -3.339511, 5.410054), (-0.021832, 0.363427, 0.015054, 0.931245)
63.48954, (-0.074991, -3.340603, 5.400519), (-0.023670, 0.362746, 0.009738, 0.931537)
63.50329, (-0.001765, -3.351573, 5.380771), (-0.020668, 0.368511, 0.001206, 0.929393)
63.51735, (0.059956, -3.345157, 5.370046), (-0.023092, 0.368769, -0.004855, 0.929222)
63.53126, (0.129585, -3.338941, 5.363315), (-0.023969, 0.368029, -0.013452, 0.929408)
63.54488, (0.193559, -3.333882, 5.353358), (-0.025303, 0.367486, -0.020087, 0.929468)
63.55886, (0.242497, -3.337989, 5.336318), (-0.028510, 0.368030, -0.022438, 0.929106)
63.57267, (0.302824, -3.337234, 5.325447), (-0.028590, 0.368582, -0.025830, 0.928797)
63.58659, (0.367416, -3.341776, 5.308366), (-0.030130, 0.369368, -0.027682, 0.928382)
63.60092, (0.429318, -3.340681, 5.298429), (-0.029874, 0.370302, -0.030411, 0.927933)
63.61466, (0.490962, -3.344241, 5.285827), (-0.029581, 0.371121, -0.034635, 0.927467)
63.6286, (0.553189, -3.349940, 5.273822), (-0.028201, 0.371304, -0.037422, 0.927328)
63.64252, (0.612986, -3.353225, 5.262398), (-0.025695, 0.372428, -0.040803, 0.926807)
63.65601, (0.679564, -3.356798, 5.247720), (-0.022248, 0.372918, -0.044157, 0.926546)
63.67017, (0.746128, -3.358408, 5.234530), (-0.019196, 0.374043, -0.048187, 0.925960)
63.68387, (0.817021, -3.359045, 5.219443), (-0.016726, 0.374700, -0.051411, 0.925569)
63.69807, (0.882505, -3.362411, 5.205002), (-0.014639, 0.376005, -0.056927, 0.924751)
63.71156, (0.945673, -3.369609, 5.190077), (-0.012343, 0.377076, -0.061005, 0.924089)
63.72546, (1.012750, -3.377469, 5.174603), (-0.007777, 0.377488, -0.066501, 0.923591)
63.73972, (1.078017, -3.386297, 5.158515), (-0.002786, 0.378382, -0.071201, 0.922903)
63.75343, (1.142314, -3.392975, 5.143503), (0.001632, 0.379254, -0.074825, 0.922261)
63.7673, (1.206892, -3.400538, 5.127082), (0.005045, 0.380093, -0.078743, 0.921577)
63.78116, (1.266873, -3.404638, 5.112638), (0.006513, 0.381331, -0.082472, 0.920730)
63.79509, (1.326927, -3.410891, 5.097432), (0.007406, 0.382103, -0.086833, 0.920002)
63.80904, (1.383513, -3.415506, 5.082506), (0.009054, 0.382484, -0.091163, 0.919409)
63.8227, (1.439852, -3.423390, 5.067647), (0.009960, 0.383141, -0.095187, 0.918718)
63.83657, (1.493387, -3.427719, 5.054012), (0.011150, 0.383547, -0.099639, 0.918063)
63.85036, (1.546062, -3.428913, 5.041798), (0.010468, 0.383365, -0.104189, 0.917642)
63.86452, (1.597266, -3.433131, 5.032402), (0.009050, 0.383797, -0.108330, 0.916997)
63.8783, (1.644104, -3.439997, 5.021930), (0.007754, 0.384205, -0.112331, 0.916356)
63.89236, (1.687599, -3.443903, 5.014193), (0.008854, 0.384518, -0.114907, 0.915895)
63.9063, (1.732068, -3.451132, 5.004329), (0.010030, 0.384013, -0.116811, 0.915854)
63.92008, (1.775931, -3.453361, 4.997261), (0.011829, 0.383595, -0.118679, 0.915768)
63.93394, (1.817180, -3.456807, 4.990909), (0.012784, 0.383282, -0.120733, 0.915618)
63.94781, (1.854074, -3.461879, 4.985683), (0.012936, 0.382730, -0.122345, 0.915632)
63.9618, (1.889210, -3.466706, 4.980662), (0.013342, 0.381923, -0.124496, 0.915673)
63.97555, (1.923529, -3.472309, 4.976867), (0.014051, 0.381255, -0.126166, 0.915712)
63.98941, (1.959724, -3.477948, 4.971624), (0.014691, 0.379714, -0.127730, 0.916126)
64.0034, (1.993645, -3.480784, 4.968882), (0.014919, 0.378266, -0.129574, 0.916462)
64.0173, (2.025547, -3.482478, 4.965879), (0.014800, 0.376712, -0.131027, 0.916898)
64.03139, (2.056694, -3.486348, 4.962029), (0.015232, 0.375505, -0.132305, 0.917202)
64.04498, (2.084601, -3.491361, 4.957720), (0.016963, 0.373941, -0.133673, 0.917612)
64.0591, (2.111414, -3.498716, 4.953388), (0.018600, 0.373187, -0.134527, 0.917763)
64.07294, (2.140087, -3.502767, 4.951292), (0.019492, 0.372448, -0.136006, 0.917826)
64.08656, (2.166705, -3.505629, 4.949121), (0.019422, 0.371669, -0.137402, 0.917936)
64.10034, (2.192474, -3.507646, 4.946311), (0.018654, 0.371045, -0.140105, 0.917795)
64.11433, (2.216837, -3.509731, 4.946849), (0.016689, 0.370952, -0.141929, 0.917591)
64.12829, (2.241574, -3.511168, 4.945853), (0.015226, 0.370625, -0.143360, 0.917526)
64.14223, (2.264964, -3.513883, 4.946566), (0.014307, 0.369849, -0.144400, 0.917690)
64.15607, (2.284130, -3.518558, 4.946656), (0.014161, 0.369285, -0.145553, 0.917738)
64.17029, (2.301139, -3.521255, 4.948420), (0.014422, 0.368402, -0.146338, 0.917964)
64.1843, (2.316694, -3.523282, 4.952150), (0.014843, 0.367383, -0.146993, 0.918261)
64.19793, (2.333247, -3.524710, 4.955854), (0.014660, 0.366139, -0.147382, 0.918698)
64.21161, (2.346704, -3.521694, 4.960104), (0.014395, 0.364691, -0.146582, 0.919406)
64.22546, (2.357228, -3.518646, 4.965350), (0.013133, 0.363190, -0.144937, 0.920279)
64.23939, (2.362130, -3.512214, 4.972189), (0.011536, 0.360761, -0.143278, 0.921515)
64.25339, (2.365518, -3.506815, 4.977324), (0.009848, 0.358163, -0.141552, 0.922814)
64.26729, (2.367155, -3.499337, 4.982794), (0.008757, 0.355775, -0.140005, 0.923984)
64.28149, (2.370032, -3.490416, 4.986412), (0.008592, 0.353741, -0.137898, 0.925082)
64.29514, (2.370850, -3.482195, 4.990095), (0.007157, 0.352274, -0.134356, 0.926175)
64.30936, (2.373155, -3.470410, 4.995564), (0.005003, 0.350870, -0.130982, 0.927205)
64.32285, (2.369501, -3.456149, 4.998638), (0.000496, 0.349404, -0.127611, 0.928241)
64.3368, (2.368232, -3.443109, 5.001628), (-0.002938, 0.347053, -0.125594, 0.929393)
64.35055, (2.360271, -3.430047, 5.003780), (-0.007481, 0.345670, -0.121404, 0.930439)
64.36449, (2.356020, -3.418423, 5.006256), (-0.010107, 0.344234, -0.118438, 0.931329)
64.37838, (2.351322, -3.411452, 5.006763), (-0.012869, 0.342219, -0.115856, 0.932362)
64.39225, (2.336689, -3.402579, 5.010371), (-0.014896, 0.341397, -0.113568, 0.932914)
64.40618, (2.328038, -3.395281, 5.012042), (-0.017553, 0.339531, -0.111507, 0.933797)
64.42009, (2.320078, -3.386668, 5.013194), (-0.019436, 0.338484, -0.109830, 0.934339)
64.43418, (2.311088, -3.377852, 5.015562), (-0.020989, 0.337565, -0.107099, 0.934954)
64.44801, (2.298634, -3.371462, 5.015449), (-0.023983, 0.336685, -0.104591, 0.935483)
64.46179, (2.286095, -3.359747, 5.017741), (-0.027173, 0.335302, -0.102530, 0.936121)
64.47576, (2.272725, -3.345433, 5.017569), (-0.033002, 0.334736, -0.102027, 0.936191)
64.48982, (2.262075, -3.333913, 5.018248), (-0.036178, 0.333348, -0.100133, 0.936773)
64.50346, (2.248361, -3.323145, 5.015590), (-0.042766, 0.333733, -0.100391, 0.936331)
64.51725, (2.236268, -3.315346, 5.015253), (-0.047125, 0.336851, -0.096110, 0.935454)
64.53113, (2.224145, -3.301477, 5.012281), (-0.050049, 0.336348, -0.092035, 0.935892)
64.54498, (2.202268, -3.284801, 5.009740), (-0.052850, 0.336219, -0.088319, 0.936143)
64.55896, (2.188666, -3.271139, 5.009233), (-0.058763, 0.335283, -0.086223, 0.936322)
64.57325, (2.175860, -3.256491, 5.010982), (-0.063503, 0.335313, -0.082707, 0.936319)
64.58698, (2.158873, -3.251325, 5.010409), (-0.066538, 0.336129, -0.079658, 0.936079)
64.60098, (2.141450, -3.247894, 5.011132), (-0.067288, 0.336551, -0.076536, 0.936135)
64.61466, (2.124208, -3.245459, 5.011783), (-0.067623, 0.337494, -0.074685, 0.935920)
64.6284, (2.107963, -3.244529, 5.014543), (-0.066548, 0.338886, -0.072555, 0.935662)
64.64259, (2.095207, -3.246719, 5.019604), (-0.065058, 0.340078, -0.070232, 0.935512)
64.65624, (2.082561, -3.248568, 5.027389), (-0.062332, 0.342601, -0.068296, 0.934920)
64.67013, (2.072690, -3.255664, 5.037755), (-0.058210, 0.344680, -0.067532, 0.934477)
64.68402, (2.061471, -3.260382, 5.047837), (-0.053842, 0.346295, -0.066493, 0.934216)
64.69785, (2.049849, -3.265083, 5.054587), (-0.052235, 0.347216, -0.064733, 0.934089)
64.71198, (2.041838, -3.274860, 5.069676), (-0.045255, 0.348796, -0.064218, 0.933900)
64.7258, (2.032074, -3.284109, 5.080082), (-0.041147, 0.350048, -0.062448, 0.933742)
64.73963, (2.025662, -3.293171, 5.090036), (-0.036067, 0.350703, -0.060538, 0.933832)
64.75361, (2.039987, -3.318872, 5.108155), (-0.024202, 0.349961, -0.060627, 0.934487)
64.76732, (2.047125, -3.329879, 5.117223), (-0.017555, 0.350177, -0.060152, 0.934585)
64.78132, (2.057193, -3.343481, 5.125289), (-0.012798, 0.350864, -0.058543, 0.934507)
64.79501, (2.072381, -3.352712, 5.130650), (-0.007333, 0.350953, -0.059022, 0.934502)
64.80912, (2.093261, -3.360204, 5.129901), (-0.004338, 0.350715, -0.060768, 0.934499)
64.82293, (2.117486, -3.367028, 5.131224), (-0.001452, 0.351380, -0.063288, 0.934090)
64.83676, (2.151481, -3.374443, 5.126100), (-0.000841, 0.351895, -0.066502, 0.933674)
64.85064, (2.179934, -3.384939, 5.122343), (0.001370, 0.353108, -0.069320, 0.933010)
64.86468, (2.219001, -3.395278, 5.110860), (0.002131, 0.355255, -0.075640, 0.931702)
64.87846, (2.257525, -3.404497, 5.103028), (0.003278, 0.357180, -0.080752, 0.930533)
64.89233, (2.301577, -3.414325, 5.091436), (0.003694, 0.358934, -0.086145, 0.929372)
64.90624, (2.349638, -3.422158, 5.079373), (0.003978, 0.360940, -0.091312, 0.928100)
64.92006, (2.394930, -3.433489, 5.065551), (0.003935, 0.362516, -0.096098, 0.927002)
64.93407, (2.440270, -3.447176, 5.051686), (0.003922, 0.363441, -0.101099, 0.926107)
64.9485, (2.489420, -3.456907, 5.038326), (0.005083, 0.364517, -0.106868, 0.925030)
64.96203, (2.539766, -3.470854, 5.024844), (0.004997, 0.366393, -0.112566, 0.923612)
64.97607, (2.590834, -3.481451, 5.011106), (0.005437, 0.368810, -0.118658, 0.921884)
64.98979, (2.640103, -3.492188, 4.997178), (0.005736, 0.370660, -0.124270, 0.920400)
65.00381, (2.685316, -3.506306, 4.986850), (0.004771, 0.373561, -0.130037, 0.918434)
65.01765, (2.728518, -3.515570, 4.977912), (0.004681, 0.375696, -0.135209, 0.916815)
65.03161, (2.770874, -3.522329, 4.970604), (0.005020, 0.377141, -0.140076, 0.915488)
65.04511, (2.805065, -3.532157, 4.964513), (0.004581, 0.378939, -0.143917, 0.914151)
65.05916, (2.831555, -3.537574, 4.959010), (0.006616, 0.380636, -0.147471, 0.912866)
65.07313, (2.860408, -3.542714, 4.953154), (0.009494, 0.381574, -0.150806, 0.911904)
65.08739, (2.889538, -3.547418, 4.951816), (0.011861, 0.382078, -0.153396, 0.911233)
65.10081, (2.915296, -3.545927, 4.955652), (0.012562, 0.382014, -0.153449, 0.911241)
65.11478, (2.935796, -3.543024, 4.958584), (0.011125, 0.381410, -0.153328, 0.911533)
65.12859, (2.957442, -3.541538, 4.961905), (0.008533, 0.379614, -0.152507, 0.912449)
65.14255, (2.979243, -3.538643, 4.965295), (0.006002, 0.374848, -0.151215, 0.914651)
65.15649, (2.998124, -3.539181, 4.969558), (0.003814, 0.371234, -0.150628, 0.916233)
65.17038, (3.007145, -3.544555, 4.973019), (0.002046, 0.364061, -0.149243, 0.919338)
65.18427, (3.017642, -3.550900, 4.975799), (0.001833, 0.357839, -0.150422, 0.921586)
65.19821, (3.031714, -3.552872, 4.979399), (0.002012, 0.353093, -0.150644, 0.923379)
65.21223, (3.034412, -3.559532, 4.981919), (0.001704, 0.345668, -0.151938, 0.925973)
65.22597, (3.038469, -3.559160, 4.987123), (0.000727, 0.339042, -0.154255, 0.928039)
65.24032, (3.028833, -3.556957, 4.995843), (-0.001724, 0.332481, -0.157406, 0.929880)
65.25395, (3.018795, -3.547641, 5.000566), (-0.006651, 0.323099, -0.158582, 0.932960)
65.26773, (3.007983, -3.536854, 5.006938), (-0.010141, 0.314373, -0.160110, 0.935645)
65.28156, (2.991439, -3.530055, 5.008950), (-0.014946, 0.304297, -0.159388, 0.939029)
65.29535, (2.973002, -3.514287, 5.013837), (-0.017818, 0.293764, -0.156822, 0.942758)
65.30943, (2.943667, -3.497189, 5.014461), (-0.021163, 0.283780, -0.152980, 0.946371)
65.32307, (2.912947, -3.469684, 5.009208), (-0.025384, 0.273306, -0.147525, 0.950208)
65.33694, (2.888939, -3.444965, 5.010127), (-0.030891, 0.264897, -0.141347, 0.953361)
65.35072, (2.865143, -3.419243, 5.011440), (-0.036385, 0.257291, -0.136008, 0.956023)
65.36475, (2.835307, -3.400462, 5.009214), (-0.043350, 0.249750, -0.132231, 0.958259)
65.37865, (2.799411, -3.378141, 5.006381), (-0.050853, 0.243906, -0.128223, 0.959939)
65.39238, (2.763086, -3.358809, 5.003966), (-0.057469, 0.238715, -0.124563, 0.961351)
65.4062, (2.728648, -3.342589, 4.998210), (-0.063835, 0.232838, -0.120122, 0.962955)
65.42013, (2.685410, -3.325801, 4.993947), (-0.068294, 0.227712, -0.115521, 0.964437)
65.43401, (2.642309, -3.311447, 4.991751), (-0.072667, 0.221994, -0.111779, 0.965890)
65.44783, (2.599267, -3.294927, 4.990358), (-0.077727, 0.216936, -0.107846, 0.967092)
65.46175, (2.560908, -3.274802, 4.986306), (-0.081231, 0.211068, -0.103939, 0.968529)
65.47556, (2.517547, -3.264608, 4.981093), (-0.085829, 0.207514, -0.099481, 0.969368)
65.48936, (2.470914, -3.247925, 4.978539), (-0.088963, 0.204568, -0.094727, 0.970188)
65.50323, (2.422983, -3.236135, 4.974149), (-0.094014, 0.201237, -0.089663, 0.970889)
65.51739, (2.374070, -3.219463, 4.970858), (-0.096712, 0.197710, -0.085264, 0.971745)
65.53127, (2.325640, -3.209256, 4.965265), (-0.100303, 0.192932, -0.080444, 0.972751)
65.54546, (2.279112, -3.200010, 4.961692), (-0.102918, 0.189115, -0.076270, 0.973564)
65.55916, (2.234178, -3.190296, 4.957581), (-0.104436, 0.185864, -0.071271, 0.974407)
65.57286, (2.185576, -3.182977, 4.953273), (-0.106126, 0.184484, -0.067589, 0.974749)
65.58679, (2.135018, -3.173972, 4.948527), (-0.108860, 0.182505, -0.064808, 0.975008)
65.60076, (2.085624, -3.168534, 4.943120), (-0.109973, 0.181379, -0.063661, 0.975169)
65.61456, (2.036190, -3.164726, 4.937910), (-0.109314, 0.181327, -0.062366, 0.975337)
65.62825, (1.987533, -3.160340, 4.935754), (-0.108406, 0.181451, -0.060063, 0.975559)
65.6424, (1.941520, -3.157902, 4.934980), (-0.108891, 0.182070, -0.057203, 0.975562)
65.6561, (1.893845, -3.149486, 4.932203), (-0.109307, 0.183798, -0.054401, 0.975352)
65.66978, (1.848779, -3.140768, 4.930575), (-0.109622, 0.184458, -0.052233, 0.975310)
65.68365, (1.800760, -3.135728, 4.929800), (-0.110918, 0.186193, -0.050618, 0.974919)
65.69786, (1.754981, -3.128939, 4.929593), (-0.111819, 0.187622, -0.048496, 0.974650)
65.71151, (1.708112, -3.122759, 4.931172), (-0.112788, 0.189278, -0.045615, 0.974357)
65.72549, (1.662674, -3.119107, 4.932284), (-0.112489, 0.191392, -0.042966, 0.974099)
65.73936, (1.615805, -3.118372, 4.930370), (-0.112122, 0.193948, -0.039944, 0.973765)
65.75331, (1.569143, -3.115273, 4.931961), (-0.111675, 0.195778, -0.037287, 0.973555)
65.76704, (1.518286, -3.109601, 4.935249), (-0.111580, 0.198528, -0.033825, 0.973135)
65.78139, (1.473665, -3.105782, 4.938121), (-0.112164, 0.199732, -0.031313, 0.972906)
65.79517, (1.423235, -3.105104, 4.943265), (-0.112339, 0.201647, -0.028529, 0.972576)
65.80931, (1.372216, -3.102318, 4.947287), (-0.111719, 0.204150, -0.025526, 0.972209)
65.82302, (1.322585, -3.100774, 4.952540), (-0.110693, 0.207061, -0.023509, 0.971761)
65.83685, (1.275687, -3.099403, 4.960404), (-0.109987, 0.209866, -0.019623, 0.971326)
65.85071, (1.221957, -3.098284, 4.967694), (-0.109460, 0.213653, -0.016638, 0.970615)
65.86452, (1.170283, -3.094249, 4.974299), (-0.108481, 0.216838, -0.012531, 0.970081)
65.87843, (1.118794, -3.091182, 4.983103), (-0.107203, 0.219765, -0.009350, 0.969600)
65.8924, (1.065985, -3.090719, 4.993586), (-0.105617, 0.223206, -0.005444, 0.969017)
65.90603, (1.012144, -3.094459, 5.006669), (-0.101494, 0.227191, 0.000023, 0.968547)
65.92005, (0.953955, -3.100030, 5.019486), (-0.099180, 0.232001, 0.004242, 0.967637)
65.93369, (0.890806, -3.099627, 5.033354), (-0.098008, 0.236251, 0.008152, 0.966703)
65.94776, (0.828260, -3.101434, 5.049953), (-0.097906, 0.239012, 0.012441, 0.965988)
65.96152, (0.766538, -3.101060, 5.067059), (-0.095771, 0.240508, 0.016873, 0.965763)
65.97546, (0.698344, -3.107971, 5.083903), (-0.093714, 0.243190, 0.021537, 0.965201)
65.9894, (0.629667, -3.115660, 5.097465), (-0.089721, 0.244112, 0.027856, 0.965186)
66.00327, (0.558920, -3.123919, 5.113070), (-0.085333, 0.245765, 0.033392, 0.964989)
66.01717, (0.491260, -3.131953, 5.126066), (-0.083050, 0.245975, 0.038415, 0.964947)
66.03115, (0.418266, -3.138278, 5.141294), (-0.082038, 0.245979, 0.043789, 0.964804)
66.04494, (0.345756, -3.144082, 5.156573), (-0.080596, 0.246502, 0.048590, 0.964562)
66.05898, (0.269002, -3.153048, 5.172803), (-0.081043, 0.246207, 0.052912, 0.964373)
66.07305, (0.192494, -3.161205, 5.190601), (-0.082144, 0.244342, 0.055620, 0.964601)
66.08692, (0.120220, -3.166046, 5.205965), (-0.081152, 0.243176, 0.058690, 0.964798)
66.10077, (0.039052, -3.181415, 5.221031), (-0.081433, 0.241774, 0.061679, 0.964940)
66.11425, (-0.035421, -3.193594, 5.233090), (-0.080275, 0.239798, 0.064855, 0.965322)
66.12819, (-0.115916, -3.208399, 5.245043), (-0.077237, 0.237722, 0.070536, 0.965685)
66.14204, (-0.191640, -3.220583, 5.258286), (-0.075486, 0.235971, 0.075690, 0.965863)
66.15604, (-0.268854, -3.230118, 5.272923), (-0.074634, 0.234391, 0.079285, 0.966025)
66.16991, (-0.347506, -3.239201, 5.287508), (-0.073844, 0.232712, 0.082614, 0.966213)
66.18378, (-0.426719, -3.249874, 5.302059), (-0.072991, 0.231658, 0.086715, 0.966172)
66.19759, (-0.501883, -3.261800, 5.313111), (-0.073119, 0.230598, 0.090226, 0.966094)
66.21146, (-0.573137, -3.269527, 5.324810), (-0.072251, 0.230525, 0.094987, 0.965720)
66.22542, (-0.650308, -3.281670, 5.336958), (-0.072274, 0.231528, 0.099814, 0.964991)
66.23923, (-0.725258, -3.290678, 5.350276), (-0.072349, 0.232851, 0.103891, 0.964237)
66.2533, (-0.799637, -3.302141, 5.362315), (-0.073559, 0.234571, 0.107591, 0.963322)
66.26701, (-0.876778, -3.312294, 5.374434), (-0.073795, 0.236592, 0.110854, 0.962440)
66.28086, (-0.951779, -3.325560, 5.385191), (-0.074456, 0.238944, 0.114022, 0.961437)
66.29471, (-1.029377, -3.339294, 5.396517), (-0.075012, 0.241687, 0.118100, 0.960215)
66.30868, (-1.104561, -3.352854, 5.408235), (-0.076030, 0.243463, 0.121565, 0.959253)
66.3225, (-1.182809, -3.364164, 5.422123), (-0.077033, 0.245109, 0.125683, 0.958223)
66.33639, (-1.261340, -3.374701, 5.434587), (-0.077268, 0.245707, 0.128478, 0.957680)
66.35049, (-1.335401, -3.387905, 5.446129), (-0.077091, 0.245050, 0.132996, 0.957246)
66.36434, (-1.407784, -3.399961, 5.454368), (-0.076290, 0.244497, 0.136668, 0.956934)
66.3781, (-1.475676, -3.410376, 5.461135), (-0.073745, 0.242299, 0.142331, 0.956867)
66.39223, (-1.546010, -3.417639, 5.467814), (-0.071010, 0.240964, 0.147244, 0.956668)
66.4063, (-1.615145, -3.427162, 5.473049), (-0.069402, 0.238913, 0.151975, 0.956560)
66.41975, (-1.685513, -3.437247, 5.478331), (-0.068519, 0.238283, 0.155517, 0.956212)
66.43388, (-1.746390, -3.444508, 5.481012), (-0.068134, 0.237003, 0.157078, 0.956302)
66.44743, (-1.808697, -3.449252, 5.485300), (-0.068751, 0.237396, 0.158563, 0.955916)
66.46133, (-1.866141, -3.456963, 5.491520), (-0.071496, 0.238179, 0.160007, 0.955278)
66.47506, (-1.920790, -3.459164, 5.497734), (-0.072769, 0.239037, 0.160990, 0.954803)
66.48896, (-1.975694, -3.463668, 5.503889), (-0.073432, 0.239721, 0.162598, 0.954308)
66.50285, (-2.021186, -3.468173, 5.508397), (-0.075297, 0.240584, 0.165660, 0.953418)
66.51674, (-2.067912, -3.469599, 5.513294), (-0.075961, 0.242089, 0.169237, 0.952356)
66.53093, (-2.109561, -3.470508, 5.518592), (-0.076609, 0.243781, 0.173420, 0.951119)
66.54494, (-2.150763, -3.472054, 5.525126), (-0.077342, 0.245127, 0.176985, 0.950056)
66.55849, (-2.188773, -3.475858, 5.530879), (-0.078577, 0.246466, 0.180404, 0.948965)
66.57237, (-2.222235, -3.478932, 5.536728), (-0.079548, 0.247516, 0.182706, 0.948170)
66.5863, (-2.256496, -3.478751, 5.542632), (-0.079819, 0.248740, 0.184769, 0.947427)
66.60014, (-2.286586, -3.481685, 5.546145), (-0.080931, 0.249666, 0.186257, 0.946798)
66.61461, (-2.311568, -3.484734, 5.549030), (-0.080856, 0.251683, 0.187241, 0.946076)
66.62849, (-2.336730, -3.486388, 5.551048), (-0.080604, 0.253496, 0.188265, 0.945409)
66.64185, (-2.352412, -3.486902, 5.552695), (-0.080372, 0.255112, 0.189220, 0.944804)
66.65567, (-2.372943, -3.485209, 5.557904), (-0.080952, 0.256565, 0.190320, 0.944140)
66.66964, (-2.389556, -3.480630, 5.561788), (-0.082350, 0.257504, 0.190584, 0.943710)
66.68336, (-2.400943, -3.477317, 5.563875), (-0.084247, 0.258062, 0.191099, 0.943286)
66.69754, (-2.408322, -3.475381, 5.564453), (-0.085007, 0.259493, 0.192282, 0.942584)
66.71166, (-2.414677, -3.473053, 5.564832), (-0.085214, 0.261011, 0.193455, 0.941906)
66.7255, (-2.418356, -3.468961, 5.566753), (-0.085687, 0.262343, 0.194182, 0.941344)
66.73952, (-2.420601, -3.463917, 5.569093), (-0.086469, 0.262665, 0.194878, 0.941038)
66.75304, (-2.417365, -3.460723, 5.567770), (-0.087380, 0.261809, 0.195227, 0.941120)
66.76689, (-2.413221, -3.459321, 5.566191), (-0.088270, 0.261449, 0.195673, 0.941045)
66.78078, (-2.403178, -3.458251, 5.564253), (-0.087220, 0.260773, 0.195396, 0.941388)
66.79469, (-2.394874, -3.457381, 5.562018), (-0.086916, 0.260226, 0.195532, 0.941539)
66.80868, (-2.405013, -3.454103, 5.564196), (-0.085886, 0.258559, 0.194907, 0.942222)
66.82248, (-2.364971, -3.451247, 5.555362), (-0.085260, 0.256906, 0.194438, 0.942828)
66.83655, (-2.346585, -3.447856, 5.550888), (-0.084762, 0.255027, 0.193930, 0.943487)
66.85065, (-2.316586, -3.442508, 5.545067), (-0.084844, 0.252077, 0.191636, 0.944740)
66.86433, (-2.287588, -3.437916, 5.539622), (-0.084972, 0.250524, 0.188808, 0.945711)
66.87836, (-2.255798, -3.433440, 5.534077), (-0.085164, 0.249520, 0.185703, 0.946573)
66.89209, (-2.217219, -3.428751, 5.525174), (-0.085411, 0.248698, 0.182431, 0.947404)
66.90594, (-2.175050, -3.422751, 5.517747), (-0.085169, 0.248440, 0.178881, 0.948169)
66.91989, (-2.127028, -3.416210, 5.508169), (-0.084715, 0.248935, 0.175690, 0.948677)
66.93373, (-2.081819, -3.409781, 5.499440), (-0.084539, 0.248663, 0.172647, 0.949322)
66.94771, (-2.034044, -3.402016, 5.490164), (-0.084416, 0.248520, 0.169621, 0.949916)
66.96149, (-1.975816, -3.394469, 5.478682), (-0.085204, 0.247975, 0.165422, 0.950728)
66.97531, (-1.919688, -3.385620, 5.466448), (-0.084923, 0.247003, 0.160734, 0.951810)
66.98923, (-1.858649, -3.377085, 5.452537), (-0.084861, 0.245545, 0.156777, 0.952852)
67.00329, (-1.795720, -3.364983, 5.437961), (-0.083284, 0.244981, 0.152326, 0.953858)
67.01712, (-1.728927, -3.356949, 5.420084), (-0.082681, 0.244405, 0.147794, 0.954771)
67.03102, (-1.662301, -3.345594, 5.403647), (-0.081622, 0.244123, 0.142992, 0.955665)
67.04507, (-1.584320, -3.330927, 5.380893), (-0.081184, 0.242806, 0.136967, 0.956919)
67.05911, (-1.509567, -3.317484, 5.359355), (-0.081494, 0.241886, 0.131208, 0.957932)
67.07307, (-1.428578, -3.303624, 5.332454), (-0.081861, 0.240615, 0.124411, 0.959127)
67.08683, (-1.350978, -3.292074, 5.305073), (-0.082822, 0.241054, 0.118227, 0.959717)
67.10076, (-1.268390, -3.278826, 5.278913), (-0.083726, 0.240579, 0.111576, 0.960553)
67.11466, (-1.181835, -3.261133, 5.252991), (-0.086149, 0.241249, 0.102298, 0.961204)
67.12842, (-1.092253, -3.245156, 5.226468), (-0.090554, 0.241375, 0.092825, 0.961729)
67.1424, (-1.000092, -3.231850, 5.199333), (-0.094619, 0.241691, 0.081982, 0.962243)
67.15639, (-0.908143, -3.224277, 5.170060), (-0.096903, 0.241573, 0.072544, 0.962803)
67.17017, (-0.816704, -3.220866, 5.139966), (-0.097231, 0.242440, 0.064477, 0.963126)
67.18388, (-0.722612, -3.221601, 5.111658), (-0.096053, 0.243567, 0.057867, 0.963380)
67.19771, (-0.626931, -3.215528, 5.085463), (-0.093799, 0.245055, 0.050813, 0.963622)
67.21173, (-0.530318, -3.208678, 5.059018), (-0.093576, 0.245827, 0.043365, 0.963811)
67.22572, (-0.436034, -3.202463, 5.033899), (-0.093797, 0.246205, 0.036048, 0.963995)
67.23957, (-0.340832, -3.200740, 5.009636), (-0.095063, 0.246566, 0.029189, 0.964011)
67.25372, (-0.246255, -3.198584, 4.986097), (-0.094912, 0.246536, 0.023485, 0.964189)
67.26739, (-0.156221, -3.197490, 4.964505), (-0.093932, 0.247032, 0.018080, 0.964274)
67.28165, (-0.065073, -3.196216, 4.943165), (-0.093525, 0.246142, 0.012560, 0.964629)
67.29524, (0.026229, -3.193991, 4.922820), (-0.094226, 0.244600, 0.005668, 0.965019)
67.30908, (0.117365, -3.190784, 4.901819), (-0.095926, 0.243348, -0.001655, 0.965183)
67.32306, (0.209826, -3.181096, 4.881377), (-0.099629, 0.241568, -0.010273, 0.965201)
67.33702, (0.302382, -3.173207, 4.862028), (-0.105088, 0.240195, -0.018043, 0.964851)
67.35098, (0.393789, -3.170474, 4.843433), (-0.109286, 0.238097, -0.025111, 0.964746)
67.36514, (0.483007, -3.170376, 4.823491), (-0.111000, 0.235557, -0.031385, 0.964991)
67.37891, (0.569021, -3.167896, 4.805757), (-0.110022, 0.233848, -0.038026, 0.965280)
67.39273, (0.659366, -3.166256, 4.789330), (-0.109693, 0.231445, -0.044742, 0.965608)
67.40664, (0.743755, -3.163877, 4.778708), (-0.109570, 0.230189, -0.052759, 0.965518)
67.42069, (0.827437, -3.161876, 4.767509), (-0.110316, 0.227535, -0.059160, 0.965691)
67.43486, (0.908091, -3.153368, 4.756248), (-0.109969, 0.225219, -0.066159, 0.965819)
67.44832, (0.989244, -3.147765, 4.747087), (-0.110085, 0.222237, -0.070718, 0.966173)
67.46222, (1.068874, -3.139606, 4.739801), (-0.109275, 0.219277, -0.073185, 0.966758)
67.47632, (1.144289, -3.138411, 4.733323), (-0.109431, 0.216549, -0.076369, 0.967109)
67.49027, (1.217844, -3.140900, 4.724292), (-0.109966, 0.212757, -0.079079, 0.967672)
67.50412, (1.291573, -3.141283, 4.716605), (-0.110412, 0.209869, -0.083815, 0.967853)
67.51778, (1.357611, -3.140687, 4.712252), (-0.111313, 0.209268, -0.088694, 0.967445)
67.53169, (1.428049, -3.143222, 4.706352), (-0.113054, 0.207308, -0.093424, 0.967220)
67.54554, (1.493562, -3.148971, 4.701955), (-0.114953, 0.205765, -0.098287, 0.966844)
67.55961, (1.557561, -3.151464, 4.698905), (-0.115743, 0.203834, -0.102377, 0.966734)
67.57341, (1.613574, -3.159535, 4.697887), (-0.116372, 0.202130, -0.105737, 0.966654)
67.58736, (1.670285, -3.166666, 4.696150), (-0.117301, 0.200911, -0.109676, 0.966357)
67.60119, (1.723767, -3.174841, 4.697180), (-0.118246, 0.199377, -0.111709, 0.966327)
67.61508, (1.771291, -3.181497, 4.698368), (-0.117967, 0.198521, -0.114842, 0.966170)
67.62893, (1.821279, -3.189152, 4.701863), (-0.117601, 0.196560, -0.117132, 0.966341)
67.6428, (1.863679, -3.196423, 4.705519), (-0.117053, 0.195392, -0.119260, 0.966384)
67.65671, (1.910687, -3.205057, 4.707657), (-0.116584, 0.193246, -0.121208, 0.966630)
67.67103, (1.947348, -3.210346, 4.711511), (-0.112482, 0.191047, -0.121783, 0.967480)
67.68475, (1.985984, -3.215649, 4.715923), (-0.111339, 0.189523, -0.124080, 0.967620)
67.69865, (2.023456, -3.218243, 4.720540), (-0.110304, 0.188275, -0.125718, 0.967771)
67.71246, (2.055483, -3.220029, 4.724584), (-0.109340, 0.186762, -0.127285, 0.967969)
67.7263, (2.087788, -3.222166, 4.728181), (-0.108138, 0.184832, -0.128141, 0.968361)
67.74004, (2.120589, -3.227654, 4.731789), (-0.107392, 0.182476, -0.129471, 0.968714)
67.75374, (2.144298, -3.230937, 4.732723), (-0.105825, 0.180212, -0.129799, 0.969266)
67.76778, (2.167416, -3.234843, 4.736610), (-0.105064, 0.178076, -0.129822, 0.969741)
67.78149, (2.190783, -3.241247, 4.739104), (-0.104024, 0.177185, -0.130204, 0.969965)
67.79543, (2.213751, -3.248624, 4.741711), (-0.102585, 0.176327, -0.131020, 0.970165)
67.8092, (2.233306, -3.256171, 4.742631), (-0.101550, 0.176329, -0.132096, 0.970127)
67.82317, (2.251272, -3.260609, 4.743826), (-0.100589, 0.175574, -0.133211, 0.970212)
67.83714, (2.264410, -3.265194, 4.745177), (-0.100727, 0.174522, -0.134499, 0.970210)
67.85101, (2.278947, -3.269670, 4.745842), (-0.100625, 0.172514, -0.135667, 0.970416)
67.86488, (2.291415, -3.276938, 4.747223), (-0.100711, 0.170258, -0.137493, 0.970549)
67.87868, (2.300872, -3.283570, 4.747039), (-0.099768, 0.167956, -0.138493, 0.970905)
67.89262, (2.308861, -3.289539, 4.747916), (-0.098141, 0.165788, -0.139215, 0.971340)
67.90653, (2.312380, -3.294207, 4.749917), (-0.096714, 0.163549, -0.139807, 0.971778)
67.92081, (2.319803, -3.297307, 4.751882), (-0.095755, 0.161628, -0.141030, 0.972017)
67.93452, (2.322452, -3.299878, 4.752861), (-0.096002, 0.159832, -0.143438, 0.971938)
67.94861, (2.327320, -3.303710, 4.753798), (-0.096228, 0.157967, -0.145002, 0.971988)
67.96238, (2.329099, -3.306174, 4.756177), (-0.095991, 0.156392, -0.146683, 0.972014)
67.97623, (2.326940, -3.309776, 4.758790), (-0.095124, 0.154632, -0.147211, 0.972301)
67.99005, (2.321158, -3.315458, 4.761472), (-0.093992, 0.153200, -0.147267, 0.972629)
68.00388, (2.310448, -3.315976, 4.762742), (-0.091851, 0.150399, -0.145812, 0.973490)
68.01768, (2.305268, -3.318715, 4.764324), (-0.091063, 0.148563, -0.145996, 0.973818)
68.03149, (2.289162, -3.315789, 4.767687), (-0.090758, 0.146097, -0.145672, 0.974268)
68.04532, (2.276537, -3.314459, 4.769667), (-0.090214, 0.144023, -0.145248, 0.974691)
68.05926, (2.267163, -3.314484, 4.771161), (-0.089423, 0.142126, -0.145186, 0.975051)
68.07301, (2.251510, -3.313665, 4.773292), (-0.088319, 0.139803, -0.143597, 0.975723)
68.08676, (2.237767, -3.311913, 4.775714), (-0.087594, 0.137263, -0.142632, 0.976290)
68.10062, (2.207189, -3.298862, 4.781163), (-0.088632, 0.134302, -0.138969, 0.977136)
68.11449, (2.185318, -3.291619, 4.785009), (-0.089642, 0.131321, -0.137415, 0.977669)
68.12841, (2.162429, -3.285254, 4.790421), (-0.091286, 0.127828, -0.134720, 0.978355)
68.14238, (2.134458, -3.278735, 4.795484), (-0.091480, 0.123977, -0.132013, 0.979201)
68.15628, (2.106265, -3.275783, 4.799770), (-0.091436, 0.119685, -0.128751, 0.980173)
68.17036, (2.075442, -3.272198, 4.803733), (-0.089845, 0.111359, -0.123525, 0.981972)
68.184, (2.039554, -3.268805, 4.808663), (-0.088192, 0.102609, -0.117818, 0.983775)
68.19792, (2.006171, -3.264941, 4.813062), (-0.086810, 0.090855, -0.112057, 0.985724)
68.2116, (1.970870, -3.256110, 4.819811), (-0.085702, 0.078520, -0.107152, 0.987425)
68.22569, (1.929422, -3.242095, 4.824341), (-0.086429, 0.064589, -0.104348, 0.988671)
68.23933, (1.884521, -3.228782, 4.829113), (-0.090685, 0.049069, -0.102765, 0.989347)
68.25314, (1.834147, -3.227201, 4.832022), (-0.095724, 0.029585, -0.102769, 0.989647)
68.2668, (1.780544, -3.219155, 4.834908), (-0.096061, 0.011434, -0.101303, 0.990141)
68.2806, (1.728025, -3.221152, 4.835855), (-0.095602, -0.010592, -0.101472, 0.990178)
68.29457, (1.671518, -3.217125, 4.839124), (-0.093567, -0.033771, -0.098837, 0.990119)
68.30838, (1.608248, -3.215336, 4.840129), (-0.093586, -0.056909, -0.097621, 0.989178)
68.32247, (1.547939, -3.211775, 4.840014), (-0.092332, -0.080155, -0.097978, 0.987649)
68.3361, (1.494643, -3.212517, 4.839723), (-0.090579, -0.101801, -0.097583, 0.985855)
68.34987, (1.441988, -3.210816, 4.841164), (-0.086355, -0.120749, -0.094714, 0.984374)
68.36369, (1.397145, -3.212923, 4.844041), (-0.084897, -0.137853, -0.090991, 0.982604)
68.37749, (1.349433, -3.209847, 4.846295), (-0.083188, -0.152794, -0.088065, 0.980805)
68.39132, (1.303756, -3.204283, 4.845455), (-0.082146, -0.164102, -0.084143, 0.979409)
68.4053, (1.268670, -3.198018, 4.848962), (-0.083973, -0.173180, -0.082504, 0.977829)
68.41918, (1.228595, -3.191528, 4.854149), (-0.085821, -0.182331, -0.082068, 0.976041)
68.43317, (1.190938, -3.181260, 4.856883), (-0.086129, -0.192555, -0.081295, 0.974113)
68.44699, (1.152056, -3.180529, 4.856775), (-0.090673, -0.198561, -0.082586, 0.972384)
68.46091, (1.115266, -3.176359, 4.858974), (-0.091979, -0.209098, -0.083086, 0.970008)
68.47534, (1.083355, -3.169444, 4.854171), (-0.094613, -0.213679, -0.086612, 0.968446)
68.48884, (1.049868, -3.166926, 4.853677), (-0.095958, -0.221064, -0.087960, 0.966533)
68.50302, (1.018363, -3.165386, 4.850315), (-0.094400, -0.227261, -0.089373, 0.965119)
68.51712, (0.987554, -3.162435, 4.846510), (-0.093158, -0.234723, -0.089718, 0.963420)
68.53088, (0.960037, -3.158981, 4.846156), (-0.091969, -0.242124, -0.090437, 0.961633)
68.5448, (0.929621, -3.157362, 4.846239), (-0.092683, -0.249146, -0.091793, 0.959641)
68.55865, (0.901519, -3.151149, 4.845142), (-0.095377, -0.254969, -0.093479, 0.957683)
68.57236, (0.873773, -3.145657, 4.845233), (-0.097044, -0.262038, -0.095203, 0.955435)
68.58613, (0.851318, -3.134969, 4.842702), (-0.099770, -0.268236, -0.095806, 0.953371)
68.60012, (0.826796, -3.130372, 4.840577), (-0.100045, -0.274947, -0.096610, 0.951347)
68.6143, (0.804586, -3.131094, 4.841295), (-0.100208, -0.281795, -0.096907, 0.949294)
68.62803, (0.783759, -3.132421, 4.841884), (-0.099823, -0.287151, -0.094934, 0.947928)
68.642, (0.763828, -3.130177, 4.842842), (-0.099794, -0.290639, -0.094270, 0.946934)
68.65591, (0.749376, -3.125659, 4.849158), (-0.099733, -0.294424, -0.092875, 0.945908)
68.66988, (0.731648, -3.123585, 4.847610), (-0.100129, -0.295640, -0.092253, 0.945548)
68.68383, (0.717740, -3.120000, 4.854372), (-0.099816, -0.298615, -0.092687, 0.944603)
68.69775, (0.702402, -3.119283, 4.855845), (-0.099462, -0.300122, -0.093605, 0.944072)
68.71176, (0.690107, -3.121365, 4.859371), (-0.098172, -0.302646, -0.094551, 0.943307)
68.72588, (0.679331, -3.125857, 4.864774), (-0.096584, -0.303662, -0.093135, 0.943285)
68.73959, (0.667891, -3.127788, 4.866888), (-0.095951, -0.304492, -0.091892, 0.943204)
68.75343, (0.659253, -3.121490, 4.869023), (-0.094477, -0.303444, -0.090954, 0.943781)
68.76755, (0.652916, -3.120941, 4.871928), (-0.093979, -0.304878, -0.090983, 0.943366)
68.78118, (0.643849, -3.117896, 4.874964), (-0.092410, -0.306350, -0.090333, 0.943107)
68.79527, (0.636686, -3.120614, 4.879189), (-0.091050, -0.307817, -0.089799, 0.942812)
68.80943, (0.629507, -3.128258, 4.881166), (-0.088911, -0.308630, -0.089499, 0.942779)
68.8231, (0.622423, -3.130355, 4.883728), (-0.085792, -0.309054, -0.088843, 0.942991)
68.83716, (0.618734, -3.132639, 4.886817), (-0.081766, -0.308429, -0.087273, 0.943700)
68.85078, (0.613608, -3.137808, 4.889788), (-0.079034, -0.307734, -0.085473, 0.944324)
68.8646, (0.606339, -3.139479, 4.892680), (-0.077215, -0.307156, -0.084045, 0.944791)
68.87838, (0.598987, -3.142065, 4.894853), (-0.074589, -0.306480, -0.081450, 0.945448)
68.8923, (0.590399, -3.148839, 4.897507), (-0.070785, -0.306204, -0.077831, 0.946135)
68.90638, (0.581995, -3.160138, 4.898715), (-0.066284, -0.305933, -0.073647, 0.946883)
68.92017, (0.576524, -3.165880, 4.899861), (-0.060925, -0.305981, -0.067433, 0.947690)
68.93402, (0.570739, -3.172976, 4.902816), (-0.055506, -0.305275, -0.059351, 0.948791)
68.94788, (0.565391, -3.178180, 4.907652), (-0.050495, -0.304614, -0.051805, 0.949725)
68.96189, (0.558002, -3.187230, 4.917068), (-0.045839, -0.303155, -0.046002, 0.950726)
68.97573, (0.548241, -3.196399, 4.923707), (-0.042675, -0.301279, -0.045340, 0.951501)
68.98963, (0.540211, -3.200572, 4.927073), (-0.040066, -0.299723, -0.046826, 0.952034)
69.00357, (0.532856, -3.201103, 4.937038), (-0.035496, -0.297883, -0.046193, 0.952823)
69.01736, (0.531740, -3.212023, 4.949464), (-0.031781, -0.294208, -0.042621, 0.954261)
69.03143, (0.528761, -3.221196, 4.960257), (-0.028556, -0.290599, -0.038535, 0.955642)
69.04523, (0.526915, -3.226637, 4.975703), (-0.026247, -0.286907, -0.032962, 0.957032)
69.05942, (0.524300, -3.228052, 4.985111), (-0.025064, -0.284067, -0.030047, 0.958006)
69.07346, (0.520455, -3.233485, 4.995220), (-0.021993, -0.281655, -0.026667, 0.958893)
69.0869, (0.515780, -3.242347, 5.003901), (-0.020444, -0.278973, -0.024119, 0.959778)
69.10061, (0.516509, -3.247105, 5.017407), (-0.020010, -0.277033, -0.022064, 0.960399)
69.11448, (0.515021, -3.252552, 5.020169), (-0.019117, -0.272249, -0.020960, 0.961809)
69.12833, (0.531548, -3.269789, 5.036170), (-0.017861, -0.267085, -0.019324, 0.963314)
69.14224, (0.537534, -3.288579, 5.037864), (-0.013522, -0.258076, -0.016232, 0.965894)
69.15614, (0.543202, -3.294756, 5.048513), (-0.008038, -0.251047, -0.013418, 0.967849)
69.1705, (0.544427, -3.307154, 5.054994), (-0.004549, -0.243664, -0.010499, 0.969792)
69.18423, (0.552949, -3.319038, 5.066996), (0.000881, -0.238224, -0.006184, 0.971190)
69.19789, (0.563600, -3.325533, 5.073257), (0.008329, -0.233142, -0.000419, 0.972407)
69.21173, (0.542110, -3.323606, 5.074447), (0.013812, -0.224959, 0.009127, 0.974228)
69.22534, (0.562077, -3.341550, 5.085554), (0.012902, -0.222259, 0.002488, 0.974899)
69.23909, (0.559697, -3.328291, 5.098496), (0.016546, -0.216953, -0.000072, 0.976042)
69.25257, (0.560546, -3.326718, 5.113202), (0.013701, -0.214475, -0.000450, 0.976633)
69.2666, (0.558652, -3.327068, 5.130144), (0.012412, -0.214017, -0.001465, 0.976750)
69.28046, (0.555503, -3.343837, 5.136409), (0.015483, -0.211545, 0.003017, 0.977241)
69.29401, (0.546035, -3.353959, 5.132510), (0.017955, -0.207929, 0.007091, 0.977953)
69.30789, (0.564756, -3.375331, 5.126414), (0.017378, -0.206861, 0.010393, 0.978161)
69.32186, (0.576467, -3.354541, 5.116739), (0.021263, -0.207652, 0.010566, 0.977915)
69.3357, (0.585730, -3.361909, 5.113503), (0.019222, -0.206352, 0.007722, 0.978259)
69.34954, (0.588729, -3.359865, 5.116015), (0.020129, -0.202017, 0.006366, 0.979155)
69.36333, (0.595371, -3.359953, 5.117454), (0.019108, -0.198350, 0.001633, 0.979944)
69.37767, (0.602725, -3.352586, 5.113940), (0.017660, -0.194956, -0.003291, 0.980647)
69.39099, (0.609596, -3.349736, 5.118224), (0.017154, -0.193051, -0.006045, 0.981020)
69.40483, (0.607274, -3.345504, 5.121312), (0.016209, -0.188980, -0.009985, 0.981796)
69.41874, (0.609676, -3.343922, 5.128632), (0.017212, -0.185736, -0.012154, 0.982374)
69.43261, (0.614148, -3.359326, 5.125905), (0.015126, -0.184907, -0.008931, 0.982599)
69.44646, (0.612535, -3.353219, 5.119324), (0.019175, -0.182745, -0.004461, 0.982963)
69.46035, (0.617572, -3.355672, 5.117399), (0.021627, -0.181801, -0.001973, 0.983096)
69.4743, (0.618113, -3.358978, 5.110962), (0.020934, -0.181107, 0.000229, 0.983241)
69.48817, (0.620832, -3.360341, 5.109147), (0.021442, -0.179079, 0.000812, 0.983601)
69.50206, (0.623505, -3.366156, 5.113400), (0.023393, -0.176877, 0.002397, 0.983952)
69.51593, (0.619198, -3.364178, 5.108578), (0.023479, -0.173041, 0.003939, 0.984627)
69.53027, (0.630214, -3.365704, 5.101834), (0.027965, -0.166726, 0.005239, 0.985593)
69.54365, (0.682456, -3.407812, 5.095918), (0.028622, -0.157514, 0.015666, 0.986978)
69.5575, (0.707382, -3.411013, 5.097973), (0.022048, -0.154708, 0.013389, 0.987624)
69.57132, (0.736985, -3.401445, 5.099618), (0.024173, -0.152969, 0.007240, 0.987909)
69.58516, (0.756373, -3.404437, 5.115139), (0.026193, -0.148780, -0.000362, 0.988523)
69.59909, (0.779576, -3.418114, 5.126931), (0.026529, -0.145124, -0.007771, 0.989027)
69.61298, (0.804688, -3.431517, 5.144749), (0.027574, -0.140414, -0.016415, 0.989573)
69.62659, (0.824193, -3.450499, 5.170494), (0.028869, -0.134801, -0.022580, 0.990195)
69.64024, (0.848136, -3.470402, 5.203150), (0.031170, -0.128979, -0.026905, 0.990792)
69.65411, (0.869862, -3.478212, 5.225902), (0.038098, -0.123677, -0.030911, 0.991109)
69.66784, (0.892791, -3.493747, 5.247095), (0.047694, -0.118025, -0.035522, 0.991228)
69.68161, (0.926053, -3.516816, 5.255890), (0.049417, -0.115436, -0.038653, 0.991332)
69.6955, (0.959075, -3.522559, 5.274026), (0.055756, -0.112758, -0.044278, 0.991068)
69.70934, (0.997096, -3.536614, 5.303612), (0.061032, -0.109571, -0.048979, 0.990894)
69.72315, (1.027403, -3.557160, 5.334327), (0.062673, -0.103032, -0.052709, 0.991301)
69.73709, (1.061586, -3.575147, 5.370843), (0.066749, -0.095284, -0.055902, 0.991635)
69.75097, (1.093898, -3.593477, 5.401067), (0.068730, -0.087010, -0.058921, 0.992086)
69.76479, (1.126803, -3.608791, 5.426514), (0.069937, -0.079243, -0.061446, 0.992499)
69.77876, (1.166469, -3.618526, 5.459420), (0.074713, -0.072514, -0.063022, 0.992566)
69.7928, (1.196408, -3.640034, 5.497929), (0.077795, -0.066316, -0.061898, 0.992834)
69.80672, (1.228489, -3.661487, 5.538874), (0.082150, -0.060251, -0.060182, 0.992975)
69.82092, (1.250190, -3.678368, 5.577864), (0.092190, -0.052796, -0.057381, 0.992684)
69.83411, (1.278917, -3.695939, 5.611212), (0.098571, -0.046381, -0.057991, 0.992356)
69.84794, (1.306921, -3.698289, 5.639993), (0.102494, -0.039701, -0.059702, 0.992146)
69.86217, (1.343939, -3.710512, 5.670863), (0.106722, -0.034141, -0.063620, 0.991664)
69.87542, (1.372146, -3.703560, 5.699127), (0.112204, -0.026300, -0.070268, 0.990849)
69.88953, (1.408957, -3.715634, 5.733193), (0.112740, -0.019997, -0.073410, 0.990707)
69.90299, (1.446146, -3.725162, 5.768718), (0.112823, -0.014102, -0.074105, 0.990748)
69.91687, (1.484136, -3.739694, 5.799922), (0.110722, -0.008505, -0.076228, 0.990887)
69.93071, (1.530360, -3.733016, 5.828067), (0.109332, -0.005717, -0.080079, 0.990758)
69.94457, (1.579196, -3.728565, 5.855884), (0.111915, -0.005648, -0.083174, 0.990215)
69.95842, (1.635911, -3.731219, 5.897202), (0.113243, -0.005410, -0.086382, 0.989790)
69.97255, (1.688370, -3.740098, 5.945978), (0.118644, -0.004326, -0.085312, 0.989256)
69.98629, (1.744927, -3.771471, 5.994756), (0.124820, -0.005578, -0.080535, 0.988890)
70.00024, (1.799377, -3.790121, 6.044003), (0.130127, -0.007265, -0.078629, 0.988348)
70.01405, (1.844728, -3.789771, 6.089599), (0.136804, -0.006663, -0.080687, 0.987284)
70.02792, (1.891259, -3.794224, 6.139095), (0.140680, -0.007437, -0.086085, 0.986278)
70.04204, (1.923194, -3.801507, 6.201937), (0.145627, -0.004352, -0.095154, 0.984744)
70.05613, (1.960377, -3.820139, 6.280110), (0.146239, 0.002351, -0.103492, 0.983818)
70.07033, (2.001634, -3.827720, 6.361358), (0.147410, 0.011863, -0.109203, 0.982957)
70.0838, (2.036965, -3.832893, 6.419630), (0.142182, 0.021847, -0.112588, 0.983174)
70.09747, (2.094280, -3.826756, 6.502868), (0.152456, 0.025994, -0.117997, 0.980897)
70.11143, (2.143280, -3.844738, 6.551060), (0.148921, 0.032993, -0.121635, 0.980785)
70.12535, (2.175374, -3.852187, 6.620483), (0.149998, 0.041246, -0.116928, 0.980881)
70.13949, (2.207207, -3.861319, 6.696571), (0.150295, 0.044580, -0.119782, 0.980345)
70.15291, (2.240677, -3.872957, 6.759171), (0.149194, 0.048616, -0.121380, 0.980125)
70.16667, (2.265756, -3.885760, 6.813676), (0.148238, 0.051218, -0.126614, 0.979475)
70.18022, (2.295372, -3.884728, 6.865609), (0.155807, 0.049109, -0.131540, 0.977758)
70.19408, (2.319297, -3.896351, 6.909277), (0.161480, 0.046814, -0.136420, 0.976280)
70.20801, (2.340276, -3.908359, 6.952535), (0.167402, 0.043003, -0.137370, 0.975324)
70.22188, (2.356322, -3.928902, 6.991077), (0.168623, 0.040950, -0.133754, 0.975705)
70.23598, (2.379046, -3.932524, 7.035720), (0.173275, 0.038732, -0.129179, 0.975597)
70.24964, (2.404834, -3.925102, 7.082326), (0.180294, 0.037044, -0.126078, 0.974796)
70.26361, (2.431611, -3.919919, 7.124889), (0.188188, 0.034087, -0.120966, 0.974059)
70.27799, (2.444217, -3.913522, 7.166704), (0.192657, 0.029813, -0.112075, 0.974389)
70.29139, (2.461540, -3.910488, 7.213171), (0.193864, 0.028234, -0.108521, 0.974599)
70.30508, (2.475435, -3.906384, 7.264085), (0.197529, 0.026611, -0.104330, 0.974366)
70.31898, (2.482164, -3.916520, 7.304798), (0.193943, 0.025939, -0.097216, 0.975839)
70.33286, (2.488311, -3.887274, 7.327410), (0.191533, 0.022020, -0.099737, 0.976157)
70.3469, (2.509969, -3.874460, 7.352509), (0.191244, 0.018812, -0.101196, 0.976131)
70.36076, (2.531552, -3.867664, 7.371074), (0.197444, 0.017313, -0.100987, 0.974945)
70.37456, (2.548247, -3.860480, 7.400595), (0.198980, 0.019643, -0.103309, 0.974345)
70.3885, (2.569061, -3.855540, 7.419763), (0.198662, 0.020351, -0.105323, 0.974180)
70.40265, (2.587600, -3.845904, 7.443261), (0.199737, 0.024859, -0.110137, 0.973323)
70.41651, (2.602343, -3.837926, 7.458015), (0.199219, 0.028214, -0.114136, 0.972877)
70.43031, (2.611331, -3.844143, 7.461827), (0.198569, 0.031056, -0.113837, 0.972958)
70.44406, (2.621826, -3.842276, 7.466380), (0.199109, 0.031590, -0.110661, 0.973197)
70.458, (2.634366, -3.833565, 7.459406), (0.201040, 0.026950, -0.107262, 0.973320)
70.47195, (2.644695, -3.829081, 7.464313), (0.204265, 0.024847, -0.105024, 0.972948)
70.48582, (2.651359, -3.832695, 7.463222), (0.204768, 0.024450, -0.100439, 0.973337)
70.49969, (2.649833, -3.833356, 7.463722), (0.208504, 0.026282, -0.095900, 0.972953)
70.51363, (2.651664, -3.830788, 7.455826), (0.208410, 0.027981, -0.092009, 0.973302)
70.52757, (2.653296, -3.815011, 7.443944), (0.200289, 0.027269, -0.091214, 0.975101)
70.54144, (2.650608, -3.806897, 7.434833), (0.203387, 0.026541, -0.088277, 0.974749)
70.55531, (2.651893, -3.786440, 7.441351), (0.206250, 0.024560, -0.086914, 0.974322)
70.56918, (2.645561, -3.785838, 7.431928), (0.207257, 0.019632, -0.080814, 0.974745)
70.58311, (2.643804, -3.783482, 7.427506), (0.206167, 0.014194, -0.073255, 0.975668)
70.59692, (2.642677, -3.769671, 7.426114), (0.204049, 0.006973, -0.065653, 0.976732)
70.6108, (2.636828, -3.755059, 7.427382), (0.202689, 0.005164, -0.060117, 0.977383)
70.62521, (2.641250, -3.744192, 7.419072), (0.206143, -0.000236, -0.054805, 0.976986)
70.63894, (2.645805, -3.730049, 7.409845), (0.206145, -0.005694, -0.049709, 0.977242)
70.65294, (2.651272, -3.723909, 7.409338), (0.204272, -0.007075, -0.045269, 0.977841)
70.66692, (2.652462, -3.708168, 7.417778), (0.207220, -0.003946, -0.040508, 0.977448)
70.68063, (2.661514, -3.703671, 7.428227), (0.206886, 0.001198, -0.034623, 0.977752)
70.69432, (2.664027, -3.677642, 7.424686), (0.204131, 0.003601, -0.030996, 0.978446)
70.70805, (2.659881, -3.691043, 7.434855), (0.198607, 0.006898, -0.027353, 0.979673)
70.72198, (2.677893, -3.706698, 7.430701), (0.191569, -0.000255, -0.017699, 0.981320)
70.73589, (2.676633, -3.692456, 7.426836), (0.186130, -0.008712, -0.014805, 0.982375)
70.74976, (2.679664, -3.682411, 7.439834), (0.188188, -0.016729, -0.013531, 0.981897)
70.76366, (2.672825, -3.692117, 7.450821), (0.187516, -0.025128, -0.007676, 0.981910)
70.7775, (2.669681, -3.698107, 7.464477), (0.189416, -0.033888, 0.001056, 0.981312)
70.79144, (2.670844, -3.708960, 7.465477), (0.191512, -0.042158, 0.008070, 0.980551)
70.80546, (2.680582, -3.718915, 7.469582), (0.192642, -0.052944, 0.016070, 0.979708)
70.81923, (2.686717, -3.736455, 7.467960), (0.190962, -0.062132, 0.022171, 0.979378)
70.83316, (2.692923, -3.751465, 7.478468), (0.191909, -0.070813, 0.026995, 0.978482)
70.84703, (2.690994, -3.778677, 7.485633), (0.189266, -0.076450, 0.034939, 0.978322)
70.86097, (2.682799, -3.790010, 7.492039), (0.186376, -0.082701, 0.040013, 0.978174)
70.87495, (2.674540, -3.814981, 7.487659), (0.184922, -0.091071, 0.043364, 0.977563)
70.88893, (2.666577, -3.820770, 7.493066), (0.185672, -0.100215, 0.046430, 0.976385)
70.90273, (2.661769, -3.826301, 7.499440), (0.191873, -0.107337, 0.047407, 0.974380)
70.91703, (2.662213, -3.848888, 7.497054), (0.191667, -0.110093, 0.041129, 0.974398)
70.93082, (2.668017, -3.873942, 7.497303), (0.185387, -0.116324, 0.039082, 0.974973)
70.94489, (2.661539, -3.893107, 7.499269), (0.180884, -0.118644, 0.031893, 0.975801)
70.95845, (2.652139, -3.917443, 7.494897), (0.181142, -0.121562, 0.029142, 0.975480)
70.97227, (2.649091, -3.944650, 7.500439), (0.182831, -0.123254, 0.025901, 0.975044)
70.98607, (2.640330, -3.991607, 7.495803), (0.180462, -0.123461, 0.024179, 0.975503)
70.99999, (2.635471, -4.030231, 7.493657), (0.176312, -0.126255, 0.024092, 0.975906)
71.01455, (2.629468, -4.074345, 7.483248), (0.168624, -0.128916, 0.026267, 0.976861)
71.02782, (2.627919, -4.114263, 7.472181), (0.162099, -0.129572, 0.031033, 0.977738)
71.04166, (2.622904, -4.147539, 7.462579), (0.160498, -0.127819, 0.035648, 0.978076)
71.05576, (2.625443, -4.172359, 7.446996), (0.163879, -0.122047, 0.039740, 0.978095)
71.06966, (2.622682, -4.204849, 7.429108), (0.164960, -0.119729, 0.042589, 0.978080)
71.08332, (2.623344, -4.228109, 7.403146), (0.161002, -0.117668, 0.040269, 0.979087)
71.09705, (2.622699, -4.247732, 7.386622), (0.159465, -0.116409, 0.035193, 0.979684)
71.11098, (2.625137, -4.263254, 7.378914), (0.164201, -0.114946, 0.032790, 0.979158)
71.12486, (2.633153, -4.287539, 7.376785), (0.166250, -0.112334, 0.031971, 0.979143)
71.13879, (2.641896, -4.318762, 7.369920), (0.164091, -0.111068, 0.033841, 0.979588)
71.1527, (2.645425, -4.348800, 7.359608), (0.163077, -0.113467, 0.036047, 0.979404)
71.16661, (2.648393, -4.376408, 7.349014), (0.164625, -0.119096, 0.036313, 0.978466)
71.18069, (2.654452, -4.402325, 7.344646), (0.168624, -0.126159, 0.037502, 0.976854)
71.19475, (2.673781, -4.425650, 7.350676), (0.174153, -0.133492, 0.035693, 0.974975)
71.20872, (2.694512, -4.449450, 7.352380), (0.173335, -0.136244, 0.035432, 0.974750)
71.22253, (2.716464, -4.465699, 7.360632), (0.166990, -0.138125, 0.035250, 0.975599)
71.23661, (2.731011, -4.479751, 7.364132), (0.158518, -0.140556, 0.036778, 0.976608)
71.25067, (2.744009, -4.488199, 7.369107), (0.153064, -0.143171, 0.036681, 0.977102)
71.26421, (2.750110, -4.487208, 7.378038), (0.153804, -0.146105, 0.038532, 0.976480)
71.27802, (2.754795, -4.498127, 7.383589), (0.152190, -0.149142, 0.038421, 0.976278)
71.29221, (2.748747, -4.503882, 7.392838), (0.152210, -0.150682, 0.037302, 0.976082)
71.30585, (2.745322, -4.522271, 7.405588), (0.147070, -0.154397, 0.033370, 0.976431)
71.31956, (2.739729, -4.535534, 7.416575), (0.134671, -0.155523, 0.028679, 0.978189)
71.33347, (2.745818, -4.562202, 7.425524), (0.117539, -0.157440, 0.022948, 0.980240)
71.34747, (2.744940, -4.561234, 7.450755), (0.111096, -0.158904, 0.021364, 0.980791)
71.36123, (2.724641, -4.569117, 7.470122), (0.096371, -0.151622, 0.014841, 0.983618)
71.37496, (2.725138, -4.560728, 7.471324), (0.097577, -0.141483, 0.019066, 0.984936)
71.3886, (2.721696, -4.562478, 7.474035), (0.091387, -0.144552, 0.024915, 0.984953)
71.40244, (2.714725, -4.550858, 7.481308), (0.095277, -0.144916, 0.026829, 0.984481)
71.41673, (2.709305, -4.531661, 7.477686), (0.110686, -0.147655, 0.028343, 0.982417)
71.43018, (2.708668, -4.529865, 7.483879), (0.118717, -0.149494, 0.027021, 0.981238)
71.44434, (2.707781, -4.522276, 7.497928), (0.129202, -0.150175, 0.029790, 0.979728)
71.45805, (2.706631, -4.521928, 7.508433), (0.133032, -0.151768, 0.030319, 0.978953)
71.47192, (2.701844, -4.517227, 7.519020), (0.135409, -0.152789, 0.030740, 0.978455)
71.48589, (2.702707, -4.524419, 7.538486), (0.127132, -0.161006, 0.028935, 0.978303)
71.49986, (2.707276, -4.527601, 7.555604), (0.116031, -0.164483, 0.024235, 0.979232)
71.51389, (2.704978, -4.525680, 7.570861), (0.104737, -0.167510, 0.023785, 0.980003)
71.52792, (2.694900, -4.513752, 7.583991), (0.100590, -0.170358, 0.028312, 0.979826)
71.54147, (2.694132, -4.502596, 7.596743), (0.099445, -0.172132, 0.028752, 0.979620)
71.55549, (2.692290, -4.490175, 7.613167), (0.099877, -0.174409, 0.029116, 0.979162)
71.56912, (2.693534, -4.485109, 7.629761), (0.099034, -0.177995, 0.030389, 0.978564)
71.58305, (2.683942, -4.481834, 7.641060), (0.093546, -0.182332, 0.033974, 0.978187)
71.59693, (2.673333, -4.468110, 7.655562), (0.093866, -0.186443, 0.036499, 0.977290)
71.61108, (2.653475, -4.447356, 7.668662), (0.098034, -0.188129, 0.036987, 0.976539)
71.62508, (2.643216, -4.441180, 7.694837), (0.102076, -0.187154, 0.038195, 0.976266)
71.63878, (2.630642, -4.441049, 7.718971), (0.100712, -0.185840, 0.041960, 0.976504)
71.65263, (2.607591, -4.445334, 7.738139), (0.094857, -0.186153, 0.051641, 0.976567)
71.66656, (2.593786, -4.447556, 7.760610), (0.090886, -0.186684, 0.055669, 0.976622)
71.68043, (2.575747, -4.443781, 7.778997), (0.093333, -0.186663, 0.053758, 0.976502)
71.69427, (2.562794, -4.448179, 7.800154), (0.096802, -0.187715, 0.051092, 0.976106)
71.70812, (2.552331, -4.457631, 7.822070), (0.092956, -0.186686, 0.047892, 0.976839)
71.72208, (2.543617, -4.474192, 7.836614), (0.083048, -0.182756, 0.045914, 0.978568)
71.73597, (2.526354, -4.473743, 7.844910), (0.076982, -0.173703, 0.047628, 0.980629)
71.74986, (2.513833, -4.462952, 7.859571), (0.078607, -0.167437, 0.048123, 0.981565)
71.76389, (2.508462, -4.454520, 7.869244), (0.088900, -0.162089, 0.045916, 0.981690)
71.77784, (2.507655, -4.454292, 7.886448), (0.096069, -0.161239, 0.044528, 0.981219)
71.79153, (2.516229, -4.465663, 7.906139), (0.095236, -0.159246, 0.039023, 0.981859)
71.8054, (2.514369, -4.467019, 7.924616), (0.095646, -0.156965, 0.037616, 0.982242)
71.81908, (2.510226, -4.468480, 7.941298), (0.096447, -0.154448, 0.036348, 0.982610)
71.83298, (2.506083, -4.469943, 7.957979), (0.097247, -0.151931, 0.035079, 0.982970)
71.84721, (2.501940, -4.471405, 7.974662), (0.098046, -0.149412, 0.033809, 0.983321)
71.86074, (2.497798, -4.472867, 7.991343), (0.098845, -0.146892, 0.032540, 0.983663)
71.8746, (2.493656, -4.474329, 8.008025), (0.099642, -0.144370, 0.031270, 0.983997)
71.8885, (2.489514, -4.475791, 8.024707), (0.100439, -0.141848, 0.030000, 0.984323)
71.90269, (2.558927, -4.449033, 8.024140), (0.098422, -0.154380, 0.056126, 0.981494)
71.9166, (2.545191, -4.437619, 8.022021), (0.103462, -0.155769, 0.068243, 0.979987)
71.93045, (2.557711, -4.439908, 8.035689), (0.103321, -0.158160, 0.067143, 0.979695)
71.94437, (2.561333, -4.440280, 8.048231), (0.103497, -0.159614, 0.069088, 0.979305)
71.95824, (2.563771, -4.452269, 8.069840), (0.101155, -0.165542, 0.070291, 0.978480)
71.97213, (2.562340, -4.460431, 8.071241), (0.094113, -0.166614, 0.067116, 0.979223)
71.98641, (2.559343, -4.456655, 8.071294), (0.094082, -0.166626, 0.061364, 0.979601)
71.99989, (2.559250, -4.450692, 8.080297), (0.102686, -0.164516, 0.053019, 0.979581)
72.01348, (2.556236, -4.449284, 8.092155), (0.111523, -0.163266, 0.052479, 0.978853)
72.02728, (2.560480, -4.453515, 8.108704), (0.117223, -0.162523, 0.051085, 0.978384)
72.0414, (2.566269, -4.465128, 8.126492), (0.119539, -0.162121, 0.050423, 0.978205)
72.05527, (2.566855, -4.482501, 8.138794), (0.116668, -0.161701, 0.052074, 0.978534)
72.06927, (2.560100, -4.493834, 8.146371), (0.111484, -0.160956, 0.055214, 0.979089)
72.08301, (2.552009, -4.490824, 8.160768), (0.116080, -0.158032, 0.053538, 0.979125)
72.09684, (2.544931, -4.499775, 8.185367), (0.119336, -0.158255, 0.051793, 0.978791)
72.11079, (2.543745, -4.517374, 8.206381), (0.118853, -0.156881, 0.052524, 0.979032)
72.1253, (2.524539, -4.522790, 8.215031), (0.113786, -0.154756, 0.059111, 0.979596)
72.13889, (2.518281, -4.525308, 8.226890), (0.113496, -0.153958, 0.056057, 0.979935)
72.15277, (2.508781, -4.520678, 8.241610), (0.117377, -0.153566, 0.052818, 0.979720)
72.167, (2.506806, -4.534854, 8.262395), (0.118267, -0.152680, 0.049123, 0.979943)
72.18134, (2.499535, -4.546937, 8.280673), (0.116922, -0.153205, 0.049819, 0.979988)
72.19527, (2.500636, -4.559367, 8.299969), (0.113768, -0.157234, 0.051424, 0.979638)
72.20897, (2.503155, -4.570397, 8.316998), (0.108793, -0.160014, 0.048742, 0.979890)
72.22271, (2.499765, -4.577911, 8.331285), (0.107216, -0.161907, 0.047983, 0.979790)
72.23672, (2.491817, -4.571462, 8.337587), (0.110742, -0.167193, 0.049936, 0.978412)
72.25043, (2.485982, -4.569415, 8.345482), (0.116504, -0.171466, 0.049118, 0.977043)
72.26352, (2.483917, -4.574448, 8.355546), (0.118485, -0.174449, 0.046755, 0.976393)
72.27743, (2.480746, -4.580997, 8.367700), (0.118245, -0.175309, 0.046300, 0.976290)
72.29108, (2.479825, -4.587406, 8.378666), (0.116507, -0.175612, 0.045951, 0.976461)
72.30517, (2.476974, -4.591049, 8.390043), (0.114187, -0.173871, 0.046474, 0.977021)
72.32062, (2.474336, -4.592365, 8.402123), (0.112139, -0.172792, 0.047104, 0.977420)
72.33344, (2.475581, -4.598806, 8.410763), (0.108097, -0.172467, 0.047519, 0.977912)
72.34725, (2.482315, -4.600736, 8.414547), (0.102939, -0.172896, 0.047002, 0.978418)
72.36135, (2.488028, -4.597296, 8.416849), (0.102729, -0.172212, 0.048310, 0.978497)
72.37498, (2.491503, -4.589125, 8.419047), (0.104975, -0.173074, 0.051585, 0.977939)
72.38891, (2.496505, -4.583290, 8.424129), (0.107886, -0.174460, 0.053319, 0.977283)
72.40269, (2.495700, -4.577641, 8.431480), (0.111116, -0.174237, 0.055401, 0.976845)
72.4167, (2.492841, -4.578241, 8.435452), (0.111418, -0.172995, 0.057393, 0.976916)
72.43057, (2.488967, -4.577979, 8.440812), (0.110286, -0.172227, 0.057271, 0.977187)
72.44448, (2.489393, -4.585396, 8.448101), (0.104205, -0.170167, 0.052965, 0.978458)
72.45855, (2.490328, -4.590959, 8.468266), (0.091413, -0.164125, 0.048325, 0.981005)
72.4727, (2.490523, -4.592360, 8.477840), (0.088254, -0.162672, 0.047495, 0.981577)
72.48611, (2.486658, -4.596851, 8.493320), (0.062466, -0.153672, 0.053725, 0.984681)
72.49987, (2.490206, -4.580251, 8.497623), (0.056959, -0.154811, 0.056954, 0.984655)
72.5141, (2.487095, -4.562428, 8.494226), (0.061161, -0.159409, 0.057587, 0.983632)
72.52768, (2.486009, -4.550410, 8.492097), (0.064132, -0.162238, 0.055452, 0.983103)
72.54156, (2.481048, -4.545047, 8.489151), (0.066101, -0.164428, 0.050695, 0.982865)
72.55547, (2.478267, -4.545605, 8.494472), (0.060565, -0.161666, 0.048817, 0.983775)
72.56918, (2.472264, -4.542042, 8.496216), (0.055843, -0.157530, 0.053684, 0.984471)
72.58338, (2.472883, -4.535333, 8.498499), (0.053203, -0.156764, 0.055445, 0.984642)
72.59695, (2.475643, -4.529071, 8.501945), (0.051626, -0.156954, 0.053825, 0.984786)
72.61188, (2.473763, -4.528842, 8.501798), (0.048960, -0.157313, 0.054034, 0.984853)
72.62509, (2.472195, -4.522917, 8.499976), (0.047202, -0.158297, 0.054500, 0.984756)
72.63834, (2.471946, -4.516926, 8.498265), (0.045662, -0.157658, 0.052683, 0.985030)
72.6523, (2.471638, -4.514857, 8.495630), (0.042763, -0.155747, 0.049948, 0.985606)
72.66611, (2.470975, -4.509779, 8.490829), (0.041247, -0.154331, 0.049295, 0.985926)
72.68001, (2.472915, -4.503901, 8.486851), (0.040696, -0.153671, 0.048202, 0.986106)
72.69402, (2.481060, -4.500016, 8.489136), (0.041041, -0.151555, 0.044981, 0.986572)
72.70776, (2.484911, -4.497085, 8.491264), (0.038324, -0.148665, 0.045103, 0.987115)
72.7216, (2.488827, -4.496631, 8.494900), (0.033039, -0.146002, 0.046649, 0.987631)
72.73542, (2.491929, -4.492997, 8.496181), (0.028352, -0.144097, 0.048066, 0.987989)
72.74952, (2.501052, -4.482502, 8.497363), (0.025625, -0.144858, 0.050662, 0.987822)
72.7637, (2.505577, -4.479259, 8.495868), (0.022743, -0.143985, 0.050996, 0.988003)
72.77864, (2.505932, -4.466081, 8.487826), (0.030564, -0.147208, 0.049826, 0.987377)
72.79121, (2.511885, -4.470929, 8.496239), (0.026440, -0.144995, 0.045554, 0.988030)
72.80515, (2.506892, -4.471157, 8.500010), (0.020468, -0.141165, 0.047797, 0.988620)
72.8185, (2.506401, -4.468354, 8.502980), (0.015702, -0.138643, 0.049919, 0.988959)
72.83232, (2.507078, -4.462871, 8.501476), (0.014367, -0.138194, 0.049389, 0.989069)
72.84624, (2.508268, -4.453435, 8.501038), (0.017061, -0.140621, 0.046702, 0.988814)
72.85979, (2.509589, -4.450328, 8.504978), (0.017973, -0.141504, 0.042724, 0.988852)
72.87358, (2.505557, -4.450154, 8.509823), (0.017599, -0.141039, 0.041880, 0.988961)
72.88729, (2.501146, -4.451423, 8.513779), (0.015060, -0.139128, 0.041606, 0.989285)
72.90128, (2.499434, -4.449195, 8.516371), (0.013556, -0.138026, 0.040734, 0.989498)
72.91543, (2.500078, -4.447064, 8.518543), (0.013433, -0.138906, 0.038573, 0.989463)
72.929, (2.504514, -4.448046, 8.523108), (0.013763, -0.140310, 0.035410, 0.989379)
72.9429, (2.505224, -4.446301, 8.527063), (0.013226, -0.140581, 0.033931, 0.989399)
72.95683, (2.511941, -4.453735, 8.535845), (0.007957, -0.137928, 0.032305, 0.989883)
72.97063, (2.513593, -4.452531, 8.541184), (0.005397, -0.135743, 0.032869, 0.990184)
72.98492, (2.517478, -4.447121, 8.540947), (0.003655, -0.134104, 0.037379, 0.990255)
72.99892, (2.524346, -4.441843, 8.542149), (0.003390, -0.134391, 0.037240, 0.990223)
73.01283, (2.528303, -4.440405, 8.545099), (0.001989, -0.133611, 0.036754, 0.990350)
73.02663, (2.534227, -4.438268, 8.547571), (0.001406, -0.133044, 0.035004, 0.990491)
73.04117, (2.540127, -4.436274, 8.547254), (0.001773, -0.132103, 0.034238, 0.990643)
73.05559, (2.542724, -4.433531, 8.541408), (0.003242, -0.127577, 0.036648, 0.991146)
73.06825, (2.544942, -4.424697, 8.536972), (0.008536, -0.124577, 0.037864, 0.991450)
73.08208, (2.548241, -4.420253, 8.535845), (0.011319, -0.122913, 0.038344, 0.991612)
73.09585, (2.555818, -4.420354, 8.542364), (0.016364, -0.122494, 0.035813, 0.991688)
73.10951, (2.560302, -4.426352, 8.546331), (0.014301, -0.120800, 0.033517, 0.992008)
73.12347, (2.557536, -4.436945, 8.544603), (0.007735, -0.113468, 0.032532, 0.992979)
73.137, (2.557342, -4.431458, 8.542789), (0.009137, -0.109124, 0.033189, 0.993432)
73.1506, (2.567444, -4.427638, 8.544895), (0.015411, -0.107745, 0.030238, 0.993599)
73.1644, (2.573539, -4.436293, 8.552744), (0.013932, -0.106968, 0.030906, 0.993684)
73.17817, (2.574061, -4.439056, 8.554426), (0.011840, -0.104855, 0.033692, 0.993846)
73.19212, (2.574979, -4.438074, 8.554525), (0.011405, -0.102391, 0.036491, 0.994009)
73.20572, (2.577375, -4.436173, 8.555739), (0.012595, -0.100489, 0.037206, 0.994163)
73.21985, (2.580590, -4.432984, 8.558570), (0.015466, -0.098995, 0.035889, 0.994320)
73.23322, (2.582875, -4.431249, 8.561305), (0.016639, -0.097340, 0.035883, 0.994465)
73.247, (2.586393, -4.435408, 8.567243), (0.016815, -0.097484, 0.035081, 0.994477)
73.26079, (2.592439, -4.441409, 8.578515), (0.013852, -0.097613, 0.033464, 0.994565)
73.27452, (2.588225, -4.448348, 8.583466), (0.006455, -0.097370, 0.037413, 0.994524)
73.2881, (2.591229, -4.442369, 8.588541), (0.006799, -0.097782, 0.036842, 0.994502)
73.30191, (2.593267, -4.443066, 8.592945), (0.006068, -0.096773, 0.037129, 0.994595)
73.31581, (2.589832, -4.436328, 8.591362), (0.007938, -0.097062, 0.035551, 0.994612)
73.3297, (2.590034, -4.437001, 8.592489), (0.008291, -0.097943, 0.034116, 0.994573)
73.34309, (2.590906, -4.436625, 8.595520), (0.007999, -0.097336, 0.033966, 0.994640)
73.35686, (2.593368, -4.434095, 8.598295), (0.008753, -0.097416, 0.033271, 0.994649)
73.37061, (2.594408, -4.433399, 8.601260), (0.008585, -0.096886, 0.033055, 0.994709)
73.38544, (2.593140, -4.437091, 8.603903), (0.008308, -0.095530, 0.035371, 0.994763)
73.39897, (2.593528, -4.437797, 8.604879), (0.007702, -0.094809, 0.036338, 0.994802)
73.41244, (2.589473, -4.433601, 8.603134), (0.007910, -0.094123, 0.035536, 0.994895)
73.42616, (2.591900, -4.433881, 8.608002), (0.008724, -0.093412, 0.034990, 0.994974)
73.4397, (2.587558, -4.433806, 8.608027), (0.005540, -0.090870, 0.034128, 0.995262)
73.45364, (2.585522, -4.434873, 8.610838), (0.003000, -0.090363, 0.036554, 0.995233)
73.46735, (2.584658, -4.435425, 8.612753), (0.001517, -0.089883, 0.036798, 0.995271)
73.48203, (2.584017, -4.436049, 8.614513), (0.001257, -0.090475, 0.037600, 0.995188)
73.49542, (2.583177, -4.435701, 8.610395), (0.006117, -0.094263, 0.037718, 0.994814)
73.50873, (2.581527, -4.433123, 8.605299), (0.011419, -0.095766, 0.035035, 0.994722)
73.52222, (2.579289, -4.433523, 8.606651), (0.010040, -0.093549, 0.033511, 0.995000)
73.53583, (2.578324, -4.433323, 8.607382), (0.010347, -0.093325, 0.033251, 0.995027)
73.54962, (2.575410, -4.439593, 8.613287), (0.006292, -0.090523, 0.034374, 0.995281)
73.5635, (2.574031, -4.442845, 8.617419), (0.006185, -0.090202, 0.034318, 0.995313)
73.57792, (2.574588, -4.446158, 8.620229), (0.006422, -0.091752, 0.035975, 0.995111)
73.59194, (2.573447, -4.447069, 8.621511), (0.006801, -0.091781, 0.035565, 0.995121)
73.60534, (2.571562, -4.446279, 8.621609), (0.007180, -0.091593, 0.033527, 0.995206)
73.6195, (2.568674, -4.443187, 8.619157), (0.008076, -0.091767, 0.032659, 0.995212)
73.63299, (2.566608, -4.442637, 8.619703), (0.007438, -0.091261, 0.033308, 0.995242)
73.64674, (2.565056, -4.443913, 8.621341), (0.004926, -0.090414, 0.033370, 0.995333)
73.66065, (2.563560, -4.445218, 8.623042), (0.003040, -0.089122, 0.033123, 0.995465)
73.67447, (2.562350, -4.444314, 8.624603), (0.003133, -0.088715, 0.033758, 0.995480)
73.68751, (2.562239, -4.441871, 8.626255), (0.005422, -0.088313, 0.034925, 0.995466)
73.70141, (2.561707, -4.440514, 8.628098), (0.006215, -0.087715, 0.035950, 0.995477)
73.71523, (2.563272, -4.440763, 8.632074), (0.004157, -0.089814, 0.041041, 0.995104)
73.72892, (2.562811, -4.441504, 8.635399), (0.005778, -0.089922, 0.041032, 0.995086)
73.74283, (2.560489, -4.440971, 8.637537), (0.009202, -0.089395, 0.039945, 0.995152)
73.75729, (2.554884, -4.437476, 8.637824), (0.020298, -0.087836, 0.035264, 0.995304)
73.77071, (2.548299, -4.439287, 8.633770), (0.009116, -0.087664, 0.030506, 0.995641)
73.78484, (2.536832, -4.458018, 8.629380), (0.007813, -0.087824, 0.032288, 0.995582)
73.79818, (2.531281, -4.452487, 8.630480), (0.011602, -0.087622, 0.032334, 0.995561)
73.81245, (2.533381, -4.461443, 8.626245), (0.012239, -0.091399, 0.030861, 0.995261)
73.82578, (2.534595, -4.462919, 8.625504), (0.015981, -0.095862, 0.030528, 0.994798)
73.83946, (2.535205, -4.465385, 8.625621), (0.018790, -0.099912, 0.029551, 0.994380)
73.85332, (2.533123, -4.473981, 8.624928), (0.018460, -0.102152, 0.029900, 0.994148)
73.86716, (2.528306, -4.478827, 8.622256), (0.019604, -0.101984, 0.031897, 0.994081)
73.88108, (2.520751, -4.483441, 8.614618), (0.019856, -0.100462, 0.035348, 0.994115)
73.89496, (2.517731, -4.482599, 8.611019), (0.022936, -0.099393, 0.035272, 0.994158)
73.90893, (2.516382, -4.480724, 8.613016), (0.025143, -0.097976, 0.032200, 0.994350)
73.92305, (2.515408, -4.487627, 8.615303), (0.021777, -0.096107, 0.030853, 0.994654)
73.93723, (2.515090, -4.487754, 8.617402), (0.019177, -0.095315, 0.032828, 0.994721)
73.95085, (2.514856, -4.487501, 8.615336), (0.017922, -0.095005, 0.034630, 0.994713)
73.96439, (2.514589, -4.485215, 8.613499), (0.017814, -0.095444, 0.036608, 0.994602)
73.97832, (2.512245, -4.485984, 8.611125), (0.020006, -0.095806, 0.036925, 0.994514)
73.99369, (2.511952, -4.482435, 8.610657), (0.019449, -0.094433, 0.037396, 0.994639)
74.00681, (2.511519, -4.479108, 8.610879), (0.017240, -0.092852, 0.040145, 0.994721)
74.02069, (2.510780, -4.476311, 8.610707), (0.016064, -0.092552, 0.043414, 0.994631)
74.03407, (2.509625, -4.474494, 8.610405), (0.015077, -0.092897, 0.044462, 0.994568)
74.04812, (2.508064, -4.471537, 8.610004), (0.014071, -0.096673, 0.043324, 0.994273)
74.10064, (2.507267, -4.471140, 8.609881), (0.014014, -0.098569, 0.040974, 0.994188)