34.8661, (2.287153, -1.593009, 4.233138), (0.063389, 0.117738, -0.106343, 0.985297)
34.87987, (2.353406, -1.594818, 4.247207), (0.064502, 0.118361, -0.108943, 0.984866)
34.89367, (2.418430, -1.599680, 4.257327), (0.066400, 0.117266, -0.109577, 0.984801)
34.90749, (2.479097, -1.604213, 4.271432), (0.068674, 0.113807, -0.109252, 0.985087)
34.92149, (2.543221, -1.607025, 4.288627), (0.071077, 0.111168, -0.109310, 0.985211)
34.93568, (2.593318, -1.606891, 4.307729), (0.072863, 0.104216, -0.108333, 0.985948)
34.94968, (2.643965, -1.604844, 4.324204), (0.074581, 0.097408, -0.108613, 0.986485)
34.96332, (2.688970, -1.603082, 4.342515), (0.075412, 0.087993, -0.109484, 0.987210)
34.97742, (2.731732, -1.602272, 4.359742), (0.075826, 0.079073, -0.109814, 0.987896)
34.99122, (2.775444, -1.603490, 4.378707), (0.077208, 0.069675, -0.111714, 0.988284)
35.00496, (2.816647, -1.602507, 4.394905), (0.078243, 0.062950, -0.111032, 0.988730)
35.01903, (2.863627, -1.597190, 4.410176), (0.080749, 0.056837, -0.111085, 0.988893)
35.03275, (2.904826, -1.592174, 4.423733), (0.082758, 0.052458, -0.111835, 0.988884)
35.04712, (2.948168, -1.587412, 4.439225), (0.084486, 0.049688, -0.112421, 0.988815)
35.06048, (2.992447, -1.581534, 4.456514), (0.086279, 0.049125, -0.113532, 0.988561)
35.07454, (3.043645, -1.576128, 4.474011), (0.088271, 0.052913, -0.114784, 0.988045)
35.08802, (3.093498, -1.567794, 4.491623), (0.090949, 0.061241, -0.115975, 0.987182)
35.10194, (3.141482, -1.563497, 4.501928), (0.091130, 0.072180, -0.116787, 0.986330)
35.11571, (3.181738, -1.560861, 4.505251), (0.093413, 0.084944, -0.117261, 0.985042)
35.12983, (3.219532, -1.561177, 4.514184), (0.098352, 0.095608, -0.116481, 0.983676)
35.14353, (3.252948, -1.557735, 4.526057), (0.106167, 0.106521, -0.115194, 0.981892)
35.15737, (3.286376, -1.553539, 4.535491), (0.112948, 0.115210, -0.113145, 0.980392)
35.17134, (3.316257, -1.547279, 4.548023), (0.119422, 0.124713, -0.110357, 0.978778)
35.186, (3.345642, -1.539913, 4.557525), (0.123648, 0.135178, -0.107426, 0.977189)
35.19923, (3.371105, -1.532190, 4.563605), (0.124335, 0.145725, -0.104696, 0.975881)
35.21318, (3.394150, -1.532041, 4.568124), (0.123908, 0.156305, -0.102803, 0.974498)
35.22716, (3.414468, -1.529440, 4.571394), (0.124004, 0.166986, -0.101092, 0.972892)
35.24099, (3.435111, -1.524700, 4.574726), (0.126325, 0.177002, -0.097377, 0.971200)
35.25503, (3.450241, -1.523465, 4.574215), (0.127501, 0.187255, -0.092887, 0.969562)
35.26894, (3.460346, -1.516904, 4.572772), (0.127603, 0.195994, -0.089195, 0.968167)
35.28287, (3.464271, -1.516305, 4.573100), (0.127369, 0.204698, -0.085364, 0.966741)
35.29673, (3.464210, -1.518209, 4.569009), (0.127838, 0.211653, -0.082104, 0.965463)
35.31059, (3.459935, -1.527704, 4.559031), (0.129711, 0.216497, -0.078863, 0.964409)
35.3247, (3.454398, -1.529882, 4.544227), (0.136254, 0.220391, -0.074599, 0.962963)
35.33926, (3.448413, -1.537278, 4.528336), (0.143520, 0.224165, -0.069770, 0.961397)
35.35288, (3.439168, -1.539665, 4.512889), (0.151394, 0.228663, -0.065431, 0.959433)
35.36652, (3.428628, -1.544710, 4.497518), (0.152834, 0.233128, -0.062490, 0.958326)
35.38025, (3.420275, -1.547233, 4.491512), (0.150672, 0.238039, -0.062694, 0.957447)
35.39423, (3.407710, -1.551621, 4.478147), (0.147342, 0.244321, -0.061506, 0.956460)
35.40824, (3.391618, -1.551479, 4.458765), (0.145507, 0.248558, -0.059904, 0.955750)
35.42219, (3.372357, -1.556458, 4.433504), (0.143938, 0.252334, -0.056449, 0.955208)
35.436, (3.355108, -1.558576, 4.410489), (0.143165, 0.256421, -0.052402, 0.954467)
35.4502, (3.337133, -1.562288, 4.383993), (0.142764, 0.260517, -0.047803, 0.953658)
35.46394, (3.316880, -1.572280, 4.354136), (0.142941, 0.264116, -0.043228, 0.952860)
35.47794, (3.295462, -1.583409, 4.321900), (0.144572, 0.268310, -0.040521, 0.951560)
35.49175, (3.264674, -1.595200, 4.285053), (0.147631, 0.271314, -0.038282, 0.950331)
35.50568, (3.236188, -1.603608, 4.244803), (0.151506, 0.272575, -0.037072, 0.949408)
35.51955, (3.208171, -1.612599, 4.206159), (0.153814, 0.274507, -0.035134, 0.948553)
35.53358, (3.187883, -1.621433, 4.164966), (0.154589, 0.274822, -0.032687, 0.948423)
35.54752, (3.166573, -1.631203, 4.125958), (0.153318, 0.277171, -0.029973, 0.948036)
35.56147, (3.145123, -1.633387, 4.085546), (0.152399, 0.279620, -0.027827, 0.947530)
35.57532, (3.119517, -1.639283, 4.041876), (0.150328, 0.283074, -0.025836, 0.946891)
35.58929, (3.099720, -1.642139, 3.996162), (0.148203, 0.285056, -0.023614, 0.946690)
35.60379, (3.083346, -1.650401, 3.950335), (0.145486, 0.287456, -0.019737, 0.946474)
35.61726, (3.070202, -1.656426, 3.908681), (0.143287, 0.288732, -0.013591, 0.946530)
35.63103, (3.055060, -1.665207, 3.865695), (0.140161, 0.289645, -0.009913, 0.946764)
35.6451, (3.035199, -1.673460, 3.822865), (0.137441, 0.291434, -0.007248, 0.946638)
35.6589, (3.019960, -1.686367, 3.777574), (0.133438, 0.291554, -0.007807, 0.947169)
35.67284, (3.005459, -1.693707, 3.735918), (0.132441, 0.291922, -0.009241, 0.947183)
35.68673, (2.993709, -1.705095, 3.690184), (0.130383, 0.291496, -0.009099, 0.947601)
35.70068, (2.988370, -1.714747, 3.651719), (0.130835, 0.288852, -0.010080, 0.948338)
35.71462, (2.983523, -1.725827, 3.611071), (0.132326, 0.285799, -0.010856, 0.949047)
35.72852, (2.978500, -1.738110, 3.573625), (0.133189, 0.282502, -0.011607, 0.949905)
35.74242, (2.976313, -1.750561, 3.538015), (0.133604, 0.278760, -0.013077, 0.950932)
35.75684, (2.980188, -1.758124, 3.504843), (0.134540, 0.273137, -0.016974, 0.952369)
35.77023, (2.985668, -1.765486, 3.473958), (0.134125, 0.268086, -0.019752, 0.953808)
35.78404, (2.996469, -1.771806, 3.447480), (0.133291, 0.262187, -0.023250, 0.955485)
35.79794, (3.009322, -1.775745, 3.425150), (0.132735, 0.256431, -0.027220, 0.957018)
35.81195, (3.027824, -1.780874, 3.405339), (0.132334, 0.249402, -0.032220, 0.958774)
35.8258, (3.044297, -1.787912, 3.385167), (0.131890, 0.242700, -0.037524, 0.960361)
35.83992, (3.066107, -1.790798, 3.370884), (0.133779, 0.234569, -0.042863, 0.961896)
35.85389, (3.085190, -1.795498, 3.358198), (0.135188, 0.225053, -0.047385, 0.963758)
35.86763, (3.110056, -1.797671, 3.354884), (0.136601, 0.212859, -0.051184, 0.966132)
35.88183, (3.137059, -1.802295, 3.356999), (0.136852, 0.198450, -0.054436, 0.968982)
35.89551, (3.162101, -1.806232, 3.352205), (0.136473, 0.185668, -0.058332, 0.971339)
35.90981, (3.182694, -1.809628, 3.358207), (0.134753, 0.168323, -0.061032, 0.974569)
35.92304, (3.207450, -1.810552, 3.362353), (0.134820, 0.149994, -0.063429, 0.977396)
35.93694, (3.237195, -1.810436, 3.366892), (0.134780, 0.128624, -0.064401, 0.980379)
35.95083, (3.262569, -1.814227, 3.369748), (0.134475, 0.111511, -0.066068, 0.982404)
35.96463, (3.290938, -1.816889, 3.372572), (0.134614, 0.095602, -0.068720, 0.983879)
35.97848, (3.332809, -1.824512, 3.382279), (0.127822, 0.076630, -0.069850, 0.986362)
35.99233, (3.370810, -1.822753, 3.387220), (0.124902, 0.061003, -0.073944, 0.987528)
36.00621, (3.418408, -1.814977, 3.390746), (0.117881, 0.049297, -0.079459, 0.988615)
36.02005, (3.472326, -1.814591, 3.398525), (0.114042, 0.037600, -0.083760, 0.989224)
36.03397, (3.518619, -1.814634, 3.406325), (0.111339, 0.027264, -0.084860, 0.989777)
36.04781, (3.570273, -1.811987, 3.412188), (0.110946, 0.017725, -0.086200, 0.989922)
36.06214, (3.618859, -1.810173, 3.418488), (0.109277, 0.007145, -0.087668, 0.990112)
36.0754, (3.674500, -1.805909, 3.435934), (0.106008, -0.003656, -0.088930, 0.990374)
36.08924, (3.732809, -1.798790, 3.458140), (0.102174, -0.012602, -0.089841, 0.990621)
36.10321, (3.792337, -1.792752, 3.482291), (0.096037, -0.018847, -0.090330, 0.991091)
36.11708, (3.848426, -1.781529, 3.507764), (0.091208, -0.024134, -0.090652, 0.991404)
36.13084, (3.905019, -1.773161, 3.532380), (0.087651, -0.030443, -0.091742, 0.991450)
36.14479, (3.964488, -1.762464, 3.556152), (0.087885, -0.036154, -0.090473, 0.991355)
36.15852, (4.023492, -1.754321, 3.584542), (0.087802, -0.042286, -0.088687, 0.991281)
36.17245, (4.081076, -1.756217, 3.617196), (0.085232, -0.045980, -0.088491, 0.991358)
36.18635, (4.134644, -1.753941, 3.649533), (0.082142, -0.048633, -0.089457, 0.991406)
36.20018, (4.184885, -1.744506, 3.680751), (0.081798, -0.049141, -0.090303, 0.991332)
36.21421, (4.236541, -1.743133, 3.705884), (0.081675, -0.052575, -0.091143, 0.991089)
36.22836, (4.286108, -1.747978, 3.738645), (0.084291, -0.056058, -0.089630, 0.990817)
36.242, (4.334942, -1.749593, 3.769214), (0.087863, -0.059283, -0.088652, 0.990407)
36.25585, (4.380924, -1.753075, 3.799389), (0.091123, -0.062818, -0.085990, 0.990129)
36.26965, (4.425811, -1.755736, 3.824425), (0.094176, -0.065981, -0.083849, 0.989822)
36.28358, (4.472057, -1.753023, 3.851623), (0.096141, -0.069549, -0.082178, 0.989529)
36.2979, (4.509530, -1.749738, 3.882616), (0.094664, -0.073221, -0.082104, 0.989412)
36.31111, (4.550842, -1.743728, 3.918113), (0.092867, -0.078817, -0.083615, 0.989026)
36.32504, (4.586016, -1.739571, 3.942191), (0.089491, -0.083027, -0.085444, 0.988836)
36.3388, (4.623263, -1.738843, 3.966405), (0.085971, -0.086771, -0.086184, 0.988763)
36.35269, (4.659077, -1.744863, 3.988786), (0.082100, -0.089410, -0.085858, 0.988885)
36.3667, (4.693618, -1.749610, 4.012474), (0.080998, -0.091156, -0.085622, 0.988837)
36.38038, (4.723026, -1.761197, 4.028469), (0.081176, -0.090517, -0.086573, 0.988798)
36.39427, (4.761178, -1.768402, 4.046860), (0.081611, -0.092225, -0.086424, 0.988618)
36.40817, (4.781594, -1.774414, 4.054256), (0.084512, -0.088637, -0.089712, 0.988409)
36.42207, (4.810698, -1.777910, 4.067606), (0.085833, -0.089507, -0.091105, 0.988090)
36.43601, (4.830875, -1.792682, 4.073171), (0.087826, -0.087556, -0.093989, 0.987819)
36.45037, (4.852394, -1.804550, 4.080532), (0.087345, -0.086950, -0.093621, 0.987950)
36.46377, (4.872609, -1.815345, 4.090517), (0.087171, -0.085977, -0.093035, 0.988106)
36.47765, (4.890021, -1.816236, 4.093233), (0.088408, -0.085334, -0.093529, 0.988005)
36.49147, (4.900082, -1.817120, 4.092309), (0.087742, -0.084625, -0.096326, 0.987857)
36.50546, (4.902586, -1.809695, 4.083664), (0.085941, -0.082993, -0.099652, 0.987824)
36.51923, (4.910668, -1.806991, 4.083487), (0.083798, -0.082011, -0.099448, 0.988110)
36.53307, (4.911162, -1.795112, 4.076323), (0.080828, -0.081070, -0.099733, 0.988407)
36.54695, (4.908109, -1.782662, 4.065194), (0.078143, -0.080404, -0.100487, 0.988601)
36.56099, (4.899888, -1.761391, 4.048553), (0.073680, -0.081009, -0.099377, 0.989006)
36.5748, (4.894349, -1.734766, 4.030829), (0.067330, -0.083234, -0.096061, 0.989602)
36.58891, (4.886059, -1.699990, 4.014345), (0.058284, -0.086290, -0.092788, 0.990226)
36.60293, (4.874929, -1.672101, 3.995934), (0.050923, -0.088002, -0.091716, 0.990581)
36.6167, (4.850742, -1.639217, 3.950372), (0.035897, -0.093015, -0.091908, 0.990764)
36.63049, (4.824947, -1.605444, 3.906238), (0.029059, -0.099120, -0.093121, 0.990282)
36.64428, (4.802119, -1.578090, 3.866558), (0.025095, -0.104524, -0.093066, 0.989840)
36.65821, (4.781404, -1.547860, 3.829094), (0.022589, -0.109226, -0.091930, 0.989499)
36.67193, (4.762221, -1.517390, 3.792921), (0.017899, -0.113108, -0.090715, 0.989271)
36.6859, (4.736570, -1.480134, 3.752714), (0.011366, -0.116033, -0.088903, 0.989193)
36.69965, (4.711423, -1.446385, 3.714395), (0.004837, -0.118157, -0.089086, 0.988979)
36.71337, (4.682704, -1.412483, 3.677088), (-0.004245, -0.120124, -0.089304, 0.988725)
36.72747, (4.656085, -1.378448, 3.638198), (-0.011193, -0.122599, -0.088587, 0.988432)
36.74128, (4.628598, -1.344515, 3.598569), (-0.018606, -0.127461, -0.084984, 0.988021)
36.75502, (4.597454, -1.312022, 3.558990), (-0.026284, -0.130639, -0.081950, 0.987688)
36.76878, (4.558476, -1.285553, 3.518233), (-0.035263, -0.135225, -0.078138, 0.987099)
36.7828, (4.522295, -1.255665, 3.475251), (-0.042190, -0.138794, -0.076259, 0.986479)
36.79662, (4.478287, -1.235480, 3.433380), (-0.046107, -0.143786, -0.075986, 0.985610)
36.81062, (4.436482, -1.214643, 3.389373), (-0.050338, -0.148103, -0.074159, 0.984902)
36.82467, (4.384915, -1.209886, 3.341355), (-0.048546, -0.155521, -0.070181, 0.984140)
36.83851, (4.339430, -1.198558, 3.298176), (-0.047240, -0.163464, -0.065713, 0.983224)
36.85233, (4.286360, -1.189997, 3.253995), (-0.045778, -0.170684, -0.061244, 0.982355)
36.86632, (4.241969, -1.176623, 3.213239), (-0.047353, -0.177213, -0.058588, 0.981285)
36.88084, (4.190970, -1.173868, 3.180108), (-0.044808, -0.183357, -0.055061, 0.980480)
36.89442, (4.142049, -1.160117, 3.141047), (-0.045094, -0.188342, -0.051608, 0.979709)
36.90832, (4.090261, -1.151717, 3.104791), (-0.046788, -0.193172, -0.048344, 0.978856)
36.92231, (4.035794, -1.140049, 3.069015), (-0.048951, -0.197786, -0.046077, 0.977938)
36.93617, (3.983418, -1.133163, 3.036251), (-0.051681, -0.202746, -0.044096, 0.976872)
36.95018, (3.927772, -1.134121, 3.010937), (-0.054610, -0.206666, -0.040137, 0.976062)
36.96397, (3.873949, -1.132753, 2.982303), (-0.055872, -0.211189, -0.036413, 0.975168)
36.97787, (3.817863, -1.131694, 2.949356), (-0.056119, -0.214973, -0.032122, 0.974477)
36.99168, (3.759415, -1.132725, 2.917913), (-0.056061, -0.218468, -0.028441, 0.973817)
37.00575, (3.704441, -1.134211, 2.887764), (-0.057312, -0.222850, -0.025550, 0.972831)
37.01978, (3.646458, -1.136752, 2.861949), (-0.056584, -0.226935, -0.021748, 0.972022)
37.03342, (3.585429, -1.141260, 2.833560), (-0.055886, -0.230583, -0.018498, 0.971270)
37.04742, (3.524379, -1.150298, 2.808232), (-0.055136, -0.235129, -0.012191, 0.970323)
37.06137, (3.463539, -1.153145, 2.783322), (-0.054409, -0.239589, -0.006324, 0.969328)
37.07556, (3.401603, -1.154755, 2.758553), (-0.052935, -0.243818, -0.000979, 0.968375)
37.08973, (3.339994, -1.158143, 2.733516), (-0.052391, -0.248727, 0.003537, 0.967149)
37.10357, (3.274475, -1.162372, 2.712053), (-0.051614, -0.253640, 0.006890, 0.965896)
37.11728, (3.208431, -1.165707, 2.685677), (-0.051193, -0.257677, 0.011179, 0.964809)
37.13125, (3.142066, -1.171565, 2.662888), (-0.050445, -0.263310, 0.016720, 0.963246)
37.14529, (3.075426, -1.175822, 2.640641), (-0.048615, -0.268157, 0.022664, 0.961881)
37.15945, (3.011275, -1.182537, 2.619444), (-0.047351, -0.272771, 0.027634, 0.960516)
37.17323, (2.946759, -1.189227, 2.599939), (-0.046955, -0.276451, 0.032025, 0.959346)
37.18703, (2.882959, -1.192558, 2.580280), (-0.046016, -0.281055, 0.036439, 0.957895)
37.20102, (2.818830, -1.200691, 2.559658), (-0.045482, -0.283678, 0.038092, 0.957083)
37.21479, (2.759377, -1.209047, 2.544259), (-0.044695, -0.287307, 0.040064, 0.955956)
37.22878, (2.696439, -1.222198, 2.524467), (-0.045039, -0.289985, 0.043326, 0.954989)
37.24266, (2.632875, -1.230171, 2.504438), (-0.044485, -0.293804, 0.046985, 0.953673)
37.25662, (2.581818, -1.249073, 2.491324), (-0.043600, -0.296784, 0.051078, 0.952581)
37.27046, (2.521397, -1.262044, 2.470946), (-0.042662, -0.299577, 0.054810, 0.951541)
37.28453, (2.466716, -1.273477, 2.455651), (-0.040664, -0.303831, 0.057981, 0.950090)
37.29868, (2.414467, -1.284281, 2.438401), (-0.038047, -0.308207, 0.059473, 0.948696)
37.3124, (2.361044, -1.294003, 2.420892), (-0.036247, -0.312239, 0.061777, 0.947300)
37.32638, (2.308607, -1.302981, 2.404164), (-0.034185, -0.316054, 0.064663, 0.945918)
37.34029, (2.264085, -1.314280, 2.394333), (-0.032167, -0.318952, 0.065497, 0.944958)
37.35419, (2.218894, -1.320616, 2.384952), (-0.030830, -0.321240, 0.067039, 0.944119)
37.36812, (2.170949, -1.323521, 2.376129), (-0.028544, -0.323063, 0.067653, 0.943525)
37.38217, (2.127297, -1.329554, 2.369308), (-0.027812, -0.324635, 0.068074, 0.942977)
37.39598, (2.081378, -1.332529, 2.361609), (-0.025680, -0.324919, 0.069599, 0.942828)
37.40994, (2.035113, -1.336224, 2.353745), (-0.024515, -0.325384, 0.072197, 0.942503)
37.4239, (1.994289, -1.342226, 2.351388), (-0.023956, -0.326550, 0.074449, 0.941939)
37.43785, (1.950698, -1.348510, 2.349929), (-0.023596, -0.326769, 0.076908, 0.941674)
37.45253, (1.909822, -1.356088, 2.348857), (-0.022963, -0.327717, 0.079250, 0.941166)
37.46569, (1.868880, -1.362715, 2.349472), (-0.021439, -0.328543, 0.081297, 0.940740)
37.47987, (1.828744, -1.367602, 2.350733), (-0.019570, -0.329761, 0.084226, 0.940096)
37.49344, (1.789758, -1.375101, 2.353483), (-0.017752, -0.331381, 0.087278, 0.939284)
37.50738, (1.748762, -1.383621, 2.359240), (-0.015650, -0.333185, 0.091052, 0.938324)
37.52122, (1.707629, -1.391268, 2.364793), (-0.013712, -0.334835, 0.093815, 0.937495)
37.53516, (1.668890, -1.401309, 2.371708), (-0.011799, -0.336083, 0.095398, 0.936914)
37.54906, (1.633388, -1.409450, 2.385502), (-0.010162, -0.337204, 0.096127, 0.936456)
37.563, (1.599512, -1.417893, 2.399084), (-0.009690, -0.337809, 0.098141, 0.936034)
37.57708, (1.565390, -1.427010, 2.414591), (-0.009155, -0.338236, 0.100940, 0.935587)
37.59097, (1.531425, -1.436403, 2.430871), (-0.007397, -0.338024, 0.103859, 0.935360)
37.60514, (1.500052, -1.446735, 2.449845), (-0.004568, -0.337226, 0.106211, 0.935402)
37.61871, (1.466914, -1.455417, 2.465148), (-0.002265, -0.337411, 0.108065, 0.935132)
37.63268, (1.440675, -1.466749, 2.490958), (0.001669, -0.335384, 0.107583, 0.935917)
37.64648, (1.408954, -1.476029, 2.516431), (0.004869, -0.333964, 0.108605, 0.936296)
37.66032, (1.379017, -1.486697, 2.542473), (0.007421, -0.333137, 0.109611, 0.936456)
37.6742, (1.350880, -1.498593, 2.568582), (0.009798, -0.332319, 0.110615, 0.936607)
37.68813, (1.321045, -1.508417, 2.596525), (0.013301, -0.330800, 0.111611, 0.936983)
37.70218, (1.292780, -1.519029, 2.627203), (0.017277, -0.329676, 0.112942, 0.937155)
37.71601, (1.262985, -1.527940, 2.656615), (0.020713, -0.329302, 0.113715, 0.937123)
37.72994, (1.232284, -1.536586, 2.686809), (0.023225, -0.329352, 0.113982, 0.937014)
37.74387, (1.203290, -1.544524, 2.718278), (0.026078, -0.329955, 0.114447, 0.936670)
37.7581, (1.179667, -1.556225, 2.749427), (0.028375, -0.330586, 0.115162, 0.936294)
37.77156, (1.153201, -1.567910, 2.781549), (0.031701, -0.330240, 0.116166, 0.936185)
37.78545, (1.126533, -1.580971, 2.811142), (0.034685, -0.329702, 0.117353, 0.936121)
37.79936, (1.102515, -1.593649, 2.840828), (0.037584, -0.329740, 0.118595, 0.935839)
37.8132, (1.081368, -1.600857, 2.867225), (0.042464, -0.330630, 0.119056, 0.935257)
37.82713, (1.057906, -1.609635, 2.894957), (0.045930, -0.331262, 0.119866, 0.934766)
37.84109, (1.043252, -1.607915, 2.922817), (0.048548, -0.332079, 0.120360, 0.934280)
37.85504, (1.025938, -1.611332, 2.953798), (0.049886, -0.332037, 0.121569, 0.934068)
37.86885, (1.010733, -1.613047, 2.983079), (0.050680, -0.330795, 0.122327, 0.934367)
37.8829, (0.997197, -1.613122, 3.011917), (0.050896, -0.329849, 0.122142, 0.934714)
37.89687, (0.983938, -1.612461, 3.040105), (0.051195, -0.329483, 0.121697, 0.934885)
37.9109, (0.967088, -1.614769, 3.069873), (0.052895, -0.329188, 0.122159, 0.934834)
37.92441, (0.950244, -1.617068, 3.099644), (0.054594, -0.328892, 0.122620, 0.934780)
37.93826, (0.933402, -1.619368, 3.129413), (0.056293, -0.328595, 0.123081, 0.934723)
37.95219, (0.926594, -1.614193, 3.155915), (0.056523, -0.328755, 0.121717, 0.934832)
37.96617, (0.959587, -1.594145, 3.165640), (0.053846, -0.326998, 0.117746, 0.936114)
37.9803, (0.958989, -1.588123, 3.190006), (0.053756, -0.325712, 0.115783, 0.936812)
37.99429, (0.961335, -1.584774, 3.214638), (0.053207, -0.325242, 0.113386, 0.937300)
38.00787, (0.964811, -1.579469, 3.235906), (0.052828, -0.324687, 0.111436, 0.937747)
38.02194, (0.970353, -1.573188, 3.255880), (0.052933, -0.324027, 0.109587, 0.938188)
38.03547, (0.976553, -1.569315, 3.277617), (0.052858, -0.323451, 0.107681, 0.938611)
38.0493, (0.979622, -1.565171, 3.300004), (0.053112, -0.322623, 0.106304, 0.939038)
38.06305, (0.982263, -1.560630, 3.323106), (0.053335, -0.321971, 0.104905, 0.939407)
38.07677, (0.984905, -1.556087, 3.346207), (0.053557, -0.321318, 0.103507, 0.939773)
38.09081, (0.995182, -1.551811, 3.366263), (0.053754, -0.320373, 0.102407, 0.940205)
38.10456, (1.015698, -1.551731, 3.375134), (0.052966, -0.320867, 0.100754, 0.940259)
38.1185, (1.029688, -1.551019, 3.393830), (0.053959, -0.320399, 0.099050, 0.940543)
38.13233, (1.041608, -1.549404, 3.413115), (0.054653, -0.320111, 0.097546, 0.940759)
38.14611, (1.053154, -1.548387, 3.432348), (0.054952, -0.319564, 0.095621, 0.941125)
38.16011, (1.068113, -1.548945, 3.446790), (0.055770, -0.318807, 0.094663, 0.941430)
38.17395, (1.085166, -1.549971, 3.463070), (0.057394, -0.318530, 0.093755, 0.941517)
38.18786, (1.100235, -1.550955, 3.479267), (0.058358, -0.317738, 0.092041, 0.941895)
38.20147, (1.113513, -1.550769, 3.497221), (0.059021, -0.317197, 0.090600, 0.942175)
38.21551, (1.126791, -1.550585, 3.515172), (0.059685, -0.316654, 0.089160, 0.942453)
38.22894, (1.140070, -1.550400, 3.533125), (0.060348, -0.316111, 0.087719, 0.942729)
38.24281, (1.166198, -1.545411, 3.532095), (0.061128, -0.314451, 0.085974, 0.943394)
38.25671, (1.185983, -1.545670, 3.545013), (0.061402, -0.314339, 0.085771, 0.943432)
38.27049, (1.204105, -1.546302, 3.556397), (0.062021, -0.313939, 0.085553, 0.943544)
38.28448, (1.223001, -1.546462, 3.564934), (0.062883, -0.313716, 0.084861, 0.943624)
38.29823, (1.242830, -1.546026, 3.574364), (0.064199, -0.313947, 0.083209, 0.943606)
38.31203, (1.263529, -1.545800, 3.584871), (0.065386, -0.313992, 0.082147, 0.943603)
38.3258, (1.283820, -1.544919, 3.593741), (0.066449, -0.313783, 0.081241, 0.943676)
38.33976, (1.303260, -1.544782, 3.604623), (0.067306, -0.313515, 0.080177, 0.943796)
38.35368, (1.322703, -1.544644, 3.615504), (0.068163, -0.313245, 0.079112, 0.943913)
38.36749, (1.342145, -1.544505, 3.626385), (0.069019, -0.312975, 0.078048, 0.944029)
38.38135, (1.364095, -1.543118, 3.632807), (0.070422, -0.313058, 0.076885, 0.943994)
38.39528, (1.395376, -1.527408, 3.617518), (0.068279, -0.311122, 0.075094, 0.944935)
38.4093, (1.415359, -1.523782, 3.620589), (0.067804, -0.309907, 0.073731, 0.945476)
38.42273, (1.433950, -1.522925, 3.619467), (0.066182, -0.308921, 0.071767, 0.946064)
38.43674, (1.450354, -1.522437, 3.620058), (0.065342, -0.308214, 0.070115, 0.946477)
38.45057, (1.467857, -1.520797, 3.621995), (0.064748, -0.307613, 0.069232, 0.946778)
38.4642, (1.481749, -1.521095, 3.624160), (0.063487, -0.307489, 0.068194, 0.946979)
38.47792, (1.494597, -1.522484, 3.625759), (0.061990, -0.306590, 0.067362, 0.947429)
38.49181, (1.511627, -1.521742, 3.628025), (0.061368, -0.305949, 0.066166, 0.947761)
38.50576, (1.528658, -1.521002, 3.630291), (0.060745, -0.305307, 0.064970, 0.948091)
38.51963, (1.545689, -1.520261, 3.632556), (0.060123, -0.304665, 0.063774, 0.948418)
38.5336, (1.518373, -1.560050, 3.636941), (0.056688, -0.307271, 0.065891, 0.947644)
38.5474, (1.523829, -1.572392, 3.639220), (0.055652, -0.307145, 0.065285, 0.947788)
38.56141, (1.511880, -1.590475, 3.651423), (0.055619, -0.309211, 0.066628, 0.947025)
38.57528, (1.472633, -1.594630, 3.679643), (0.060045, -0.307526, 0.066145, 0.947337)
38.58917, (1.434264, -1.629496, 3.725431), (0.051343, -0.308226, 0.068274, 0.947470)
38.603, (1.417921, -1.649467, 3.749668), (0.049942, -0.308558, 0.070427, 0.947279)
38.61675, (1.389266, -1.676884, 3.784133), (0.050629, -0.309966, 0.075103, 0.946424)
38.63046, (1.375273, -1.694278, 3.804589), (0.049560, -0.310183, 0.076025, 0.946335)
38.64429, (1.361277, -1.711674, 3.825049), (0.048491, -0.310400, 0.076948, 0.946245)
38.65839, (1.347280, -1.729071, 3.845508), (0.047422, -0.310616, 0.077870, 0.946153)
38.67191, (1.299489, -1.747097, 3.947794), (0.059074, -0.308876, 0.083303, 0.945604)
38.68563, (1.274240, -1.761580, 3.984377), (0.062794, -0.305510, 0.079350, 0.946797)
38.69951, (1.251538, -1.770456, 4.021751), (0.067630, -0.304813, 0.079207, 0.946700)
38.71359, (1.229811, -1.785283, 4.057491), (0.069416, -0.304006, 0.079499, 0.946806)
38.72744, (1.207151, -1.776969, 4.087835), (0.079542, -0.302761, 0.083282, 0.946083)
38.74102, (1.185416, -1.777226, 4.120096), (0.084210, -0.300960, 0.086206, 0.945992)
38.75492, (1.165981, -1.770812, 4.150056), (0.088854, -0.298766, 0.087542, 0.946140)
38.76871, (1.143386, -1.772797, 4.180595), (0.091616, -0.297262, 0.089518, 0.946165)
38.78241, (1.121608, -1.776377, 4.213184), (0.095055, -0.295955, 0.090876, 0.946106)
38.79602, (1.099830, -1.779956, 4.245774), (0.098493, -0.294644, 0.092232, 0.946032)
38.81034, (1.078051, -1.783534, 4.278363), (0.101929, -0.293329, 0.093587, 0.945944)
38.82371, (1.056273, -1.787112, 4.310952), (0.105364, -0.292009, 0.094940, 0.945841)
38.83741, (1.055764, -1.699278, 4.314441), (0.096904, -0.291082, 0.090290, 0.947486)
38.85123, (1.040118, -1.681153, 4.334050), (0.097092, -0.289018, 0.088200, 0.948295)
38.86492, (1.024225, -1.665409, 4.358307), (0.097379, -0.287342, 0.086161, 0.948962)
38.87876, (1.007165, -1.649481, 4.383755), (0.097376, -0.285908, 0.084349, 0.949558)
38.89283, (0.993013, -1.634052, 4.408537), (0.097186, -0.284563, 0.082781, 0.950119)
38.90641, (0.976766, -1.618561, 4.432813), (0.098100, -0.282901, 0.081811, 0.950605)
38.92012, (0.960470, -1.603464, 4.457259), (0.098981, -0.281414, 0.081083, 0.951018)
38.93385, (0.944173, -1.588366, 4.481705), (0.099862, -0.279926, 0.080355, 0.951426)
38.94765, (0.928008, -1.576215, 4.502180), (0.099217, -0.277770, 0.078756, 0.952259)
38.96161, (0.898287, -1.574222, 4.505285), (0.099302, -0.272435, 0.072916, 0.954255)
38.97527, (0.878359, -1.568178, 4.518054), (0.099875, -0.270685, 0.072257, 0.954743)
38.98909, (0.858756, -1.563790, 4.530097), (0.100671, -0.270479, 0.071895, 0.954745)
39.00283, (0.838906, -1.557292, 4.543842), (0.101757, -0.269689, 0.071758, 0.954863)
39.01667, (0.819150, -1.554415, 4.554227), (0.101784, -0.268535, 0.071465, 0.955208)
39.03043, (0.797200, -1.553589, 4.560028), (0.102327, -0.267842, 0.070182, 0.955440)
39.04441, (0.777497, -1.549010, 4.566226), (0.103962, -0.266564, 0.068632, 0.955733)
39.0583, (0.759181, -1.547110, 4.565595), (0.107006, -0.265535, 0.067290, 0.955779)
39.07178, (0.739843, -1.543481, 4.572219), (0.108451, -0.264242, 0.066324, 0.956042)
39.08549, (0.720121, -1.539190, 4.579993), (0.109676, -0.262973, 0.065238, 0.956327)
39.09925, (0.700399, -1.534899, 4.587765), (0.110901, -0.261702, 0.064152, 0.956607)
39.11314, (0.691695, -1.532815, 4.566813), (0.108966, -0.259053, 0.067742, 0.957303)
39.12691, (0.674003, -1.527021, 4.564493), (0.107989, -0.255742, 0.065845, 0.958436)
39.14069, (0.656449, -1.521574, 4.560745), (0.107075, -0.252691, 0.063792, 0.959486)
39.15449, (0.639318, -1.515527, 4.555236), (0.105873, -0.249673, 0.062668, 0.960483)
39.16837, (0.621420, -1.509763, 4.549235), (0.105470, -0.247117, 0.061918, 0.961237)
39.18248, (0.604237, -1.502099, 4.542531), (0.105435, -0.245042, 0.061974, 0.961768)
39.19624, (0.586218, -1.495134, 4.534688), (0.104911, -0.244004, 0.061911, 0.962093)
39.20969, (0.567629, -1.490115, 4.527456), (0.104553, -0.241610, 0.061122, 0.962786)
39.22374, (0.549687, -1.484159, 4.522064), (0.104331, -0.239502, 0.060451, 0.963379)
39.23748, (0.531747, -1.478206, 4.516673), (0.104109, -0.237393, 0.059780, 0.963967)
39.2512, (0.513515, -1.472206, 4.504883), (0.104223, -0.235549, 0.059636, 0.964416)
39.26544, (0.480766, -1.464391, 4.501842), (0.104237, -0.234697, 0.057082, 0.964777)
39.27882, (0.460058, -1.458087, 4.496104), (0.104083, -0.232791, 0.056140, 0.965310)
39.29257, (0.431971, -1.454581, 4.495073), (0.103235, -0.231033, 0.053822, 0.965955)
39.30643, (0.400216, -1.453010, 4.487404), (0.102724, -0.229448, 0.051262, 0.966527)
39.32026, (0.374115, -1.455418, 4.475627), (0.101317, -0.228702, 0.051156, 0.966857)
39.33388, (0.348960, -1.462548, 4.462357), (0.100463, -0.227480, 0.051516, 0.967216)
39.34792, (0.325538, -1.473343, 4.450548), (0.099240, -0.225807, 0.052945, 0.967657)
39.36173, (0.299306, -1.484151, 4.435169), (0.098209, -0.223615, 0.054112, 0.968206)
39.37557, (0.273820, -1.491854, 4.423159), (0.097822, -0.221847, 0.053910, 0.968663)
39.3895, (0.248528, -1.496835, 4.412302), (0.097149, -0.220145, 0.053721, 0.969130)
39.40376, (0.223236, -1.501818, 4.401445), (0.096476, -0.218443, 0.053531, 0.969593)
39.41739, (0.213651, -1.562870, 4.332045), (0.104517, -0.214478, 0.058338, 0.969367)
39.43112, (0.195788, -1.584637, 4.296091), (0.108274, -0.211598, 0.058980, 0.969549)
39.44505, (0.182663, -1.603174, 4.256273), (0.114247, -0.207916, 0.059176, 0.969648)
39.45901, (0.166109, -1.614298, 4.218263), (0.119172, -0.203220, 0.058011, 0.970121)
39.47284, (0.149630, -1.627023, 4.181827), (0.122002, -0.199176, 0.057070, 0.970663)
39.48682, (0.136938, -1.629376, 4.134794), (0.124394, -0.192897, 0.053086, 0.971853)
39.50082, (0.123916, -1.633179, 4.088458), (0.123835, -0.188739, 0.050991, 0.972853)
39.51472, (0.107843, -1.645765, 4.046560), (0.123926, -0.184538, 0.049933, 0.973702)
39.52855, (0.092008, -1.656600, 4.007232), (0.125644, -0.180752, 0.048992, 0.974239)
39.54246, (0.076174, -1.667434, 3.967904), (0.127360, -0.176964, 0.048050, 0.974759)
39.55649, (0.059197, -1.626799, 3.894739), (0.116821, -0.173459, 0.041465, 0.977009)
39.57101, (0.040058, -1.621146, 3.848970), (0.113330, -0.171249, 0.037817, 0.977957)
39.58463, (0.019087, -1.618495, 3.802221), (0.110100, -0.169036, 0.034203, 0.978844)
39.59823, (-0.006637, -1.617404, 3.752546), (0.107422, -0.167324, 0.031125, 0.979538)
39.61238, (-0.033169, -1.621584, 3.697014), (0.104696, -0.167519, 0.028281, 0.979886)
39.62592, (-0.064291, -1.621161, 3.638883), (0.103973, -0.167925, 0.027320, 0.979921)
39.63968, (-0.091072, -1.619867, 3.586542), (0.103747, -0.169848, 0.028013, 0.979594)
39.65361, (-0.119345, -1.617866, 3.537490), (0.104031, -0.171174, 0.028795, 0.979310)
39.66749, (-0.151067, -1.613619, 3.490904), (0.103612, -0.172491, 0.028827, 0.979122)
39.68142, (-0.180624, -1.610599, 3.441394), (0.102739, -0.172751, 0.027517, 0.979206)
39.6954, (-0.208398, -1.608397, 3.391272), (0.101866, -0.172420, 0.026401, 0.979386)
39.70929, (-0.236170, -1.606195, 3.341153), (0.100994, -0.172087, 0.025286, 0.979565)
39.72325, (-0.263943, -1.603993, 3.291037), (0.100121, -0.171755, 0.024170, 0.979741)
39.73711, (-0.312006, -1.601640, 3.247085), (0.104440, -0.176298, 0.024326, 0.978478)
39.75117, (-0.346236, -1.598841, 3.201469), (0.103504, -0.176699, 0.025253, 0.978482)
39.765, (-0.380378, -1.596693, 3.152365), (0.102574, -0.176193, 0.025055, 0.978676)
39.77892, (-0.416394, -1.595528, 3.106191), (0.102737, -0.175819, 0.023757, 0.978759)
39.79292, (-0.450697, -1.595597, 3.058330), (0.103742, -0.175297, 0.023258, 0.978758)
39.80678, (-0.482102, -1.594235, 3.014801), (0.103730, -0.175416, 0.023571, 0.978731)
39.82066, (-0.514823, -1.591690, 2.972083), (0.102940, -0.175329, 0.023941, 0.978821)
39.83459, (-0.547870, -1.590235, 2.926220), (0.102730, -0.175307, 0.023640, 0.978854)
39.84841, (-0.580922, -1.588781, 2.880354), (0.102519, -0.175286, 0.023340, 0.978887)
39.86245, (-0.616779, -1.583009, 2.868741), (0.089901, -0.168402, 0.017908, 0.981447)
39.87675, (-0.649405, -1.581658, 2.833388), (0.086704, -0.166009, 0.017102, 0.982156)
39.89029, (-0.685792, -1.580389, 2.800372), (0.084215, -0.163770, 0.017761, 0.982737)
39.90408, (-0.718679, -1.582868, 2.768675), (0.081610, -0.162928, 0.017265, 0.983106)
39.91811, (-0.755335, -1.586212, 2.736745), (0.078625, -0.161290, 0.017869, 0.983608)
39.93192, (-0.792418, -1.590617, 2.708296), (0.076388, -0.160105, 0.018225, 0.983971)
39.94583, (-0.828419, -1.594677, 2.676996), (0.073977, -0.158952, 0.019022, 0.984327)
39.95971, (-0.863068, -1.597850, 2.647138), (0.071791, -0.158012, 0.019527, 0.984630)
39.97359, (-0.894609, -1.607825, 2.622511), (0.071084, -0.158402, 0.023029, 0.984543)
39.98739, (-0.928989, -1.612056, 2.592246), (0.068988, -0.157418, 0.023590, 0.984837)
40.00124, (-0.963371, -1.616291, 2.561981), (0.066890, -0.156434, 0.024151, 0.985125)
40.01517, (-0.997756, -1.620526, 2.531715), (0.064793, -0.155449, 0.024713, 0.985407)
40.02969, (-1.037273, -1.628406, 2.527558), (0.068842, -0.157326, 0.027676, 0.984756)
40.04329, (-1.075509, -1.631819, 2.502650), (0.071350, -0.153716, 0.024770, 0.985224)
40.05694, (-1.113542, -1.640048, 2.479776), (0.071268, -0.150939, 0.025860, 0.985632)
40.07104, (-1.152911, -1.643170, 2.459117), (0.072033, -0.148761, 0.027851, 0.985853)
40.08499, (-1.190792, -1.645623, 2.439784), (0.071550, -0.147363, 0.029343, 0.986055)
40.09884, (-1.232787, -1.644608, 2.425161), (0.069715, -0.146247, 0.031271, 0.986293)
40.11288, (-1.272340, -1.645311, 2.408731), (0.068204, -0.144520, 0.032472, 0.986614)
40.12622, (-1.311178, -1.647964, 2.388883), (0.067478, -0.142997, 0.033486, 0.986852)
40.14008, (-1.350017, -1.650616, 2.369036), (0.066752, -0.141474, 0.034500, 0.987086)
40.154, (-1.391724, -1.641697, 2.381456), (0.058414, -0.136065, 0.033340, 0.988414)
40.16835, (-1.436003, -1.641148, 2.375747), (0.058111, -0.132010, 0.033793, 0.988967)
40.1818, (-1.478059, -1.644859, 2.366925), (0.057717, -0.129491, 0.034151, 0.989310)
40.19571, (-1.521335, -1.642985, 2.360030), (0.059074, -0.127004, 0.034964, 0.989524)
40.20946, (-1.568542, -1.644522, 2.351169), (0.059729, -0.124347, 0.036712, 0.989759)
40.22348, (-1.611533, -1.644255, 2.346162), (0.058985, -0.123165, 0.036760, 0.989950)
40.23727, (-1.657305, -1.642710, 2.343451), (0.058364, -0.121569, 0.037599, 0.990152)
40.2512, (-1.701081, -1.642591, 2.336267), (0.057754, -0.119408, 0.038291, 0.990424)
40.26507, (-1.744859, -1.642470, 2.329086), (0.057144, -0.117248, 0.038983, 0.990691)
40.27904, (-1.792529, -1.645373, 2.342846), (0.054821, -0.113141, 0.039834, 0.991265)
40.29285, (-1.844743, -1.645137, 2.336626), (0.053303, -0.110771, 0.040841, 0.991575)
40.30674, (-1.895886, -1.648315, 2.333200), (0.051165, -0.109989, 0.040598, 0.991784)
40.32098, (-1.947429, -1.655518, 2.328854), (0.048984, -0.109541, 0.041234, 0.991918)
40.33454, (-1.998736, -1.664174, 2.324804), (0.047751, -0.108607, 0.041891, 0.992053)
40.34847, (-2.047373, -1.669058, 2.322773), (0.047389, -0.107108, 0.042327, 0.992215)
40.36239, (-2.097641, -1.676373, 2.320064), (0.045645, -0.104885, 0.042432, 0.992530)
40.3761, (-2.147355, -1.681463, 2.316707), (0.044386, -0.103122, 0.042922, 0.992750)
40.39009, (-2.197066, -1.686552, 2.313350), (0.043127, -0.101359, 0.043413, 0.992966)
40.4039, (-2.246783, -1.691643, 2.309993), (0.041867, -0.099595, 0.043903, 0.993177)
40.41779, (-2.306428, -1.715244, 2.310375), (0.042242, -0.099349, 0.044434, 0.993162)
40.43167, (-2.359697, -1.726421, 2.308620), (0.041779, -0.098730, 0.046089, 0.993168)
40.44571, (-2.412036, -1.735728, 2.308366), (0.040501, -0.098280, 0.047222, 0.993212)
40.45977, (-2.464487, -1.742730, 2.312293), (0.038710, -0.098053, 0.048371, 0.993251)
40.47422, (-2.518228, -1.746796, 2.317066), (0.037813, -0.098395, 0.049794, 0.993181)
40.48752, (-2.569761, -1.752323, 2.323051), (0.036881, -0.099107, 0.051636, 0.993052)
40.50129, (-2.621438, -1.755470, 2.330709), (0.036066, -0.099494, 0.052622, 0.992991)
40.51512, (-2.673559, -1.761261, 2.336912), (0.034920, -0.099625, 0.053025, 0.992997)
40.52888, (-2.725615, -1.767683, 2.340982), (0.033884, -0.099340, 0.054019, 0.993008)
40.5428, (-2.777679, -1.774104, 2.345054), (0.032849, -0.099055, 0.055012, 0.993017)
40.55682, (-2.829738, -1.780525, 2.349125), (0.031814, -0.098769, 0.056005, 0.993024)
40.57039, (-2.868886, -1.772025, 2.400870), (0.031271, -0.095511, 0.058611, 0.993209)
40.58426, (-2.913828, -1.771816, 2.420943), (0.030626, -0.092378, 0.059160, 0.993493)
40.59824, (-2.960349, -1.771816, 2.440733), (0.028999, -0.088042, 0.059600, 0.993909)
40.61242, (-3.008311, -1.772362, 2.464314), (0.026620, -0.082269, 0.060912, 0.994391)
40.62593, (-3.055202, -1.772931, 2.490755), (0.024678, -0.077257, 0.061901, 0.994782)
40.63998, (-3.102924, -1.776147, 2.515320), (0.022504, -0.073339, 0.063038, 0.995058)
40.65371, (-3.148560, -1.776750, 2.541744), (0.021033, -0.070181, 0.064421, 0.995230)
40.66745, (-3.195711, -1.778028, 2.564204), (0.019526, -0.067091, 0.065503, 0.995403)
40.68132, (-3.242865, -1.779306, 2.586667), (0.018020, -0.063999, 0.066585, 0.995563)
40.69519, (-3.290016, -1.780584, 2.609128), (0.016513, -0.060907, 0.067666, 0.995710)
40.70922, (-3.342240, -1.789143, 2.652395), (0.012105, -0.054248, 0.072251, 0.995837)
40.72305, (-3.388343, -1.790780, 2.683821), (0.012860, -0.053999, 0.073232, 0.995769)
40.73687, (-3.436113, -1.798930, 2.711172), (0.013114, -0.052606, 0.073040, 0.995854)
40.75075, (-3.480010, -1.804860, 2.742736), (0.013126, -0.051165, 0.073480, 0.995897)
40.76465, (-3.525849, -1.807575, 2.774187), (0.012568, -0.048826, 0.074484, 0.995947)
40.77882, (-3.565999, -1.818346, 2.811633), (0.010421, -0.046195, 0.075461, 0.996024)
40.79237, (-3.613095, -1.826557, 2.843664), (0.009320, -0.043419, 0.075646, 0.996145)
40.80616, (-3.658674, -1.832750, 2.874744), (0.008215, -0.040865, 0.076515, 0.996197)
40.81998, (-3.704252, -1.838944, 2.905824), (0.007110, -0.038310, 0.077383, 0.996240)
40.83421, (-3.749831, -1.845138, 2.936905), (0.006004, -0.035755, 0.078250, 0.996274)
40.84807, (-3.776472, -1.871536, 2.962462), (0.011626, -0.037163, 0.077840, 0.996205)
40.86198, (-3.808386, -1.888386, 2.991992), (0.011750, -0.035035, 0.080012, 0.996109)
40.87582, (-3.845237, -1.901057, 3.021097), (0.012116, -0.032791, 0.080699, 0.996125)
40.88978, (-3.880429, -1.912410, 3.048730), (0.014125, -0.029687, 0.081381, 0.996141)
40.90383, (-3.910389, -1.925373, 3.078344), (0.016094, -0.026712, 0.082067, 0.996139)
40.91758, (-3.937826, -1.935141, 3.108338), (0.017344, -0.022579, 0.081861, 0.996237)
40.93114, (-3.964208, -1.943917, 3.138619), (0.018129, -0.017385, 0.081835, 0.996329)
40.94483, (-3.994359, -1.954908, 3.169096), (0.018850, -0.014055, 0.081854, 0.996367)
40.95861, (-4.026084, -1.966014, 3.198745), (0.019534, -0.010896, 0.082317, 0.996355)
40.97255, (-4.057807, -1.977119, 3.228393), (0.020219, -0.007737, 0.082779, 0.996333)
40.98643, (-4.065444, -1.985987, 3.266256), (0.020351, 0.003046, 0.083894, 0.996262)
41.00027, (-4.090302, -1.993879, 3.301070), (0.022408, 0.007603, 0.085427, 0.996063)
41.0141, (-4.113963, -2.009097, 3.334275), (0.024111, 0.010106, 0.089036, 0.995685)
41.02803, (-4.133645, -2.019961, 3.369023), (0.025722, 0.013095, 0.090531, 0.995475)
41.04194, (-4.158196, -2.030926, 3.401707), (0.026831, 0.016825, 0.091791, 0.995275)
41.05595, (-4.177918, -2.040926, 3.437850), (0.028291, 0.020445, 0.094399, 0.994922)
41.06995, (-4.195083, -2.047777, 3.474390), (0.028729, 0.022848, 0.095810, 0.994723)
41.08346, (-4.214053, -2.055596, 3.513142), (0.029946, 0.025087, 0.097817, 0.994437)
41.09749, (-4.235701, -2.064912, 3.548234), (0.031000, 0.028373, 0.099346, 0.994165)
41.11129, (-4.257346, -2.074227, 3.583324), (0.032054, 0.031659, 0.100873, 0.993879)
41.12508, (-4.278991, -2.083544, 3.618414), (0.033108, 0.034944, 0.102400, 0.993578)
41.13892, (-4.283249, -2.101095, 3.665765), (0.031516, 0.033607, 0.106746, 0.993218)
41.15282, (-4.300237, -2.111477, 3.707388), (0.033181, 0.034475, 0.110272, 0.992749)
41.16674, (-4.315998, -2.124981, 3.749053), (0.035164, 0.035225, 0.113452, 0.992296)
41.1806, (-4.332850, -2.140071, 3.790487), (0.037174, 0.035926, 0.115666, 0.991942)
41.19481, (-4.347940, -2.155261, 3.828628), (0.039178, 0.036376, 0.116703, 0.991727)
41.20852, (-4.361976, -2.168639, 3.867220), (0.041629, 0.036912, 0.117760, 0.991482)
41.22272, (-4.372265, -2.181693, 3.908100), (0.044359, 0.037240, 0.118799, 0.991228)
41.23602, (-4.386792, -2.195594, 3.948655), (0.046467, 0.038826, 0.120238, 0.990897)
41.24982, (-4.401483, -2.208761, 3.988845), (0.048286, 0.040094, 0.121974, 0.990547)
41.26369, (-4.402755, -2.222779, 4.039391), (0.049590, 0.041104, 0.123900, 0.990202)
41.27757, (-4.427472, -2.245502, 4.125608), (0.052485, 0.043258, 0.127754, 0.989471)
41.29148, (-4.437778, -2.253700, 4.175011), (0.052797, 0.042641, 0.128428, 0.989394)
41.30561, (-4.444456, -2.267981, 4.219756), (0.052509, 0.042527, 0.129626, 0.989258)
41.31944, (-4.452525, -2.283103, 4.265595), (0.054111, 0.042985, 0.131580, 0.988894)
41.33342, (-4.457461, -2.302297, 4.309144), (0.056402, 0.043483, 0.134055, 0.988412)
41.34747, (-4.463919, -2.320571, 4.354482), (0.059625, 0.044077, 0.135484, 0.988001)
41.36119, (-4.470331, -2.338328, 4.398331), (0.063185, 0.044898, 0.136545, 0.987597)
41.37549, (-4.477565, -2.354982, 4.442090), (0.066324, 0.045732, 0.137745, 0.987186)
41.3888, (-4.485590, -2.370789, 4.486814), (0.068435, 0.046452, 0.139293, 0.986791)
41.40277, (-4.493613, -2.386595, 4.531536), (0.070546, 0.047170, 0.140840, 0.986389)
41.41668, (-4.497936, -2.402384, 4.570703), (0.075319, 0.048930, 0.137569, 0.986412)
41.43056, (-4.503391, -2.415938, 4.609723), (0.078647, 0.051910, 0.137908, 0.985952)
41.44428, (-4.509459, -2.436361, 4.649492), (0.081432, 0.054462, 0.139809, 0.985320)
41.45839, (-4.516000, -2.455297, 4.690714), (0.084380, 0.056440, 0.142081, 0.984636)
41.47206, (-4.524137, -2.472236, 4.728653), (0.087401, 0.058150, 0.143502, 0.984067)
41.48592, (-4.532258, -2.483351, 4.766244), (0.090531, 0.060469, 0.145461, 0.983356)
41.4998, (-4.540632, -2.495024, 4.798360), (0.091740, 0.063168, 0.148076, 0.982684)
41.51429, (-4.547348, -2.509143, 4.831731), (0.091875, 0.065333, 0.149853, 0.982260)
41.52757, (-4.551960, -2.522941, 4.865982), (0.093572, 0.067224, 0.152068, 0.981632)
41.54145, (-4.561601, -2.539977, 4.894915), (0.095514, 0.070239, 0.155574, 0.980684)
41.55545, (-4.567344, -2.553705, 4.922756), (0.098217, 0.072054, 0.158490, 0.979818)
41.5693, (-4.573979, -2.568541, 4.957438), (0.100393, 0.074035, 0.160559, 0.979112)
41.58318, (-4.580613, -2.583375, 4.992117), (0.102567, 0.076015, 0.162626, 0.978394)
41.59711, (-4.584522, -2.591499, 5.017977), (0.105433, 0.078287, 0.165446, 0.977437)
41.61111, (-4.579218, -2.585350, 5.026484), (0.100622, 0.086620, 0.168722, 0.976681)
41.62499, (-4.580377, -2.594604, 5.047202), (0.099114, 0.090582, 0.168993, 0.976429)
41.63889, (-4.582441, -2.599041, 5.067036), (0.098396, 0.094095, 0.169960, 0.976001)
41.65281, (-4.584519, -2.608826, 5.082321), (0.097435, 0.097830, 0.171926, 0.975386)
41.66661, (-4.584498, -2.613289, 5.101246), (0.098316, 0.101312, 0.174882, 0.974416)
41.68065, (-4.584909, -2.621078, 5.115911), (0.098199, 0.104465, 0.178216, 0.973490)
41.69445, (-4.588034, -2.628678, 5.132811), (0.097761, 0.107479, 0.181991, 0.972507)
41.70874, (-4.584873, -2.634059, 5.150150), (0.098207, 0.109971, 0.183957, 0.971814)
41.72222, (-4.585207, -2.641540, 5.164464), (0.098082, 0.112692, 0.185020, 0.971313)
41.73617, (-4.585550, -2.649386, 5.183511), (0.098306, 0.115727, 0.187191, 0.970517)
41.74989, (-4.585893, -2.657223, 5.202532), (0.098528, 0.118756, 0.189356, 0.969708)
41.76384, (-4.579324, -2.652737, 5.196945), (0.101529, 0.115349, 0.190015, 0.969681)
41.77769, (-4.573684, -2.654331, 5.205717), (0.101673, 0.117068, 0.191772, 0.969114)
41.79155, (-4.562306, -2.652377, 5.214697), (0.101755, 0.118230, 0.192132, 0.968893)
41.80593, (-4.553380, -2.647011, 5.220695), (0.101138, 0.120818, 0.192372, 0.968590)
41.81931, (-4.540250, -2.635983, 5.225745), (0.100683, 0.123934, 0.191745, 0.968368)
41.83327, (-4.521288, -2.616504, 5.229506), (0.098403, 0.128677, 0.190962, 0.968139)
41.847, (-4.493358, -2.598327, 5.231386), (0.094094, 0.136219, 0.189931, 0.967738)
41.86099, (-4.464244, -2.584101, 5.236207), (0.090543, 0.146666, 0.190401, 0.966457)
41.87475, (-4.448282, -2.575846, 5.243603), (0.089337, 0.151011, 0.190973, 0.965787)
41.88863, (-4.432318, -2.567588, 5.250998), (0.088130, 0.155353, 0.191542, 0.965096)
41.90252, (-4.416352, -2.559330, 5.258394), (0.086921, 0.159692, 0.192106, 0.964385)
41.9165, (-4.302344, -2.531503, 5.226659), (0.070793, 0.209878, 0.192188, 0.956035)
41.93038, (-4.265422, -2.524791, 5.216203), (0.069125, 0.232377, 0.191128, 0.951153)
41.94415, (-4.228225, -2.514924, 5.209629), (0.068325, 0.248830, 0.192604, 0.946741)
41.95835, (-4.192545, -2.500226, 5.205667), (0.071194, 0.265526, 0.194486, 0.941596)
41.97173, (-4.154501, -2.489802, 5.195523), (0.071785, 0.281062, 0.196819, 0.936543)
41.98556, (-4.114757, -2.484475, 5.185003), (0.071060, 0.297182, 0.200894, 0.930739)
41.99941, (-4.074881, -2.473012, 5.174209), (0.071352, 0.313108, 0.202879, 0.925047)
42.01328, (-4.038612, -2.463943, 5.159137), (0.070838, 0.327907, 0.204788, 0.919522)
42.02702, (-3.996575, -2.452236, 5.141755), (0.069719, 0.343037, 0.204871, 0.914053)
42.041, (-3.958196, -2.442003, 5.131994), (0.068645, 0.356937, 0.205915, 0.908561)
42.05502, (-3.919814, -2.431768, 5.122232), (0.067557, 0.370756, 0.206913, 0.902864)
42.06905, (-3.877862, -2.410941, 5.093510), (0.055967, 0.387616, 0.203520, 0.897330)
42.08428, (-3.851185, -2.407936, 5.072215), (0.056392, 0.400612, 0.203814, 0.891510)
42.09799, (-3.785918, -2.391391, 5.034368), (0.056973, 0.425989, 0.203249, 0.879760)
42.11216, (-3.787048, -2.394694, 5.032176), (0.061537, 0.421238, 0.203295, 0.881727)
42.12525, (-3.754193, -2.388738, 5.013368), (0.062080, 0.431063, 0.203434, 0.876895)
42.13889, (-3.726178, -2.378800, 4.995234), (0.061494, 0.439254, 0.202543, 0.873070)
42.15263, (-3.702826, -2.372168, 4.978880), (0.060330, 0.447561, 0.201078, 0.869263)
42.16652, (-3.673024, -2.362931, 4.960414), (0.059964, 0.458136, 0.201282, 0.863714)
42.18034, (-3.641387, -2.354763, 4.942419), (0.059322, 0.468980, 0.201010, 0.857983)
42.19429, (-3.637638, -2.354434, 4.917205), (0.062387, 0.467935, 0.195956, 0.859504)
42.20817, (-3.623922, -2.352557, 4.898285), (0.066666, 0.467212, 0.194363, 0.859937)
42.2223, (-3.605133, -2.348133, 4.878490), (0.067181, 0.470203, 0.194325, 0.858274)
42.2362, (-3.588794, -2.343063, 4.860510), (0.065982, 0.473210, 0.193096, 0.856991)
42.25021, (-3.578947, -2.331029, 4.845777), (0.062803, 0.474882, 0.190930, 0.856790)
42.26429, (-3.565827, -2.323195, 4.825139), (0.059794, 0.474579, 0.189237, 0.857548)
42.27766, (-3.550711, -2.311587, 4.805230), (0.058773, 0.475489, 0.188096, 0.857366)
42.29145, (-3.533018, -2.308856, 4.784820), (0.056610, 0.478206, 0.187409, 0.856149)
42.30539, (-3.515130, -2.302077, 4.765178), (0.055675, 0.482308, 0.186300, 0.854150)
42.31946, (-3.497241, -2.295297, 4.745535), (0.054738, 0.486399, 0.185186, 0.852131)
42.33334, (-3.505487, -2.285620, 4.733922), (0.050951, 0.479743, 0.181834, 0.856848)
42.34726, (-3.496035, -2.281034, 4.716319), (0.048654, 0.479367, 0.178659, 0.857858)
42.36125, (-3.484333, -2.274905, 4.700465), (0.048147, 0.479604, 0.177212, 0.858055)
42.37509, (-3.471715, -2.269253, 4.683263), (0.047610, 0.479125, 0.175834, 0.858635)
42.38905, (-3.460316, -2.260479, 4.669953), (0.046561, 0.479325, 0.173795, 0.858997)
42.40299, (-3.447867, -2.251453, 4.657890), (0.045221, 0.479472, 0.171869, 0.859374)
42.41683, (-3.436518, -2.240552, 4.648206), (0.042736, 0.478651, 0.169385, 0.860451)
42.4307, (-3.424148, -2.230998, 4.639654), (0.041079, 0.478386, 0.167810, 0.860988)
42.44469, (-3.404924, -2.219679, 4.627452), (0.038803, 0.477049, 0.166864, 0.862018)
42.45856, (-3.386374, -2.209995, 4.620882), (0.036701, 0.476105, 0.166156, 0.862769)
42.4725, (-3.367431, -2.200003, 4.613035), (0.035012, 0.475238, 0.164261, 0.863679)
42.48635, (-3.352570, -2.191088, 4.603026), (0.033313, 0.475199, 0.162949, 0.864016)
42.50084, (-3.337234, -2.181746, 4.591868), (0.031654, 0.475255, 0.161396, 0.864339)
42.51399, (-3.321898, -2.172405, 4.580711), (0.029994, 0.475308, 0.159842, 0.864658)
42.52786, (-3.299616, -2.161802, 4.568714), (0.028148, 0.473431, 0.157889, 0.866107)
42.54182, (-3.242952, -2.163278, 4.564761), (0.027466, 0.468701, 0.150935, 0.869933)
42.55584, (-3.220541, -2.155085, 4.554270), (0.025928, 0.468001, 0.148689, 0.870744)
42.57027, (-3.163580, -2.142955, 4.548904), (0.024281, 0.462699, 0.141342, 0.874838)
42.58382, (-3.114880, -2.131771, 4.539636), (0.021278, 0.460488, 0.135896, 0.876944)
42.59768, (-3.060505, -2.110742, 4.527455), (0.019374, 0.457714, 0.130454, 0.879264)
42.61154, (-3.009181, -2.101265, 4.516310), (0.017165, 0.456229, 0.123418, 0.881095)
42.62537, (-2.962842, -2.093010, 4.502305), (0.014474, 0.454399, 0.117797, 0.882857)
42.63963, (-2.921633, -2.082210, 4.491103), (0.012510, 0.452700, 0.113443, 0.884329)
42.65291, (-2.880426, -2.071410, 4.479902), (0.010545, 0.450989, 0.109086, 0.885776)
42.66692, (-2.839219, -2.060611, 4.468701), (0.008581, 0.449264, 0.104726, 0.887198)
42.68072, (-2.685749, -2.070082, 4.435892), (0.015735, 0.448007, 0.087078, 0.889640)
42.69439, (-2.611194, -2.058585, 4.419214), (0.015704, 0.445997, 0.077274, 0.891554)
42.70852, (-2.542558, -2.050204, 4.399662), (0.015710, 0.444398, 0.068852, 0.893042)
42.72227, (-2.458790, -2.036192, 4.374650), (0.016421, 0.442344, 0.060273, 0.894667)
42.73626, (-2.378407, -2.020783, 4.358342), (0.016952, 0.440946, 0.053193, 0.895796)
42.75002, (-2.302329, -2.013164, 4.337290), (0.014918, 0.440210, 0.044980, 0.896643)
42.76387, (-2.229259, -2.000297, 4.316878), (0.015723, 0.438384, 0.038007, 0.897846)
42.77777, (-2.157271, -1.989295, 4.297657), (0.015324, 0.436657, 0.030786, 0.898970)
42.79223, (-2.085294, -1.978295, 4.278440), (0.014924, 0.434906, 0.023565, 0.900044)
42.80555, (-2.013311, -1.967293, 4.259220), (0.014524, 0.433130, 0.016342, 0.901066)
42.8194, (-1.944619, -1.948029, 4.225267), (0.020033, 0.432518, 0.016294, 0.901255)
42.83332, (-1.876035, -1.931894, 4.197268), (0.019977, 0.429687, 0.010245, 0.902699)
42.84726, (-1.810514, -1.915966, 4.173960), (0.020365, 0.428124, 0.007377, 0.903461)
42.86122, (-1.737736, -1.899612, 4.145256), (0.021827, 0.425992, 0.004200, 0.904454)
42.87532, (-1.668552, -1.885854, 4.118438), (0.023083, 0.423877, 0.004003, 0.905417)
42.88908, (-1.597458, -1.869783, 4.090306), (0.023152, 0.421454, 0.000496, 0.906554)
42.90286, (-1.534120, -1.854135, 4.062243), (0.021338, 0.419696, -0.002640, 0.907410)
42.91681, (-1.465384, -1.836114, 4.031774), (0.020056, 0.417260, -0.006522, 0.908543)
42.93084, (-1.395125, -1.819699, 4.001791), (0.019542, 0.415548, -0.011018, 0.909295)
42.94546, (-1.325662, -1.803935, 3.974207), (0.019399, 0.413543, -0.015314, 0.910149)
42.95893, (-1.256194, -1.788169, 3.946620), (0.019256, 0.411529, -0.019611, 0.910982)
42.9728, (-1.186728, -1.772405, 3.919035), (0.019112, 0.409505, -0.023907, 0.911795)
42.98666, (-1.112081, -1.775399, 3.871840), (0.017666, 0.411024, -0.021294, 0.911204)
43.00055, (-1.041836, -1.761620, 3.841692), (0.017405, 0.409365, -0.024890, 0.911865)
43.01482, (-0.999233, -1.768672, 3.781250), (0.019188, 0.410265, -0.028498, 0.911319)
43.0285, (-0.934652, -1.761110, 3.743156), (0.018386, 0.409334, -0.031671, 0.911649)
43.04242, (-0.873174, -1.754305, 3.706680), (0.017455, 0.409015, -0.035454, 0.911672)
43.05626, (-0.808550, -1.746980, 3.664826), (0.016917, 0.407741, -0.039508, 0.912086)
43.06987, (-0.747829, -1.744943, 3.622479), (0.015932, 0.406338, -0.042637, 0.912589)
43.08389, (-0.683147, -1.737208, 3.584561), (0.015550, 0.405089, -0.046258, 0.912974)
43.09753, (-0.618487, -1.729478, 3.546656), (0.015168, 0.403835, -0.049877, 0.913345)
43.11127, (-0.553805, -1.721743, 3.508738), (0.014786, 0.402574, -0.053496, 0.913703)
43.12526, (-0.525525, -1.723914, 3.457020), (0.011793, 0.404368, -0.055985, 0.912805)
43.13908, (-0.472902, -1.721156, 3.414601), (0.013043, 0.402898, -0.058797, 0.913261)
43.15301, (-0.428056, -1.721778, 3.374293), (0.015698, 0.402415, -0.061969, 0.913223)
43.16693, (-0.378829, -1.721731, 3.330799), (0.017366, 0.401476, -0.066603, 0.913280)
43.18092, (-0.326490, -1.720692, 3.289186), (0.017550, 0.400424, -0.070682, 0.913431)
43.19548, (-0.270343, -1.715523, 3.251247), (0.016195, 0.400411, -0.074591, 0.913151)
43.20888, (-0.212641, -1.708454, 3.212499), (0.015463, 0.400246, -0.078577, 0.912902)
43.22274, (-0.157368, -1.704618, 3.172183), (0.015335, 0.399482, -0.082299, 0.912911)
43.23664, (-0.102090, -1.700780, 3.131865), (0.015206, 0.398712, -0.086020, 0.912906)
43.25062, (-0.046808, -1.696943, 3.091542), (0.015077, 0.397936, -0.089740, 0.912889)
43.26463, (-0.007402, -1.679239, 3.064116), (0.013480, 0.400464, -0.094129, 0.911365)
43.27853, (0.046731, -1.674024, 3.030086), (0.013300, 0.401304, -0.094875, 0.910921)
43.29234, (0.113837, -1.672070, 2.994452), (0.011145, 0.401929, -0.093242, 0.910843)
43.3063, (0.170473, -1.668979, 2.966152), (0.009247, 0.403324, -0.093356, 0.910236)
43.32026, (0.226658, -1.663841, 2.936452), (0.007883, 0.402427, -0.092766, 0.910706)
43.3342, (0.279340, -1.661820, 2.908123), (0.007663, 0.400695, -0.093261, 0.911420)
43.34867, (0.330877, -1.665155, 2.879776), (0.007997, 0.397917, -0.092582, 0.912703)
43.36206, (0.386466, -1.666369, 2.849986), (0.008184, 0.396020, -0.092979, 0.913486)
43.37578, (0.448325, -1.677637, 2.824343), (0.011564, 0.391955, -0.091985, 0.915301)
43.38985, (0.509445, -1.685987, 2.800272), (0.013494, 0.389880, -0.091677, 0.916192)
43.40392, (0.570156, -1.693581, 2.774849), (0.014561, 0.388790, -0.092758, 0.916529)
43.41785, (0.627925, -1.696837, 2.746432), (0.015033, 0.387431, -0.093492, 0.917023)
43.43161, (0.685698, -1.700094, 2.718013), (0.015505, 0.386071, -0.094226, 0.917513)
43.44547, (0.743467, -1.703349, 2.689596), (0.015977, 0.384710, -0.094960, 0.918001)
43.45964, (0.839505, -1.724327, 2.713870), (0.007731, 0.387184, -0.104213, 0.916061)
43.47338, (0.910677, -1.738186, 2.710815), (0.005562, 0.388382, -0.103630, 0.915636)
43.48748, (0.978926, -1.746908, 2.707569), (0.002976, 0.388562, -0.102668, 0.915680)
43.50176, (1.048129, -1.749068, 2.715493), (0.001809, 0.387634, -0.101397, 0.916218)
43.51513, (1.116564, -1.752033, 2.721074), (0.001353, 0.385017, -0.099951, 0.917480)
43.52894, (1.187591, -1.759634, 2.731322), (-0.000903, 0.381682, -0.096464, 0.919246)
43.54292, (1.258343, -1.770328, 2.755237), (-0.003724, 0.378687, -0.092333, 0.920900)
43.55672, (1.326920, -1.777637, 2.757269), (-0.005131, 0.377228, -0.091544, 0.921571)
43.57069, (1.395488, -1.784943, 2.759303), (-0.006539, 0.375768, -0.090754, 0.922236)
43.58455, (1.464065, -1.792252, 2.761337), (-0.007946, 0.374306, -0.089963, 0.922897)
43.59805, (1.524678, -1.788312, 2.834988), (0.001413, 0.354128, -0.072988, 0.932343)
43.61189, (1.600682, -1.791459, 2.867396), (-0.000937, 0.346506, -0.065549, 0.935754)
43.62584, (1.672529, -1.790278, 2.895012), (-0.002007, 0.340883, -0.060417, 0.938160)
43.63966, (1.741947, -1.786147, 2.915616), (-0.006759, 0.334547, -0.059029, 0.940504)
43.65396, (1.811607, -1.765945, 2.940387), (-0.007971, 0.327979, -0.059542, 0.942773)
43.66737, (1.885341, -1.751460, 2.966013), (-0.012096, 0.321422, -0.061753, 0.944843)
43.68106, (1.957054, -1.744598, 2.988944), (-0.016303, 0.315310, -0.061441, 0.946858)
43.69495, (2.031856, -1.741138, 3.008878), (-0.019091, 0.308593, -0.060083, 0.949103)
43.70887, (2.102997, -1.736307, 3.030551), (-0.021198, 0.302948, -0.058364, 0.950982)
43.7226, (2.174139, -1.731476, 3.052225), (-0.023306, 0.297291, -0.056643, 0.952820)
43.73645, (2.257400, -1.704245, 3.083647), (-0.019220, 0.298585, -0.065217, 0.951958)
43.75031, (2.324677, -1.681682, 3.120376), (-0.018871, 0.305116, -0.075782, 0.949108)
43.76414, (2.370630, -1.677735, 3.140254), (-0.017574, 0.307612, -0.081379, 0.947863)
43.77796, (2.411478, -1.667072, 3.154700), (-0.013438, 0.307049, -0.083803, 0.947902)
43.79213, (2.455379, -1.650289, 3.174268), (-0.009699, 0.303664, -0.084505, 0.948975)
43.80589, (2.503632, -1.624517, 3.206485), (-0.004317, 0.299837, -0.085241, 0.950165)
43.8199, (2.555637, -1.608999, 3.235535), (-0.004023, 0.293522, -0.081567, 0.952458)
43.83388, (2.592318, -1.590354, 3.259094), (-0.005833, 0.289151, -0.078764, 0.954020)
43.84748, (2.633118, -1.565340, 3.277467), (-0.008126, 0.284029, -0.077638, 0.955633)
43.8611, (2.682465, -1.548303, 3.300739), (-0.007912, 0.280481, -0.077696, 0.956677)
43.87497, (2.731806, -1.531268, 3.324008), (-0.007697, 0.276930, -0.077753, 0.957708)
43.8888, (2.781150, -1.514232, 3.347278), (-0.007483, 0.273375, -0.077808, 0.958726)
43.90277, (2.732324, -1.481302, 3.327694), (-0.013183, 0.270201, -0.080581, 0.959335)
43.91654, (2.743529, -1.472403, 3.327754), (-0.012159, 0.267743, -0.079187, 0.960154)
43.93045, (2.753497, -1.461647, 3.331917), (-0.011572, 0.266765, -0.078029, 0.960528)
43.94436, (2.763600, -1.454601, 3.335512), (-0.012925, 0.265791, -0.077095, 0.960856)
43.95825, (2.769449, -1.441020, 3.337881), (-0.014032, 0.265984, -0.076418, 0.960841)
43.97216, (2.761843, -1.430696, 3.333184), (-0.015504, 0.266352, -0.077998, 0.960590)
43.9867, (2.754850, -1.427400, 3.326900), (-0.016736, 0.266247, -0.076118, 0.960749)
43.99987, (2.764596, -1.416134, 3.330156), (-0.017391, 0.264620, -0.075827, 0.961210)
44.01365, (2.774340, -1.404870, 3.333411), (-0.018046, 0.262993, -0.075537, 0.961667)
44.02745, (2.784085, -1.393605, 3.336665), (-0.018701, 0.261365, -0.075247, 0.962121)
44.04208, (2.736335, -1.393027, 3.311440), (-0.020968, 0.261204, -0.063775, 0.962946)
44.05553, (2.727811, -1.378413, 3.306613), (-0.025923, 0.258575, -0.060720, 0.963732)
44.06952, (2.715549, -1.366948, 3.297693), (-0.027524, 0.255720, -0.058701, 0.964575)
44.0831, (2.704099, -1.354936, 3.289876), (-0.028433, 0.252537, -0.055262, 0.965589)
44.09692, (2.694507, -1.344814, 3.283393), (-0.028643, 0.249651, -0.053048, 0.966458)
44.11073, (2.686671, -1.327946, 3.275542), (-0.027714, 0.247274, -0.050374, 0.967238)
44.1251, (2.680856, -1.313814, 3.265607), (-0.027675, 0.245218, -0.048383, 0.967864)
44.13842, (2.672129, -1.299948, 3.257926), (-0.028170, 0.243264, -0.045951, 0.968462)
44.15232, (2.665249, -1.287280, 3.251459), (-0.028908, 0.241127, -0.043758, 0.969076)
44.16608, (2.658369, -1.274613, 3.244992), (-0.029647, 0.238987, -0.041564, 0.969680)
44.17997, (2.651489, -1.261946, 3.238526), (-0.030385, 0.236844, -0.039371, 0.970274)
44.19398, (2.637283, -1.236632, 3.203895), (-0.021082, 0.234972, -0.034232, 0.971170)
44.20782, (2.635688, -1.215497, 3.189672), (-0.020259, 0.235764, -0.031883, 0.971076)
44.22191, (2.629265, -1.200435, 3.174299), (-0.022101, 0.237040, -0.028800, 0.970821)
44.23586, (2.624599, -1.179861, 3.156806), (-0.025674, 0.239696, -0.026236, 0.970154)
44.24952, (2.620341, -1.161815, 3.144484), (-0.030580, 0.242165, -0.024701, 0.969439)
44.26327, (2.615453, -1.149290, 3.131129), (-0.034857, 0.243935, -0.021876, 0.968918)
44.27757, (2.605655, -1.139581, 3.115288), (-0.039377, 0.245178, -0.019872, 0.968474)
44.29084, (2.593002, -1.126175, 3.101657), (-0.041611, 0.247270, -0.016543, 0.967912)
44.30465, (2.584212, -1.118393, 3.084665), (-0.044495, 0.248527, -0.013151, 0.967513)
44.31855, (2.575819, -1.108431, 3.068131), (-0.046137, 0.250986, -0.008334, 0.966855)
44.33276, (2.567873, -1.095579, 3.053522), (-0.048207, 0.251855, -0.005330, 0.966549)
44.34635, (2.559925, -1.082722, 3.038907), (-0.050277, 0.252720, -0.002324, 0.966230)
44.36056, (2.551978, -1.069870, 3.024296), (-0.052345, 0.253582, 0.000681, 0.965896)
44.37422, (2.526816, -1.056952, 3.001871), (-0.061158, 0.256737, 0.000790, 0.964544)
44.38808, (2.483356, -1.058416, 2.965342), (-0.065318, 0.257866, 0.005984, 0.963952)
44.402, (2.464085, -1.054729, 2.940198), (-0.069089, 0.257284, 0.014226, 0.963758)
44.41585, (2.441747, -1.046071, 2.916248), (-0.072442, 0.256457, 0.023955, 0.963539)
44.42971, (2.414163, -1.041240, 2.888026), (-0.075977, 0.254991, 0.036068, 0.963279)
44.44368, (2.357399, -1.035411, 2.854728), (-0.080427, 0.251027, 0.046992, 0.963488)
44.45756, (2.313948, -1.027023, 2.819489), (-0.084720, 0.246384, 0.051274, 0.964100)
44.47139, (2.279961, -1.017889, 2.788773), (-0.089114, 0.242530, 0.055713, 0.964434)
44.48524, (2.248969, -1.009872, 2.761533), (-0.092688, 0.241116, 0.061682, 0.964089)
44.49913, (2.217977, -1.001856, 2.734292), (-0.096258, 0.239689, 0.067647, 0.963695)
44.51299, (2.186985, -0.993840, 2.707052), (-0.099823, 0.238251, 0.073609, 0.963252)
44.52696, (2.138949, -0.970551, 2.641926), (-0.120761, 0.228430, 0.063025, 0.963984)
44.54088, (2.100214, -0.964872, 2.597594), (-0.127771, 0.225486, 0.067492, 0.963471)
44.55484, (2.069640, -0.958369, 2.555964), (-0.133099, 0.222232, 0.071105, 0.963246)
44.56783, (2.035943, -0.956881, 2.513981), (-0.136533, 0.221126, 0.074052, 0.962797)
44.58213, (2.000878, -0.959101, 2.462957), (-0.140747, 0.219466, 0.075468, 0.962460)
44.59561, (1.962075, -0.952737, 2.407382), (-0.143475, 0.218735, 0.077527, 0.962060)
44.60968, (1.928670, -0.944281, 2.358455), (-0.148316, 0.216536, 0.080606, 0.961570)
44.62342, (1.893618, -0.937899, 2.313778), (-0.153077, 0.214434, 0.083954, 0.961008)
44.6373, (1.858573, -0.931521, 2.269110), (-0.157832, 0.212325, 0.087298, 0.960409)
44.65126, (1.823526, -0.925140, 2.224440), (-0.162581, 0.210207, 0.090640, 0.959773)
44.66534, (1.787870, -0.940551, 2.136321), (-0.172082, 0.201998, 0.088571, 0.960073)
44.67927, (1.747200, -0.947305, 2.065036), (-0.173238, 0.196015, 0.091063, 0.960872)
44.69342, (1.718436, -0.944997, 2.003612), (-0.177301, 0.191065, 0.094362, 0.960809)
44.70745, (1.685624, -0.944792, 1.942955), (-0.183065, 0.186382, 0.095631, 0.960523)
44.72112, (1.649527, -0.943190, 1.878062), (-0.188990, 0.180473, 0.097064, 0.960360)
44.73549, (1.610986, -0.948194, 1.810876), (-0.194161, 0.173920, 0.095792, 0.960665)
44.74903, (1.577191, -0.952126, 1.743883), (-0.198205, 0.167851, 0.097777, 0.960719)
44.76302, (1.548319, -0.959888, 1.677270), (-0.202289, 0.161712, 0.099249, 0.960769)
44.77676, (1.522037, -0.961847, 1.613623), (-0.206256, 0.155726, 0.100932, 0.960740)
44.79095, (1.488691, -0.963724, 1.550674), (-0.210789, 0.150693, 0.102731, 0.960368)
44.80444, (1.455340, -0.965600, 1.487717), (-0.215312, 0.145653, 0.104525, 0.959948)
44.81834, (1.421993, -0.967476, 1.424764), (-0.219825, 0.140605, 0.106314, 0.959482)
44.83231, (1.439892, -0.988929, 1.338758), (-0.217799, 0.139148, 0.106593, 0.960125)
44.84621, (1.425040, -0.995872, 1.273982), (-0.220002, 0.135625, 0.106954, 0.960087)
44.86004, (1.405271, -1.004882, 1.211663), (-0.223079, 0.133206, 0.107150, 0.959693)
44.87432, (1.391017, -1.013701, 1.148438), (-0.227050, 0.129805, 0.104565, 0.959513)
44.88783, (1.378635, -1.022820, 1.088595), (-0.230690, 0.125480, 0.100158, 0.959690)
44.9017, (1.365672, -1.032606, 1.027852), (-0.235229, 0.121769, 0.098062, 0.959283)
44.91558, (1.350642, -1.034831, 0.964848), (-0.237426, 0.117904, 0.096086, 0.959424)
44.92924, (1.332783, -1.041446, 0.901352), (-0.240890, 0.113881, 0.095530, 0.959102)
44.94327, (1.314925, -1.048059, 0.837862), (-0.244347, 0.109855, 0.094971, 0.958753)
44.95699, (1.297070, -1.054673, 0.774381), (-0.247797, 0.105827, 0.094410, 0.958376)
44.97095, (1.324283, -1.056794, 0.740000), (-0.237341, 0.107044, 0.089448, 0.961358)
44.98476, (1.312417, -1.062617, 0.680924), (-0.239064, 0.103617, 0.088281, 0.961415)
44.99887, (1.303850, -1.064175, 0.632864), (-0.239398, 0.099908, 0.085745, 0.961954)
45.01257, (1.291804, -1.070741, 0.577580), (-0.241329, 0.096716, 0.084817, 0.961880)
45.02697, (1.293499, -1.048501, 0.550724), (-0.242107, 0.090232, 0.079259, 0.962788)
45.0406, (1.284937, -1.049119, 0.499262), (-0.243609, 0.086113, 0.076947, 0.962974)
45.05445, (1.275542, -1.050014, 0.447196), (-0.245080, 0.082224, 0.075059, 0.963089)
45.06838, (1.266149, -1.050910, 0.395137), (-0.246546, 0.078333, 0.073170, 0.963185)
45.0822, (1.256755, -1.051804, 0.343076), (-0.248007, 0.074440, 0.071280, 0.963260)
45.09631, (1.247361, -1.052699, 0.291014), (-0.249462, 0.070546, 0.069388, 0.963316)
45.11039, (1.270968, -1.053606, 0.313554), (-0.239371, 0.054030, 0.071507, 0.966783)
45.12433, (1.282224, -1.051898, 0.303907), (-0.235950, 0.046724, 0.066669, 0.968349)
45.13805, (1.294369, -1.055793, 0.285855), (-0.237217, 0.046239, 0.064676, 0.968198)
45.15198, (1.294287, -1.056783, 0.252068), (-0.237137, 0.041526, 0.062727, 0.968559)
45.1663, (1.313087, -1.058481, 0.233105), (-0.237852, 0.040312, 0.058011, 0.968729)
45.17968, (1.330151, -1.070709, 0.229197), (-0.235600, 0.039976, 0.055849, 0.969420)
45.19333, (1.336011, -1.075528, 0.212368), (-0.232965, 0.036976, 0.052968, 0.970337)
45.20715, (1.350279, -1.081161, 0.204344), (-0.229120, 0.034788, 0.050513, 0.971464)
45.22121, (1.368206, -1.085609, 0.195168), (-0.228230, 0.033331, 0.048063, 0.971849)
45.23494, (1.385449, -1.084508, 0.183350), (-0.226242, 0.033266, 0.046422, 0.972396)
45.24873, (1.396409, -1.088145, 0.168326), (-0.224697, 0.031882, 0.043420, 0.972939)
45.26269, (1.407195, -1.091635, 0.151308), (-0.223443, 0.029363, 0.041058, 0.973409)
45.27654, (1.417980, -1.095124, 0.134294), (-0.222186, 0.026845, 0.038695, 0.973866)
45.29043, (1.428765, -1.098615, 0.117278), (-0.220925, 0.024325, 0.036331, 0.974310)
45.30459, (1.490160, -1.106600, 0.189032), (-0.215926, 0.029060, 0.042848, 0.975036)
45.31862, (1.514347, -1.107960, 0.198221), (-0.214375, 0.028395, 0.040320, 0.975506)
45.3321, (1.548383, -1.104647, 0.212412), (-0.212866, 0.026879, 0.037040, 0.976009)
45.346, (1.576223, -1.104730, 0.223897), (-0.210848, 0.026312, 0.033158, 0.976602)
45.3601, (1.607432, -1.109245, 0.247648), (-0.206578, 0.026983, 0.029690, 0.977607)
45.37385, (1.642680, -1.120501, 0.272189), (-0.201108, 0.025896, 0.027858, 0.978830)
45.38759, (1.675647, -1.133658, 0.293961), (-0.195716, 0.024580, 0.026666, 0.979990)
45.40139, (1.703149, -1.139355, 0.306263), (-0.192708, 0.023429, 0.024620, 0.980668)
45.41534, (1.730651, -1.145052, 0.318565), (-0.189697, 0.022277, 0.022575, 0.981330)
45.42916, (1.758152, -1.150749, 0.330868), (-0.186683, 0.021125, 0.020528, 0.981979)
45.44306, (1.819887, -1.160618, 0.437463), (-0.166205, 0.013006, 0.018158, 0.985838)
45.45687, (1.862996, -1.174390, 0.483862), (-0.155584, 0.007017, 0.013852, 0.987701)
45.47077, (1.900820, -1.188684, 0.530260), (-0.145457, 0.002714, 0.009867, 0.989312)
45.48452, (1.944621, -1.203951, 0.578794), (-0.134460, -0.002077, 0.005253, 0.990903)
45.49845, (1.987273, -1.218021, 0.633801), (-0.121747, -0.006133, 0.000572, 0.992542)
45.51241, (2.029019, -1.231428, 0.692412), (-0.108374, -0.010802, -0.005304, 0.994037)
45.52649, (2.071196, -1.240697, 0.745561), (-0.095215, -0.015261, -0.010142, 0.995288)
45.54026, (2.110349, -1.252255, 0.790609), (-0.085848, -0.018861, -0.013940, 0.996032)
45.55439, (2.149506, -1.263815, 0.835662), (-0.076469, -0.022460, -0.017738, 0.996661)
45.56819, (2.188665, -1.275374, 0.880717), (-0.067082, -0.026055, -0.021533, 0.997175)
45.58165, (2.229925, -1.280106, 0.965778), (-0.056453, -0.026887, -0.025021, 0.997730)
45.59549, (2.263047, -1.285868, 1.024027), (-0.047853, -0.028675, -0.027427, 0.998066)
45.60971, (2.298498, -1.300505, 1.082715), (-0.040668, -0.032886, -0.030740, 0.998158)
45.62402, (2.333047, -1.314362, 1.143359), (-0.033540, -0.037343, -0.032927, 0.998197)
45.63753, (2.368981, -1.325520, 1.203299), (-0.026818, -0.040104, -0.035262, 0.998213)
45.6514, (2.407318, -1.336876, 1.265865), (-0.021333, -0.042141, -0.038147, 0.998155)
45.66537, (2.445488, -1.347573, 1.329841), (-0.017285, -0.043321, -0.041491, 0.998050)
45.67914, (2.482139, -1.358801, 1.392088), (-0.012421, -0.044334, -0.044783, 0.997935)
45.69333, (2.517864, -1.373322, 1.456285), (-0.009114, -0.044189, -0.048850, 0.997787)
45.70737, (2.554450, -1.385252, 1.516072), (-0.002564, -0.046362, -0.052134, 0.997560)
45.72107, (2.591035, -1.397183, 1.575857), (0.003985, -0.048532, -0.055415, 0.997275)
45.73499, (2.627621, -1.409113, 1.635644), (0.010535, -0.050700, -0.058693, 0.996932)
45.74908, (2.668397, -1.421914, 1.738304), (-0.000003, -0.044415, -0.054800, 0.997509)
45.76363, (2.707295, -1.431054, 1.813720), (0.002227, -0.044248, -0.055026, 0.997502)
45.77714, (2.746930, -1.437457, 1.888156), (0.005016, -0.043988, -0.053904, 0.997564)
45.79097, (2.780130, -1.448591, 1.956978), (0.007403, -0.042967, -0.055026, 0.997533)
45.805, (2.822406, -1.458430, 2.028488), (0.010902, -0.043659, -0.056056, 0.997413)
45.81892, (2.866799, -1.466360, 2.104095), (0.015111, -0.043914, -0.055188, 0.997395)
45.83294, (2.908489, -1.485857, 2.183121), (0.017189, -0.043632, -0.054241, 0.997426)
45.84684, (2.947953, -1.497465, 2.255885), (0.020683, -0.044077, -0.055077, 0.997294)
45.86084, (2.987409, -1.509072, 2.328634), (0.024176, -0.044521, -0.055912, 0.997150)
45.87461, (3.026866, -1.520678, 2.401384), (0.027669, -0.044965, -0.056746, 0.996992)
45.88861, (3.060811, -1.525128, 2.461120), (0.028458, -0.041666, -0.057778, 0.997054)
45.90312, (3.102207, -1.533915, 2.522206), (0.034635, -0.044444, -0.057746, 0.996740)
45.91698, (3.141843, -1.542482, 2.588766), (0.038659, -0.045530, -0.057140, 0.996578)
45.93069, (3.178179, -1.549765, 2.649529), (0.040550, -0.043874, -0.056658, 0.996605)
45.94423, (3.217098, -1.556330, 2.705648), (0.040980, -0.042840, -0.056352, 0.996649)
45.95837, (3.251015, -1.554897, 2.755409), (0.042712, -0.041160, -0.056447, 0.996642)
45.97199, (3.283957, -1.555612, 2.802998), (0.043657, -0.041444, -0.057921, 0.996505)
45.98568, (3.320249, -1.560240, 2.861908), (0.046130, -0.041293, -0.058284, 0.996378)
45.9998, (3.356998, -1.565559, 2.921516), (0.048672, -0.041136, -0.058700, 0.996240)
46.01349, (3.393751, -1.570878, 2.981131), (0.051215, -0.040980, -0.059116, 0.996094)
46.02751, (3.410498, -1.582226, 3.008736), (0.050872, -0.042059, -0.058738, 0.996089)
46.04141, (3.422563, -1.582977, 3.038329), (0.052598, -0.042541, -0.056578, 0.996104)
46.05592, (3.440635, -1.581042, 3.081745), (0.056500, -0.043752, -0.054915, 0.995931)
46.06917, (3.455619, -1.582046, 3.125830), (0.060091, -0.044330, -0.054077, 0.995741)
46.08298, (3.459894, -1.585588, 3.162655), (0.064496, -0.044758, -0.053507, 0.995477)
46.09675, (3.469748, -1.589571, 3.201351), (0.069022, -0.044404, -0.053792, 0.995174)
46.11078, (3.467186, -1.591983, 3.226598), (0.076762, -0.045367, -0.053641, 0.994571)
46.12452, (3.461405, -1.591154, 3.256852), (0.082357, -0.047166, -0.053346, 0.994056)
46.13844, (3.457141, -1.585912, 3.290879), (0.083985, -0.049372, -0.051903, 0.993889)
46.15231, (3.452840, -1.574032, 3.326486), (0.084725, -0.051558, -0.053101, 0.993652)
46.16622, (3.436293, -1.570643, 3.352581), (0.081711, -0.052127, -0.054504, 0.993799)
46.18014, (3.437755, -1.568881, 3.388471), (0.084057, -0.053026, -0.054526, 0.993554)
46.19406, (3.439217, -1.567121, 3.424354), (0.086403, -0.053924, -0.054547, 0.993303)
46.20835, (3.440678, -1.565360, 3.460240), (0.088748, -0.054821, -0.054568, 0.993046)
46.22192, (3.330741, -1.565533, 3.382005), (0.082969, -0.063083, -0.049918, 0.993300)
46.23581, (3.297856, -1.566235, 3.383012), (0.085465, -0.066807, -0.049004, 0.992890)
46.24968, (3.260361, -1.570493, 3.375177), (0.086247, -0.068428, -0.048826, 0.992721)
46.26353, (3.221566, -1.570275, 3.362496), (0.088157, -0.070438, -0.049101, 0.992399)
46.27754, (3.177876, -1.569449, 3.334668), (0.091623, -0.073007, -0.049094, 0.991900)
46.29139, (3.141362, -1.566352, 3.320050), (0.094709, -0.076181, -0.047948, 0.991427)
46.30527, (3.098231, -1.561148, 3.303902), (0.097257, -0.079994, -0.045430, 0.990999)
46.31911, (3.064835, -1.559733, 3.298505), (0.099385, -0.082451, -0.044641, 0.990622)
46.33306, (3.031440, -1.558318, 3.293106), (0.101511, -0.084907, -0.043852, 0.990234)
46.34704, (2.998048, -1.556903, 3.287708), (0.103636, -0.087361, -0.043062, 0.989835)
46.36129, (2.921185, -1.514324, 3.249394), (0.094266, -0.089651, -0.041222, 0.990645)
46.37501, (2.870371, -1.504265, 3.230587), (0.090036, -0.092216, -0.040961, 0.990814)
46.38884, (2.816689, -1.492037, 3.218746), (0.089368, -0.094898, -0.039879, 0.990665)
46.4028, (2.757689, -1.480094, 3.198063), (0.089579, -0.098541, -0.038873, 0.990330)
46.41666, (2.696490, -1.470617, 3.175553), (0.090184, -0.101881, -0.037327, 0.989997)
46.43061, (2.636075, -1.464689, 3.153668), (0.090477, -0.105748, -0.033772, 0.989692)
46.44471, (2.575252, -1.455778, 3.135594), (0.091432, -0.110876, -0.029663, 0.989175)
46.45866, (2.518036, -1.448445, 3.118074), (0.091817, -0.114624, -0.027672, 0.988770)
46.4728, (2.463542, -1.439662, 3.101182), (0.092055, -0.117915, -0.025855, 0.988410)
46.4864, (2.409056, -1.430879, 3.084291), (0.092292, -0.121204, -0.024038, 0.988035)
46.50019, (2.339618, -1.421294, 3.069215), (0.092449, -0.128359, -0.017792, 0.987249)
46.51442, (2.235933, -1.408377, 3.035180), (0.089992, -0.146717, -0.005263, 0.985062)
46.52808, (2.173306, -1.407944, 3.008008), (0.087135, -0.153302, -0.001390, 0.984329)
46.542, (2.114555, -1.408001, 2.981590), (0.084522, -0.160437, 0.004592, 0.983410)
46.55585, (2.057705, -1.407787, 2.956378), (0.082482, -0.166570, 0.010059, 0.982522)
46.56981, (2.000914, -1.405497, 2.931570), (0.081172, -0.173375, 0.016294, 0.981370)
46.58374, (1.946730, -1.408465, 2.902866), (0.078988, -0.179591, 0.022011, 0.980318)
46.59766, (1.889901, -1.409906, 2.877348), (0.077888, -0.185302, 0.026721, 0.979226)
46.61155, (1.830960, -1.407663, 2.853043), (0.076644, -0.191297, 0.031406, 0.978031)
46.62553, (1.772023, -1.405419, 2.828739), (0.075395, -0.197279, 0.036088, 0.976777)
46.63951, (1.749023, -1.426272, 2.788560), (0.075975, -0.200101, 0.038772, 0.976055)
46.65345, (1.711367, -1.435069, 2.759067), (0.076643, -0.204087, 0.041190, 0.975078)
46.66776, (1.670985, -1.446019, 2.726184), (0.077987, -0.206035, 0.042900, 0.974488)
46.68128, (1.633189, -1.451067, 2.697618), (0.078846, -0.209288, 0.044006, 0.973676)
46.69522, (1.596470, -1.454589, 2.672012), (0.079097, -0.212919, 0.045021, 0.972822)
46.70921, (1.560539, -1.456879, 2.644554), (0.077950, -0.215235, 0.045950, 0.972361)
46.72316, (1.526394, -1.459625, 2.620494), (0.077081, -0.218724, 0.046951, 0.971604)
46.73716, (1.495473, -1.466132, 2.591072), (0.074401, -0.219636, 0.047508, 0.971580)
46.75107, (1.456535, -1.470464, 2.563354), (0.073658, -0.223172, 0.049673, 0.970722)
46.76487, (1.417603, -1.474795, 2.535639), (0.072915, -0.226703, 0.051837, 0.969847)
46.77902, (1.415286, -1.478955, 2.523637), (0.073399, -0.224822, 0.050880, 0.970298)
46.7928, (1.390787, -1.478420, 2.503855), (0.074741, -0.224539, 0.053056, 0.970145)
46.80682, (1.368764, -1.480650, 2.485377), (0.074948, -0.224468, 0.053757, 0.970107)
46.82134, (1.347492, -1.480645, 2.468081), (0.075523, -0.224205, 0.054216, 0.970097)
46.83484, (1.326472, -1.485178, 2.449926), (0.074873, -0.224583, 0.054926, 0.970020)
46.84861, (1.312295, -1.488911, 2.436415), (0.075031, -0.224077, 0.056147, 0.970056)
46.8626, (1.300200, -1.490803, 2.423346), (0.075833, -0.223903, 0.057933, 0.969928)
46.87648, (1.289953, -1.490575, 2.411407), (0.077485, -0.222947, 0.060463, 0.969863)
46.89041, (1.284901, -1.493412, 2.402604), (0.077798, -0.221400, 0.061783, 0.970109)
46.90413, (1.277377, -1.495137, 2.394756), (0.077663, -0.219676, 0.063207, 0.970420)
46.91835, (1.274203, -1.496115, 2.387162), (0.077702, -0.216846, 0.063303, 0.971048)
46.93188, (1.264594, -1.497958, 2.376391), (0.077967, -0.215992, 0.064204, 0.971157)
46.94575, (1.252818, -1.500002, 2.364094), (0.078151, -0.215539, 0.065459, 0.971160)
46.96025, (1.241041, -1.502047, 2.351798), (0.078334, -0.215085, 0.066714, 0.971160)
46.97375, (1.281222, -1.496087, 2.365173), (0.081800, -0.201733, 0.060740, 0.974127)
46.98748, (1.297910, -1.494483, 2.369649), (0.082880, -0.194504, 0.058820, 0.975623)
47.00143, (1.306458, -1.494819, 2.368256), (0.082549, -0.188458, 0.057945, 0.976889)
47.0153, (1.318943, -1.492279, 2.368156), (0.083431, -0.181495, 0.056328, 0.978226)
47.02927, (1.334615, -1.492848, 2.367213), (0.083496, -0.174980, 0.055963, 0.979428)
47.04346, (1.347505, -1.492090, 2.367356), (0.084378, -0.169539, 0.055089, 0.980358)
47.05701, (1.354690, -1.491823, 2.364349), (0.084917, -0.165187, 0.054708, 0.981076)
47.07077, (1.361873, -1.491557, 2.361342), (0.085455, -0.160832, 0.054325, 0.981774)
47.08458, (1.369057, -1.491290, 2.358336), (0.085990, -0.156473, 0.053942, 0.982452)
47.09853, (1.376240, -1.491024, 2.355330), (0.086525, -0.152111, 0.053558, 0.983111)
47.11327, (1.433417, -1.493627, 2.368984), (0.088337, -0.135630, 0.052235, 0.985430)
47.12652, (1.486564, -1.496737, 2.372328), (0.095682, -0.119232, 0.047327, 0.987111)
47.14016, (1.511970, -1.503007, 2.368551), (0.097539, -0.109784, 0.047055, 0.988038)
47.154, (1.548180, -1.508238, 2.368614), (0.100076, -0.101044, 0.046227, 0.988756)
47.16803, (1.583161, -1.509701, 2.368746), (0.102343, -0.091915, 0.046668, 0.989394)
47.18178, (1.618168, -1.508516, 2.370294), (0.102802, -0.082995, 0.045916, 0.990169)
47.19588, (1.651127, -1.505069, 2.367603), (0.103829, -0.072650, 0.044666, 0.990932)
47.20992, (1.689697, -1.508940, 2.365618), (0.104813, -0.064389, 0.042454, 0.991497)
47.22364, (1.720366, -1.510125, 2.364413), (0.106207, -0.056075, 0.041428, 0.991897)
47.23752, (1.751037, -1.511310, 2.363208), (0.107594, -0.047756, 0.040399, 0.992225)
47.25183, (1.817814, -1.510675, 2.354758), (0.108308, -0.037947, 0.035190, 0.992769)
47.26529, (1.859158, -1.510676, 2.342945), (0.109937, -0.028924, 0.034202, 0.992929)
47.27893, (1.904336, -1.506106, 2.333808), (0.111484, -0.021388, 0.031625, 0.993033)
47.29294, (1.946692, -1.502364, 2.326117), (0.112524, -0.014246, 0.029899, 0.993097)
47.30681, (1.991531, -1.498744, 2.318163), (0.113003, -0.007951, 0.028439, 0.993156)
47.32041, (2.037529, -1.496235, 2.310551), (0.113487, -0.001605, 0.026107, 0.993195)
47.33434, (2.081689, -1.485293, 2.300527), (0.109289, 0.001505, 0.022522, 0.993754)
47.34826, (2.125673, -1.476156, 2.294400), (0.107379, 0.005199, 0.019437, 0.994015)
47.36237, (2.169288, -1.468329, 2.286805), (0.107040, 0.010716, 0.016626, 0.994058)
47.37609, (2.219231, -1.453782, 2.273881), (0.101719, 0.010596, 0.010468, 0.994702)
47.39032, (2.271467, -1.450053, 2.260553), (0.094309, 0.013345, 0.006618, 0.995432)
47.4038, (2.324192, -1.442387, 2.252078), (0.091101, 0.017549, 0.004379, 0.995677)
47.41763, (2.377656, -1.445076, 2.239472), (0.087508, 0.022773, 0.001955, 0.995902)
47.43153, (2.428400, -1.446999, 2.223549), (0.085378, 0.027644, -0.000040, 0.995965)
47.44554, (2.480947, -1.445302, 2.210084), (0.084005, 0.032073, -0.002999, 0.995945)
47.45922, (2.530003, -1.444734, 2.198606), (0.085601, 0.036602, -0.005314, 0.995643)
47.47311, (2.582249, -1.449690, 2.185006), (0.086032, 0.040024, -0.007475, 0.995460)
47.487, (2.636209, -1.452197, 2.175395), (0.085601, 0.043784, -0.010138, 0.995315)
47.50097, (2.686549, -1.454836, 2.167290), (0.084238, 0.047133, -0.011936, 0.995259)
47.51486, (2.743093, -1.454479, 2.159244), (0.083829, 0.049755, -0.014903, 0.995126)
47.52872, (2.795395, -1.455950, 2.148177), (0.082836, 0.053746, -0.017628, 0.994957)
47.54322, (2.854025, -1.465864, 2.139370), (0.084607, 0.055562, -0.020905, 0.994645)
47.55653, (2.904406, -1.471227, 2.128855), (0.085000, 0.059179, -0.023065, 0.994354)
47.57062, (2.958292, -1.476623, 2.121567), (0.086649, 0.061775, -0.026565, 0.993967)
47.58427, (3.014699, -1.483577, 2.115693), (0.087207, 0.064091, -0.029907, 0.993677)
47.59811, (3.068597, -1.489438, 2.109135), (0.086395, 0.067198, -0.032171, 0.993471)
47.61211, (3.124713, -1.491786, 2.108004), (0.085902, 0.070777, -0.035139, 0.993165)
47.62589, (3.182513, -1.496459, 2.102630), (0.085603, 0.073542, -0.038620, 0.992861)
47.63982, (3.236029, -1.497786, 2.099535), (0.085943, 0.076485, -0.042585, 0.992447)
47.65404, (3.291797, -1.503686, 2.096734), (0.085863, 0.078609, -0.046947, 0.992091)
47.66807, (3.350559, -1.507051, 2.097262), (0.086402, 0.080662, -0.051213, 0.991668)
47.68156, (3.406756, -1.515485, 2.094594), (0.085507, 0.083223, -0.054643, 0.991351)
47.69596, (3.466846, -1.522946, 2.096748), (0.085513, 0.084592, -0.057462, 0.991075)
47.70932, (3.521079, -1.529135, 2.096817), (0.085479, 0.087254, -0.059950, 0.990700)
47.72343, (3.581815, -1.534759, 2.100175), (0.085593, 0.088530, -0.062420, 0.990424)
47.73721, (3.643610, -1.537325, 2.108266), (0.085971, 0.088943, -0.063576, 0.990281)
47.75117, (3.701643, -1.544628, 2.113598), (0.085793, 0.090681, -0.066121, 0.989972)
47.76494, (3.763453, -1.554172, 2.120764), (0.086144, 0.091096, -0.068795, 0.989721)
47.77885, (3.825848, -1.560242, 2.127930), (0.087527, 0.091857, -0.071888, 0.989310)
47.79269, (3.889265, -1.569480, 2.133997), (0.087890, 0.092442, -0.074791, 0.989008)
47.80628, (3.949913, -1.578095, 2.139132), (0.089044, 0.093621, -0.077946, 0.988550)
47.82059, (4.012050, -1.585044, 2.144164), (0.090668, 0.094506, -0.081407, 0.988039)
47.83416, (4.076167, -1.593485, 2.150167), (0.092398, 0.096246, -0.086353, 0.987291)
47.84796, (4.142217, -1.609426, 2.153068), (0.091741, 0.097760, -0.089521, 0.986921)
47.86184, (4.204961, -1.610844, 2.156981), (0.093683, 0.099190, -0.093180, 0.986257)
47.87582, (4.267685, -1.614504, 2.164571), (0.094664, 0.100250, -0.095829, 0.985802)
47.88967, (4.331045, -1.614425, 2.170548), (0.095386, 0.100361, -0.098644, 0.985443)
47.90359, (4.392548, -1.618576, 2.173281), (0.094778, 0.100836, -0.102004, 0.985111)
47.91753, (4.452308, -1.617687, 2.182767), (0.093589, 0.102621, -0.107463, 0.984460)
47.9314, (4.517343, -1.620718, 2.187942), (0.092673, 0.103413, -0.111385, 0.984028)
47.94564, (4.578245, -1.627880, 2.191677), (0.090577, 0.105374, -0.114981, 0.983601)
47.9592, (4.640635, -1.632344, 2.196808), (0.090360, 0.106633, -0.118552, 0.983062)
47.97359, (4.696998, -1.636304, 2.205489), (0.090593, 0.108913, -0.120912, 0.982503)
47.98694, (4.760802, -1.641535, 2.211384), (0.090485, 0.109707, -0.125009, 0.981911)
48.00089, (4.805327, -1.644753, 2.218312), (0.088606, 0.111024, -0.127209, 0.981652)
48.01463, (4.855903, -1.652039, 2.222390), (0.087701, 0.112219, -0.128899, 0.981377)
48.02842, (4.909810, -1.657135, 2.230360), (0.087083, 0.112847, -0.128957, 0.981352)
48.04278, (4.958176, -1.667119, 2.235523), (0.085384, 0.113975, -0.129388, 0.981315)
48.05654, (5.005769, -1.671091, 2.239545), (0.084987, 0.114508, -0.130499, 0.981140)
48.07026, (5.051528, -1.674761, 2.242550), (0.084552, 0.114763, -0.132614, 0.980864)
48.08405, (5.097737, -1.681433, 2.248032), (0.083654, 0.115056, -0.135546, 0.980506)
48.09817, (5.146299, -1.689329, 2.253680), (0.082673, 0.115459, -0.137473, 0.980273)
48.11232, (5.191936, -1.697216, 2.260504), (0.081461, 0.116787, -0.139079, 0.979991)
48.1263, (5.234720, -1.703023, 2.264282), (0.080434, 0.118151, -0.140401, 0.979724)
48.13961, (5.274038, -1.705544, 2.266631), (0.080321, 0.119239, -0.142064, 0.979361)
48.15334, (5.309719, -1.709864, 2.267635), (0.080478, 0.120497, -0.143915, 0.978924)
48.16724, (5.350224, -1.717458, 2.269406), (0.080132, 0.120859, -0.145023, 0.978744)
48.18121, (5.384300, -1.722718, 2.274290), (0.079630, 0.122653, -0.144998, 0.978566)
48.19508, (5.419552, -1.726608, 2.277645), (0.079445, 0.124183, -0.145715, 0.978281)
48.20903, (5.447258, -1.726979, 2.281514), (0.079092, 0.125369, -0.146938, 0.977976)
48.22292, (5.454754, -1.718824, 2.283980), (0.077996, 0.124510, -0.150544, 0.977625)
48.2368, (5.473246, -1.720098, 2.284523), (0.076042, 0.123576, -0.153677, 0.977410)
48.2508, (5.488205, -1.717618, 2.288617), (0.072662, 0.121454, -0.154285, 0.977837)
48.26466, (5.503377, -1.716435, 2.293287), (0.069520, 0.119757, -0.153660, 0.978373)
48.27916, (5.508737, -1.711549, 2.295559), (0.065482, 0.116323, -0.150380, 0.979575)
48.29235, (5.514365, -1.708205, 2.298082), (0.062715, 0.114069, -0.149693, 0.980126)
48.30613, (5.517896, -1.702248, 2.297716), (0.060799, 0.109398, -0.148522, 0.980957)
48.32008, (5.513859, -1.699668, 2.298525), (0.058218, 0.103249, -0.148804, 0.981737)
48.33391, (5.516913, -1.701425, 2.298846), (0.056489, 0.097128, -0.148521, 0.982505)
48.34782, (5.515149, -1.701291, 2.297453), (0.055407, 0.091895, -0.147862, 0.983169)
48.36176, (5.514308, -1.703235, 2.295480), (0.055669, 0.085670, -0.149049, 0.983538)
48.37549, (5.506648, -1.704055, 2.291997), (0.055904, 0.081551, -0.149705, 0.983775)
48.38939, (5.501757, -1.705841, 2.286658), (0.057116, 0.077698, -0.150066, 0.983962)
48.40348, (5.498524, -1.706671, 2.283434), (0.057940, 0.074319, -0.150844, 0.984056)
48.41708, (5.494316, -1.707951, 2.284842), (0.058635, 0.071081, -0.152157, 0.984052)
48.43099, (5.509658, -1.704882, 2.287127), (0.059245, 0.068793, -0.151654, 0.984255)
48.44541, (5.498442, -1.706660, 2.285439), (0.057445, 0.066609, -0.153225, 0.984269)
48.45886, (5.490781, -1.706333, 2.286463), (0.055534, 0.068493, -0.153018, 0.984282)
48.47258, (5.482491, -1.705011, 2.286712), (0.054257, 0.066734, -0.153491, 0.984400)
48.48651, (5.457669, -1.698966, 2.285473), (0.053623, 0.064557, -0.154413, 0.984436)
48.50026, (5.441957, -1.695825, 2.282639), (0.053741, 0.061855, -0.155118, 0.984492)
48.51414, (5.429339, -1.693662, 2.280997), (0.053247, 0.057721, -0.154942, 0.984798)
48.52808, (5.416796, -1.690586, 2.281713), (0.052527, 0.053766, -0.154978, 0.985054)
48.54212, (5.399638, -1.685417, 2.282445), (0.052636, 0.048647, -0.153668, 0.985520)
48.55619, (5.373964, -1.683193, 2.279561), (0.051235, 0.042638, -0.153695, 0.985868)
48.56997, (5.346644, -1.675628, 2.276778), (0.050521, 0.035655, -0.155177, 0.985950)
48.584, (5.317646, -1.669676, 2.273163), (0.049783, 0.027210, -0.156185, 0.986097)
48.59835, (5.291107, -1.667640, 2.269776), (0.049463, 0.016616, -0.156184, 0.986349)
48.61163, (5.261020, -1.664306, 2.264258), (0.049614, 0.006527, -0.155166, 0.986620)
48.62526, (5.230105, -1.659241, 2.259546), (0.049563, -0.004704, -0.153923, 0.986828)
48.63919, (5.206780, -1.655098, 2.254211), (0.049291, -0.017687, -0.154135, 0.986661)
48.65302, (5.179019, -1.646745, 2.248086), (0.048125, -0.030802, -0.155824, 0.986131)
48.66695, (5.150712, -1.638280, 2.245528), (0.047017, -0.042776, -0.159145, 0.985207)
48.68087, (5.120667, -1.629654, 2.241859), (0.044889, -0.054733, -0.162912, 0.984098)
48.69482, (5.088398, -1.621795, 2.237838), (0.043282, -0.065151, -0.166630, 0.982912)
48.70867, (5.062590, -1.617655, 2.233102), (0.042251, -0.075901, -0.169081, 0.981767)
48.7227, (5.033483, -1.616937, 2.227475), (0.040611, -0.085227, -0.170465, 0.980831)
48.73658, (5.004443, -1.610495, 2.224844), (0.040373, -0.094267, -0.170339, 0.980035)
48.75082, (4.975013, -1.603066, 2.223211), (0.040586, -0.103069, -0.169968, 0.979204)
48.7644, (4.944194, -1.600344, 2.222171), (0.040923, -0.110016, -0.170116, 0.978408)
48.77835, (4.913155, -1.595178, 2.221705), (0.042175, -0.117062, -0.168777, 0.977769)
48.79229, (4.882594, -1.595192, 2.222086), (0.042923, -0.124119, -0.166657, 0.977230)
48.80618, (4.849392, -1.593628, 2.226438), (0.045830, -0.128949, -0.162422, 0.977185)
48.82008, (4.816794, -1.590409, 2.230107), (0.046994, -0.134806, -0.160639, 0.976634)
48.83403, (4.784585, -1.584517, 2.236356), (0.047646, -0.140041, -0.158584, 0.976202)
48.84791, (4.755396, -1.582198, 2.243395), (0.048157, -0.144390, -0.156288, 0.975913)
48.86189, (4.724434, -1.582527, 2.248343), (0.048824, -0.148146, -0.153013, 0.975836)
48.87582, (4.695165, -1.581773, 2.253472), (0.049820, -0.152497, -0.150941, 0.975438)
48.88986, (4.663212, -1.581050, 2.259992), (0.050787, -0.155882, -0.150259, 0.974958)
48.90414, (4.632303, -1.578473, 2.263283), (0.052862, -0.157634, -0.148794, 0.974791)
48.9176, (4.604867, -1.578462, 2.268788), (0.054254, -0.160230, -0.146085, 0.974701)
48.93183, (4.576068, -1.577784, 2.275956), (0.055772, -0.162474, -0.143429, 0.974638)
48.94579, (4.547973, -1.576763, 2.284099), (0.057120, -0.164540, -0.141277, 0.974528)
48.95957, (4.518874, -1.573776, 2.292407), (0.058754, -0.166455, -0.139211, 0.974403)
48.97354, (4.490359, -1.573753, 2.298440), (0.058969, -0.168730, -0.138272, 0.974132)
48.98742, (4.461707, -1.571434, 2.304722), (0.059380, -0.170922, -0.136794, 0.973934)
49.0014, (4.434172, -1.567552, 2.311873), (0.060329, -0.173828, -0.135328, 0.973566)
49.01512, (4.404727, -1.565065, 2.317749), (0.060887, -0.176189, -0.133723, 0.973329)
49.02901, (4.378299, -1.561850, 2.326300), (0.061846, -0.178979, -0.131336, 0.973084)
49.04325, (4.348233, -1.560208, 2.331854), (0.062235, -0.181335, -0.130086, 0.972791)
49.05685, (4.319969, -1.555021, 2.339234), (0.063606, -0.184678, -0.128643, 0.972265)
49.07062, (4.292008, -1.550562, 2.346041), (0.065058, -0.187706, -0.127546, 0.971734)
49.08463, (4.261505, -1.544907, 2.350559), (0.066183, -0.190418, -0.126986, 0.971203)
49.09861, (4.233644, -1.540681, 2.355738), (0.065660, -0.193917, -0.126004, 0.970674)
49.11243, (4.203650, -1.535397, 2.360083), (0.065825, -0.196249, -0.123416, 0.970527)
49.1265, (4.173777, -1.529788, 2.365673), (0.066841, -0.198190, -0.121696, 0.970280)
49.14031, (4.145548, -1.526110, 2.372513), (0.066970, -0.200335, -0.120590, 0.969969)
49.15427, (4.113847, -1.522490, 2.376053), (0.066689, -0.201205, -0.119522, 0.969940)
49.16813, (4.083493, -1.516361, 2.383877), (0.066913, -0.202896, -0.117961, 0.969764)
49.18209, (4.051888, -1.515212, 2.390366), (0.066617, -0.204685, -0.116661, 0.969565)
49.19609, (4.019935, -1.510949, 2.396581), (0.066508, -0.206816, -0.114111, 0.969424)
49.20996, (3.986840, -1.507750, 2.402373), (0.066952, -0.208948, -0.112076, 0.969173)
49.22391, (3.953894, -1.504314, 2.408179), (0.068072, -0.211097, -0.109607, 0.968912)
49.23799, (3.921888, -1.504371, 2.414481), (0.068369, -0.213055, -0.108030, 0.968640)
49.25183, (3.888416, -1.500767, 2.421720), (0.069159, -0.214986, -0.106326, 0.968346)
49.26563, (3.852410, -1.499519, 2.429827), (0.069709, -0.216284, -0.104762, 0.968188)
49.27953, (3.816192, -1.497867, 2.438406), (0.070555, -0.218583, -0.102506, 0.967851)
49.29346, (3.781235, -1.497139, 2.445804), (0.071645, -0.220883, -0.099866, 0.967525)
49.3075, (3.746210, -1.497748, 2.455014), (0.073048, -0.223858, -0.097279, 0.967000)
49.32165, (3.709772, -1.498199, 2.462897), (0.074159, -0.225674, -0.095267, 0.966693)
49.33547, (3.675375, -1.499723, 2.470370), (0.074729, -0.227413, -0.092446, 0.966516)
49.34978, (3.645614, -1.497941, 2.479693), (0.075670, -0.229366, -0.089565, 0.966252)
49.36324, (3.617471, -1.499424, 2.487063), (0.075714, -0.231169, -0.086738, 0.966077)
49.37718, (3.589526, -1.499876, 2.496122), (0.076881, -0.232724, -0.085192, 0.965749)
49.39091, (3.560974, -1.500974, 2.505131), (0.078446, -0.233902, -0.083739, 0.965466)
49.40476, (3.535439, -1.502278, 2.516773), (0.080379, -0.235231, -0.083751, 0.964983)
49.4189, (3.513725, -1.506557, 2.530385), (0.081231, -0.236354, -0.085709, 0.964465)
49.43237, (3.490467, -1.505995, 2.544087), (0.081919, -0.236954, -0.086808, 0.964161)
49.44627, (3.466878, -1.508250, 2.555080), (0.081297, -0.237222, -0.087336, 0.964100)
49.46025, (3.442692, -1.511786, 2.560528), (0.081321, -0.238253, -0.086937, 0.963880)
49.47422, (3.418463, -1.513610, 2.564272), (0.083027, -0.240576, -0.086209, 0.963223)
49.4884, (3.393316, -1.517240, 2.568950), (0.086163, -0.244058, -0.085515, 0.962133)
49.50203, (3.369194, -1.521081, 2.577105), (0.088334, -0.247141, -0.084441, 0.961243)
49.51579, (3.344397, -1.524693, 2.583455), (0.089918, -0.249058, -0.084070, 0.960634)
49.52983, (3.325693, -1.524657, 2.596793), (0.091741, -0.251921, -0.083178, 0.959792)
49.54372, (3.304282, -1.522298, 2.607868), (0.091571, -0.252804, -0.082810, 0.959608)
49.55765, (3.288034, -1.520160, 2.620518), (0.090411, -0.253980, -0.081956, 0.959481)
49.57162, (3.269209, -1.521478, 2.631741), (0.090181, -0.255385, -0.081255, 0.959189)
49.58546, (3.249108, -1.520519, 2.642869), (0.089431, -0.256879, -0.080256, 0.958944)
49.59943, (3.229126, -1.519156, 2.654448), (0.090269, -0.258257, -0.079273, 0.958577)
49.6134, (3.215057, -1.512315, 2.667669), (0.090157, -0.259542, -0.078434, 0.958310)
49.62733, (3.205812, -1.501080, 2.671958), (0.087686, -0.258255, -0.079741, 0.958779)
49.6415, (3.192111, -1.492836, 2.675245), (0.085483, -0.257318, -0.081710, 0.959064)
49.65518, (3.179882, -1.485991, 2.680649), (0.085291, -0.256935, -0.083145, 0.959060)
49.66901, (3.165113, -1.478351, 2.683415), (0.084437, -0.257095, -0.081824, 0.959207)
49.6829, (3.153591, -1.466722, 2.682063), (0.083002, -0.258032, -0.079456, 0.959280)
49.69678, (3.141804, -1.453564, 2.678834), (0.079796, -0.258876, -0.077350, 0.959496)
49.71075, (3.131262, -1.434309, 2.675755), (0.074259, -0.260648, -0.075181, 0.959633)
49.72465, (3.119806, -1.411648, 2.671751), (0.067126, -0.261464, -0.075342, 0.959924)
49.73846, (3.109927, -1.388776, 2.667569), (0.061409, -0.262691, -0.076533, 0.959878)
49.75235, (3.096951, -1.360550, 2.652808), (0.052844, -0.262868, -0.078089, 0.960214)
49.76632, (3.092047, -1.340508, 2.638402), (0.042290, -0.265997, -0.079710, 0.959742)
49.78012, (3.082597, -1.320324, 2.621043), (0.034278, -0.268246, -0.080702, 0.959352)
49.79425, (3.075263, -1.301320, 2.603830), (0.026486, -0.271305, -0.080678, 0.958741)
49.80836, (3.066441, -1.281962, 2.580245), (0.018300, -0.273206, -0.081571, 0.958316)
49.82206, (3.057255, -1.262721, 2.557701), (0.010803, -0.275125, -0.082192, 0.957828)
49.83572, (3.044745, -1.247388, 2.531456), (0.003025, -0.277289, -0.083013, 0.957189)
49.84969, (3.035479, -1.230979, 2.507913), (-0.002398, -0.280460, -0.083304, 0.956241)
49.86356, (3.022740, -1.217548, 2.479522), (-0.008047, -0.282907, -0.083971, 0.955431)
49.87751, (3.009372, -1.205359, 2.450810), (-0.014162, -0.284759, -0.084889, 0.954728)
49.89129, (2.997004, -1.187907, 2.426153), (-0.015473, -0.287223, -0.084697, 0.953986)
49.90506, (2.979267, -1.182063, 2.398632), (-0.021219, -0.289735, -0.084133, 0.953166)
49.91895, (2.961275, -1.168723, 2.368620), (-0.024929, -0.293053, -0.082974, 0.952163)
49.93275, (2.945331, -1.160868, 2.341844), (-0.027980, -0.297781, -0.083632, 0.950552)
49.94676, (2.923133, -1.154888, 2.310752), (-0.030498, -0.301861, -0.082447, 0.949291)
49.96043, (2.901239, -1.151612, 2.277399), (-0.034143, -0.305432, -0.081192, 0.948132)
49.97423, (2.883296, -1.143671, 2.245905), (-0.034719, -0.310448, -0.079778, 0.946600)
49.98812, (2.857728, -1.139140, 2.212741), (-0.034841, -0.315215, -0.078103, 0.945159)
50.00224, (2.836065, -1.136295, 2.179715), (-0.036509, -0.320230, -0.076803, 0.943515)
50.01612, (2.810678, -1.133319, 2.148115), (-0.037483, -0.324364, -0.076054, 0.942125)
50.02988, (2.786440, -1.129595, 2.118274), (-0.038235, -0.328794, -0.073712, 0.940744)
50.04409, (2.758740, -1.131442, 2.084434), (-0.040061, -0.331418, -0.073234, 0.939784)
50.0577, (2.735330, -1.127090, 2.052774), (-0.040703, -0.334704, -0.071744, 0.938706)
50.07204, (2.707298, -1.123565, 2.019371), (-0.041771, -0.337576, -0.070343, 0.937736)
50.08565, (2.679617, -1.124464, 1.988033), (-0.043397, -0.340268, -0.069326, 0.936765)
50.09981, (2.649413, -1.126020, 1.957283), (-0.044790, -0.341673, -0.067194, 0.936343)
50.11349, (2.622368, -1.130235, 1.928576), (-0.046661, -0.343879, -0.065487, 0.935565)
50.12732, (2.594983, -1.130956, 1.898195), (-0.047292, -0.345504, -0.063364, 0.935080)
50.14121, (2.568303, -1.134373, 1.866286), (-0.048517, -0.346996, -0.061646, 0.934580)
50.15521, (2.537036, -1.133100, 1.835290), (-0.048674, -0.348570, -0.059636, 0.934117)
50.16909, (2.507890, -1.135533, 1.803808), (-0.049610, -0.350649, -0.057154, 0.933444)
50.18328, (2.480600, -1.138402, 1.774229), (-0.049967, -0.353483, -0.054917, 0.932490)
50.19735, (2.449632, -1.145028, 1.745358), (-0.049683, -0.355170, -0.052754, 0.931989)
50.21117, (2.422336, -1.147341, 1.717498), (-0.049953, -0.357978, -0.050800, 0.931008)
50.22466, (2.392119, -1.153047, 1.688007), (-0.050017, -0.359874, -0.048597, 0.930391)
50.23844, (2.365209, -1.153569, 1.657637), (-0.049012, -0.360755, -0.047088, 0.930181)
50.25253, (2.338245, -1.153507, 1.631798), (-0.049265, -0.363023, -0.046094, 0.929335)
50.26625, (2.309654, -1.153619, 1.606011), (-0.050062, -0.364825, -0.044100, 0.928683)
50.28012, (2.282113, -1.155330, 1.581946), (-0.050882, -0.367504, -0.041964, 0.927680)
50.29398, (2.254288, -1.156508, 1.556032), (-0.051738, -0.369693, -0.039917, 0.926853)
50.30779, (2.228153, -1.154912, 1.530336), (-0.052207, -0.371848, -0.039187, 0.925996)
50.32161, (2.203125, -1.152803, 1.506721), (-0.053685, -0.374168, -0.037882, 0.925031)
50.33549, (2.177877, -1.152920, 1.481385), (-0.054924, -0.376364, -0.036993, 0.924103)
50.34948, (2.154283, -1.152792, 1.457595), (-0.055322, -0.379158, -0.035189, 0.923006)
50.36341, (2.131758, -1.155170, 1.436971), (-0.055732, -0.382442, -0.033056, 0.921705)
50.37718, (2.109645, -1.156961, 1.413493), (-0.055752, -0.384995, -0.031087, 0.920709)
50.39114, (2.088418, -1.156900, 1.393410), (-0.055394, -0.387141, -0.028461, 0.919915)
50.40513, (2.069952, -1.157483, 1.378155), (-0.055179, -0.388926, -0.028269, 0.919180)
50.41902, (2.049555, -1.157295, 1.360262), (-0.056287, -0.389414, -0.027036, 0.918944)
50.43293, (2.032619, -1.157839, 1.348498), (-0.057206, -0.389940, -0.025700, 0.918702)
50.44684, (2.016233, -1.157495, 1.337497), (-0.057486, -0.390168, -0.024382, 0.918624)
50.46095, (2.000910, -1.157519, 1.327423), (-0.057709, -0.390469, -0.023092, 0.918515)
50.47482, (1.985461, -1.158810, 1.316152), (-0.058456, -0.390610, -0.022091, 0.918433)
50.48861, (1.976332, -1.157957, 1.309817), (-0.058374, -0.388650, -0.020867, 0.919298)
50.50252, (1.966549, -1.159476, 1.301372), (-0.058662, -0.387265, -0.019184, 0.919900)
50.51644, (1.959608, -1.161603, 1.296326), (-0.058103, -0.385787, -0.017682, 0.920587)
50.53037, (1.948864, -1.163591, 1.287844), (-0.057975, -0.384804, -0.016278, 0.921032)
50.54428, (1.947487, -1.167618, 1.290965), (-0.055815, -0.380344, -0.016855, 0.923006)
50.55846, (1.944960, -1.170502, 1.292145), (-0.053963, -0.375955, -0.017395, 0.924902)
50.57211, (1.942546, -1.174837, 1.292263), (-0.052243, -0.371402, -0.017479, 0.926836)
50.58604, (1.941523, -1.179304, 1.294716), (-0.050504, -0.365867, -0.016440, 0.929150)
50.5998, (1.943269, -1.184838, 1.301815), (-0.049234, -0.360609, -0.014879, 0.931298)
50.6137, (1.944312, -1.190178, 1.308392), (-0.048068, -0.354286, -0.013232, 0.933807)
50.62762, (1.951427, -1.196208, 1.323025), (-0.045533, -0.345917, -0.012503, 0.937076)
50.64148, (1.957065, -1.205742, 1.335623), (-0.042442, -0.336406, -0.013304, 0.940666)
50.65534, (1.966049, -1.215384, 1.353736), (-0.038414, -0.325996, -0.013718, 0.944491)
50.66922, (1.977272, -1.227825, 1.375500), (-0.033256, -0.313024, -0.014326, 0.949055)
50.68312, (1.994784, -1.245010, 1.399583), (-0.026951, -0.299724, -0.014284, 0.953538)
50.69728, (2.009282, -1.258767, 1.422078), (-0.019996, -0.287152, -0.013580, 0.957580)
50.71164, (2.025304, -1.280177, 1.447519), (-0.011778, -0.272059, -0.012952, 0.962121)
50.72501, (2.042079, -1.304374, 1.474553), (-0.003435, -0.256188, -0.013810, 0.966522)
50.73893, (2.062361, -1.329064, 1.503012), (0.004855, -0.239274, -0.015519, 0.970816)
50.75254, (2.081887, -1.352313, 1.531215), (0.013041, -0.222978, -0.017234, 0.974584)
50.76623, (2.101328, -1.383334, 1.553578), (0.020836, -0.204874, -0.018710, 0.978388)
50.78008, (2.123315, -1.410594, 1.578311), (0.029795, -0.187665, -0.018966, 0.981598)
50.79388, (2.143307, -1.443663, 1.599637), (0.038010, -0.168848, -0.021101, 0.984683)
50.80781, (2.166228, -1.474063, 1.618976), (0.046508, -0.149766, -0.021736, 0.987388)
50.82164, (2.188733, -1.502744, 1.637770), (0.054304, -0.132167, -0.022289, 0.989488)
50.83559, (2.212767, -1.530856, 1.652923), (0.060921, -0.116038, -0.023130, 0.991105)
50.84963, (2.230966, -1.550852, 1.663336), (0.067302, -0.100204, -0.023455, 0.992411)
50.86389, (2.251792, -1.570884, 1.668920), (0.072101, -0.085437, -0.024675, 0.993425)
50.8775, (2.276039, -1.596835, 1.674610), (0.075650, -0.071774, -0.025322, 0.994226)
50.89131, (2.296142, -1.617445, 1.677052), (0.079651, -0.057583, -0.026155, 0.994815)
50.9054, (2.316568, -1.639398, 1.675912), (0.081739, -0.045381, -0.025617, 0.995291)
50.91972, (2.334617, -1.661651, 1.675664), (0.084241, -0.033819, -0.025480, 0.995545)
50.93316, (2.352500, -1.683818, 1.675248), (0.086761, -0.022730, -0.024866, 0.995659)
50.94686, (2.365344, -1.703289, 1.670439), (0.088878, -0.012504, -0.024155, 0.995671)
50.96072, (2.379452, -1.723371, 1.661406), (0.091200, -0.002530, -0.025168, 0.995511)
50.97461, (2.387565, -1.743779, 1.645463), (0.092814, 0.007208, -0.025991, 0.995318)
50.98856, (2.395918, -1.756150, 1.630893), (0.096662, 0.015483, -0.025174, 0.994879)
51.00252, (2.402329, -1.771299, 1.614423), (0.100047, 0.025769, -0.025045, 0.994334)
51.01685, (2.407376, -1.788722, 1.595114), (0.101172, 0.033535, -0.025123, 0.993986)
51.0304, (2.410872, -1.807282, 1.572322), (0.101654, 0.039963, -0.025920, 0.993679)
51.04463, (2.413009, -1.825399, 1.554932), (0.104160, 0.048468, -0.027679, 0.992993)
51.0584, (2.404842, -1.833022, 1.541557), (0.109902, 0.054570, -0.032389, 0.991915)
51.07233, (2.400918, -1.845149, 1.528414), (0.112407, 0.061772, -0.034263, 0.991148)
51.08619, (2.395455, -1.854722, 1.520406), (0.114737, 0.067897, -0.034458, 0.990474)
51.10003, (2.391074, -1.858956, 1.520537), (0.117684, 0.073872, -0.033830, 0.989722)
51.11394, (2.383373, -1.868089, 1.526881), (0.120336, 0.078752, -0.034405, 0.989007)
51.12759, (2.366062, -1.871521, 1.540581), (0.122327, 0.081165, -0.035011, 0.988546)
51.14159, (2.348520, -1.878165, 1.552395), (0.122692, 0.083507, -0.037480, 0.988215)
51.15577, (2.335532, -1.880437, 1.570907), (0.123393, 0.084664, -0.038404, 0.987994)
51.16944, (2.317433, -1.891518, 1.589277), (0.120490, 0.083506, -0.036719, 0.988515)
51.1832, (2.295687, -1.901439, 1.609688), (0.120265, 0.081937, -0.033340, 0.988793)
51.19705, (2.272327, -1.908349, 1.636638), (0.123493, 0.077366, -0.029449, 0.988887)
51.21098, (2.246093, -1.918643, 1.662706), (0.127920, 0.072246, -0.025861, 0.988812)
51.22494, (2.219586, -1.928297, 1.695931), (0.132546, 0.066369, -0.022596, 0.988694)
51.23884, (2.214827, -1.913793, 1.732053), (0.140292, 0.062095, -0.028462, 0.987751)
51.2528, (2.185590, -1.957879, 1.778552), (0.134700, 0.061361, -0.022425, 0.988730)
51.26664, (2.159379, -1.954542, 1.824338), (0.139984, 0.058795, -0.015951, 0.988278)
51.28059, (2.131261, -1.959488, 1.866064), (0.143678, 0.055736, -0.012493, 0.987975)
51.29461, (2.107473, -1.963153, 1.917892), (0.148956, 0.052034, -0.008678, 0.987436)
51.30899, (2.082386, -1.979856, 1.975965), (0.151126, 0.048593, -0.003500, 0.987313)
51.32253, (2.054366, -1.963539, 2.032317), (0.163179, 0.045339, -0.006834, 0.985530)
51.33622, (2.035277, -1.993407, 2.102816), (0.159585, 0.041334, 0.003178, 0.986313)
51.35014, (2.008739, -2.005547, 2.168148), (0.161485, 0.041678, 0.007336, 0.985967)
51.3641, (1.997410, -2.004918, 2.243142), (0.167261, 0.039308, 0.011689, 0.985059)
51.37791, (1.974214, -2.033678, 2.313447), (0.165408, 0.039414, 0.017199, 0.985287)
51.39178, (1.949783, -2.042331, 2.396752), (0.171083, 0.039932, 0.022692, 0.984186)
51.40574, (1.931489, -2.056210, 2.471626), (0.173893, 0.038795, 0.026011, 0.983656)
51.41964, (1.908614, -2.067924, 2.546391), (0.177725, 0.037696, 0.029910, 0.982903)
51.43375, (1.889668, -2.087746, 2.629742), (0.182524, 0.039340, 0.035971, 0.981755)
51.44782, (1.862999, -2.093503, 2.709838), (0.187132, 0.040933, 0.039466, 0.980688)
51.46211, (1.841202, -2.106578, 2.786391), (0.190013, 0.041907, 0.044371, 0.979883)
51.47552, (1.814415, -2.111746, 2.855978), (0.193690, 0.042396, 0.048361, 0.978953)
51.48941, (1.789087, -2.109377, 2.917335), (0.202168, 0.041777, 0.050117, 0.977175)
51.50317, (1.761203, -2.101420, 2.976489), (0.210459, 0.043256, 0.049971, 0.975366)
51.51693, (1.744624, -2.096243, 3.029711), (0.213540, 0.042669, 0.049801, 0.974731)
51.53071, (1.727028, -2.084380, 3.091383), (0.214660, 0.042044, 0.052445, 0.974373)
51.54489, (1.714633, -2.085819, 3.149450), (0.211208, 0.041571, 0.060895, 0.974656)
51.55852, (1.702531, -2.062522, 3.199744), (0.210764, 0.036945, 0.063817, 0.974752)
51.57236, (1.697547, -2.047831, 3.243718), (0.203614, 0.034894, 0.064045, 0.976331)
51.5862, (1.679464, -2.017772, 3.297595), (0.198721, 0.036735, 0.062394, 0.977378)
51.60059, (1.672323, -1.993384, 3.341562), (0.193984, 0.038616, 0.058891, 0.978474)
51.61402, (1.665810, -1.979278, 3.375620), (0.191868, 0.038580, 0.057440, 0.978979)
51.62777, (1.659090, -1.965265, 3.408948), (0.193605, 0.037485, 0.056599, 0.978728)
51.64167, (1.657513, -1.947849, 3.439362), (0.194453, 0.034914, 0.055829, 0.978699)
51.65566, (1.655393, -1.939489, 3.471915), (0.194858, 0.035145, 0.054849, 0.978666)
51.66938, (1.649869, -1.925009, 3.488936), (0.195935, 0.035652, 0.052927, 0.978538)
51.68325, (1.641178, -1.908783, 3.515047), (0.197770, 0.037854, 0.049970, 0.978242)
51.69713, (1.634510, -1.893058, 3.534788), (0.196876, 0.038852, 0.046616, 0.978549)
51.71119, (1.627426, -1.881595, 3.552823), (0.194661, 0.039027, 0.043583, 0.979125)
51.72496, (1.619708, -1.870261, 3.572098), (0.194312, 0.039322, 0.040318, 0.979322)
51.73895, (1.609480, -1.857289, 3.587702), (0.194238, 0.038980, 0.037101, 0.979477)
51.75323, (1.598842, -1.845318, 3.603720), (0.194227, 0.038311, 0.034258, 0.979609)
51.76657, (1.586034, -1.834852, 3.592931), (0.196394, 0.035059, 0.028107, 0.979495)
51.78039, (1.576892, -1.821462, 3.597435), (0.194988, 0.034440, 0.024804, 0.979887)
51.79437, (1.569044, -1.817617, 3.604543), (0.191376, 0.037039, 0.023473, 0.980537)
51.80824, (1.564071, -1.809253, 3.603503), (0.188164, 0.037978, 0.023404, 0.981124)
51.82216, (1.557559, -1.800836, 3.599093), (0.185573, 0.038388, 0.022506, 0.981622)
51.83596, (1.545978, -1.794360, 3.589500), (0.183872, 0.039161, 0.021959, 0.981924)
51.84983, (1.535754, -1.792022, 3.574771), (0.182203, 0.038051, 0.022368, 0.982270)
51.86371, (1.520065, -1.792471, 3.558203), (0.182028, 0.036304, 0.023540, 0.982341)
51.87762, (1.505346, -1.785769, 3.547109), (0.181935, 0.035231, 0.023277, 0.982403)
51.89156, (1.486334, -1.778457, 3.531624), (0.185587, 0.033842, 0.021247, 0.981815)
51.90614, (1.473505, -1.772723, 3.515099), (0.183690, 0.033815, 0.019685, 0.982205)
51.91963, (1.462402, -1.765003, 3.493832), (0.181929, 0.033613, 0.018900, 0.982555)
51.93356, (1.446080, -1.760164, 3.471947), (0.179182, 0.034490, 0.017482, 0.983056)
51.94726, (1.431943, -1.753671, 3.451874), (0.178213, 0.034518, 0.017375, 0.983233)
51.96132, (1.408660, -1.741678, 3.413503), (0.181372, 0.035209, 0.017524, 0.982628)
51.97505, (1.388887, -1.734351, 3.389052), (0.181183, 0.035211, 0.016758, 0.982676)
51.98903, (1.374609, -1.724128, 3.361831), (0.177889, 0.035037, 0.017192, 0.983276)
52.00294, (1.355404, -1.715684, 3.331402), (0.173129, 0.034887, 0.017384, 0.984128)
52.01679, (1.335937, -1.706123, 3.299112), (0.170904, 0.034617, 0.017832, 0.984518)
52.03086, (1.309513, -1.695856, 3.267433), (0.169417, 0.035769, 0.016605, 0.984755)
52.04503, (1.284140, -1.689796, 3.235234), (0.165711, 0.035721, 0.016106, 0.985396)
52.05831, (1.258922, -1.680321, 3.202971), (0.162215, 0.035375, 0.014928, 0.986008)
52.07197, (1.231298, -1.671008, 3.168727), (0.158146, 0.034708, 0.013578, 0.986712)
52.08597, (1.201318, -1.665460, 3.134083), (0.152464, 0.032238, 0.013910, 0.987685)
52.09989, (1.174209, -1.662129, 3.102655), (0.148408, 0.029980, 0.013706, 0.988377)
52.11382, (1.140548, -1.657423, 3.072186), (0.145164, 0.028965, 0.013364, 0.988893)
52.12764, (1.109914, -1.652216, 3.040353), (0.141859, 0.027139, 0.013027, 0.989429)
52.14153, (1.075109, -1.651639, 3.006169), (0.135758, 0.025911, 0.013947, 0.990305)
52.15546, (1.038506, -1.643898, 2.975528), (0.131479, 0.024042, 0.014246, 0.990925)
52.16985, (1.002233, -1.641935, 2.941226), (0.126193, 0.023997, 0.013981, 0.991617)
52.18334, (0.969793, -1.637795, 2.908843), (0.122094, 0.022982, 0.013835, 0.992156)
52.19715, (0.917877, -1.604173, 2.872053), (0.124016, 0.024997, 0.019742, 0.991769)
52.21099, (0.896116, -1.611369, 2.850682), (0.117802, 0.019398, 0.019487, 0.992656)
52.22507, (0.850965, -1.630181, 2.833156), (0.105452, 0.015156, 0.015272, 0.994192)
52.23888, (0.783810, -1.605625, 2.808742), (0.102954, 0.014429, 0.015767, 0.994457)
52.25292, (0.739411, -1.598911, 2.781271), (0.096479, 0.012597, 0.018721, 0.995079)
52.26662, (0.688309, -1.606610, 2.752860), (0.089990, 0.011875, 0.017722, 0.995714)
52.28079, (0.639938, -1.601112, 2.731415), (0.086582, 0.010136, 0.018131, 0.996028)
52.2948, (0.595869, -1.600497, 2.708560), (0.082204, 0.008474, 0.016286, 0.996446)
52.3084, (0.543962, -1.599044, 2.683217), (0.078885, 0.008217, 0.016111, 0.996720)
52.32277, (0.503160, -1.589541, 2.657190), (0.076343, 0.008327, 0.016665, 0.996908)
52.33611, (0.445720, -1.599891, 2.640829), (0.071093, 0.008739, 0.015137, 0.997317)
52.34988, (0.394478, -1.593530, 2.618126), (0.069415, 0.009480, 0.015856, 0.997417)
52.36386, (0.343673, -1.593843, 2.597564), (0.067431, 0.010573, 0.014957, 0.997556)
52.37764, (0.292086, -1.600405, 2.577956), (0.064022, 0.011681, 0.014088, 0.997781)
52.39154, (0.236179, -1.599473, 2.559064), (0.061517, 0.013267, 0.013048, 0.997933)
52.40543, (0.182291, -1.598133, 2.544864), (0.058569, 0.013615, 0.013569, 0.998098)
52.41924, (0.127242, -1.598989, 2.530641), (0.055082, 0.013867, 0.013660, 0.998292)
52.43344, (0.072352, -1.603392, 2.511116), (0.052508, 0.014590, 0.013087, 0.998428)
52.44744, (0.017909, -1.607418, 2.498628), (0.052395, 0.016732, 0.012648, 0.998406)
52.46104, (-0.037134, -1.611873, 2.485949), (0.051762, 0.018823, 0.012065, 0.998409)
52.47485, (-0.092363, -1.617681, 2.476580), (0.051076, 0.021476, 0.011751, 0.998395)
52.4888, (-0.149306, -1.621594, 2.468161), (0.050454, 0.023811, 0.011563, 0.998376)
52.50272, (-0.205165, -1.626161, 2.459471), (0.049269, 0.025300, 0.010968, 0.998405)
52.51651, (-0.262364, -1.629437, 2.452388), (0.050075, 0.027626, 0.010945, 0.998303)
52.53044, (-0.318070, -1.635498, 2.445735), (0.050932, 0.030442, 0.010452, 0.998183)
52.5443, (-0.374059, -1.641695, 2.442495), (0.052062, 0.033499, 0.009985, 0.998032)
52.55829, (-0.431476, -1.648024, 2.439931), (0.053998, 0.036777, 0.009329, 0.997820)
52.57241, (-0.487757, -1.652678, 2.439939), (0.055560, 0.040058, 0.007695, 0.997622)
52.58609, (-0.541881, -1.656574, 2.442287), (0.055718, 0.043180, 0.006692, 0.997490)
52.59993, (-0.598564, -1.659576, 2.443781), (0.054923, 0.046250, 0.006754, 0.997396)
52.61437, (-0.653226, -1.658968, 2.450358), (0.055692, 0.048346, 0.007190, 0.997251)
52.62779, (-0.710541, -1.661317, 2.455949), (0.055712, 0.051537, 0.007081, 0.997091)
52.64159, (-0.764557, -1.664062, 2.463040), (0.053417, 0.054724, 0.007208, 0.997046)
52.6555, (-0.816783, -1.664041, 2.469788), (0.051223, 0.058096, 0.008246, 0.996962)
52.6694, (-0.871233, -1.668279, 2.474910), (0.047781, 0.062413, 0.008850, 0.996867)
52.68335, (-0.924188, -1.671647, 2.481747), (0.046283, 0.066047, 0.009684, 0.996696)
52.69719, (-0.975691, -1.676736, 2.488502), (0.046129, 0.069975, 0.010084, 0.996431)
52.71114, (-1.027191, -1.685017, 2.494673), (0.045192, 0.074910, 0.009766, 0.996118)
52.72509, (-1.073939, -1.689239, 2.504269), (0.045292, 0.079153, 0.010139, 0.995781)
52.73888, (-1.119599, -1.695775, 2.512486), (0.044040, 0.082596, 0.011123, 0.995547)
52.75276, (-1.167917, -1.699523, 2.525138), (0.043102, 0.086690, 0.013228, 0.995215)
52.76722, (-1.211048, -1.702797, 2.538522), (0.041887, 0.090270, 0.014444, 0.994931)
52.78061, (-1.254433, -1.707717, 2.550012), (0.040653, 0.094401, 0.015591, 0.994582)
52.79451, (-1.298106, -1.712941, 2.560732), (0.040627, 0.099314, 0.016690, 0.994086)
52.80825, (-1.339507, -1.717656, 2.576198), (0.042370, 0.104359, 0.016974, 0.993492)
52.82199, (-1.380019, -1.724327, 2.593318), (0.043520, 0.108792, 0.017067, 0.992965)
52.83624, (-1.419336, -1.728915, 2.608753), (0.043891, 0.112765, 0.016997, 0.992506)
52.84984, (-1.461946, -1.731458, 2.623899), (0.044278, 0.117654, 0.017955, 0.991905)
52.8671, (-1.494557, -1.734618, 2.640563), (0.044102, 0.121160, 0.018284, 0.991484)
52.88093, (-1.530485, -1.736597, 2.655791), (0.043815, 0.126093, 0.019142, 0.990866)
52.89465, (-1.564056, -1.737341, 2.672063), (0.044701, 0.131738, 0.019023, 0.990094)
52.9178, (-1.597652, -1.742026, 2.688002), (0.045142, 0.137228, 0.019477, 0.989319)
52.93559, (-1.631197, -1.744089, 2.705517), (0.043821, 0.142005, 0.019336, 0.988707)
52.94766, (-1.698719, -1.747984, 2.736992), (0.042744, 0.150630, 0.020386, 0.987455)
52.96045, (-1.731639, -1.747451, 2.751411), (0.042876, 0.155406, 0.020724, 0.986702)
52.97451, (-1.760026, -1.749889, 2.764916), (0.042687, 0.159405, 0.020475, 0.986077)
52.98819, (-1.789792, -1.754197, 2.778445), (0.041448, 0.164218, 0.020589, 0.985338)
53.00224, (-1.816921, -1.753733, 2.796513), (0.040927, 0.168334, 0.022219, 0.984629)
53.01618, (-1.844456, -1.752325, 2.814517), (0.040437, 0.172126, 0.024136, 0.983949)
53.02995, (-1.871580, -1.753602, 2.832309), (0.039493, 0.174610, 0.026339, 0.983493)
53.04419, (-1.901805, -1.757659, 2.847814), (0.037812, 0.177902, 0.026876, 0.982954)
53.05777, (-1.927288, -1.757675, 2.865119), (0.038127, 0.180240, 0.026452, 0.982528)
53.0718, (-1.954426, -1.757624, 2.883212), (0.037608, 0.183080, 0.026383, 0.982024)
53.08566, (-1.974028, -1.754922, 2.902442), (0.036329, 0.184529, 0.027075, 0.981782)
53.0994, (-1.998699, -1.752584, 2.919739), (0.034923, 0.187633, 0.027611, 0.981230)
53.11352, (-2.019812, -1.753432, 2.937184), (0.033935, 0.189227, 0.027976, 0.980948)
53.12737, (-2.042806, -1.757052, 2.954624), (0.032477, 0.191819, 0.027683, 0.980502)
53.14103, (-2.062728, -1.756181, 2.974595), (0.032085, 0.193553, 0.027832, 0.980170)
53.15505, (-2.080963, -1.755925, 2.993151), (0.031988, 0.195271, 0.028395, 0.979816)
53.1692, (-2.096654, -1.756777, 3.011386), (0.031947, 0.196473, 0.029018, 0.979559)
53.18302, (-2.112042, -1.756731, 3.028750), (0.031275, 0.197988, 0.029902, 0.979249)
53.19689, (-2.124787, -1.756258, 3.048062), (0.030728, 0.199442, 0.030903, 0.978940)
53.21073, (-2.138160, -1.756749, 3.066978), (0.030254, 0.201803, 0.030971, 0.978469)
53.22472, (-2.148791, -1.755843, 3.085927), (0.031051, 0.203771, 0.030289, 0.978057)
53.23841, (-2.162501, -1.756305, 3.102709), (0.031161, 0.205493, 0.030151, 0.977698)
53.25209, (-2.171957, -1.756972, 3.117207), (0.031345, 0.207700, 0.029861, 0.977234)
53.26628, (-2.180244, -1.755456, 3.135500), (0.031741, 0.209805, 0.029802, 0.976773)
53.27987, (-2.186835, -1.754657, 3.152902), (0.031612, 0.212345, 0.030151, 0.976218)
53.29376, (-2.197887, -1.754415, 3.169658), (0.031523, 0.214466, 0.030290, 0.975753)
53.30769, (-2.197257, -1.755320, 3.180795), (0.033587, 0.219590, 0.028524, 0.974597)
53.32167, (-2.199764, -1.755464, 3.192857), (0.035717, 0.223715, 0.027211, 0.973620)
53.33556, (-2.202148, -1.756259, 3.205593), (0.036019, 0.226676, 0.026532, 0.972942)
53.34966, (-2.203176, -1.754676, 3.219239), (0.036918, 0.229318, 0.027183, 0.972271)
53.36328, (-2.204685, -1.756302, 3.231218), (0.037015, 0.231586, 0.027526, 0.971720)
53.37711, (-2.206828, -1.756291, 3.243574), (0.037611, 0.233974, 0.028031, 0.971111)
53.39105, (-2.204825, -1.759189, 3.253274), (0.038825, 0.235505, 0.028354, 0.970683)
53.4052, (-2.202232, -1.759248, 3.263502), (0.040262, 0.236952, 0.028698, 0.970262)
53.41881, (-2.199037, -1.759888, 3.274028), (0.040643, 0.237901, 0.029332, 0.969995)
53.43277, (-2.194701, -1.758870, 3.285910), (0.040927, 0.237472, 0.030760, 0.970044)
53.44665, (-2.189769, -1.758949, 3.295725), (0.040438, 0.237017, 0.031481, 0.970153)
53.46076, (-2.184542, -1.760141, 3.301600), (0.039894, 0.237098, 0.031321, 0.970161)
53.47472, (-2.177234, -1.763195, 3.304104), (0.039233, 0.237449, 0.029485, 0.970160)
53.48877, (-2.168892, -1.764592, 3.307633), (0.039917, 0.238294, 0.026819, 0.970002)
53.50237, (-2.163158, -1.766049, 3.313261), (0.039915, 0.239449, 0.025531, 0.969752)
53.51614, (-2.151614, -1.765088, 3.317399), (0.039994, 0.240212, 0.024911, 0.969576)
53.53008, (-2.144501, -1.764930, 3.319920), (0.040234, 0.241155, 0.024270, 0.969349)
53.54406, (-2.135634, -1.766292, 3.320803), (0.040580, 0.241477, 0.023780, 0.969266)
53.55803, (-2.126542, -1.767601, 3.318593), (0.040986, 0.242435, 0.023611, 0.969014)
53.57196, (-2.116495, -1.769089, 3.316312), (0.040836, 0.243757, 0.022795, 0.968708)
53.58583, (-2.105748, -1.770705, 3.314261), (0.041154, 0.245613, 0.022230, 0.968239)
53.59968, (-2.094903, -1.772732, 3.312268), (0.041867, 0.247183, 0.021749, 0.967820)
53.61361, (-2.081900, -1.774223, 3.309249), (0.043137, 0.248005, 0.020657, 0.967578)
53.62781, (-2.067890, -1.775429, 3.302739), (0.044160, 0.248739, 0.019881, 0.967359)
53.6413, (-2.050984, -1.775701, 3.293676), (0.044694, 0.249710, 0.019501, 0.967092)
53.65499, (-2.033899, -1.776042, 3.283872), (0.044861, 0.251112, 0.019564, 0.966720)
53.66897, (-2.016284, -1.777319, 3.275809), (0.044995, 0.252340, 0.019188, 0.966402)
53.6828, (-1.993092, -1.778790, 3.266366), (0.044996, 0.253031, 0.017292, 0.966257)
53.69662, (-1.967792, -1.780381, 3.252725), (0.044416, 0.253969, 0.015826, 0.966062)
53.71057, (-1.948695, -1.781564, 3.243622), (0.044598, 0.254988, 0.014966, 0.965799)
53.72458, (-1.911768, -1.784739, 3.218603), (0.044337, 0.256578, 0.013050, 0.965418)
53.73842, (-1.881245, -1.785415, 3.201096), (0.043441, 0.258309, 0.010838, 0.965024)
53.75233, (-1.847432, -1.785153, 3.182533), (0.043086, 0.260341, 0.007387, 0.964527)
53.76625, (-1.814398, -1.787093, 3.162581), (0.042652, 0.262339, 0.003682, 0.964026)
53.78073, (-1.779623, -1.791192, 3.138685), (0.042640, 0.264682, -0.000536, 0.963393)
53.79425, (-1.738759, -1.790304, 3.112179), (0.043054, 0.267600, -0.005299, 0.962553)
53.80803, (-1.702168, -1.793466, 3.086487), (0.042216, 0.271171, -0.008469, 0.961568)
53.8219, (-1.656939, -1.796143, 3.060908), (0.040652, 0.275123, -0.011925, 0.960475)
53.83584, (-1.616934, -1.796337, 3.035167), (0.039822, 0.279862, -0.015247, 0.959093)
53.84973, (-1.574438, -1.793184, 3.007128), (0.039440, 0.283904, -0.018438, 0.957864)
53.8637, (-1.531666, -1.788119, 2.977068), (0.038704, 0.288744, -0.022438, 0.956361)
53.87766, (-1.492813, -1.782646, 2.947460), (0.037836, 0.294538, -0.025453, 0.954551)
53.8916, (-1.449590, -1.780159, 2.913216), (0.036185, 0.300403, -0.028373, 0.952703)
53.90536, (-1.409270, -1.775244, 2.879879), (0.034472, 0.307245, -0.031977, 0.950468)
53.9193, (-1.372563, -1.772482, 2.845117), (0.033363, 0.314980, -0.034333, 0.947890)
53.93389, (-1.336125, -1.768565, 2.810705), (0.032854, 0.322360, -0.035980, 0.945363)
53.94725, (-1.300614, -1.766796, 2.775284), (0.032778, 0.328452, -0.036248, 0.943256)
53.961, (-1.271958, -1.768358, 2.740805), (0.032413, 0.335048, -0.035927, 0.940958)
53.97504, (-1.240008, -1.765604, 2.706555), (0.033014, 0.340727, -0.037067, 0.938851)
53.98911, (-1.209487, -1.767783, 2.671158), (0.033424, 0.345588, -0.037502, 0.937041)
54.0029, (-1.178427, -1.767918, 2.640187), (0.034085, 0.350575, -0.038845, 0.935108)
54.01724, (-1.145419, -1.770872, 2.610724), (0.033571, 0.354066, -0.040596, 0.933736)
54.03086, (-1.113697, -1.778396, 2.580951), (0.032393, 0.357782, -0.042466, 0.932276)
54.04507, (-1.081195, -1.782031, 2.553761), (0.033679, 0.360735, -0.044008, 0.931021)
54.05911, (-1.047807, -1.787263, 2.528507), (0.035665, 0.363868, -0.045403, 0.929660)
54.07312, (-1.011765, -1.794786, 2.506427), (0.036615, 0.366121, -0.046147, 0.928701)
54.08698, (-0.977087, -1.801566, 2.487831), (0.038676, 0.367814, -0.047065, 0.927902)
54.10061, (-0.940667, -1.809409, 2.465674), (0.039902, 0.369783, -0.048806, 0.926977)
54.11464, (-0.897360, -1.816473, 2.450537), (0.041480, 0.369627, -0.048682, 0.926977)
54.12859, (-0.846210, -1.820068, 2.435220), (0.044107, 0.369627, -0.049239, 0.926826)
54.14237, (-0.796174, -1.828790, 2.424469), (0.045701, 0.369873, -0.049954, 0.926612)
54.15622, (-0.744131, -1.836069, 2.415920), (0.047598, 0.369549, -0.051197, 0.926578)
54.17001, (-0.688508, -1.838090, 2.410043), (0.049979, 0.369044, -0.053610, 0.926518)
54.18397, (-0.630516, -1.840320, 2.401134), (0.051681, 0.368523, -0.056768, 0.926443)
54.19786, (-0.573282, -1.839399, 2.399492), (0.052280, 0.368929, -0.060679, 0.926000)
54.21223, (-0.512033, -1.836336, 2.396445), (0.053079, 0.368809, -0.063817, 0.925791)
54.22584, (-0.449666, -1.836216, 2.397613), (0.052480, 0.369540, -0.066054, 0.925377)
54.23981, (-0.384768, -1.835445, 2.397814), (0.052353, 0.370058, -0.068709, 0.924984)
54.25365, (-0.316223, -1.836439, 2.399972), (0.052580, 0.369233, -0.070454, 0.925170)
54.26758, (-0.249107, -1.837518, 2.406158), (0.052870, 0.367235, -0.072774, 0.925768)
54.2815, (-0.180705, -1.838031, 2.413655), (0.053367, 0.364561, -0.075168, 0.926605)
54.29535, (-0.106822, -1.841425, 2.422405), (0.053628, 0.360916, -0.076075, 0.927942)
54.30927, (-0.033005, -1.844879, 2.432661), (0.054972, 0.356487, -0.076454, 0.929543)
54.32325, (0.040817, -1.851282, 2.449238), (0.055923, 0.349297, -0.076823, 0.932182)
54.33712, (0.121460, -1.866177, 2.469125), (0.054301, 0.339553, -0.078428, 0.935737)
54.35116, (0.203824, -1.880083, 2.491809), (0.053615, 0.330324, -0.080494, 0.938900)
54.36562, (0.284236, -1.905009, 2.514214), (0.052972, 0.322351, -0.081375, 0.941627)
54.37886, (0.377231, -1.928504, 2.539608), (0.055597, 0.312642, -0.083595, 0.944551)
54.39291, (0.463801, -1.954994, 2.572108), (0.056808, 0.302912, -0.086348, 0.947397)
54.40686, (0.552043, -1.981590, 2.604442), (0.056570, 0.291643, -0.087335, 0.950851)
54.42043, (0.649331, -1.999683, 2.649114), (0.057261, 0.275858, -0.088237, 0.955425)
54.43451, (0.740739, -2.029271, 2.683852), (0.056508, 0.258088, -0.088116, 0.960434)
54.44807, (0.829127, -2.055364, 2.719954), (0.060375, 0.238633, -0.088742, 0.965160)
54.46181, (0.914001, -2.080225, 2.751638), (0.063884, 0.220274, -0.092491, 0.968939)
54.47568, (1.001633, -2.105027, 2.786666), (0.066716, 0.203711, -0.096078, 0.972018)
54.48955, (1.095239, -2.130288, 2.819092), (0.069116, 0.186423, -0.098943, 0.975028)
54.5039, (1.184748, -2.149004, 2.850335), (0.071760, 0.169399, -0.101693, 0.977657)
54.5174, (1.274123, -2.157273, 2.884264), (0.074621, 0.154165, -0.103039, 0.979820)
54.53109, (1.362171, -2.175272, 2.915248), (0.075631, 0.138786, -0.102893, 0.982055)
54.54504, (1.455293, -2.173246, 2.951169), (0.077158, 0.124665, -0.101929, 0.983929)
54.55883, (1.542440, -2.178080, 2.979415), (0.078426, 0.110557, -0.100755, 0.985634)
54.57267, (1.628146, -2.185477, 3.006782), (0.079284, 0.097707, -0.101601, 0.986836)
54.58657, (1.710419, -2.186854, 3.046296), (0.079403, 0.085428, -0.102616, 0.987860)
54.6004, (1.794252, -2.188849, 3.083019), (0.078563, 0.073414, -0.104816, 0.988662)
54.61427, (1.875860, -2.185539, 3.116895), (0.078218, 0.062219, -0.105961, 0.989335)
54.62812, (1.957493, -2.179173, 3.148319), (0.079122, 0.051414, -0.108039, 0.989659)
54.64203, (2.032251, -2.173505, 3.174301), (0.078175, 0.042882, -0.112225, 0.989674)
54.65639, (2.108206, -2.163026, 3.205507), (0.076207, 0.035074, -0.114273, 0.989901)
54.66983, (2.185645, -2.148831, 3.239695), (0.075407, 0.027537, -0.114796, 0.990140)
54.68348, (2.255440, -2.135754, 3.269907), (0.074280, 0.021907, -0.112640, 0.990613)
54.69741, (2.325290, -2.127440, 3.291515), (0.073658, 0.015002, -0.111132, 0.990959)
54.71125, (2.388493, -2.117333, 3.309755), (0.075075, 0.007421, -0.110850, 0.990970)
54.72512, (2.447960, -2.107371, 3.327130), (0.076203, -0.001406, -0.110268, 0.990975)
54.73895, (2.497916, -2.095194, 3.339576), (0.076607, -0.008754, -0.110825, 0.990844)
54.75285, (2.551023, -2.082529, 3.355574), (0.077238, -0.016631, -0.109697, 0.990820)
54.76668, (2.595925, -2.069211, 3.362448), (0.076867, -0.023409, -0.110886, 0.990580)
54.78061, (2.643981, -2.059517, 3.370417), (0.077477, -0.029036, -0.111863, 0.990273)
54.79444, (2.695340, -2.048545, 3.382549), (0.077628, -0.035842, -0.112280, 0.989991)
54.80896, (2.731421, -2.032059, 3.382938), (0.074729, -0.038298, -0.111104, 0.990255)
54.82221, (2.767996, -2.016648, 3.388365), (0.072690, -0.043301, -0.109941, 0.990330)
54.83595, (2.808917, -2.005544, 3.394815), (0.070834, -0.048529, -0.110173, 0.990197)
54.8499, (2.836535, -1.999013, 3.390922), (0.068420, -0.049729, -0.112574, 0.990037)
54.86389, (2.865411, -1.986794, 3.389750), (0.068270, -0.049630, -0.112772, 0.990030)
54.87772, (2.891016, -1.974022, 3.384588), (0.068165, -0.049208, -0.112334, 0.990108)
54.89157, (2.911229, -1.959546, 3.380365), (0.068021, -0.048817, -0.111323, 0.990251)
54.90554, (2.925006, -1.947912, 3.376789), (0.066144, -0.049317, -0.108672, 0.990648)
54.91943, (2.937149, -1.932123, 3.372724), (0.065480, -0.050227, -0.106268, 0.990907)
54.93333, (2.944138, -1.917846, 3.366378), (0.065360, -0.052254, -0.102305, 0.991227)
54.94735, (2.941074, -1.905749, 3.353988), (0.065909, -0.053475, -0.096169, 0.991740)
54.96156, (2.944329, -1.887810, 3.343191), (0.068116, -0.055466, -0.089519, 0.992104)
54.97488, (2.949458, -1.872913, 3.334097), (0.068725, -0.056748, -0.085471, 0.992346)
54.98875, (2.943406, -1.853219, 3.319176), (0.069899, -0.059856, -0.075212, 0.992912)
55.00269, (2.938044, -1.835470, 3.307815), (0.071502, -0.062875, -0.067188, 0.993187)
55.01659, (2.923955, -1.816496, 3.298068), (0.071827, -0.069798, -0.055766, 0.993408)
55.03049, (2.915499, -1.794940, 3.281615), (0.074183, -0.072385, -0.048677, 0.993422)
55.04443, (2.916794, -1.775788, 3.267126), (0.075835, -0.076339, -0.043471, 0.993243)
55.0584, (2.908639, -1.753073, 3.251499), (0.074902, -0.078068, -0.037607, 0.993419)
55.07242, (2.899423, -1.730596, 3.236811), (0.073156, -0.079734, -0.031748, 0.993621)
55.0862, (2.888275, -1.712530, 3.221202), (0.072394, -0.081219, -0.026252, 0.993717)
55.10006, (2.881474, -1.692121, 3.206521), (0.072312, -0.083531, -0.020361, 0.993670)
55.11394, (2.874346, -1.680361, 3.183585), (0.073755, -0.086970, -0.015450, 0.993357)
55.12785, (2.864896, -1.661990, 3.161986), (0.075524, -0.089292, -0.008328, 0.993103)
55.14193, (2.856111, -1.647587, 3.143333), (0.074981, -0.092391, -0.002396, 0.992893)
55.15579, (2.842296, -1.627146, 3.125854), (0.074791, -0.094539, 0.003634, 0.992701)
55.16973, (2.831895, -1.612086, 3.105769), (0.072556, -0.097669, 0.009654, 0.992524)
55.18356, (2.822921, -1.594086, 3.086471), (0.072141, -0.100907, 0.016112, 0.992146)
55.19756, (2.812751, -1.577251, 3.066416), (0.071515, -0.103732, 0.022445, 0.991777)
55.21141, (2.801607, -1.569159, 3.047869), (0.069572, -0.106538, 0.027907, 0.991479)
55.22544, (2.789235, -1.559166, 3.031551), (0.067582, -0.109967, 0.033598, 0.991066)
55.23926, (2.780747, -1.553451, 3.016728), (0.064683, -0.114002, 0.038630, 0.990620)
55.25317, (2.769905, -1.545376, 2.999070), (0.063254, -0.117693, 0.043474, 0.990080)
55.26757, (2.758694, -1.537708, 2.980339), (0.061986, -0.120902, 0.047672, 0.989580)
55.28133, (2.747697, -1.534665, 2.963412), (0.059703, -0.124368, 0.050811, 0.989134)
55.29524, (2.734057, -1.538632, 2.945117), (0.057578, -0.126217, 0.051852, 0.988972)
55.30907, (2.720400, -1.542182, 2.924056), (0.056904, -0.127725, 0.053410, 0.988734)
55.32289, (2.706419, -1.546232, 2.905091), (0.057370, -0.128886, 0.055135, 0.988462)
55.3368, (2.692348, -1.553617, 2.887962), (0.057905, -0.130710, 0.056306, 0.988125)
55.35069, (2.674661, -1.557566, 2.865588), (0.059801, -0.131619, 0.058426, 0.987769)
55.36444, (2.659498, -1.564796, 2.840147), (0.060509, -0.132511, 0.061392, 0.987426)
55.37855, (2.643044, -1.570640, 2.815865), (0.061813, -0.133470, 0.065217, 0.986971)
55.39241, (2.624605, -1.585639, 2.783474), (0.062987, -0.133310, 0.070350, 0.986566)
55.40643, (2.606789, -1.597847, 2.753706), (0.065544, -0.133787, 0.074002, 0.986067)
55.42014, (2.590553, -1.611824, 2.719757), (0.068772, -0.134558, 0.077559, 0.985469)
55.43399, (2.576866, -1.626414, 2.687727), (0.069747, -0.136313, 0.081549, 0.984837)
55.44796, (2.563863, -1.634326, 2.641694), (0.075979, -0.137247, 0.086228, 0.983847)
55.46189, (2.549614, -1.640352, 2.601362), (0.078233, -0.138589, 0.090759, 0.983075)
55.47588, (2.537453, -1.647575, 2.563496), (0.077063, -0.140768, 0.095446, 0.982413)
55.48976, (2.524135, -1.655611, 2.527030), (0.075798, -0.143495, 0.099780, 0.981686)
55.50371, (2.516809, -1.665285, 2.488747), (0.074379, -0.146308, 0.103211, 0.981025)
55.51762, (2.512392, -1.674740, 2.447303), (0.074091, -0.147782, 0.105296, 0.980604)
55.53186, (2.513418, -1.684235, 2.407234), (0.074399, -0.147034, 0.104703, 0.980756)
55.54568, (2.515704, -1.687684, 2.367473), (0.075618, -0.144692, 0.103399, 0.981150)
55.55954, (2.521245, -1.693946, 2.329235), (0.076559, -0.141575, 0.102988, 0.981575)
55.57328, (2.524209, -1.702664, 2.294519), (0.076467, -0.138911, 0.103443, 0.981915)
55.58736, (2.532066, -1.711047, 2.259429), (0.075857, -0.136060, 0.103738, 0.982330)
55.60125, (2.540378, -1.716241, 2.226754), (0.074449, -0.132044, 0.104284, 0.982928)
55.61525, (2.552036, -1.719083, 2.194079), (0.074122, -0.128299, 0.104882, 0.983385)
55.62902, (2.566105, -1.723260, 2.163676), (0.075438, -0.123459, 0.105348, 0.983854)
55.64294, (2.576794, -1.732175, 2.136007), (0.076165, -0.119586, 0.105254, 0.984286)
55.65683, (2.590873, -1.743970, 2.111045), (0.076071, -0.117372, 0.104704, 0.984619)
55.67084, (2.606608, -1.752288, 2.087810), (0.075988, -0.114789, 0.103711, 0.985035)
55.68462, (2.622082, -1.757662, 2.065537), (0.077094, -0.111274, 0.103190, 0.985407)
55.69857, (2.643604, -1.758182, 2.046021), (0.078823, -0.106818, 0.099515, 0.986141)
55.71246, (2.663520, -1.761312, 2.029344), (0.080687, -0.103726, 0.097348, 0.986536)
55.72636, (2.675016, -1.769937, 2.017608), (0.080503, -0.100448, 0.096189, 0.987004)
55.7403, (2.697324, -1.778535, 2.006038), (0.079872, -0.099025, 0.094586, 0.987354)
55.75429, (2.718605, -1.781930, 1.994756), (0.079589, -0.095993, 0.093446, 0.987785)
55.76822, (2.741137, -1.784065, 1.985220), (0.080137, -0.091748, 0.091056, 0.988367)
55.78188, (2.767207, -1.785870, 1.978321), (0.080160, -0.086706, 0.088478, 0.989054)
55.79583, (2.798824, -1.790764, 1.971518), (0.079345, -0.081774, 0.086268, 0.989735)
55.81008, (2.833929, -1.794984, 1.964763), (0.078678, -0.076494, 0.085176, 0.990305)
55.82359, (2.870418, -1.802881, 1.959015), (0.078638, -0.071362, 0.083344, 0.990847)
55.83739, (2.908474, -1.811378, 1.958482), (0.078758, -0.066162, 0.081990, 0.991311)
55.85094, (2.951515, -1.816516, 1.959592), (0.080084, -0.061458, 0.080758, 0.991609)
55.86493, (2.999826, -1.821069, 1.962464), (0.081008, -0.055450, 0.079719, 0.991972)
55.87883, (3.045976, -1.823421, 1.967471), (0.080715, -0.049917, 0.079381, 0.992317)
55.89316, (3.093126, -1.824501, 1.977676), (0.079639, -0.045803, 0.078604, 0.992664)
55.90681, (3.136688, -1.825244, 1.988920), (0.078155, -0.042214, 0.077066, 0.993061)
55.92052, (3.181173, -1.826552, 1.998153), (0.075732, -0.038598, 0.076610, 0.993431)
55.93471, (3.231819, -1.823574, 2.019626), (0.070290, -0.034696, 0.075835, 0.994035)
55.94831, (3.282026, -1.826963, 2.036360), (0.066923, -0.030230, 0.074263, 0.994531)
55.96227, (3.332161, -1.834742, 2.056552), (0.062978, -0.026499, 0.071471, 0.995100)
55.97609, (3.381772, -1.835554, 2.086025), (0.061618, -0.025463, 0.068615, 0.995413)
55.98987, (3.425012, -1.842425, 2.114221), (0.060438, -0.023295, 0.065407, 0.995754)
56.00381, (3.474787, -1.843573, 2.149962), (0.059423, -0.022959, 0.063107, 0.995972)
56.0177, (3.524282, -1.845083, 2.187635), (0.058185, -0.021804, 0.061484, 0.996172)
56.03153, (3.572630, -1.847991, 2.215475), (0.056485, -0.019274, 0.059522, 0.996441)
56.04565, (3.625869, -1.856349, 2.270444), (0.057512, -0.019968, 0.058407, 0.996435)
56.05937, (3.673418, -1.863699, 2.318955), (0.058971, -0.018848, 0.056029, 0.996508)
56.07326, (3.721435, -1.868017, 2.377619), (0.061275, -0.018422, 0.052356, 0.996577)
56.087, (3.765482, -1.864343, 2.433349), (0.062035, -0.017956, 0.048557, 0.996730)
56.10089, (3.809828, -1.860880, 2.491117), (0.061626, -0.019595, 0.046436, 0.996826)
56.11481, (3.849801, -1.855345, 2.550711), (0.058865, -0.021418, 0.042878, 0.997115)
56.12894, (3.888493, -1.849090, 2.608219), (0.056648, -0.022771, 0.039959, 0.997334)
56.1431, (3.910946, -1.837339, 2.652858), (0.058479, -0.024290, 0.040939, 0.997153)
56.15654, (3.932504, -1.813309, 2.681654), (0.066124, -0.024946, 0.040397, 0.996681)
56.17054, (3.961786, -1.799271, 2.723267), (0.068732, -0.025003, 0.039551, 0.996537)
56.18479, (3.959244, -1.751050, 2.729977), (0.072779, -0.026482, 0.042494, 0.996091)
56.1981, (3.977679, -1.728773, 2.762044), (0.070918, -0.028037, 0.042560, 0.996179)
56.21197, (3.982204, -1.693789, 2.800477), (0.052358, -0.035760, 0.046099, 0.996923)
56.22597, (3.991893, -1.663780, 2.832672), (0.040065, -0.039900, 0.048012, 0.997245)
56.23972, (4.005774, -1.633821, 2.864438), (0.027309, -0.043937, 0.052219, 0.997295)
56.25346, (4.020347, -1.609927, 2.896239), (0.020678, -0.046229, 0.052992, 0.997310)
56.26704, (4.034416, -1.594716, 2.927476), (0.018117, -0.049632, 0.055148, 0.997079)
56.28107, (4.051823, -1.593523, 2.949382), (0.021108, -0.052359, 0.056382, 0.996812)
56.29474, (4.070507, -1.591382, 2.968626), (0.022347, -0.053635, 0.056872, 0.996689)
56.30857, (4.092885, -1.584257, 2.989538), (0.023727, -0.053760, 0.056697, 0.996661)
56.32274, (4.114117, -1.563673, 3.010171), (0.027810, -0.052569, 0.058732, 0.996501)
56.33627, (4.127875, -1.544538, 3.032691), (0.028868, -0.052191, 0.061768, 0.996307)
56.35022, (4.138114, -1.532555, 3.056370), (0.027730, -0.053734, 0.064991, 0.996052)
56.36406, (4.149468, -1.525323, 3.077633), (0.023540, -0.057045, 0.065573, 0.995938)
56.37795, (4.160874, -1.515266, 3.089437), (0.021211, -0.058125, 0.065371, 0.995941)
56.39172, (4.172579, -1.501110, 3.100126), (0.019143, -0.058271, 0.063777, 0.996078)
56.40565, (4.181163, -1.494461, 3.110416), (0.015677, -0.058099, 0.061891, 0.996267)
56.41966, (4.189307, -1.489377, 3.116331), (0.011234, -0.057578, 0.059586, 0.996498)
56.43343, (4.199591, -1.478640, 3.121659), (0.007852, -0.057283, 0.059419, 0.996557)
56.4476, (4.211779, -1.474670, 3.097286), (0.002929, -0.051911, 0.059718, 0.996860)
56.46108, (4.224205, -1.471310, 3.089780), (-0.000819, -0.049169, 0.059340, 0.997026)
56.4749, (4.231369, -1.470762, 3.069594), (-0.002915, -0.043499, 0.058153, 0.997355)
56.48894, (4.230699, -1.467621, 3.035540), (-0.001526, -0.036575, 0.056076, 0.997755)
56.50283, (4.233882, -1.461842, 3.011231), (-0.004446, -0.032387, 0.056826, 0.997849)
56.51661, (4.234494, -1.450739, 2.983015), (-0.007961, -0.028348, 0.058391, 0.997860)
56.53078, (4.232518, -1.431894, 2.948247), (-0.012694, -0.024088, 0.062294, 0.997686)
56.54477, (4.226868, -1.422281, 2.914569), (-0.018092, -0.021213, 0.065255, 0.997479)
56.55834, (4.222840, -1.405715, 2.884983), (-0.021770, -0.019282, 0.067834, 0.997273)
56.57242, (4.208593, -1.383756, 2.841428), (-0.028880, -0.020059, 0.073252, 0.996693)
56.58605, (4.198524, -1.358893, 2.793659), (-0.038434, -0.018036, 0.075057, 0.996275)
56.59983, (4.192528, -1.334705, 2.754752), (-0.044946, -0.015772, 0.077030, 0.995890)
56.61395, (4.186956, -1.316297, 2.718005), (-0.050252, -0.013476, 0.079009, 0.995515)
56.62761, (4.181382, -1.297886, 2.681254), (-0.055555, -0.011180, 0.080985, 0.995103)
56.64151, (4.179522, -1.264266, 2.609778), (-0.074132, -0.004833, 0.081169, 0.993928)
56.65537, (4.181543, -1.239008, 2.550792), (-0.082872, 0.001045, 0.084978, 0.992930)
56.66924, (4.186837, -1.219496, 2.495025), (-0.092002, 0.008661, 0.086966, 0.991916)
56.68318, (4.196676, -1.199384, 2.442888), (-0.099034, 0.016535, 0.089761, 0.990889)
56.69703, (4.208403, -1.180571, 2.388073), (-0.104759, 0.025891, 0.092665, 0.989833)
56.71104, (4.217845, -1.161083, 2.329647), (-0.112239, 0.036767, 0.095381, 0.988409)
56.72482, (4.230454, -1.143324, 2.271955), (-0.121220, 0.046837, 0.096988, 0.986765)
56.73883, (4.243769, -1.132700, 2.213231), (-0.133641, 0.055952, 0.098333, 0.984551)
56.75268, (4.258409, -1.117359, 2.154958), (-0.145211, 0.064944, 0.101065, 0.982081)
56.7668, (4.276363, -1.108004, 2.096369), (-0.155861, 0.073413, 0.102492, 0.979701)
56.78036, (4.288527, -1.094795, 2.039304), (-0.164626, 0.082199, 0.103740, 0.977435)
56.79422, (4.301320, -1.087180, 1.986439), (-0.171697, 0.092375, 0.102569, 0.975432)
56.80809, (4.309988, -1.076837, 1.937647), (-0.182287, 0.102197, 0.103781, 0.972397)
56.82204, (4.320001, -1.067404, 1.894866), (-0.193363, 0.109414, 0.106337, 0.969191)
56.83606, (4.327672, -1.062915, 1.850302), (-0.201380, 0.115157, 0.107586, 0.966753)
56.84993, (4.339142, -1.065769, 1.806700), (-0.207167, 0.119854, 0.107411, 0.964976)
56.8638, (4.351301, -1.068991, 1.769049), (-0.210332, 0.122871, 0.107160, 0.963940)
56.87782, (4.359636, -1.067472, 1.735137), (-0.212339, 0.126197, 0.107232, 0.963062)
56.8918, (4.366123, -1.062521, 1.703790), (-0.215513, 0.129859, 0.107680, 0.961819)
56.90571, (4.374646, -1.055313, 1.679341), (-0.217482, 0.130210, 0.110433, 0.961016)
56.91981, (4.384641, -1.053293, 1.654436), (-0.220754, 0.130304, 0.110637, 0.960234)
56.93351, (4.393327, -1.051430, 1.628294), (-0.224541, 0.131732, 0.110198, 0.959211)
56.94752, (4.404751, -1.047989, 1.608531), (-0.225463, 0.132265, 0.108206, 0.959148)
56.96135, (4.416272, -1.047037, 1.588982), (-0.227589, 0.133775, 0.107429, 0.958523)
56.97535, (4.432267, -1.045957, 1.576708), (-0.227635, 0.133027, 0.106100, 0.958764)
56.98922, (4.443290, -1.043854, 1.553990), (-0.230668, 0.135092, 0.105891, 0.957773)
57.00314, (4.454313, -1.041753, 1.531286), (-0.233696, 0.137154, 0.105680, 0.956769)
57.01705, (4.465337, -1.039653, 1.508582), (-0.236721, 0.139215, 0.105468, 0.955750)
57.03125, (4.476361, -1.037551, 1.485878), (-0.239743, 0.141273, 0.105254, 0.954718)
57.04511, (4.487018, -1.035960, 1.469363), (-0.239983, 0.142627, 0.104191, 0.954573)
57.05918, (4.501510, -1.034989, 1.461113), (-0.236089, 0.140427, 0.101713, 0.956136)
57.07338, (4.507419, -1.025901, 1.461376), (-0.236664, 0.136439, 0.097280, 0.957033)
57.08672, (4.517231, -1.031718, 1.482543), (-0.232505, 0.136886, 0.085910, 0.959074)
57.10044, (4.527476, -1.030215, 1.470465), (-0.233673, 0.137809, 0.083724, 0.958851)
57.11443, (4.505535, -1.004866, 1.483559), (-0.238941, 0.122689, 0.083557, 0.959621)
57.12828, (4.502223, -0.996200, 1.477967), (-0.241337, 0.117389, 0.081033, 0.959901)
57.14221, (4.499695, -0.983946, 1.474413), (-0.242199, 0.110341, 0.079156, 0.960676)
57.15606, (4.489931, -0.971829, 1.477386), (-0.245005, 0.099983, 0.078999, 0.961111)
57.1702, (4.475509, -0.959607, 1.479707), (-0.249732, 0.087415, 0.079275, 0.961097)
57.18396, (4.461206, -0.956292, 1.482615), (-0.258306, 0.070998, 0.076029, 0.960446)
57.19776, (4.448406, -0.950208, 1.484834), (-0.263305, 0.053005, 0.070619, 0.960663)
57.21167, (4.435802, -0.943844, 1.485030), (-0.267357, 0.037902, 0.064710, 0.960675)
57.22568, (4.426187, -0.928875, 1.495398), (-0.269335, 0.011930, 0.054706, 0.961417)
57.23952, (4.411994, -0.917867, 1.499284), (-0.272337, -0.005442, 0.048609, 0.960958)
57.25347, (4.399141, -0.912576, 1.504151), (-0.276853, -0.023764, 0.041880, 0.959705)
57.26737, (4.398339, -0.907593, 1.503285), (-0.279927, -0.041739, 0.034348, 0.958498)
57.28134, (4.387887, -0.909896, 1.508941), (-0.281420, -0.055777, 0.026601, 0.957593)
57.29548, (4.380897, -0.907517, 1.517118), (-0.280583, -0.069416, 0.019756, 0.957113)
57.30925, (4.368048, -0.901066, 1.527007), (-0.278241, -0.082281, 0.013753, 0.956882)
57.32325, (4.356249, -0.901008, 1.534979), (-0.278358, -0.095754, 0.008209, 0.955657)
57.33749, (4.345654, -0.897054, 1.538738), (-0.278862, -0.108001, 0.004669, 0.954227)
57.3512, (4.335460, -0.892985, 1.541165), (-0.279317, -0.119883, 0.003077, 0.952681)
57.36503, (4.320826, -0.896479, 1.542300), (-0.280294, -0.130636, -0.000257, 0.950984)
57.37899, (4.301060, -0.899155, 1.545858), (-0.279392, -0.142010, -0.005892, 0.949599)
57.39298, (4.284254, -0.899900, 1.547615), (-0.277328, -0.154603, -0.010742, 0.948194)
57.40709, (4.272264, -0.899031, 1.545352), (-0.275805, -0.165778, -0.014394, 0.946701)
57.42144, (4.262469, -0.896207, 1.546593), (-0.276082, -0.175833, -0.016466, 0.944770)
57.43511, (4.254595, -0.893772, 1.546665), (-0.277613, -0.184227, -0.018258, 0.942687)
57.44903, (4.246033, -0.886494, 1.546165), (-0.278143, -0.191315, -0.018611, 0.941110)
57.46291, (4.236527, -0.886682, 1.549317), (-0.278443, -0.198762, -0.021070, 0.939425)
57.47684, (4.227224, -0.889188, 1.551163), (-0.278676, -0.207750, -0.024218, 0.937333)
57.49059, (4.222641, -0.887953, 1.553607), (-0.274910, -0.214061, -0.025666, 0.936987)
57.50461, (4.213566, -0.886363, 1.554143), (-0.274337, -0.223156, -0.028373, 0.934952)
57.51856, (4.212913, -0.892333, 1.560362), (-0.273019, -0.224984, -0.029985, 0.934850)
57.53231, (4.214272, -0.888593, 1.559965), (-0.271905, -0.229456, -0.028403, 0.934136)
57.54615, (4.215785, -0.884734, 1.563167), (-0.270143, -0.234586, -0.027791, 0.933392)
57.56039, (4.214553, -0.892743, 1.570045), (-0.269387, -0.238779, -0.028760, 0.932517)
57.57407, (4.218637, -0.890725, 1.575998), (-0.266642, -0.242811, -0.029150, 0.932253)
57.5879, (4.221505, -0.891902, 1.583123), (-0.265599, -0.246968, -0.029638, 0.931443)
57.60172, (4.225363, -0.888640, 1.586516), (-0.262213, -0.250954, -0.030065, 0.931323)
57.61559, (4.223320, -0.887017, 1.585893), (-0.264795, -0.254815, -0.027980, 0.929608)
57.62951, (4.222015, -0.876055, 1.592059), (-0.263619, -0.261456, -0.026774, 0.928132)
57.64346, (4.215992, -0.886571, 1.597752), (-0.265872, -0.268390, -0.030057, 0.925406)
57.65734, (4.216727, -0.886544, 1.602398), (-0.264842, -0.273870, -0.032735, 0.924003)
57.67125, (4.218819, -0.890323, 1.605453), (-0.263171, -0.277574, -0.035642, 0.923268)
57.68529, (4.225498, -0.894812, 1.617401), (-0.260712, -0.282498, -0.038826, 0.922343)
57.6991, (4.229630, -0.901359, 1.621099), (-0.259371, -0.285025, -0.040205, 0.921885)
57.71348, (4.238349, -0.906081, 1.630309), (-0.257123, -0.288508, -0.041137, 0.921390)
57.727, (4.239224, -0.908666, 1.634305), (-0.255451, -0.291405, -0.042201, 0.920895)
57.7409, (4.246846, -0.910174, 1.643964), (-0.252849, -0.295096, -0.043005, 0.920400)
57.75476, (4.252199, -0.918764, 1.650991), (-0.250241, -0.298185, -0.043032, 0.920116)
57.76864, (4.262248, -0.921750, 1.656615), (-0.246509, -0.300618, -0.040684, 0.920439)
57.78255, (4.271379, -0.929749, 1.664674), (-0.244187, -0.303257, -0.039067, 0.920262)
57.79651, (4.280602, -0.933541, 1.674207), (-0.241380, -0.306290, -0.038177, 0.920035)
57.81043, (4.289730, -0.935214, 1.683870), (-0.238181, -0.309052, -0.038874, 0.919916)
57.82435, (4.301785, -0.937588, 1.692606), (-0.235068, -0.310749, -0.038704, 0.920153)
57.83871, (4.318130, -0.943117, 1.703478), (-0.230836, -0.311885, -0.039884, 0.920789)
57.85234, (4.335156, -0.951283, 1.712967), (-0.226521, -0.312022, -0.040756, 0.921775)
57.86612, (4.356789, -0.956045, 1.725847), (-0.220991, -0.312617, -0.040109, 0.922944)
57.88007, (4.382202, -0.963194, 1.739542), (-0.213296, -0.310530, -0.042485, 0.925349)
57.89392, (4.405068, -0.970334, 1.751460), (-0.207938, -0.308526, -0.045234, 0.927107)
57.90812, (4.428501, -0.974850, 1.763533), (-0.202877, -0.307724, -0.045906, 0.928461)
57.92155, (4.451064, -0.978544, 1.775028), (-0.198171, -0.307405, -0.045644, 0.929595)
57.93567, (4.486784, -0.986017, 1.789950), (-0.193002, -0.301882, -0.045245, 0.932508)
57.94933, (4.529430, -1.005936, 1.808116), (-0.189214, -0.294176, -0.043172, 0.935839)
57.96298, (4.565251, -1.020528, 1.817376), (-0.181916, -0.288569, -0.042354, 0.939064)
57.97696, (4.601717, -1.038629, 1.830959), (-0.174372, -0.283905, -0.042461, 0.941908)
57.99071, (4.635441, -1.048290, 1.847106), (-0.166895, -0.281096, -0.041521, 0.944144)
58.00459, (4.682315, -1.079000, 1.865631), (-0.155043, -0.270862, -0.041316, 0.949151)
58.01836, (4.733158, -1.109290, 1.888575), (-0.140041, -0.259838, -0.038824, 0.954655)
58.03239, (4.779139, -1.139275, 1.906374), (-0.127636, -0.249502, -0.039112, 0.959129)
58.04628, (4.837523, -1.180537, 1.925757), (-0.101697, -0.228581, -0.043732, 0.967210)
58.06004, (4.890370, -1.209447, 1.949538), (-0.080215, -0.210332, -0.044638, 0.973311)
58.0738, (4.941074, -1.224633, 1.964306), (-0.058705, -0.184717, -0.043091, 0.980090)
58.08757, (4.987740, -1.258140, 1.983588), (-0.042914, -0.160975, -0.043528, 0.985064)
58.10137, (5.035411, -1.292495, 1.999991), (-0.025766, -0.141767, -0.045979, 0.988496)
58.1153, (5.089589, -1.323259, 2.001651), (-0.009848, -0.123238, -0.044463, 0.991332)
58.12901, (5.144034, -1.353856, 2.012316), (0.006378, -0.105107, -0.043047, 0.993508)
58.14289, (5.211662, -1.381311, 2.019036), (0.022157, -0.085147, -0.036028, 0.995470)
58.1567, (5.275004, -1.416481, 2.030012), (0.034441, -0.064017, -0.032924, 0.996811)
58.17064, (5.329998, -1.451252, 2.039879), (0.043600, -0.047363, -0.033627, 0.997359)
58.18464, (5.384370, -1.479579, 2.039011), (0.052374, -0.032437, -0.036946, 0.997417)
58.19835, (5.445098, -1.508063, 2.043472), (0.062028, -0.017272, -0.038581, 0.997179)
58.21278, (5.507878, -1.562843, 2.039941), (0.064186, 0.000170, -0.045130, 0.996917)
58.2261, (5.574269, -1.563758, 2.034671), (0.080787, 0.021019, -0.039515, 0.995726)
58.2404, (5.627311, -1.587695, 2.034430), (0.088412, 0.040447, -0.039962, 0.994460)
58.25404, (5.669717, -1.617827, 2.042365), (0.092816, 0.053132, -0.044782, 0.993256)
58.26816, (5.715794, -1.640006, 2.042560), (0.096152, 0.063213, -0.047805, 0.992207)
58.28174, (5.765834, -1.649505, 2.043452), (0.103368, 0.076029, -0.046426, 0.990646)
58.29586, (5.824567, -1.668382, 2.046381), (0.102986, 0.082348, -0.041619, 0.990394)
58.30986, (5.879125, -1.696019, 2.046253), (0.106380, 0.092712, -0.039110, 0.989221)
58.3236, (5.924039, -1.722512, 2.048053), (0.108616, 0.102185, -0.040120, 0.988004)
58.33752, (5.969067, -1.745765, 2.051515), (0.110748, 0.111533, -0.043282, 0.986622)
58.35169, (6.011600, -1.756862, 2.054584), (0.112023, 0.119475, -0.046406, 0.985405)
58.36544, (6.057817, -1.768922, 2.055232), (0.114363, 0.128555, -0.047754, 0.983928)
58.37931, (6.104699, -1.775856, 2.053511), (0.115940, 0.134724, -0.048131, 0.982899)
58.39315, (6.147364, -1.791956, 2.054970), (0.116509, 0.140510, -0.047451, 0.982055)
58.40734, (6.187985, -1.805451, 2.055413), (0.118491, 0.147362, -0.046541, 0.980856)
58.4208, (6.231246, -1.818254, 2.057777), (0.120171, 0.153867, -0.047444, 0.979609)
58.43476, (6.271873, -1.828340, 2.055953), (0.118077, 0.158419, -0.050297, 0.978995)
58.44861, (6.306509, -1.834956, 2.058337), (0.118409, 0.163999, -0.051427, 0.977977)
58.46279, (6.346822, -1.848582, 2.059233), (0.116659, 0.168277, -0.052832, 0.977386)
58.47652, (6.385028, -1.852080, 2.059814), (0.116968, 0.170189, -0.054307, 0.976937)
58.49099, (6.422169, -1.855197, 2.062483), (0.118547, 0.173832, -0.055748, 0.976023)
58.50446, (6.457959, -1.861372, 2.064576), (0.118886, 0.177237, -0.057366, 0.975275)
58.51832, (6.491346, -1.873182, 2.065849), (0.116260, 0.180444, -0.059239, 0.974892)
58.53219, (6.524349, -1.866000, 2.076044), (0.116418, 0.181354, -0.062452, 0.974504)
58.5462, (6.554697, -1.865425, 2.080312), (0.113451, 0.183292, -0.065636, 0.974282)
58.56007, (6.588786, -1.863462, 2.082865), (0.109803, 0.184097, -0.066629, 0.974481)
58.5739, (6.622198, -1.863494, 2.088622), (0.107437, 0.185244, -0.067407, 0.974473)
58.58792, (6.648987, -1.866513, 2.094002), (0.106020, 0.186677, -0.070026, 0.974170)
58.60177, (6.678370, -1.869221, 2.097808), (0.104327, 0.186452, -0.072173, 0.974240)
58.61561, (6.706716, -1.867057, 2.103374), (0.102388, 0.185661, -0.074513, 0.974420)
58.62959, (6.733605, -1.862741, 2.108630), (0.099272, 0.184849, -0.076377, 0.974753)
58.64398, (6.760131, -1.862571, 2.119767), (0.095392, 0.184586, -0.077783, 0.975079)
58.65766, (6.786644, -1.861756, 2.129172), (0.092682, 0.183630, -0.079197, 0.975407)
58.67144, (6.810689, -1.857221, 2.133845), (0.090799, 0.182969, -0.080839, 0.975573)
58.68532, (6.829981, -1.853309, 2.138135), (0.088300, 0.181966, -0.083497, 0.975766)
58.69883, (6.840265, -1.837804, 2.149072), (0.087860, 0.177714, -0.084240, 0.976526)
58.71269, (6.850607, -1.827404, 2.158200), (0.085244, 0.171414, -0.084760, 0.977838)
58.72658, (6.863803, -1.821902, 2.166271), (0.082597, 0.167204, -0.086802, 0.978614)
58.74046, (6.869344, -1.815276, 2.168653), (0.077593, 0.161198, -0.088046, 0.979920)
58.75454, (6.878799, -1.813176, 2.170005), (0.073503, 0.156804, -0.090672, 0.980708)
58.76985, (6.887095, -1.800375, 2.173542), (0.072775, 0.153437, -0.092085, 0.981163)
58.78422, (6.894480, -1.797261, 2.176216), (0.072324, 0.150486, -0.094534, 0.981421)
58.79722, (6.896239, -1.792481, 2.177313), (0.073046, 0.148645, -0.094740, 0.981628)
58.81072, (6.900226, -1.787608, 2.178883), (0.072048, 0.146174, -0.095315, 0.982017)
58.82443, (6.905646, -1.784065, 2.181598), (0.070291, 0.142810, -0.095594, 0.982612)
58.83802, (6.903839, -1.775061, 2.182530), (0.068302, 0.140869, -0.093669, 0.983218)
58.85182, (6.897563, -1.771762, 2.187108), (0.066453, 0.138851, -0.092897, 0.983705)
58.86552, (6.889549, -1.768539, 2.189430), (0.065915, 0.135102, -0.093026, 0.984250)
58.87926, (6.881538, -1.765392, 2.188922), (0.065978, 0.131396, -0.093370, 0.984715)
58.8931, (6.868120, -1.760765, 2.188950), (0.066285, 0.128842, -0.092095, 0.985152)
58.90686, (6.856549, -1.757548, 2.192091), (0.066375, 0.126367, -0.090767, 0.985590)
58.92067, (6.845017, -1.754142, 2.194952), (0.065444, 0.123808, -0.089415, 0.986100)
58.93516, (6.825766, -1.745536, 2.195384), (0.065910, 0.120963, -0.086422, 0.986689)
58.94847, (6.804802, -1.743234, 2.194563), (0.065287, 0.117717, -0.085068, 0.987241)
58.96215, (6.783230, -1.738374, 2.195249), (0.065054, 0.113512, -0.083449, 0.987886)
58.97605, (6.759631, -1.736095, 2.194869), (0.063475, 0.109813, -0.081750, 0.988549)
58.98997, (6.737220, -1.731139, 2.196239), (0.063759, 0.107049, -0.079923, 0.988983)
59.00372, (6.709706, -1.728483, 2.195873), (0.063836, 0.105087, -0.077050, 0.989417)
59.01756, (6.679690, -1.722178, 2.195079), (0.063488, 0.103099, -0.074769, 0.989823)
59.03149, (6.641614, -1.719444, 2.193697), (0.062203, 0.099978, -0.072977, 0.990358)
59.04568, (6.602655, -1.721159, 2.190422), (0.060637, 0.095445, -0.072289, 0.990953)
59.05925, (6.563376, -1.720941, 2.185144), (0.062007, 0.091772, -0.072073, 0.991231)
59.07314, (6.530763, -1.718957, 2.183353), (0.061645, 0.088524, -0.070739, 0.991645)
59.08737, (6.498149, -1.716976, 2.181561), (0.061283, 0.085276, -0.069405, 0.992046)
59.10082, (6.449073, -1.710010, 2.170674), (0.066871, 0.082949, -0.063803, 0.992259)
59.11485, (6.393872, -1.709577, 2.161491), (0.068121, 0.079266, -0.058488, 0.992802)
59.12866, (6.344799, -1.706113, 2.157625), (0.067776, 0.072983, -0.055551, 0.993476)
59.14246, (6.291346, -1.699860, 2.153083), (0.066966, 0.067875, -0.052621, 0.994052)
59.1564, (6.235926, -1.693887, 2.150076), (0.065795, 0.061909, -0.049296, 0.994690)
59.17062, (6.180665, -1.693002, 2.145425), (0.065060, 0.055983, -0.047301, 0.995186)
59.18465, (6.118777, -1.690412, 2.141047), (0.065617, 0.050160, -0.045068, 0.995564)
59.19836, (6.054951, -1.690314, 2.136130), (0.065410, 0.044127, -0.042842, 0.995961)
59.21199, (5.987952, -1.685234, 2.133971), (0.065398, 0.036560, -0.040789, 0.996355)
59.22632, (5.918629, -1.678013, 2.128647), (0.063422, 0.028819, -0.037542, 0.996864)
59.23996, (5.850928, -1.673270, 2.126868), (0.062748, 0.019676, -0.033673, 0.997267)
59.2537, (5.777173, -1.671439, 2.123660), (0.061746, 0.010435, -0.029965, 0.997587)
59.26759, (5.702000, -1.670225, 2.121444), (0.062912, 0.002143, -0.027006, 0.997651)
59.2817, (5.628133, -1.669811, 2.119707), (0.063996, -0.005978, -0.023779, 0.997649)
59.29542, (5.550203, -1.669415, 2.117509), (0.065509, -0.013092, -0.020469, 0.997556)
59.30933, (5.474074, -1.665928, 2.115370), (0.066306, -0.019874, -0.016662, 0.997462)
59.32318, (5.400555, -1.667236, 2.116842), (0.066835, -0.027314, -0.014136, 0.997290)
59.33729, (5.324248, -1.666833, 2.116827), (0.067527, -0.034488, -0.010583, 0.997065)
59.3512, (5.239113, -1.664937, 2.116757), (0.068020, -0.040036, -0.004537, 0.996870)
59.36502, (5.162594, -1.664742, 2.119985), (0.068751, -0.047285, -0.000057, 0.996513)
59.37888, (5.081654, -1.665387, 2.120657), (0.068645, -0.053784, 0.004793, 0.996179)
59.39332, (5.004611, -1.665256, 2.123859), (0.069058, -0.060760, 0.008991, 0.995720)
59.40691, (4.925766, -1.665784, 2.128598), (0.069724, -0.066776, 0.012337, 0.995252)
59.42067, (4.848553, -1.667186, 2.133434), (0.069738, -0.073567, 0.016130, 0.994718)
59.43475, (4.768573, -1.666586, 2.139849), (0.070124, -0.079167, 0.019809, 0.994195)
59.44865, (4.689286, -1.668870, 2.146116), (0.070219, -0.085632, 0.023860, 0.993563)
59.46247, (4.611799, -1.671914, 2.153605), (0.070880, -0.092322, 0.026901, 0.992839)
59.47643, (4.534246, -1.676646, 2.161088), (0.070871, -0.098614, 0.029438, 0.992162)
59.49034, (4.457810, -1.680874, 2.169249), (0.071314, -0.104334, 0.031174, 0.991492)
59.50427, (4.382100, -1.684834, 2.176631), (0.071538, -0.110713, 0.034932, 0.990659)
59.51831, (4.307462, -1.692441, 2.184725), (0.072198, -0.116338, 0.037677, 0.989865)
59.53262, (4.232470, -1.700164, 2.192374), (0.072589, -0.122078, 0.040467, 0.989035)
59.54639, (4.158547, -1.706424, 2.201556), (0.073462, -0.128360, 0.042878, 0.988073)
59.56033, (4.087286, -1.710869, 2.212069), (0.074254, -0.134866, 0.045926, 0.987010)
59.57423, (4.017200, -1.715995, 2.218907), (0.075179, -0.140016, 0.049718, 0.986038)
59.58815, (3.947950, -1.726907, 2.223824), (0.074997, -0.145595, 0.052327, 0.985109)
59.60257, (3.880648, -1.733890, 2.228988), (0.076094, -0.151593, 0.054944, 0.983977)
59.61586, (3.813458, -1.738539, 2.236262), (0.077257, -0.157246, 0.056759, 0.982896)
59.62983, (3.747678, -1.744000, 2.243861), (0.077308, -0.162597, 0.057931, 0.981952)
59.64349, (3.679265, -1.746417, 2.251097), (0.078493, -0.167666, 0.060210, 0.980868)
59.65736, (3.618998, -1.757088, 2.261451), (0.075711, -0.170618, 0.058421, 0.980686)
59.67133, (3.557264, -1.760527, 2.266533), (0.075946, -0.173770, 0.060357, 0.979997)
59.68529, (3.501412, -1.765187, 2.274086), (0.076606, -0.178502, 0.062550, 0.978957)
59.6992, (3.441949, -1.771815, 2.276573), (0.076811, -0.182394, 0.064731, 0.978081)
59.71318, (3.385912, -1.779402, 2.283424), (0.077716, -0.187006, 0.065982, 0.977054)
59.72721, (3.331063, -1.781812, 2.292779), (0.079094, -0.191348, 0.067880, 0.975973)
59.74131, (3.285620, -1.784400, 2.303113), (0.079398, -0.194693, 0.070018, 0.975135)
59.755, (3.239689, -1.786317, 2.310316), (0.079950, -0.197098, 0.072279, 0.974441)
59.7689, (3.197995, -1.790221, 2.316296), (0.081237, -0.198574, 0.073140, 0.973971)
59.78292, (3.157808, -1.792160, 2.322402), (0.082924, -0.200051, 0.074113, 0.973453)
59.7968, (3.116163, -1.794975, 2.329261), (0.083368, -0.200993, 0.074366, 0.973202)
59.8108, (3.075772, -1.795185, 2.340085), (0.082631, -0.202438, 0.074206, 0.972977)
59.82476, (3.040387, -1.792446, 2.349950), (0.081036, -0.202144, 0.072467, 0.973303)
59.83866, (3.006101, -1.790096, 2.358983), (0.079943, -0.201514, 0.072375, 0.973531)
59.85254, (2.976441, -1.787221, 2.368411), (0.078479, -0.201148, 0.073062, 0.973675)
59.86646, (2.944191, -1.785079, 2.378627), (0.078047, -0.201024, 0.073623, 0.973693)
59.88031, (2.913616, -1.782105, 2.391166), (0.077212, -0.201120, 0.074307, 0.973688)
59.89491, (2.885068, -1.782479, 2.408885), (0.075694, -0.201518, 0.074099, 0.973740)
59.90815, (2.855747, -1.783028, 2.427012), (0.074802, -0.200831, 0.073852, 0.973970)
59.92196, (2.830842, -1.784831, 2.446392), (0.074315, -0.200365, 0.073762, 0.974110)
59.93584, (2.806496, -1.784737, 2.467707), (0.075591, -0.199130, 0.074343, 0.974221)
59.94993, (2.780147, -1.790587, 2.489593), (0.074906, -0.197800, 0.074657, 0.974521)
59.964, (2.753867, -1.794894, 2.516822), (0.075149, -0.196257, 0.075059, 0.974783)
59.97778, (2.731473, -1.800330, 2.544349), (0.075541, -0.194490, 0.075961, 0.975037)
59.99173, (2.708966, -1.807766, 2.571292), (0.076182, -0.192912, 0.077605, 0.975171)
60.00557, (2.691451, -1.821427, 2.603237), (0.079129, -0.190115, 0.079467, 0.975336)
60.01945, (2.678804, -1.836166, 2.632780), (0.083338, -0.187635, 0.080488, 0.975382)
60.03356, (2.657422, -1.844015, 2.658768), (0.084335, -0.186287, 0.081312, 0.975486)
60.0472, (2.649632, -1.865438, 2.698321), (0.093984, -0.182709, 0.081621, 0.975255)
60.0612, (2.636533, -1.877747, 2.729568), (0.097677, -0.180432, 0.082205, 0.975267)
60.07486, (2.633242, -1.885073, 2.762147), (0.103277, -0.175526, 0.084684, 0.975373)
60.0887, (2.623601, -1.894982, 2.792144), (0.107309, -0.172614, 0.086487, 0.975299)
60.10247, (2.614298, -1.905679, 2.820635), (0.110737, -0.169934, 0.087857, 0.975265)
60.11636, (2.604017, -1.913412, 2.852607), (0.114572, -0.167223, 0.088183, 0.975261)
60.1303, (2.596100, -1.918489, 2.885813), (0.116298, -0.165107, 0.086492, 0.975569)
60.14458, (2.587873, -1.923907, 2.916106), (0.119152, -0.162514, 0.086312, 0.975675)
60.15841, (2.580664, -1.930215, 2.948221), (0.122253, -0.160537, 0.086463, 0.975606)
60.17252, (2.578434, -1.938488, 2.976852), (0.123706, -0.159439, 0.086734, 0.975578)
60.18574, (2.569887, -1.945215, 3.004019), (0.125104, -0.157848, 0.087338, 0.975605)
60.19971, (2.561592, -1.949838, 3.034976), (0.126169, -0.157330, 0.088042, 0.975488)
60.2136, (2.554843, -1.954905, 3.066882), (0.127979, -0.156869, 0.088773, 0.975260)
60.22741, (2.549854, -1.961333, 3.097440), (0.130113, -0.156232, 0.088998, 0.975060)
60.24142, (2.545854, -1.967349, 3.126937), (0.132189, -0.155801, 0.089164, 0.974834)
60.25531, (2.539303, -1.972945, 3.156697), (0.134138, -0.155149, 0.089791, 0.974614)
60.2691, (2.532802, -1.974130, 3.186046), (0.135465, -0.156297, 0.089196, 0.974302)
60.283, (2.525492, -1.978165, 3.214424), (0.137110, -0.156109, 0.088301, 0.974184)
60.29687, (2.519660, -1.983047, 3.241698), (0.138238, -0.155670, 0.087708, 0.974148)
60.31079, (2.517169, -1.988699, 3.267731), (0.139167, -0.155495, 0.087696, 0.974045)
60.32505, (2.511555, -1.993023, 3.294652), (0.140805, -0.154801, 0.087986, 0.973894)
60.33862, (2.508919, -1.997615, 3.318781), (0.142087, -0.154363, 0.088567, 0.973724)
60.35254, (2.505380, -1.999308, 3.342571), (0.143567, -0.154000, 0.088505, 0.973571)
60.36637, (2.500832, -2.003329, 3.368509), (0.145102, -0.153514, 0.088562, 0.973415)
60.38053, (2.497036, -2.006960, 3.393159), (0.145430, -0.152378, 0.088164, 0.973580)
60.39462, (2.496225, -2.009391, 3.417351), (0.146593, -0.151482, 0.088463, 0.973518)
60.40826, (2.494355, -2.011572, 3.439954), (0.147604, -0.150683, 0.088271, 0.973507)
60.42223, (2.491967, -2.012007, 3.462727), (0.148781, -0.149498, 0.088407, 0.973498)
60.436, (2.489326, -2.011865, 3.486403), (0.150122, -0.147866, 0.088794, 0.973506)
60.44999, (2.488264, -2.012738, 3.511009), (0.151000, -0.146636, 0.088606, 0.973574)
60.46418, (2.486584, -2.012544, 3.534054), (0.150940, -0.144886, 0.088268, 0.973876)
60.47783, (2.485864, -2.011980, 3.554754), (0.151978, -0.143496, 0.088330, 0.973915)
60.4915, (2.485781, -2.009836, 3.573962), (0.153848, -0.142718, 0.088418, 0.973727)
60.50516, (2.484270, -2.004691, 3.593816), (0.156634, -0.141715, 0.088301, 0.973440)
60.51908, (2.481692, -1.996607, 3.613124), (0.159352, -0.140415, 0.088194, 0.973197)
60.53289, (2.480769, -1.992522, 3.634020), (0.161214, -0.139245, 0.087640, 0.973109)
60.54676, (2.477160, -1.982119, 3.654232), (0.161395, -0.137009, 0.085972, 0.973545)
60.56066, (2.473798, -1.973851, 3.673578), (0.160827, -0.135672, 0.084667, 0.973940)
60.57458, (2.470159, -1.967027, 3.690239), (0.160378, -0.134287, 0.083226, 0.974330)
60.5886, (2.465264, -1.955988, 3.704031), (0.160663, -0.133264, 0.081122, 0.974601)
60.60323, (2.461337, -1.945379, 3.719040), (0.160751, -0.131720, 0.079043, 0.974967)
60.61632, (2.456893, -1.936253, 3.734541), (0.159967, -0.130108, 0.077395, 0.975445)
60.6301, (2.452036, -1.928217, 3.748960), (0.158955, -0.128426, 0.075742, 0.975963)
60.64396, (2.449848, -1.922113, 3.759696), (0.158089, -0.127198, 0.074144, 0.976387)
60.65786, (2.446811, -1.915033, 3.768218), (0.157993, -0.125756, 0.072834, 0.976688)
60.67183, (2.442171, -1.905830, 3.772602), (0.158350, -0.123938, 0.071219, 0.976981)
60.68567, (2.440091, -1.898249, 3.775682), (0.158201, -0.122335, 0.069667, 0.977319)
60.6996, (2.436521, -1.890575, 3.776186), (0.159359, -0.119895, 0.068504, 0.977516)
60.71354, (2.432827, -1.883062, 3.777764), (0.159720, -0.117527, 0.067385, 0.977822)
60.72735, (2.427996, -1.875432, 3.778102), (0.158910, -0.115731, 0.066703, 0.978215)
60.74137, (2.423344, -1.868087, 3.777225), (0.157583, -0.114159, 0.066286, 0.978643)
60.75575, (2.418351, -1.861951, 3.774014), (0.155783, -0.112990, 0.065876, 0.979094)
60.76906, (2.414923, -1.855296, 3.768624), (0.155089, -0.112289, 0.066042, 0.979274)
60.78294, (2.409239, -1.848314, 3.761446), (0.154629, -0.111649, 0.066530, 0.979387)
60.79672, (2.403922, -1.841098, 3.755771), (0.154374, -0.111172, 0.066311, 0.979496)
60.81097, (2.396571, -1.835899, 3.746683), (0.153509, -0.111028, 0.066355, 0.979645)
60.825, (2.390261, -1.831964, 3.736847), (0.152622, -0.110766, 0.065839, 0.979848)
60.83854, (2.383248, -1.827151, 3.726266), (0.151960, -0.110691, 0.066009, 0.979948)
60.85262, (2.376615, -1.824466, 3.713678), (0.150868, -0.111038, 0.066852, 0.980021)
60.86616, (2.368065, -1.823018, 3.699286), (0.149650, -0.111709, 0.067459, 0.980089)
60.88006, (2.358146, -1.822510, 3.684798), (0.148779, -0.112485, 0.067883, 0.980104)
60.8945, (2.349958, -1.819284, 3.672824), (0.148472, -0.112894, 0.068046, 0.980092)
60.90816, (2.335238, -1.820996, 3.659341), (0.148246, -0.113522, 0.068338, 0.980034)
60.92189, (2.323190, -1.824144, 3.645152), (0.147185, -0.113977, 0.068569, 0.980125)
60.93565, (2.307473, -1.830672, 3.628987), (0.146200, -0.113787, 0.068833, 0.980276)
60.94981, (2.289994, -1.837511, 3.610171), (0.146093, -0.113276, 0.069341, 0.980315)
60.96349, (2.271487, -1.843635, 3.591885), (0.146164, -0.112579, 0.069622, 0.980365)
60.97738, (2.243814, -1.858919, 3.567515), (0.146748, -0.110982, 0.071336, 0.980336)
60.99124, (2.215374, -1.875186, 3.544626), (0.147167, -0.110395, 0.074100, 0.980135)
61.0052, (2.187023, -1.887356, 3.523647), (0.147794, -0.109830, 0.076673, 0.979906)
61.01915, (2.156394, -1.902443, 3.500174), (0.148363, -0.109049, 0.080171, 0.979627)
61.03308, (2.118962, -1.922270, 3.473608), (0.149816, -0.108736, 0.085755, 0.978968)
61.04752, (2.091348, -1.935822, 3.451319), (0.150135, -0.108262, 0.088075, 0.978765)
61.06089, (2.063725, -1.949379, 3.429027), (0.150453, -0.107787, 0.090393, 0.978558)
61.07473, (2.036104, -1.962937, 3.406736), (0.150771, -0.107312, 0.092711, 0.978344)
61.08856, (2.008481, -1.976496, 3.384443), (0.151087, -0.106837, 0.095029, 0.978125)
61.10261, (1.980858, -1.990054, 3.362150), (0.151403, -0.106360, 0.097346, 0.977900)
61.11654, (1.953235, -2.003613, 3.339858), (0.151718, -0.105884, 0.099662, 0.977670)
61.13052, (1.797960, -2.085665, 3.244350), (0.157987, -0.112385, 0.125333, 0.972986)
61.1443, (1.735353, -2.115889, 3.194411), (0.157783, -0.116025, 0.134221, 0.971405)
61.15826, (1.681283, -2.145818, 3.150677), (0.156871, -0.118983, 0.141174, 0.970209)
61.17219, (1.623673, -2.176706, 3.104861), (0.154916, -0.120748, 0.148173, 0.969261)
61.18609, (1.564771, -2.204660, 3.062695), (0.152763, -0.123628, 0.156186, 0.967980)
61.20058, (1.507674, -2.239658, 3.019606), (0.148913, -0.126438, 0.164785, 0.966791)
61.21403, (1.454134, -2.274877, 2.976123), (0.146032, -0.128208, 0.172029, 0.965735)
61.22811, (1.397560, -2.306502, 2.930252), (0.143844, -0.128688, 0.179426, 0.964653)
61.2418, (1.343589, -2.336216, 2.886097), (0.142607, -0.129379, 0.187826, 0.963144)
61.25574, (1.290445, -2.369251, 2.838064), (0.140944, -0.129481, 0.196535, 0.961636)
61.26993, (1.236584, -2.404196, 2.791721), (0.139931, -0.128981, 0.204622, 0.960163)
61.28404, (1.185719, -2.439836, 2.747633), (0.139249, -0.128605, 0.211468, 0.958828)
61.29756, (1.132116, -2.470753, 2.706329), (0.138977, -0.128107, 0.219298, 0.957174)
61.31139, (1.081662, -2.497573, 2.666393), (0.138355, -0.128465, 0.226541, 0.955528)
61.32526, (1.028208, -2.522258, 2.626224), (0.137525, -0.127467, 0.233716, 0.954052)
61.33915, (0.978098, -2.546391, 2.589218), (0.137023, -0.127168, 0.240278, 0.952533)
61.35319, (0.933983, -2.567896, 2.553728), (0.135844, -0.125582, 0.246210, 0.951397)
61.36715, (0.894008, -2.588221, 2.516512), (0.134723, -0.124550, 0.251740, 0.950244)
61.38089, (0.851103, -2.606449, 2.479502), (0.133662, -0.122245, 0.257762, 0.949078)
61.39482, (0.812288, -2.621253, 2.443356), (0.132550, -0.119297, 0.261788, 0.948507)
61.4087, (0.772958, -2.633183, 2.409450), (0.131060, -0.113777, 0.263696, 0.948864)
61.42273, (0.735831, -2.647226, 2.378117), (0.129707, -0.109920, 0.265784, 0.948922)
61.43663, (0.702664, -2.659962, 2.348063), (0.127840, -0.106502, 0.267587, 0.949058)
61.4507, (0.672154, -2.667446, 2.318221), (0.126163, -0.104154, 0.271024, 0.948568)
61.4645, (0.640405, -2.672430, 2.286461), (0.124610, -0.100982, 0.274452, 0.948130)
61.47831, (0.609729, -2.680166, 2.255503), (0.122884, -0.098703, 0.277939, 0.947580)
61.49222, (0.576057, -2.686032, 2.229114), (0.121521, -0.096795, 0.281595, 0.946873)
61.50673, (0.542328, -2.696620, 2.199825), (0.118974, -0.094087, 0.284294, 0.946662)
61.51999, (0.512280, -2.701712, 2.176726), (0.117522, -0.093063, 0.286664, 0.946230)
61.53381, (0.485598, -2.709359, 2.150733), (0.115410, -0.092290, 0.287866, 0.946201)
61.5478, (0.453300, -2.714680, 2.124357), (0.113946, -0.090336, 0.289379, 0.946105)
61.56163, (0.424683, -2.718945, 2.100300), (0.112313, -0.089187, 0.291073, 0.945890)
61.57561, (0.397937, -2.722180, 2.079325), (0.110262, -0.089283, 0.293120, 0.945490)
61.58955, (0.368297, -2.725408, 2.059699), (0.108406, -0.088883, 0.295611, 0.944967)
61.6034, (0.345289, -2.726976, 2.044337), (0.105863, -0.089858, 0.298339, 0.944305)
61.61736, (0.323029, -2.726424, 2.028080), (0.103815, -0.090278, 0.300175, 0.943911)
61.63113, (0.301694, -2.730714, 2.010993), (0.100363, -0.090646, 0.302032, 0.943656)
61.6454, (0.280355, -2.734311, 1.993759), (0.097553, -0.090651, 0.303265, 0.943555)
61.65928, (0.264040, -2.739376, 1.977105), (0.094108, -0.091156, 0.303739, 0.943704)
61.67304, (0.246015, -2.743119, 1.960978), (0.092326, -0.091408, 0.305433, 0.943309)
61.68692, (0.231051, -2.746869, 1.947351), (0.091127, -0.092339, 0.307027, 0.942817)
61.70075, (0.216063, -2.752627, 1.934241), (0.089733, -0.093521, 0.308786, 0.942259)
61.71457, (0.204837, -2.757334, 1.925112), (0.089452, -0.095880, 0.310531, 0.941475)
61.72827, (0.198067, -2.761817, 1.915704), (0.090349, -0.098553, 0.311682, 0.940733)
61.74276, (0.192606, -2.766379, 1.905091), (0.090540, -0.101027, 0.312659, 0.940128)
61.75609, (0.188529, -2.768970, 1.896067), (0.090987, -0.102773, 0.312936, 0.939803)
61.76984, (0.191094, -2.767732, 1.889122), (0.091340, -0.104913, 0.313070, 0.939488)
61.78378, (0.194481, -2.765571, 1.882408), (0.091364, -0.106123, 0.313262, 0.939286)
61.79766, (0.200319, -2.761055, 1.878526), (0.092064, -0.105905, 0.312821, 0.939389)
61.81198, (0.208209, -2.757672, 1.876719), (0.093053, -0.105507, 0.311741, 0.939695)
61.8255, (0.216281, -2.753233, 1.876842), (0.093546, -0.104451, 0.310141, 0.940293)
61.83939, (0.228803, -2.747880, 1.876627), (0.093071, -0.104620, 0.308582, 0.940835)
61.85325, (0.243429, -2.736366, 1.881555), (0.093914, -0.103979, 0.306764, 0.941416)
61.8671, (0.260723, -2.725776, 1.882305), (0.093974, -0.103395, 0.305310, 0.941947)
61.88112, (0.278083, -2.712129, 1.885312), (0.093563, -0.101339, 0.303591, 0.942767)
61.89498, (0.298985, -2.704017, 1.887347), (0.091464, -0.097960, 0.301074, 0.944136)
61.90888, (0.323728, -2.685554, 1.892752), (0.092606, -0.094936, 0.298678, 0.945094)
61.92281, (0.352795, -2.672229, 1.896104), (0.092402, -0.090397, 0.295485, 0.946562)
61.93665, (0.384089, -2.656221, 1.900960), (0.094172, -0.085000, 0.291348, 0.948168)
61.95082, (0.422051, -2.641886, 1.917972), (0.097811, -0.081737, 0.286493, 0.949565)
61.96496, (0.458453, -2.622092, 1.910712), (0.092044, -0.071977, 0.282961, 0.951988)
61.97836, (0.494040, -2.602116, 1.921644), (0.088701, -0.064188, 0.279180, 0.953976)
61.99229, (0.533844, -2.574351, 1.937162), (0.087222, -0.057156, 0.274955, 0.955785)
62.00613, (0.575016, -2.546643, 1.944611), (0.084317, -0.050643, 0.272055, 0.957242)
62.01995, (0.623108, -2.527854, 1.956974), (0.084085, -0.043809, 0.267364, 0.958920)
62.03387, (0.676269, -2.500093, 1.973440), (0.083593, -0.041778, 0.263936, 0.960003)
62.04778, (0.732475, -2.463483, 1.970602), (0.078414, -0.033942, 0.257862, 0.962396)
62.0617, (0.749683, -2.432793, 1.958821), (0.066597, -0.029336, 0.242457, 0.967429)
62.07592, (0.811824, -2.397541, 2.000474), (0.063573, -0.020319, 0.234285, 0.969874)
62.08953, (0.891343, -2.369261, 2.011604), (0.060149, -0.010594, 0.230647, 0.971119)
62.10349, (0.959941, -2.333405, 2.008312), (0.059766, -0.002964, 0.226699, 0.972125)
62.11727, (1.024133, -2.307787, 2.013468), (0.061540, 0.008217, 0.222190, 0.973025)
62.13107, (1.085303, -2.277098, 2.022367), (0.061795, 0.018240, 0.215337, 0.974412)
62.14528, (1.153086, -2.249670, 2.024458), (0.059631, 0.026406, 0.207668, 0.976023)
62.15845, (1.224854, -2.230777, 2.029535), (0.056469, 0.033599, 0.201782, 0.977224)
62.17268, (1.291255, -2.205273, 2.028016), (0.057261, 0.039132, 0.201728, 0.976983)
62.18634, (1.365022, -2.189699, 2.038761), (0.064043, 0.050924, 0.197488, 0.976885)
62.20007, (1.438780, -2.166696, 2.034361), (0.066221, 0.057305, 0.196496, 0.976586)
62.21389, (1.507440, -2.144815, 2.033814), (0.068935, 0.064495, 0.191690, 0.976905)
62.22797, (1.572241, -2.127045, 2.038116), (0.069846, 0.071449, 0.186694, 0.977324)
62.24186, (1.641998, -2.110307, 2.046564), (0.071184, 0.076309, 0.182653, 0.977624)
62.25571, (1.710480, -2.095300, 2.052414), (0.071676, 0.080209, 0.179620, 0.977837)
62.26942, (1.776992, -2.077206, 2.057127), (0.075552, 0.083737, 0.175926, 0.977921)
62.28333, (1.846346, -2.065474, 2.058621), (0.077652, 0.084003, 0.173477, 0.978172)
62.2972, (1.913887, -2.051579, 2.062519), (0.078197, 0.086644, 0.170396, 0.978439)
62.31114, (1.984165, -2.031522, 2.076262), (0.079333, 0.088751, 0.167633, 0.978636)
62.32507, (2.056129, -2.018367, 2.092010), (0.075846, 0.091024, 0.165916, 0.978997)
62.33898, (2.131866, -2.001443, 2.105367), (0.074104, 0.095128, 0.162128, 0.979374)
62.35291, (2.200377, -1.987103, 2.115938), (0.075596, 0.098578, 0.156899, 0.979771)
62.36683, (2.275262, -1.981093, 2.125808), (0.074314, 0.102627, 0.150801, 0.980410)
62.38078, (2.355380, -1.967952, 2.134407), (0.079233, 0.108578, 0.148568, 0.979725)
62.39459, (2.438049, -1.964234, 2.142633), (0.077937, 0.110770, 0.146273, 0.979929)
62.4084, (2.511876, -1.951869, 2.146609), (0.082091, 0.114813, 0.141124, 0.979879)
62.42241, (2.586691, -1.945890, 2.152203), (0.087231, 0.119913, 0.137934, 0.979278)
62.43619, (2.659088, -1.931520, 2.158376), (0.089775, 0.120818, 0.131353, 0.979842)
62.45065, (2.732194, -1.922942, 2.163889), (0.090029, 0.121344, 0.125477, 0.980523)
62.46404, (2.805867, -1.919360, 2.171042), (0.091803, 0.120959, 0.118567, 0.981266)
62.47784, (2.881634, -1.921946, 2.171657), (0.093736, 0.119476, 0.115859, 0.981588)
62.49179, (2.950276, -1.922362, 2.162290), (0.096535, 0.116686, 0.111322, 0.982178)
62.50612, (3.014248, -1.918572, 2.161026), (0.102398, 0.116357, 0.108705, 0.981916)
62.52007, (3.090379, -1.913494, 2.160077), (0.109365, 0.117404, 0.105672, 0.981371)
62.53394, (3.162320, -1.905285, 2.162821), (0.110767, 0.116790, 0.103147, 0.981556)
62.54774, (3.227615, -1.899067, 2.162875), (0.111227, 0.116020, 0.098768, 0.982045)
62.56163, (3.307806, -1.906905, 2.149008), (0.108244, 0.112308, 0.096112, 0.983073)
62.57584, (3.380344, -1.900305, 2.152698), (0.110213, 0.114262, 0.090842, 0.983130)
62.58974, (3.443037, -1.896399, 2.144336), (0.106345, 0.115009, 0.084465, 0.984037)
62.60338, (3.514436, -1.893989, 2.143637), (0.104536, 0.117113, 0.079327, 0.984411)
62.61716, (3.584483, -1.897751, 2.132600), (0.100954, 0.120422, 0.074529, 0.984760)
62.63116, (3.648938, -1.908017, 2.125864), (0.101291, 0.126471, 0.071377, 0.984201)
62.64502, (3.713641, -1.922005, 2.109980), (0.100347, 0.132702, 0.069740, 0.983594)
62.65889, (3.783195, -1.928815, 2.098932), (0.103245, 0.137211, 0.066137, 0.982924)
62.67272, (3.846892, -1.940682, 2.082573), (0.102281, 0.139019, 0.065289, 0.982827)
62.68661, (3.890948, -1.951140, 2.065795), (0.102372, 0.141774, 0.060737, 0.982716)
62.70055, (3.936556, -1.954494, 2.045539), (0.104751, 0.143020, 0.056455, 0.982540)
62.71464, (3.986686, -1.961604, 2.021467), (0.105337, 0.142088, 0.052996, 0.982806)
62.72839, (4.033858, -1.963954, 1.990552), (0.105649, 0.137761, 0.048385, 0.983626)
62.7425, (4.083568, -1.970869, 1.965050), (0.106339, 0.134198, 0.044193, 0.984241)
62.756, (4.123894, -1.983333, 1.943181), (0.105166, 0.133811, 0.043541, 0.984449)
62.76979, (4.162176, -1.991339, 1.923760), (0.099735, 0.133167, 0.040512, 0.985230)
62.78369, (4.197614, -1.987585, 1.906473), (0.100592, 0.133828, 0.037449, 0.985175)
62.79767, (4.239913, -1.992079, 1.899091), (0.102322, 0.134364, 0.033738, 0.985058)
62.8116, (4.281344, -2.004117, 1.871310), (0.099499, 0.130557, 0.033493, 0.985867)
62.82554, (4.317879, -2.002296, 1.861110), (0.101144, 0.128861, 0.030117, 0.986031)
62.83945, (4.354452, -2.013065, 1.853795), (0.101744, 0.128727, 0.028660, 0.986031)
62.85368, (4.388160, -2.018281, 1.837196), (0.102582, 0.127517, 0.028721, 0.986099)
62.8673, (4.417047, -2.028525, 1.817484), (0.107271, 0.125215, 0.031413, 0.985813)
62.88104, (4.448019, -2.026758, 1.803943), (0.108756, 0.124281, 0.031332, 0.985771)
62.89502, (4.476230, -2.022120, 1.793582), (0.113022, 0.122571, 0.028981, 0.985577)
62.90894, (4.505784, -2.035580, 1.789130), (0.112632, 0.123402, 0.027409, 0.985563)
62.92317, (4.533976, -2.045500, 1.784510), (0.109096, 0.123621, 0.027133, 0.985941)
62.93718, (4.563946, -2.037523, 1.788718), (0.105612, 0.125337, 0.023746, 0.986191)
62.95098, (4.590825, -2.022702, 1.787263), (0.099176, 0.126968, 0.017378, 0.986783)
62.96501, (4.608242, -2.010950, 1.773587), (0.097718, 0.125915, 0.011372, 0.987151)
62.97847, (4.631374, -2.001232, 1.760158), (0.098603, 0.121988, 0.006491, 0.987600)
62.99266, (4.651300, -1.998967, 1.732048), (0.090540, 0.115736, 0.000806, 0.989145)
63.00618, (4.670877, -1.996334, 1.711697), (0.087051, 0.109179, -0.002740, 0.990199)
63.0201, (4.685905, -2.041600, 1.683929), (0.080549, 0.109319, 0.006240, 0.990718)
63.03392, (4.696445, -2.047857, 1.658076), (0.082428, 0.111103, 0.006776, 0.990362)
63.04827, (4.716512, -2.027220, 1.642101), (0.082078, 0.112554, 0.004187, 0.990241)
63.06186, (4.739983, -2.024103, 1.613099), (0.076511, 0.105779, -0.001328, 0.991441)
63.07559, (4.762596, -2.016445, 1.600804), (0.076514, 0.099393, -0.006937, 0.992078)
63.08944, (4.765925, -1.995615, 1.596115), (0.076416, 0.093370, -0.016954, 0.992550)
63.10337, (4.770452, -1.986377, 1.588073), (0.075648, 0.090106, -0.023614, 0.992774)
63.11726, (4.777940, -1.994066, 1.582361), (0.070854, 0.089839, -0.026106, 0.993090)
63.13109, (4.790785, -1.996083, 1.571692), (0.065720, 0.090049, -0.024002, 0.993477)
63.14499, (4.806163, -1.987295, 1.553292), (0.063384, 0.087774, -0.024338, 0.993824)
63.15885, (4.818836, -1.976874, 1.538767), (0.060365, 0.083182, -0.026213, 0.994359)
63.17275, (4.816998, -1.964070, 1.529937), (0.059458, 0.079495, -0.028652, 0.994648)
63.18663, (4.812729, -1.957363, 1.530548), (0.057571, 0.076486, -0.029428, 0.994972)
63.20056, (4.809608, -1.947733, 1.526524), (0.055640, 0.072109, -0.030084, 0.995389)
63.21437, (4.806870, -1.932790, 1.522089), (0.054503, 0.069120, -0.031787, 0.995611)
63.22826, (4.807315, -1.922945, 1.513391), (0.052369, 0.064338, -0.033049, 0.996005)
63.24223, (4.804151, -1.913450, 1.514582), (0.052018, 0.059128, -0.033332, 0.996337)
63.25612, (4.802896, -1.900263, 1.520092), (0.051659, 0.056019, -0.033164, 0.996541)
63.2699, (4.794149, -1.889596, 1.532887), (0.047926, 0.054501, -0.033573, 0.996798)
63.28424, (4.793030, -1.885335, 1.552486), (0.042866, 0.053376, -0.035168, 0.997034)
63.29767, (4.787426, -1.886350, 1.563868), (0.037092, 0.054002, -0.032258, 0.997330)
63.31152, (4.787785, -1.869656, 1.565153), (0.030640, 0.048355, -0.032771, 0.997822)
63.32535, (4.774558, -1.839389, 1.565172), (0.030681, 0.041614, -0.037158, 0.997971)
63.33926, (4.761746, -1.822441, 1.579485), (0.026364, 0.036714, -0.040944, 0.998139)
63.35319, (4.746520, -1.807464, 1.596577), (0.023110, 0.033956, -0.042768, 0.998240)
63.36709, (4.734203, -1.796373, 1.613301), (0.020272, 0.032037, -0.042608, 0.998372)
63.38088, (4.726217, -1.784949, 1.624958), (0.017603, 0.028830, -0.042391, 0.998530)
63.395, (4.721615, -1.771383, 1.632078), (0.015702, 0.022167, -0.040822, 0.998797)
63.40914, (4.714693, -1.753190, 1.644749), (0.016682, 0.014739, -0.039435, 0.998974)
63.42282, (4.706914, -1.743793, 1.664595), (0.015725, 0.008461, -0.038143, 0.999113)
63.43639, (4.697961, -1.734669, 1.687951), (0.014837, 0.003313, -0.036771, 0.999208)
63.4502, (4.676742, -1.727828, 1.710227), (0.014031, 0.002644, -0.034002, 0.999320)
63.46408, (4.667292, -1.721029, 1.726632), (0.012607, -0.001836, -0.033232, 0.999367)
63.4785, (4.649573, -1.701951, 1.738096), (0.012902, -0.006226, -0.032943, 0.999355)
63.49182, (4.641498, -1.692740, 1.753151), (0.011427, -0.012535, -0.033725, 0.999287)
63.50572, (4.629902, -1.677225, 1.777427), (0.012227, -0.018203, -0.035467, 0.999130)
63.51961, (4.613542, -1.667126, 1.802788), (0.012333, -0.019995, -0.035665, 0.999088)
63.53349, (4.609742, -1.662879, 1.834733), (0.011373, -0.022354, -0.034742, 0.999082)
63.54736, (4.600113, -1.659383, 1.856114), (0.008542, -0.022092, -0.033601, 0.999155)
63.56137, (4.590497, -1.659068, 1.869626), (0.004319, -0.023420, -0.031203, 0.999229)
63.57521, (4.582511, -1.651863, 1.881348), (0.004430, -0.026334, -0.029880, 0.999197)
63.58913, (4.579269, -1.644939, 1.895319), (0.007889, -0.031401, -0.029053, 0.999053)
63.60303, (4.569660, -1.642958, 1.907091), (0.014258, -0.034441, -0.028622, 0.998895)
63.61684, (4.562547, -1.645372, 1.924182), (0.017653, -0.037474, -0.028028, 0.998749)
63.63128, (4.557539, -1.646640, 1.941442), (0.021644, -0.040099, -0.026783, 0.998602)
63.64469, (4.551223, -1.650765, 1.958947), (0.023412, -0.042326, -0.025539, 0.998503)
63.65855, (4.550494, -1.650950, 1.978326), (0.028873, -0.045920, -0.024807, 0.998220)
63.6725, (4.544961, -1.643306, 1.996630), (0.033368, -0.048461, -0.021805, 0.998029)
63.68629, (4.538965, -1.623144, 2.021461), (0.039106, -0.052853, -0.020152, 0.997633)
63.7003, (4.535732, -1.600050, 2.056642), (0.045525, -0.056957, -0.021685, 0.997102)
63.71422, (4.552363, -1.616101, 2.103696), (0.044669, -0.063977, -0.032197, 0.996431)
63.72814, (4.531697, -1.569893, 2.133983), (0.050075, -0.058607, -0.017969, 0.996863)
63.74206, (4.533742, -1.555017, 2.173067), (0.050920, -0.059981, -0.016305, 0.996767)
63.75605, (4.535376, -1.540420, 2.213820), (0.050037, -0.060139, -0.015359, 0.996817)
63.77025, (4.532064, -1.524998, 2.252271), (0.047077, -0.058035, -0.012704, 0.997123)
63.78405, (4.523601, -1.516441, 2.268625), (0.043798, -0.056489, -0.009889, 0.997393)
63.79797, (4.516179, -1.509838, 2.282512), (0.045573, -0.058734, -0.008950, 0.997193)
63.81178, (4.513987, -1.505870, 2.297305), (0.048892, -0.063061, -0.010211, 0.996759)
63.82568, (4.514256, -1.504096, 2.312759), (0.052292, -0.065506, -0.012388, 0.996404)
63.83957, (4.521064, -1.525801, 2.326880), (0.045202, -0.066172, -0.013389, 0.996694)
63.85319, (4.531241, -1.537930, 2.335917), (0.038835, -0.062598, -0.009937, 0.997234)
63.86712, (4.530993, -1.550127, 2.334982), (0.031624, -0.058083, -0.007991, 0.997779)
63.8809, (4.537950, -1.556898, 2.329614), (0.027553, -0.057894, -0.006736, 0.997920)
63.89473, (4.543417, -1.562184, 2.323783), (0.030021, -0.056769, -0.007268, 0.997910)
63.90863, (4.548102, -1.574582, 2.317221), (0.032405, -0.056765, -0.008584, 0.997825)
63.92299, (4.562863, -1.583806, 2.306920), (0.035579, -0.055468, -0.010044, 0.997776)
63.93651, (4.572119, -1.600699, 2.300242), (0.037895, -0.053804, -0.013260, 0.997744)
63.95033, (4.580855, -1.614156, 2.293763), (0.039605, -0.053251, -0.014193, 0.997695)
63.96421, (4.590017, -1.604078, 2.275907), (0.056958, -0.055934, -0.011979, 0.996737)
63.97807, (4.594943, -1.606338, 2.267672), (0.063985, -0.055185, -0.014602, 0.996317)
63.992, (4.605403, -1.606023, 2.265453), (0.070521, -0.054905, -0.019640, 0.995805)
64.006, (4.619122, -1.606188, 2.272220), (0.076827, -0.053730, -0.024365, 0.995298)
64.02003, (4.628190, -1.609395, 2.268243), (0.081603, -0.053305, -0.026299, 0.994891)
64.03379, (4.640543, -1.613203, 2.292280), (0.069451, -0.048816, -0.019954, 0.996191)
64.04786, (4.648616, -1.616813, 2.306052), (0.056321, -0.047925, -0.016179, 0.997131)
64.06184, (4.657860, -1.608359, 2.319205), (0.044648, -0.049524, -0.013948, 0.997677)
64.07626, (4.669888, -1.593777, 2.330886), (0.039002, -0.052800, -0.017540, 0.997689)
64.08941, (4.676906, -1.573061, 2.340535), (0.035093, -0.055269, -0.018235, 0.997688)
64.10326, (4.684042, -1.539896, 2.357468), (0.040162, -0.056759, -0.016377, 0.997445)
64.11715, (4.692132, -1.520944, 2.376355), (0.041051, -0.058792, -0.012996, 0.997341)
64.13108, (4.707102, -1.509749, 2.396807), (0.036005, -0.060574, -0.008505, 0.997478)
64.14491, (4.716084, -1.497562, 2.413857), (0.028910, -0.062318, -0.001051, 0.997637)
64.15875, (4.723786, -1.478149, 2.426632), (0.024531, -0.063946, 0.005103, 0.997639)
64.17267, (4.730036, -1.466494, 2.433120), (0.021695, -0.065375, 0.010240, 0.997572)
64.18682, (4.731007, -1.438504, 2.443120), (0.024057, -0.066246, 0.016067, 0.997384)
64.20065, (4.732037, -1.419854, 2.447344), (0.024930, -0.065838, 0.020472, 0.997309)
64.21446, (4.732902, -1.404538, 2.452864), (0.027071, -0.064913, 0.022385, 0.997273)
64.22874, (4.735442, -1.401150, 2.456198), (0.028136, -0.062563, 0.024273, 0.997349)
64.24246, (4.734346, -1.392508, 2.458982), (0.025979, -0.059177, 0.025615, 0.997581)
64.25602, (4.734582, -1.386962, 2.460937), (0.024846, -0.056616, 0.026669, 0.997731)
64.26986, (4.738022, -1.381884, 2.462446), (0.023973, -0.054583, 0.025290, 0.997901)
64.28392, (4.744419, -1.369945, 2.467413), (0.025635, -0.051488, 0.020325, 0.998138)
64.29762, (4.750834, -1.359528, 2.475074), (0.027661, -0.048220, 0.017161, 0.998306)
64.31124, (4.758807, -1.356580, 2.481803), (0.028228, -0.044584, 0.016432, 0.998472)
64.32523, (4.772128, -1.352329, 2.491931), (0.029999, -0.042697, 0.015572, 0.998516)
64.33901, (4.786989, -1.352619, 2.502914), (0.030277, -0.043302, 0.015678, 0.998480)
64.353, (4.805304, -1.351347, 2.517591), (0.030953, -0.043674, 0.014715, 0.998458)
64.36737, (4.818871, -1.347286, 2.536170), (0.032685, -0.043786, 0.015723, 0.998382)
64.38074, (4.831746, -1.347587, 2.553087), (0.033263, -0.043875, 0.016884, 0.998340)
64.39468, (4.850792, -1.350371, 2.572780), (0.032239, -0.044561, 0.015732, 0.998362)
64.40849, (4.868435, -1.351643, 2.594726), (0.030719, -0.044577, 0.014282, 0.998431)
64.42242, (4.885395, -1.345642, 2.615940), (0.031942, -0.043615, 0.013270, 0.998450)
64.43626, (4.904523, -1.338507, 2.639428), (0.034673, -0.042150, 0.011506, 0.998443)
64.45019, (4.922867, -1.336721, 2.663043), (0.035542, -0.040313, 0.010527, 0.998499)
64.46412, (4.938180, -1.337880, 2.684085), (0.033007, -0.039235, 0.011612, 0.998617)
64.4781, (4.955645, -1.329902, 2.705019), (0.032638, -0.038887, 0.011977, 0.998639)
64.49189, (4.976637, -1.325779, 2.726845), (0.032637, -0.037632, 0.011114, 0.998697)
64.50578, (4.992063, -1.316011, 2.745170), (0.034041, -0.037285, 0.013221, 0.998637)
64.52007, (5.009781, -1.302611, 2.766167), (0.037718, -0.037023, 0.014109, 0.998503)
64.53352, (5.034336, -1.291300, 2.789444), (0.040139, -0.037913, 0.013707, 0.998381)
64.54736, (5.053566, -1.284494, 2.809818), (0.039633, -0.037670, 0.014259, 0.998402)
64.56129, (5.073973, -1.279300, 2.830318), (0.037639, -0.036353, 0.016461, 0.998494)
64.5751, (5.097358, -1.273663, 2.849721), (0.034683, -0.035449, 0.018601, 0.998596)
64.58897, (5.122616, -1.271192, 2.868147), (0.031679, -0.034579, 0.020973, 0.998680)
64.60294, (5.145814, -1.265132, 2.883775), (0.030124, -0.034243, 0.023474, 0.998684)
64.61681, (5.169289, -1.259935, 2.897008), (0.030506, -0.036149, 0.025945, 0.998544)
64.63083, (5.195035, -1.255527, 2.909472), (0.031172, -0.038699, 0.025998, 0.998426)
64.64484, (5.216599, -1.252637, 2.920470), (0.032964, -0.040384, 0.025337, 0.998319)
64.65886, (5.239772, -1.258668, 2.930375), (0.031244, -0.040673, 0.024216, 0.998390)
64.67249, (5.257740, -1.258450, 2.938797), (0.031216, -0.039234, 0.023508, 0.998466)
64.68656, (5.279579, -1.254008, 2.946977), (0.031412, -0.037682, 0.020585, 0.998584)
64.70023, (5.300212, -1.249077, 2.953590), (0.032902, -0.035101, 0.017232, 0.998693)
64.71407, (5.319410, -1.245173, 2.961595), (0.034760, -0.033156, 0.016885, 0.998703)
64.72795, (5.343029, -1.251402, 2.970625), (0.032898, -0.032079, 0.017045, 0.998798)
64.74188, (5.364440, -1.255040, 2.978536), (0.031844, -0.032650, 0.017217, 0.998811)
64.75562, (5.385068, -1.251233, 2.986088), (0.032907, -0.034212, 0.016463, 0.998737)
64.7694, (5.404719, -1.248860, 2.992870), (0.035090, -0.036154, 0.015419, 0.998611)
64.78358, (5.423675, -1.243546, 3.002215), (0.038152, -0.037921, 0.015235, 0.998436)
64.79726, (5.442018, -1.245303, 3.013697), (0.039726, -0.037884, 0.015997, 0.998364)
64.81098, (5.457449, -1.249794, 3.024455), (0.038245, -0.037976, 0.018600, 0.998373)
64.82487, (5.471027, -1.240658, 3.034237), (0.040315, -0.039074, 0.019013, 0.998242)
64.83876, (5.484991, -1.235137, 3.045353), (0.043986, -0.040501, 0.016901, 0.998068)
64.85288, (5.500140, -1.233495, 3.055943), (0.045233, -0.041366, 0.015799, 0.997995)
64.86665, (5.512233, -1.236299, 3.071362), (0.045192, -0.042013, 0.013817, 0.997999)
64.88055, (5.523500, -1.240302, 3.086984), (0.042905, -0.042126, 0.013538, 0.998099)
64.89468, (5.528322, -1.239123, 3.104210), (0.036125, -0.042556, 0.012025, 0.998368)
64.90831, (5.538695, -1.236719, 3.117370), (0.035543, -0.043708, 0.010107, 0.998361)
64.92233, (5.547194, -1.234508, 3.131304), (0.035604, -0.044883, 0.009215, 0.998315)
64.93617, (5.554411, -1.236626, 3.144772), (0.034765, -0.045079, 0.009725, 0.998331)
64.95, (5.560918, -1.235559, 3.155554), (0.034234, -0.046332, 0.010387, 0.998285)
64.96386, (5.570236, -1.230181, 3.167062), (0.034112, -0.047457, 0.008427, 0.998255)
64.97784, (5.577535, -1.226971, 3.179729), (0.033817, -0.047916, 0.006878, 0.998255)
64.99173, (5.585766, -1.227071, 3.191556), (0.032397, -0.048351, 0.006630, 0.998283)
65.00561, (5.590284, -1.226640, 3.199633), (0.029080, -0.047154, 0.008327, 0.998430)
65.01939, (5.598152, -1.219413, 3.206912), (0.029249, -0.047204, 0.008065, 0.998424)
65.03377, (5.603533, -1.212511, 3.213381), (0.030199, -0.047601, 0.008880, 0.998370)
65.04774, (5.608776, -1.210124, 3.219018), (0.031813, -0.048724, 0.011390, 0.998241)
65.06149, (5.615751, -1.210151, 3.225499), (0.032358, -0.049667, 0.012537, 0.998163)
65.07518, (5.621752, -1.208057, 3.233554), (0.032410, -0.050117, 0.013114, 0.998131)
65.08907, (5.626868, -1.208767, 3.239513), (0.029358, -0.048693, 0.011946, 0.998311)
65.10258, (5.629607, -1.201415, 3.245730), (0.029508, -0.047991, 0.012412, 0.998335)
65.11729, (5.633893, -1.198962, 3.249993), (0.028467, -0.047807, 0.012241, 0.998376)
65.13112, (5.638816, -1.194532, 3.253861), (0.027966, -0.047436, 0.011342, 0.998418)
65.14532, (5.643962, -1.192052, 3.259568), (0.027754, -0.046627, 0.011143, 0.998465)
65.15967, (5.650911, -1.188656, 3.265789), (0.027187, -0.046172, 0.011916, 0.998492)
65.1725, (5.658689, -1.183366, 3.270700), (0.026755, -0.046025, 0.012754, 0.998501)
65.18647, (5.664933, -1.179168, 3.274190), (0.026301, -0.045821, 0.013534, 0.998512)
65.20035, (5.669919, -1.168339, 3.280348), (0.028954, -0.045532, 0.015051, 0.998430)
65.21413, (5.677304, -1.167122, 3.286360), (0.027221, -0.044431, 0.015571, 0.998520)
65.22848, (5.680819, -1.161004, 3.294268), (0.027506, -0.042375, 0.016972, 0.998579)
65.242, (5.686293, -1.155944, 3.301648), (0.028255, -0.041543, 0.017190, 0.998589)
65.2559, (5.693911, -1.151807, 3.311349), (0.028802, -0.041637, 0.015182, 0.998602)
65.26984, (5.703792, -1.152509, 3.322563), (0.026602, -0.040996, 0.013105, 0.998719)
65.28365, (5.713373, -1.156847, 3.336218), (0.020628, -0.039114, 0.013443, 0.998931)
65.2979, (5.720047, -1.159390, 3.346787), (0.015067, -0.036464, 0.015040, 0.999108)
65.31129, (5.727061, -1.156683, 3.355047), (0.013036, -0.034938, 0.017716, 0.999147)
65.32527, (5.735443, -1.154704, 3.361102), (0.015227, -0.035942, 0.017668, 0.999082)
65.33939, (5.744494, -1.156371, 3.368100), (0.016162, -0.037022, 0.017027, 0.999039)
65.35313, (5.747645, -1.159203, 3.376706), (0.020771, -0.037707, 0.017727, 0.998916)
65.36693, (5.751734, -1.163005, 3.384402), (0.021490, -0.037002, 0.019809, 0.998888)
65.3803, (5.754394, -1.179264, 3.390278), (0.020443, -0.035758, 0.023799, 0.998868)
65.39436, (5.753139, -1.184074, 3.392498), (0.022225, -0.036128, 0.024315, 0.998804)
65.40821, (5.753900, -1.186465, 3.396195), (0.024671, -0.037156, 0.022444, 0.998753)
65.42219, (5.752904, -1.190251, 3.402855), (0.025092, -0.039170, 0.016307, 0.998784)
65.4365, (5.746252, -1.193030, 3.407651), (0.022458, -0.039021, 0.013276, 0.998898)
65.45039, (5.740527, -1.193676, 3.410861), (0.021514, -0.037426, 0.010145, 0.999016)
65.46423, (5.739341, -1.193155, 3.415560), (0.022045, -0.036922, 0.007676, 0.999046)
65.47821, (5.737509, -1.195531, 3.420315), (0.021992, -0.036739, 0.005992, 0.999065)
65.49194, (5.746759, -1.199925, 3.424458), (0.016979, -0.031676, 0.000952, 0.999354)
65.50627, (5.747019, -1.195234, 3.428007), (0.016411, -0.030169, 0.001771, 0.999409)
65.52005, (5.752707, -1.183835, 3.432727), (0.018141, -0.030250, 0.002422, 0.999375)
65.53384, (5.757266, -1.179080, 3.435763), (0.017587, -0.031038, 0.003010, 0.999359)
65.54761, (5.760655, -1.172630, 3.439920), (0.018595, -0.031403, 0.005185, 0.999320)
65.56141, (5.766200, -1.168431, 3.444144), (0.018826, -0.033440, 0.008698, 0.999226)
65.57538, (5.766716, -1.164278, 3.447516), (0.017483, -0.035487, 0.013381, 0.999128)
65.5891, (5.769422, -1.151723, 3.454061), (0.018604, -0.037840, 0.016523, 0.998974)
65.60311, (5.767950, -1.144493, 3.459764), (0.018251, -0.039322, 0.018570, 0.998887)
65.61691, (5.767715, -1.139170, 3.466346), (0.017321, -0.040808, 0.020660, 0.998803)
65.63127, (5.769103, -1.135302, 3.473424), (0.015296, -0.041226, 0.021776, 0.998795)
65.64493, (5.767308, -1.130700, 3.480096), (0.011749, -0.040894, 0.023477, 0.998819)
65.65904, (5.767927, -1.126930, 3.486554), (0.008087, -0.040773, 0.024418, 0.998837)
65.67265, (5.764625, -1.123775, 3.489318), (0.005139, -0.040962, 0.026334, 0.998800)
65.68639, (5.763132, -1.119543, 3.491080), (0.003649, -0.042257, 0.027996, 0.998708)
65.70015, (5.761179, -1.115273, 3.488977), (0.004984, -0.044740, 0.027458, 0.998609)
65.71383, (5.757533, -1.112280, 3.487692), (0.007595, -0.046826, 0.027055, 0.998508)
65.72786, (5.752873, -1.110505, 3.485348), (0.009576, -0.048318, 0.026293, 0.998440)
65.74107, (5.749820, -1.111650, 3.482603), (0.011765, -0.049047, 0.024009, 0.998439)
65.75587, (5.746584, -1.112776, 3.480591), (0.013084, -0.048673, 0.021648, 0.998494)
65.76962, (5.743174, -1.113954, 3.479018), (0.014041, -0.046843, 0.020398, 0.998595)
65.78346, (5.740375, -1.115683, 3.477242), (0.013848, -0.043479, 0.019860, 0.998761)
65.79736, (5.741919, -1.121256, 3.477229), (0.013455, -0.040473, 0.019917, 0.998892)
65.8112, (5.738580, -1.117321, 3.477602), (0.014038, -0.039307, 0.021163, 0.998905)
65.82496, (5.738460, -1.121855, 3.475493), (0.014223, -0.040174, 0.022183, 0.998845)
65.83973, (5.739791, -1.124724, 3.472425), (0.014565, -0.043467, 0.020737, 0.998734)
65.85285, (5.740265, -1.125855, 3.469347), (0.015395, -0.044721, 0.019531, 0.998690)
65.86674, (5.740759, -1.127055, 3.466490), (0.015906, -0.044527, 0.019771, 0.998686)
65.8811, (5.741467, -1.128583, 3.464434), (0.016866, -0.042831, 0.020536, 0.998729)
65.89481, (5.741620, -1.130522, 3.462406), (0.016834, -0.041631, 0.022041, 0.998748)
65.90936, (5.740666, -1.129545, 3.459990), (0.019925, -0.041776, 0.023160, 0.998660)
65.92235, (5.740137, -1.128019, 3.457657), (0.021021, -0.043700, 0.022114, 0.998579)
65.93664, (5.740313, -1.125220, 3.456472), (0.021619, -0.046661, 0.019713, 0.998482)
65.95041, (5.740373, -1.123060, 3.456969), (0.020260, -0.047486, 0.018971, 0.998486)
65.96407, (5.740393, -1.122190, 3.458122), (0.019153, -0.047026, 0.019356, 0.998523)
65.97821, (5.739965, -1.121954, 3.459947), (0.018064, -0.045438, 0.020681, 0.998590)
65.99178, (5.738609, -1.121266, 3.461314), (0.017989, -0.044639, 0.021157, 0.998617)
66.00562, (5.739323, -1.118486, 3.462429), (0.018683, -0.042947, 0.017271, 0.998753)
66.01949, (5.741726, -1.114485, 3.464787), (0.018462, -0.040743, 0.015272, 0.998882)
66.03336, (5.744091, -1.111121, 3.467621), (0.017556, -0.039018, 0.015947, 0.998957)
66.04724, (5.748103, -1.109312, 3.471295), (0.016445, -0.038525, 0.017844, 0.998963)
66.062, (5.761510, -1.111960, 3.479228), (0.014261, -0.039473, 0.019042, 0.998937)
66.075, (5.767299, -1.115316, 3.480668), (0.010102, -0.040894, 0.019955, 0.998913)
66.08898, (5.768233, -1.108366, 3.477602), (0.009064, -0.042031, 0.020957, 0.998855)
66.10266, (5.769738, -1.103168, 3.475466), (0.009928, -0.041895, 0.020748, 0.998857)
66.11652, (5.770826, -1.103313, 3.472155), (0.009840, -0.040766, 0.020459, 0.998911)
66.13052, (5.769322, -1.100961, 3.467869), (0.011254, -0.038741, 0.020985, 0.998966)
66.14455, (5.771258, -1.098864, 3.465211), (0.013127, -0.036982, 0.020752, 0.999014)
66.15842, (5.774745, -1.097929, 3.462364), (0.014642, -0.035377, 0.019526, 0.999076)
66.17221, (5.779076, -1.097411, 3.461806), (0.014946, -0.033749, 0.018954, 0.999139)
66.18604, (5.780973, -1.096992, 3.460297), (0.014500, -0.031678, 0.019740, 0.999198)
66.1999, (5.783020, -1.095996, 3.457567), (0.014043, -0.030076, 0.021693, 0.999214)
66.21339, (5.785160, -1.095138, 3.453508), (0.014324, -0.029236, 0.023599, 0.999191)
66.22775, (5.786696, -1.091242, 3.451228), (0.016436, -0.029363, 0.024322, 0.999138)
66.24174, (5.786205, -1.087317, 3.448446), (0.018027, -0.029742, 0.024804, 0.999087)
66.25549, (5.786912, -1.086715, 3.446124), (0.017987, -0.030151, 0.023773, 0.999101)
66.2692, (5.788001, -1.084164, 3.444008), (0.018447, -0.029681, 0.023853, 0.999105)
66.28338, (5.789058, -1.081154, 3.444382), (0.017991, -0.028155, 0.023394, 0.999168)
66.29738, (5.789522, -1.080425, 3.444529), (0.017389, -0.025738, 0.024416, 0.999219)
66.31165, (5.789802, -1.080508, 3.444270), (0.015779, -0.023979, 0.025771, 0.999256)
66.32533, (5.792643, -1.077297, 3.441486), (0.015173, -0.023097, 0.026204, 0.999275)
66.33907, (5.793248, -1.066600, 3.448828), (0.012326, -0.025366, 0.025475, 0.999278)
66.35298, (5.790656, -1.064471, 3.448174), (0.010201, -0.027091, 0.026793, 0.999222)
66.36691, (5.790879, -1.061556, 3.447220), (0.010330, -0.029732, 0.027144, 0.999136)
66.38059, (5.793239, -1.059102, 3.448890), (0.010877, -0.031235, 0.026380, 0.999105)
66.39438, (5.791369, -1.058975, 3.450047), (0.010610, -0.031769, 0.027555, 0.999059)
66.40835, (5.787960, -1.055868, 3.450720), (0.011787, -0.031224, 0.028926, 0.999024)
66.42215, (5.789090, -1.052593, 3.450188), (0.012780, -0.030633, 0.029082, 0.999026)
66.43558, (5.788000, -1.051275, 3.450873), (0.011504, -0.030610, 0.028341, 0.999063)
66.44984, (5.787324, -1.051760, 3.452456), (0.010327, -0.029417, 0.029298, 0.999084)
66.46391, (5.786421, -1.051333, 3.453451), (0.009104, -0.028615, 0.031157, 0.999063)
66.47733, (5.785789, -1.054602, 3.454923), (0.008603, -0.029003, 0.033601, 0.998977)
66.49115, (5.785026, -1.054540, 3.455590), (0.008323, -0.029373, 0.034439, 0.998940)
66.50546, (5.782218, -1.056678, 3.453027), (0.009757, -0.031087, 0.031392, 0.998976)
66.51935, (5.776851, -1.056459, 3.448752), (0.012716, -0.030199, 0.028347, 0.999061)
66.53277, (5.772817, -1.056215, 3.445644), (0.013515, -0.028120, 0.026898, 0.999151)
66.54666, (5.769697, -1.056970, 3.443621), (0.013160, -0.025989, 0.026419, 0.999227)
66.56069, (5.767259, -1.059796, 3.441823), (0.012131, -0.023176, 0.027385, 0.999283)
66.5745, (5.765176, -1.062316, 3.440285), (0.012451, -0.021876, 0.028241, 0.999284)
66.58829, (5.764889, -1.065767, 3.434112), (0.014163, -0.022898, 0.028483, 0.999232)
66.60279, (5.765716, -1.065338, 3.431457), (0.016524, -0.024391, 0.026131, 0.999224)
66.6163, (5.767002, -1.070362, 3.430643), (0.015765, -0.024884, 0.025830, 0.999232)
66.63001, (5.764196, -1.074070, 3.429092), (0.015057, -0.023503, 0.026933, 0.999248)
66.64389, (5.763242, -1.076355, 3.427103), (0.015025, -0.022447, 0.027604, 0.999254)
66.65777, (5.762095, -1.077118, 3.421875), (0.015048, -0.022299, 0.027959, 0.999247)
66.67168, (5.759740, -1.071895, 3.418735), (0.018760, -0.022546, 0.027391, 0.999194)
66.68556, (5.758776, -1.073426, 3.417587), (0.023111, -0.022826, 0.025857, 0.999138)
66.69951, (5.757557, -1.071626, 3.417217), (0.023699, -0.022548, 0.025342, 0.999144)
66.71334, (5.756643, -1.071552, 3.417511), (0.023436, -0.021978, 0.025595, 0.999156)
66.72759, (5.756997, -1.073649, 3.422412), (0.018528, -0.021137, 0.026594, 0.999251)
66.74191, (5.757188, -1.075238, 3.426117), (0.016858, -0.022107, 0.026398, 0.999265)
66.75518, (5.757106, -1.075492, 3.428266), (0.016112, -0.023548, 0.025131, 0.999277)
66.76938, (5.756770, -1.074744, 3.430633), (0.016261, -0.024764, 0.024650, 0.999257)
66.78294, (5.755821, -1.073941, 3.432857), (0.016650, -0.024705, 0.025346, 0.999235)
66.79693, (5.755331, -1.073954, 3.434873), (0.016343, -0.024310, 0.026259, 0.999226)
66.81094, (5.754870, -1.074573, 3.436735), (0.016472, -0.024423, 0.027746, 0.999181)
66.82468, (5.753820, -1.075140, 3.438046), (0.016631, -0.025067, 0.028463, 0.999142)
66.83869, (5.752804, -1.076224, 3.438935), (0.016471, -0.026510, 0.028020, 0.999120)
66.85254, (5.750819, -1.077574, 3.438779), (0.017151, -0.027468, 0.027599, 0.999094)
66.86646, (5.748368, -1.079205, 3.438112), (0.016860, -0.027683, 0.028084, 0.999080)
66.88035, (5.745892, -1.080792, 3.437327), (0.016887, -0.027857, 0.027767, 0.999084)
66.89413, (5.741572, -1.082330, 3.434157), (0.018229, -0.027144, 0.026708, 0.999108)
66.90757, (5.737979, -1.082666, 3.431823), (0.020305, -0.026849, 0.026034, 0.999094)
66.92136, (5.735153, -1.083485, 3.430708), (0.021278, -0.026285, 0.025597, 0.999100)
66.93541, (5.728576, -1.083380, 3.427364), (0.023060, -0.025762, 0.025605, 0.999074)
66.94922, (5.731110, -1.090299, 3.430271), (0.020895, -0.025524, 0.025063, 0.999142)
66.96309, (5.727689, -1.089031, 3.428620), (0.019903, -0.025180, 0.025007, 0.999172)
66.97694, (5.726068, -1.089349, 3.429537), (0.020336, -0.025157, 0.024884, 0.999167)
66.99084, (5.724682, -1.088394, 3.429834), (0.020665, -0.026172, 0.024256, 0.999150)
67.00475, (5.724132, -1.087379, 3.430078), (0.020931, -0.027349, 0.023581, 0.999129)
67.01891, (5.724174, -1.087296, 3.430845), (0.020233, -0.026978, 0.023656, 0.999151)
67.03261, (5.724485, -1.087066, 3.432741), (0.020508, -0.026183, 0.024439, 0.999148)
67.0464, (5.725591, -1.087122, 3.434968), (0.018755, -0.024739, 0.025354, 0.999196)
67.06042, (5.728017, -1.087660, 3.437473), (0.016174, -0.023124, 0.025325, 0.999281)
67.07432, (5.729847, -1.088346, 3.439575), (0.014503, -0.021901, 0.026647, 0.999300)
67.08794, (5.731040, -1.088661, 3.441574), (0.014646, -0.021096, 0.028071, 0.999276)
67.1019, (5.732092, -1.088969, 3.443339), (0.016105, -0.021170, 0.028235, 0.999247)
67.11593, (5.733323, -1.088945, 3.445073), (0.017347, -0.021217, 0.027758, 0.999239)
67.12933, (5.734269, -1.088156, 3.447256), (0.018360, -0.020989, 0.027664, 0.999228)
67.14338, (5.734800, -1.088057, 3.449174), (0.018413, -0.020748, 0.027896, 0.999226)
67.15738, (5.736728, -1.088268, 3.452516), (0.015971, -0.023140, 0.026989, 0.999240)
67.17159, (5.738080, -1.088871, 3.455149), (0.015399, -0.023670, 0.026598, 0.999247)
67.18513, (5.740268, -1.089377, 3.458486), (0.015302, -0.024494, 0.026531, 0.999231)
67.199, (5.741105, -1.089183, 3.461474), (0.016377, -0.024298, 0.028042, 0.999177)
67.21265, (5.739522, -1.088268, 3.462765), (0.017961, -0.025426, 0.029420, 0.999082)
67.22645, (5.739985, -1.088389, 3.465076), (0.018158, -0.025810, 0.029785, 0.999058)
67.24033, (5.738161, -1.086682, 3.465024), (0.021016, -0.027797, 0.026474, 0.999042)
67.25408, (5.735088, -1.086295, 3.463907), (0.020451, -0.027477, 0.022262, 0.999165)
67.26812, (5.731497, -1.090069, 3.464698), (0.017826, -0.023006, 0.023778, 0.999294)
67.28193, (5.728919, -1.092176, 3.465431), (0.018031, -0.020830, 0.024352, 0.999324)
67.2958, (5.726700, -1.092144, 3.465433), (0.021227, -0.020737, 0.024045, 0.999270)
67.3101, (5.724257, -1.091652, 3.464940), (0.023779, -0.021939, 0.023426, 0.999202)
67.32339, (5.721855, -1.091379, 3.464097), (0.024715, -0.023495, 0.022222, 0.999171)
67.33715, (5.720882, -1.091968, 3.464383), (0.023876, -0.024102, 0.021937, 0.999184)
67.35257, (5.719607, -1.092808, 3.465518), (0.023038, -0.023426, 0.022434, 0.999208)
67.3653, (5.719106, -1.093835, 3.467928), (0.022364, -0.022910, 0.022858, 0.999226)
67.37904, (5.719409, -1.094822, 3.471525), (0.020993, -0.021945, 0.023918, 0.999253)
67.39289, (5.719347, -1.096117, 3.474274), (0.019923, -0.021511, 0.025037, 0.999257)
67.4068, (5.719185, -1.097472, 3.476599), (0.018911, -0.021445, 0.026446, 0.999241)
67.4564, (5.719533, -1.096222, 3.475904), (0.021105, -0.022512, 0.026749, 0.999166)