41.3916, (-0.418100, -3.915423, 5.592288), (0.230627, 0.183578, 0.085539, 0.951732)
41.40545, (-0.435173, -3.920448, 5.618465), (0.231335, 0.185388, 0.084893, 0.951267)
41.41936, (-0.447188, -3.923880, 5.642798), (0.232133, 0.187845, 0.085342, 0.950550)
41.4333, (-0.459052, -3.928163, 5.663747), (0.232541, 0.190724, 0.086622, 0.949761)
41.4472, (-0.470149, -3.931078, 5.682947), (0.233973, 0.193145, 0.087832, 0.948808)
41.46147, (-0.479263, -3.934196, 5.696867), (0.235001, 0.195712, 0.089133, 0.947906)
41.47549, (-0.487391, -3.936880, 5.712528), (0.235998, 0.198141, 0.090043, 0.947068)
41.48928, (-0.495509, -3.938690, 5.726557), (0.237061, 0.200549, 0.090747, 0.946228)
41.50283, (-0.503307, -3.941227, 5.737484), (0.237241, 0.202855, 0.091623, 0.945607)
41.51667, (-0.505776, -3.937788, 5.741803), (0.238059, 0.204120, 0.091889, 0.945103)
41.53052, (-0.508398, -3.935268, 5.748281), (0.238575, 0.205287, 0.092774, 0.944633)
41.54431, (-0.505315, -3.930632, 5.752960), (0.238397, 0.206006, 0.093320, 0.944468)
41.55818, (-0.503589, -3.926257, 5.757595), (0.237720, 0.207105, 0.093411, 0.944389)
41.57213, (-0.500908, -3.921884, 5.762443), (0.236307, 0.208497, 0.093262, 0.944452)
41.58603, (-0.494584, -3.916330, 5.763405), (0.234502, 0.210003, 0.092245, 0.944669)
41.59998, (-0.486869, -3.909843, 5.763154), (0.232775, 0.210788, 0.091123, 0.945030)
41.6138, (-0.480738, -3.905143, 5.763647), (0.231777, 0.211943, 0.090462, 0.945080)
41.62769, (-0.469568, -3.901829, 5.757956), (0.230807, 0.211898, 0.089776, 0.945393)
41.64203, (-0.458964, -3.897555, 5.753494), (0.230992, 0.212073, 0.089221, 0.945361)
41.65554, (-0.449245, -3.893051, 5.749897), (0.230993, 0.213020, 0.088188, 0.945245)
41.66958, (-0.432611, -3.888277, 5.743516), (0.230360, 0.213114, 0.086252, 0.945557)
41.6835, (-0.418263, -3.883616, 5.738008), (0.229238, 0.213317, 0.084364, 0.945954)
41.69715, (-0.401359, -3.878484, 5.730816), (0.228579, 0.212926, 0.081917, 0.946416)
41.71127, (-0.383122, -3.873496, 5.723312), (0.228468, 0.212953, 0.080081, 0.946594)
41.72505, (-0.360638, -3.869289, 5.714779), (0.228101, 0.213236, 0.078495, 0.946752)
41.73893, (-0.338134, -3.864380, 5.706916), (0.227755, 0.213680, 0.076727, 0.946880)
41.75288, (-0.313778, -3.860707, 5.698007), (0.227056, 0.214825, 0.075014, 0.946926)
41.76672, (-0.290250, -3.854870, 5.687870), (0.226474, 0.215547, 0.073481, 0.947021)
41.78061, (-0.264702, -3.848007, 5.677521), (0.225661, 0.216013, 0.072005, 0.947223)
41.79494, (-0.237960, -3.843219, 5.667474), (0.224974, 0.216592, 0.070584, 0.947361)
41.80848, (-0.210693, -3.839226, 5.656844), (0.224200, 0.216876, 0.069116, 0.947588)
41.82223, (-0.182068, -3.836827, 5.646584), (0.223687, 0.217130, 0.067370, 0.947776)
41.83621, (-0.153503, -3.835564, 5.636003), (0.222679, 0.217085, 0.065760, 0.948137)
41.85011, (-0.123419, -3.831657, 5.626677), (0.222284, 0.216832, 0.063860, 0.948417)
41.86405, (-0.092088, -3.830426, 5.617576), (0.221978, 0.216425, 0.062066, 0.948701)
41.87783, (-0.059401, -3.828609, 5.608543), (0.222597, 0.215707, 0.060582, 0.948815)
41.89185, (-0.026288, -3.827398, 5.599967), (0.223121, 0.214911, 0.058675, 0.948993)
41.90579, (0.007932, -3.828214, 5.595018), (0.222898, 0.214019, 0.056331, 0.949389)
41.91963, (0.043088, -3.827953, 5.590732), (0.222538, 0.213039, 0.053979, 0.949830)
41.93391, (0.079193, -3.827919, 5.588037), (0.221941, 0.212036, 0.051686, 0.950322)
41.94768, (0.118607, -3.828689, 5.587583), (0.220953, 0.210436, 0.049424, 0.951028)
41.96119, (0.159856, -3.829733, 5.589217), (0.220416, 0.208976, 0.047349, 0.951580)
41.9751, (0.202965, -3.831031, 5.594140), (0.220476, 0.207677, 0.044858, 0.951971)
41.98895, (0.247455, -3.834670, 5.596301), (0.220826, 0.206478, 0.042225, 0.952271)
42.00299, (0.293722, -3.837718, 5.599733), (0.221882, 0.205193, 0.039564, 0.952418)
42.01712, (0.345619, -3.839217, 5.605428), (0.224979, 0.203750, 0.036859, 0.952109)
42.03127, (0.398740, -3.840516, 5.609128), (0.227183, 0.202412, 0.033794, 0.951985)
42.0449, (0.450992, -3.842731, 5.613630), (0.229341, 0.201182, 0.031511, 0.951807)
42.05891, (0.507508, -3.842597, 5.619825), (0.231970, 0.199316, 0.028256, 0.951664)
42.07282, (0.562759, -3.841622, 5.624506), (0.234407, 0.197552, 0.024465, 0.951540)
42.08623, (0.618453, -3.840501, 5.627937), (0.236335, 0.195022, 0.021970, 0.951646)
42.10003, (0.679475, -3.835821, 5.623541), (0.238914, 0.192397, 0.017538, 0.951628)
42.11404, (0.742807, -3.830782, 5.619433), (0.240261, 0.189379, 0.014615, 0.951944)
42.12794, (0.805208, -3.825653, 5.619923), (0.242163, 0.187455, 0.010935, 0.951892)
42.14181, (0.869887, -3.817900, 5.621886), (0.243866, 0.185152, 0.008295, 0.951935)
42.15585, (0.937465, -3.811134, 5.615806), (0.242559, 0.183519, 0.003697, 0.952614)
42.16968, (1.000065, -3.806529, 5.614888), (0.243764, 0.181507, 0.000355, 0.952698)
42.18361, (1.063381, -3.801584, 5.612749), (0.244557, 0.179813, -0.003848, 0.952809)
42.19761, (1.134032, -3.786777, 5.588994), (0.239951, 0.177720, -0.012245, 0.954301)
42.21154, (1.201013, -3.787348, 5.570695), (0.237652, 0.176009, -0.017200, 0.955116)
42.22556, (1.262917, -3.784727, 5.558127), (0.236900, 0.173153, -0.020324, 0.955763)
42.23938, (1.325318, -3.779770, 5.544660), (0.236348, 0.169205, -0.024748, 0.956502)
42.25348, (1.388638, -3.773381, 5.533822), (0.235395, 0.164638, -0.029430, 0.957401)
42.26723, (1.451442, -3.766793, 5.527448), (0.233224, 0.160122, -0.034055, 0.958545)
42.2812, (1.515961, -3.763222, 5.518241), (0.230981, 0.155557, -0.038461, 0.959672)
42.29502, (1.577441, -3.760778, 5.506599), (0.228882, 0.150106, -0.041905, 0.960898)
42.30891, (1.636913, -3.758129, 5.497745), (0.228864, 0.144418, -0.044519, 0.961656)
42.32261, (1.693642, -3.754578, 5.486473), (0.229583, 0.137540, -0.046363, 0.962406)
42.33679, (1.753091, -3.748851, 5.475026), (0.229508, 0.130282, -0.050564, 0.963222)
42.35087, (1.810482, -3.742909, 5.465994), (0.228936, 0.125207, -0.054875, 0.963795)
42.36417, (1.869289, -3.736317, 5.454658), (0.226940, 0.120032, -0.059717, 0.964637)
42.37803, (1.925541, -3.726441, 5.444791), (0.226120, 0.115768, -0.063646, 0.965099)
42.39186, (1.977688, -3.722563, 5.431429), (0.225063, 0.111799, -0.066304, 0.965635)
42.4058, (2.035599, -3.716946, 5.420275), (0.224669, 0.106104, -0.067693, 0.966273)
42.41975, (2.087430, -3.711008, 5.407877), (0.223453, 0.102493, -0.069480, 0.966818)
42.43364, (2.141385, -3.704959, 5.393465), (0.221094, 0.097632, -0.071411, 0.967722)
42.44746, (2.191199, -3.697881, 5.376074), (0.218722, 0.093688, -0.073353, 0.968505)
42.46142, (2.237600, -3.689188, 5.359594), (0.217309, 0.090819, -0.075403, 0.968939)
42.47538, (2.286654, -3.685908, 5.337587), (0.214796, 0.086824, -0.078252, 0.969640)
42.48917, (2.330242, -3.682611, 5.317099), (0.212367, 0.083322, -0.080637, 0.970286)
42.50361, (2.374800, -3.680097, 5.297577), (0.210273, 0.079003, -0.082510, 0.970946)
42.51699, (2.418629, -3.677229, 5.276086), (0.208151, 0.074240, -0.084787, 0.971583)
42.53096, (2.458190, -3.677447, 5.250959), (0.206253, 0.069685, -0.086272, 0.972194)
42.54487, (2.499300, -3.676603, 5.226547), (0.204866, 0.065488, -0.087929, 0.972630)
42.55873, (2.540071, -3.677402, 5.199303), (0.202957, 0.061131, -0.089707, 0.973152)
42.5725, (2.579603, -3.680482, 5.172891), (0.200426, 0.057183, -0.092229, 0.973680)
42.58642, (2.620225, -3.683741, 5.146849), (0.196955, 0.053418, -0.094602, 0.974375)
42.60035, (2.657893, -3.685780, 5.123090), (0.193967, 0.050074, -0.095382, 0.975075)
42.61415, (2.695915, -3.692399, 5.095796), (0.190441, 0.047569, -0.096877, 0.975748)
42.62812, (2.737866, -3.699013, 5.070533), (0.188394, 0.044954, -0.099557, 0.976000)
42.64198, (2.775984, -3.706535, 5.042792), (0.186009, 0.042721, -0.101720, 0.976334)
42.65653, (2.811772, -3.712485, 5.015641), (0.183740, 0.041080, -0.103698, 0.976626)
42.67009, (2.852156, -3.716140, 4.992190), (0.183384, 0.039785, -0.106476, 0.976448)
42.68385, (2.890198, -3.720883, 4.966431), (0.181492, 0.039671, -0.108412, 0.976593)
42.69769, (2.929116, -3.721318, 4.943083), (0.179387, 0.041372, -0.111950, 0.976512)
42.7115, (2.969997, -3.720402, 4.917382), (0.175503, 0.043472, -0.114314, 0.976853)
42.72544, (3.006187, -3.711953, 4.896785), (0.171888, 0.048080, -0.116366, 0.977037)
42.73927, (3.042627, -3.706826, 4.874024), (0.168675, 0.051214, -0.118392, 0.977195)
42.75297, (3.078448, -3.698007, 4.852664), (0.165555, 0.053368, -0.119358, 0.977495)
42.76691, (3.111054, -3.681390, 4.837877), (0.162997, 0.056366, -0.120079, 0.977669)
42.78115, (3.140937, -3.667265, 4.819522), (0.157356, 0.059477, -0.121219, 0.978268)
42.79443, (3.171964, -3.654208, 4.800175), (0.151208, 0.061916, -0.121450, 0.979057)
42.80832, (3.200480, -3.639512, 4.781487), (0.146105, 0.064328, -0.121190, 0.979708)
42.82232, (3.227517, -3.625948, 4.763692), (0.141834, 0.065887, -0.120107, 0.980365)
42.83609, (3.251840, -3.616526, 4.744777), (0.137265, 0.067234, -0.119084, 0.981049)
42.8499, (3.272550, -3.603606, 4.726361), (0.133859, 0.068316, -0.117464, 0.981640)
42.86386, (3.293250, -3.591336, 4.706486), (0.129822, 0.069824, -0.116992, 0.982132)
42.87774, (3.313709, -3.576994, 4.688890), (0.125789, 0.071469, -0.115715, 0.982690)
42.8917, (3.334865, -3.564907, 4.673171), (0.121459, 0.073277, -0.114469, 0.983247)
42.90554, (3.350715, -3.554325, 4.658745), (0.117748, 0.076153, -0.112815, 0.983671)
42.91949, (3.369500, -3.546989, 4.642622), (0.113726, 0.078090, -0.111777, 0.984111)
42.93384, (3.383107, -3.539007, 4.628841), (0.110797, 0.080668, -0.110381, 0.984395)
42.94729, (3.397186, -3.531805, 4.612995), (0.109275, 0.083476, -0.109448, 0.984435)
42.96108, (3.413001, -3.527757, 4.598292), (0.105929, 0.086225, -0.107600, 0.984767)
42.97521, (3.428525, -3.521317, 4.588317), (0.103532, 0.089519, -0.105652, 0.984939)
42.98882, (3.442869, -3.516502, 4.576548), (0.100903, 0.092298, -0.103988, 0.985133)
43.00274, (3.457409, -3.511726, 4.564854), (0.099266, 0.095655, -0.103230, 0.985058)
43.01667, (3.472856, -3.508106, 4.550592), (0.097941, 0.099677, -0.103074, 0.984809)
43.03047, (3.485637, -3.500504, 4.538027), (0.097143, 0.104502, -0.102234, 0.984475)
43.04439, (3.503387, -3.502308, 4.527106), (0.096418, 0.109993, -0.102255, 0.983946)
43.05838, (3.519753, -3.499641, 4.514464), (0.094935, 0.114700, -0.101142, 0.983667)
43.07219, (3.535265, -3.496374, 4.501294), (0.094166, 0.120159, -0.099838, 0.983223)
43.08644, (3.554482, -3.490844, 4.487440), (0.095404, 0.127591, -0.099775, 0.982173)
43.10007, (3.576339, -3.490481, 4.471482), (0.095006, 0.134719, -0.100348, 0.981201)
43.11413, (3.595423, -3.488548, 4.458926), (0.095192, 0.142917, -0.099918, 0.980066)
43.12809, (3.618178, -3.485789, 4.446755), (0.095041, 0.148735, -0.099136, 0.979294)
43.1417, (3.636800, -3.485340, 4.432493), (0.094702, 0.157518, -0.098547, 0.978012)
43.15564, (3.659746, -3.480624, 4.419271), (0.095623, 0.167358, -0.098889, 0.976252)
43.16962, (3.678392, -3.480421, 4.404543), (0.095099, 0.176625, -0.098795, 0.974679)
43.18349, (3.697208, -3.485615, 4.387176), (0.096054, 0.186745, -0.097511, 0.972827)
43.19748, (3.716179, -3.485590, 4.372148), (0.097692, 0.196315, -0.096178, 0.970910)
43.21127, (3.732446, -3.485126, 4.355320), (0.098889, 0.205592, -0.095118, 0.968971)
43.22598, (3.747542, -3.485000, 4.339784), (0.100057, 0.214444, -0.095288, 0.966914)
43.23931, (3.757490, -3.486189, 4.324681), (0.099983, 0.223587, -0.095919, 0.964786)
43.25348, (3.772497, -3.487744, 4.310390), (0.100248, 0.231285, -0.096950, 0.962839)
43.26701, (3.786187, -3.487638, 4.297475), (0.100791, 0.238164, -0.097366, 0.961061)
43.28121, (3.798945, -3.491266, 4.280602), (0.100475, 0.245447, -0.098653, 0.959129)
43.29512, (3.810798, -3.493031, 4.265511), (0.100841, 0.252777, -0.098600, 0.957190)
43.30902, (3.821510, -3.492850, 4.250991), (0.101443, 0.260670, -0.098474, 0.955020)
43.32298, (3.830919, -3.492975, 4.236529), (0.102080, 0.268806, -0.098214, 0.952721)
43.33687, (3.837371, -3.496741, 4.218879), (0.102764, 0.276696, -0.098042, 0.950404)
43.35081, (3.845519, -3.496488, 4.203945), (0.104162, 0.283572, -0.098330, 0.948192)
43.36497, (3.845397, -3.495690, 4.189026), (0.104848, 0.290228, -0.097954, 0.946139)
43.37894, (3.849267, -3.497502, 4.174712), (0.104690, 0.295665, -0.099248, 0.944337)
43.39249, (3.849551, -3.497307, 4.162093), (0.104653, 0.301239, -0.100277, 0.942469)
43.40619, (3.847959, -3.498126, 4.148969), (0.104977, 0.305760, -0.101036, 0.940895)
43.42015, (3.843944, -3.495612, 4.134861), (0.104936, 0.309892, -0.101173, 0.939532)
43.43402, (3.838908, -3.489954, 4.123077), (0.106073, 0.314019, -0.101010, 0.938050)
43.44797, (3.831378, -3.487240, 4.109567), (0.106868, 0.316923, -0.100248, 0.937064)
43.46202, (3.824290, -3.484356, 4.096203), (0.107619, 0.319011, -0.100109, 0.936284)
43.47589, (3.815088, -3.482082, 4.083701), (0.108147, 0.321926, -0.099101, 0.935333)
43.48987, (3.806595, -3.477532, 4.070801), (0.108471, 0.324749, -0.098259, 0.934407)
43.50422, (3.793877, -3.465688, 4.057726), (0.108346, 0.326864, -0.097000, 0.933816)
43.5182, (3.787215, -3.457427, 4.043186), (0.107735, 0.329325, -0.096531, 0.933070)
43.53175, (3.774648, -3.447317, 4.030511), (0.106094, 0.333747, -0.096275, 0.931712)
43.54583, (3.759160, -3.439467, 4.016085), (0.103968, 0.338077, -0.095774, 0.930442)
43.55975, (3.744173, -3.428081, 4.003243), (0.103499, 0.342522, -0.095012, 0.928945)
43.57339, (3.728701, -3.418112, 3.989748), (0.103013, 0.346950, -0.092721, 0.927586)
43.58731, (3.715990, -3.406175, 3.975227), (0.102760, 0.351377, -0.090330, 0.926183)
43.60111, (3.702660, -3.395460, 3.961711), (0.101027, 0.355777, -0.088182, 0.924900)
43.61508, (3.687636, -3.382516, 3.949875), (0.098112, 0.360046, -0.086183, 0.923750)
43.62897, (3.667155, -3.368334, 3.938949), (0.096148, 0.364869, -0.084565, 0.922212)
43.64292, (3.648747, -3.355269, 3.926516), (0.093838, 0.369919, -0.082677, 0.920608)
43.6568, (3.635262, -3.340670, 3.909608), (0.092139, 0.376211, -0.080963, 0.918380)
43.67071, (3.625291, -3.321842, 3.894983), (0.090189, 0.384581, -0.078214, 0.915339)
43.68468, (3.610963, -3.307053, 3.881283), (0.088544, 0.390017, -0.076341, 0.913356)
43.69878, (3.592910, -3.294004, 3.863127), (0.081777, 0.402978, -0.069425, 0.908901)
43.71261, (3.570567, -3.279861, 3.843154), (0.079860, 0.411777, -0.066156, 0.905365)
43.72643, (3.548440, -3.271348, 3.822925), (0.079490, 0.419108, -0.063033, 0.902251)
43.74041, (3.524442, -3.263110, 3.807876), (0.078692, 0.426774, -0.058832, 0.899005)
43.75427, (3.508429, -3.249469, 3.793109), (0.078005, 0.433447, -0.055333, 0.896090)
43.76812, (3.484552, -3.237228, 3.776257), (0.075741, 0.440244, -0.050456, 0.893254)
43.78212, (3.459706, -3.224872, 3.758194), (0.073631, 0.446976, -0.047162, 0.890262)
43.79601, (3.431515, -3.211910, 3.741556), (0.072145, 0.453501, -0.044759, 0.887203)
43.80995, (3.404987, -3.201158, 3.725671), (0.069336, 0.459000, -0.042670, 0.884698)
43.82415, (3.377523, -3.190711, 3.712882), (0.066653, 0.464620, -0.041179, 0.882038)
43.83788, (3.349316, -3.181019, 3.697285), (0.064543, 0.469502, -0.038526, 0.879726)
43.85168, (3.320968, -3.170420, 3.683127), (0.063293, 0.474188, -0.037038, 0.877364)
43.86578, (3.291958, -3.163272, 3.667923), (0.061360, 0.478033, -0.035162, 0.875491)
43.87976, (3.258982, -3.154303, 3.656318), (0.059081, 0.481237, -0.033901, 0.873940)
43.89358, (3.226257, -3.143444, 3.646436), (0.057712, 0.484456, -0.033098, 0.872282)
43.90751, (3.195205, -3.136641, 3.634378), (0.056251, 0.487082, -0.031584, 0.870970)
43.9213, (3.161518, -3.130447, 3.625333), (0.054263, 0.489927, -0.029392, 0.869576)
43.93518, (3.131757, -3.121504, 3.616084), (0.052117, 0.491601, -0.027905, 0.868812)
43.94915, (3.096733, -3.112555, 3.612154), (0.049087, 0.493424, -0.026147, 0.868009)
43.96312, (3.066668, -3.102217, 3.605153), (0.047671, 0.493519, -0.024677, 0.868077)
43.97697, (3.030058, -3.095413, 3.597761), (0.046322, 0.494122, -0.022743, 0.867860)
43.99084, (2.993747, -3.089730, 3.591342), (0.044853, 0.494862, -0.021328, 0.867551)
44.00497, (2.958451, -3.083159, 3.584285), (0.043817, 0.495156, -0.019279, 0.867484)
44.01868, (2.925845, -3.071135, 3.579683), (0.042285, 0.495905, -0.017204, 0.867176)
44.03256, (2.889451, -3.061250, 3.574461), (0.039733, 0.496689, -0.015294, 0.866884)
44.04647, (2.851471, -3.050792, 3.571012), (0.036779, 0.496937, -0.013912, 0.866895)
44.06033, (2.813175, -3.041253, 3.568239), (0.034096, 0.497572, -0.012321, 0.866665)
44.07429, (2.776742, -3.034658, 3.563469), (0.031230, 0.497341, -0.009963, 0.866936)
44.08812, (2.739264, -3.024778, 3.560869), (0.028658, 0.497592, -0.007472, 0.866905)
44.10202, (2.700820, -3.014133, 3.559845), (0.026305, 0.498283, -0.005268, 0.866600)
44.11589, (2.662001, -3.003618, 3.556858), (0.023745, 0.498456, -0.002614, 0.866586)
44.12996, (2.621418, -2.994136, 3.555752), (0.021029, 0.499150, -0.000212, 0.866260)
44.14402, (2.580395, -2.987754, 3.556577), (0.019063, 0.497533, 0.001173, 0.867235)
44.15774, (2.539344, -2.978481, 3.558661), (0.017133, 0.498134, 0.002169, 0.866928)
44.17176, (2.497920, -2.973406, 3.563060), (0.015375, 0.497493, 0.004119, 0.867322)
44.18568, (2.459380, -2.965325, 3.568299), (0.013431, 0.497612, 0.005288, 0.867280)
44.19932, (2.423667, -2.956961, 3.574000), (0.011143, 0.497693, 0.008027, 0.867245)
44.21313, (2.384377, -2.948773, 3.577573), (0.008984, 0.497784, 0.009946, 0.867197)
44.2269, (2.345103, -2.940589, 3.581147), (0.006826, 0.497871, 0.011865, 0.867143)
44.24066, (2.304742, -2.933083, 3.589492), (0.004791, 0.498284, 0.015292, 0.866866)
44.25464, (2.262732, -2.925242, 3.603812), (0.003497, 0.498349, 0.018815, 0.866765)
44.26858, (2.222887, -2.917205, 3.609813), (0.001464, 0.498453, 0.021106, 0.866658)
44.28224, (2.178918, -2.927519, 3.650205), (0.002330, 0.492442, 0.024034, 0.870011)
44.29613, (2.138624, -2.930715, 3.672218), (0.001769, 0.488923, 0.025931, 0.871940)
44.31004, (2.099414, -2.934016, 3.702355), (0.004167, 0.485307, 0.027830, 0.873891)
44.32381, (2.058462, -2.934650, 3.727738), (0.003691, 0.482900, 0.030015, 0.875154)
44.33768, (2.015213, -2.936649, 3.754589), (0.003478, 0.480098, 0.032065, 0.876622)
44.35175, (1.972019, -2.937073, 3.783509), (0.003985, 0.477578, 0.033647, 0.877936)
44.3657, (1.927956, -2.940989, 3.814603), (0.004574, 0.474472, 0.035981, 0.879523)
44.37937, (1.886640, -2.940701, 3.845537), (0.005312, 0.471248, 0.038302, 0.881153)
44.39305, (1.840323, -2.944643, 3.880407), (0.004899, 0.468768, 0.040455, 0.882381)
44.40696, (1.794360, -2.946461, 3.916545), (0.005863, 0.465042, 0.043068, 0.884221)
44.42074, (1.746033, -2.952688, 3.950267), (0.005490, 0.461745, 0.045499, 0.885828)
44.43445, (1.693582, -2.960384, 3.993516), (0.006332, 0.456962, 0.049366, 0.888093)
44.4481, (1.645492, -2.962761, 4.032903), (0.007852, 0.452510, 0.051954, 0.890210)
44.46239, (1.592740, -2.971053, 4.073966), (0.009122, 0.448056, 0.055529, 0.892233)
44.47607, (1.540432, -2.979407, 4.116314), (0.011227, 0.443545, 0.058188, 0.894291)
44.48968, (1.485554, -2.987196, 4.157922), (0.013415, 0.439129, 0.060568, 0.896280)
44.50327, (1.430655, -2.990474, 4.202834), (0.015750, 0.435225, 0.061149, 0.898105)
44.51707, (1.377361, -2.998792, 4.245802), (0.016031, 0.430977, 0.062613, 0.900045)
44.5309, (1.324648, -3.003447, 4.290950), (0.016957, 0.427431, 0.063516, 0.901655)
44.54485, (1.269805, -3.007656, 4.334308), (0.018530, 0.423984, 0.065896, 0.903079)
44.55869, (1.221987, -3.017592, 4.376703), (0.017936, 0.420953, 0.068167, 0.904340)
44.57267, (1.175030, -3.020809, 4.420504), (0.018919, 0.418001, 0.071777, 0.905409)
44.58641, (1.132079, -3.022320, 4.462573), (0.018591, 0.412557, 0.074775, 0.907667)
44.60024, (1.084220, -3.022441, 4.505763), (0.018550, 0.406941, 0.076104, 0.910090)
44.61413, (1.036315, -3.022510, 4.544280), (0.019571, 0.401052, 0.075485, 0.912730)
44.62798, (0.991081, -3.031172, 4.576346), (0.019673, 0.395368, 0.075085, 0.915237)
44.6418, (0.956228, -3.035907, 4.606171), (0.022923, 0.391569, 0.072788, 0.916979)
44.65571, (0.914328, -3.042420, 4.637174), (0.025217, 0.388745, 0.072186, 0.918167)
44.66952, (0.880868, -3.046153, 4.660316), (0.029286, 0.385195, 0.072183, 0.919542)
44.68348, (0.844601, -3.046544, 4.683830), (0.032419, 0.380642, 0.073856, 0.921198)
44.69737, (0.810928, -3.044287, 4.709868), (0.035359, 0.375406, 0.074739, 0.923165)
44.71127, (0.772079, -3.046051, 4.737733), (0.037655, 0.371261, 0.075960, 0.924650)
44.72523, (0.756460, -3.036740, 4.737682), (0.039964, 0.364241, 0.078653, 0.927116)
44.73886, (0.734622, -3.035985, 4.742994), (0.041271, 0.360077, 0.079786, 0.928588)
44.75275, (0.712555, -3.029937, 4.747076), (0.043583, 0.357057, 0.080010, 0.929628)
44.76667, (0.696506, -3.026153, 4.744856), (0.044172, 0.354360, 0.079470, 0.930679)
44.78079, (0.679757, -3.020865, 4.738678), (0.043435, 0.353007, 0.079150, 0.931254)
44.79468, (0.664458, -3.014476, 4.730731), (0.040848, 0.352632, 0.078756, 0.931547)
44.80844, (0.652506, -3.005104, 4.723230), (0.038742, 0.351472, 0.078168, 0.932125)
44.82231, (0.643269, -2.998677, 4.708455), (0.034614, 0.351888, 0.076922, 0.932234)
44.83618, (0.636739, -2.993771, 4.691751), (0.030833, 0.352134, 0.076503, 0.932308)
44.85005, (0.632414, -2.987760, 4.673148), (0.026732, 0.352376, 0.076640, 0.932332)
44.86364, (0.625485, -2.982316, 4.653718), (0.022818, 0.352935, 0.076761, 0.932215)
44.87792, (0.617399, -2.976323, 4.632985), (0.019121, 0.353395, 0.076675, 0.932130)
44.8914, (0.606652, -2.972485, 4.607564), (0.014429, 0.354146, 0.076890, 0.931912)
44.90537, (0.596950, -2.967376, 4.581903), (0.009998, 0.354204, 0.078191, 0.931840)
44.91907, (0.586039, -2.957202, 4.553743), (0.003712, 0.353649, 0.082090, 0.931762)
44.93293, (0.576688, -2.940308, 4.527303), (-0.004226, 0.352704, 0.085695, 0.931793)
44.9468, (0.566357, -2.924372, 4.502181), (-0.013717, 0.351361, 0.088517, 0.931945)
44.96075, (0.551839, -2.910631, 4.470496), (-0.026320, 0.348725, 0.090314, 0.932492)
44.97464, (0.536029, -2.899826, 4.439070), (-0.036432, 0.346290, 0.092649, 0.932830)
44.98846, (0.520145, -2.893183, 4.406776), (-0.044123, 0.344951, 0.094848, 0.932773)
45.00233, (0.504870, -2.889925, 4.371148), (-0.050400, 0.343315, 0.098396, 0.932691)
45.01612, (0.489675, -2.884382, 4.337562), (-0.055452, 0.341784, 0.101002, 0.932688)
45.0299, (0.474177, -2.880532, 4.304671), (-0.059993, 0.340284, 0.103630, 0.932668)
45.04406, (0.459971, -2.871735, 4.274573), (-0.063695, 0.337865, 0.104554, 0.933198)
45.05759, (0.447656, -2.863672, 4.243030), (-0.068266, 0.335439, 0.104534, 0.933752)
45.07155, (0.434445, -2.853913, 4.214497), (-0.072471, 0.333051, 0.104668, 0.934275)
45.08532, (0.421823, -2.847719, 4.182760), (-0.077551, 0.331091, 0.105750, 0.934442)
45.09909, (0.413753, -2.837096, 4.150714), (-0.080373, 0.328619, 0.106419, 0.935000)
45.11329, (0.405836, -2.827901, 4.121382), (-0.082734, 0.327826, 0.107872, 0.934906)
45.12691, (0.396232, -2.816939, 4.091342), (-0.086356, 0.327200, 0.109902, 0.934561)
45.1407, (0.388913, -2.806731, 4.063617), (-0.092057, 0.326805, 0.111070, 0.934017)
45.15462, (0.376818, -2.795825, 4.040160), (-0.098725, 0.327039, 0.113254, 0.932991)
45.16837, (0.367611, -2.788992, 4.015837), (-0.105721, 0.326131, 0.113357, 0.932530)
45.18227, (0.354853, -2.781615, 3.994558), (-0.110730, 0.325703, 0.113355, 0.932098)
45.1963, (0.346203, -2.780317, 3.971774), (-0.115626, 0.325225, 0.113040, 0.931709)
45.21019, (0.338567, -2.778624, 3.951766), (-0.118598, 0.325403, 0.113548, 0.931211)
45.22441, (0.330886, -2.776206, 3.933506), (-0.121280, 0.325538, 0.114258, 0.930732)
45.23841, (0.322770, -2.778337, 3.921106), (-0.124645, 0.325556, 0.114217, 0.930286)
45.25168, (0.312035, -2.780503, 3.910224), (-0.127213, 0.325270, 0.114474, 0.930006)
45.26573, (0.303439, -2.781699, 3.900824), (-0.128396, 0.325094, 0.114542, 0.929897)
45.27935, (0.295850, -2.782195, 3.892019), (-0.128668, 0.325649, 0.115523, 0.929544)
45.29335, (0.290336, -2.784363, 3.883355), (-0.129550, 0.326370, 0.117235, 0.928954)
45.30713, (0.283057, -2.785105, 3.882542), (-0.129877, 0.326925, 0.118204, 0.928590)
45.32092, (0.275189, -2.786058, 3.874544), (-0.131868, 0.326945, 0.119005, 0.928200)
45.33486, (0.260545, -2.788565, 3.883661), (-0.130936, 0.327608, 0.117727, 0.928261)
45.34874, (0.250663, -2.791532, 3.882834), (-0.131657, 0.327822, 0.117622, 0.928097)
45.36272, (0.239142, -2.794161, 3.888700), (-0.130136, 0.328970, 0.118629, 0.927777)
45.37653, (0.227989, -2.796018, 3.892120), (-0.129234, 0.329861, 0.119446, 0.927482)
45.39042, (0.217034, -2.798237, 3.894882), (-0.129128, 0.330461, 0.120094, 0.927200)
45.40465, (0.200902, -2.802827, 3.909340), (-0.126437, 0.331614, 0.119926, 0.927181)
45.41891, (0.175406, -2.817646, 3.933393), (-0.121676, 0.332692, 0.118494, 0.927616)
45.43243, (0.152879, -2.831558, 3.953753), (-0.116612, 0.333092, 0.118885, 0.928072)
45.44625, (0.128085, -2.848082, 3.976254), (-0.111173, 0.333333, 0.119841, 0.928530)
45.46008, (0.102826, -2.864897, 3.999000), (-0.105316, 0.333131, 0.120266, 0.929230)
45.47409, (0.075766, -2.885270, 4.024294), (-0.100173, 0.332589, 0.121086, 0.929886)
45.48801, (0.041501, -2.909280, 4.056802), (-0.095397, 0.331725, 0.120900, 0.930721)
45.50172, (0.007016, -2.928087, 4.087358), (-0.088877, 0.330989, 0.121068, 0.931606)
45.51548, (-0.029256, -2.951171, 4.121940), (-0.081107, 0.329136, 0.120760, 0.933010)
45.52925, (-0.064145, -2.977499, 4.155467), (-0.074148, 0.327049, 0.121074, 0.934282)
45.54318, (-0.104236, -3.005465, 4.194472), (-0.065097, 0.324878, 0.120921, 0.935732)
45.5571, (-0.143976, -3.033611, 4.232381), (-0.055293, 0.322445, 0.120832, 0.937215)
45.57113, (-0.185857, -3.062261, 4.273238), (-0.046160, 0.320772, 0.120274, 0.938354)
45.58495, (-0.227209, -3.086898, 4.314708), (-0.036927, 0.318913, 0.119122, 0.939543)
45.59881, (-0.268608, -3.112266, 4.357481), (-0.028088, 0.317659, 0.116414, 0.940612)
45.61285, (-0.310189, -3.142248, 4.398374), (-0.020758, 0.316360, 0.115820, 0.941314)
45.62675, (-0.351983, -3.169386, 4.445572), (-0.013659, 0.316167, 0.114993, 0.941610)
45.64108, (-0.392965, -3.196249, 4.486949), (-0.006044, 0.314876, 0.114255, 0.942212)
45.65483, (-0.436931, -3.219186, 4.544297), (-0.002723, 0.317989, 0.119559, 0.940522)
45.66889, (-0.480159, -3.239924, 4.595682), (0.002261, 0.319305, 0.120478, 0.939960)
45.68282, (-0.525820, -3.263524, 4.643645), (0.006166, 0.320868, 0.120562, 0.939399)
45.69663, (-0.576849, -3.286151, 4.693754), (0.011996, 0.323658, 0.119957, 0.938462)
45.71032, (-0.619053, -3.311648, 4.739120), (0.018899, 0.324824, 0.119818, 0.937964)
45.72429, (-0.663585, -3.338319, 4.785586), (0.026590, 0.326272, 0.122042, 0.936987)
45.73811, (-0.708886, -3.362819, 4.833313), (0.033072, 0.327229, 0.122462, 0.936393)
45.7521, (-0.753925, -3.387396, 4.881121), (0.039521, 0.328037, 0.122917, 0.935800)
45.76604, (-0.797839, -3.409547, 4.930420), (0.046734, 0.329098, 0.123979, 0.934954)
45.78006, (-0.840254, -3.423361, 4.974687), (0.050293, 0.329876, 0.125581, 0.934281)
45.79391, (-0.879378, -3.441063, 5.016558), (0.057532, 0.331646, 0.126742, 0.933080)
45.80792, (-0.920218, -3.459475, 5.060537), (0.064755, 0.333395, 0.128542, 0.931736)
45.82191, (-0.956491, -3.478820, 5.101513), (0.070618, 0.334697, 0.129788, 0.930670)
45.83573, (-0.992396, -3.493289, 5.142529), (0.075464, 0.336916, 0.129717, 0.929498)
45.84962, (-1.032184, -3.510911, 5.182271), (0.079943, 0.339795, 0.129277, 0.928136)
45.86359, (-1.070536, -3.525603, 5.215614), (0.084137, 0.342973, 0.129210, 0.926604)
45.87783, (-1.107866, -3.539807, 5.249584), (0.088655, 0.346251, 0.129879, 0.924869)
45.89155, (-1.140889, -3.554246, 5.286570), (0.092689, 0.348214, 0.131152, 0.923556)
45.90539, (-1.174158, -3.570476, 5.323587), (0.094325, 0.349655, 0.132613, 0.922636)
45.91933, (-1.208357, -3.583239, 5.360538), (0.095919, 0.351402, 0.132530, 0.921820)
45.93328, (-1.244618, -3.593345, 5.394753), (0.097939, 0.353718, 0.132245, 0.920762)
45.94715, (-1.280998, -3.607204, 5.429734), (0.100132, 0.356608, 0.132283, 0.919405)
45.9611, (-1.310040, -3.619273, 5.465394), (0.103252, 0.358392, 0.132809, 0.918290)
45.97515, (-1.342754, -3.633032, 5.497832), (0.105260, 0.359829, 0.133548, 0.917392)
45.98914, (-1.375028, -3.649949, 5.534910), (0.107049, 0.360485, 0.134717, 0.916757)
46.00286, (-1.408088, -3.664250, 5.570337), (0.109159, 0.362281, 0.134086, 0.915892)
46.01681, (-1.437683, -3.677554, 5.607581), (0.110230, 0.364303, 0.133253, 0.915083)
46.03072, (-1.464917, -3.689295, 5.643820), (0.111665, 0.366707, 0.132496, 0.914058)
46.04461, (-1.490887, -3.701842, 5.679707), (0.113249, 0.367907, 0.133729, 0.913201)
46.05852, (-1.518534, -3.717747, 5.714613), (0.114837, 0.369083, 0.134822, 0.912367)
46.07249, (-1.541998, -3.735611, 5.749880), (0.118609, 0.367882, 0.138221, 0.911861)
46.08629, (-1.566168, -3.748423, 5.785489), (0.122862, 0.367520, 0.139685, 0.911220)
46.10016, (-1.588187, -3.763012, 5.820429), (0.127435, 0.366726, 0.142149, 0.910531)
46.11409, (-1.611427, -3.774922, 5.853000), (0.132588, 0.365996, 0.144441, 0.909727)
46.12814, (-1.632455, -3.781873, 5.880890), (0.137597, 0.363571, 0.146819, 0.909575)
46.14231, (-1.650459, -3.795167, 5.920682), (0.141623, 0.363557, 0.150035, 0.908438)
46.15575, (-1.664965, -3.806489, 5.953212), (0.143930, 0.361694, 0.152515, 0.908406)
46.16962, (-1.685056, -3.814969, 5.986236), (0.147515, 0.359881, 0.154629, 0.908193)
46.18364, (-1.705434, -3.823876, 6.013080), (0.150561, 0.357058, 0.155645, 0.908634)
46.1975, (-1.720306, -3.829613, 6.037454), (0.153696, 0.354545, 0.157370, 0.908796)
46.21135, (-1.733522, -3.839133, 6.062786), (0.155795, 0.353106, 0.160298, 0.908487)
46.22536, (-1.744476, -3.845026, 6.087560), (0.157801, 0.352335, 0.162630, 0.908025)
46.23963, (-1.757012, -3.850256, 6.110435), (0.158602, 0.351538, 0.164268, 0.907900)
46.25323, (-1.766205, -3.853369, 6.129469), (0.158051, 0.349921, 0.164844, 0.908516)
46.26733, (-1.776936, -3.856988, 6.149425), (0.158192, 0.348587, 0.165800, 0.908830)
46.28138, (-1.784715, -3.860779, 6.167240), (0.158108, 0.347878, 0.166500, 0.908989)
46.29488, (-1.786659, -3.862182, 6.182843), (0.159481, 0.347141, 0.166890, 0.908959)
46.30856, (-1.788063, -3.865238, 6.197662), (0.160835, 0.345581, 0.167934, 0.909123)
46.3224, (-1.789868, -3.869799, 6.210113), (0.161048, 0.344343, 0.168958, 0.909365)
46.33639, (-1.791649, -3.870323, 6.222439), (0.161602, 0.342900, 0.169376, 0.909734)
46.35024, (-1.789945, -3.870713, 6.235158), (0.162421, 0.340966, 0.169391, 0.910312)
46.36413, (-1.785287, -3.871422, 6.247039), (0.163070, 0.339265, 0.169848, 0.910747)
46.37806, (-1.778808, -3.872591, 6.256499), (0.163651, 0.337910, 0.170412, 0.911041)
46.39195, (-1.770913, -3.874983, 6.261949), (0.164076, 0.337062, 0.171103, 0.911149)
46.40585, (-1.762268, -3.875644, 6.266990), (0.164995, 0.336588, 0.171160, 0.911148)
46.41975, (-1.755594, -3.876640, 6.275011), (0.165767, 0.335965, 0.171410, 0.911190)
46.43371, (-1.739588, -3.875935, 6.275229), (0.166676, 0.336957, 0.171416, 0.910657)
46.44743, (-1.722924, -3.876330, 6.273412), (0.167282, 0.337943, 0.170765, 0.910303)
46.46136, (-1.705571, -3.875762, 6.272430), (0.168650, 0.339310, 0.170719, 0.909550)
46.47557, (-1.683738, -3.873918, 6.269719), (0.169218, 0.340491, 0.170003, 0.909137)
46.48964, (-1.663581, -3.871504, 6.267786), (0.169769, 0.341311, 0.169090, 0.908897)
46.50331, (-1.642715, -3.868552, 6.264311), (0.170160, 0.342003, 0.168679, 0.908640)
46.51729, (-1.623779, -3.865231, 6.262723), (0.170868, 0.342675, 0.168339, 0.908317)
46.5312, (-1.593593, -3.856300, 6.247979), (0.170943, 0.345172, 0.166318, 0.907730)
46.54505, (-1.566815, -3.851320, 6.236352), (0.172013, 0.346205, 0.165168, 0.907344)
46.55913, (-1.539320, -3.846309, 6.226130), (0.173565, 0.347051, 0.163543, 0.907020)
46.57278, (-1.509565, -3.840569, 6.209981), (0.174754, 0.347171, 0.161185, 0.907167)
46.58667, (-1.481589, -3.833995, 6.198080), (0.175644, 0.347544, 0.159686, 0.907118)
46.6003, (-1.445829, -3.823948, 6.177797), (0.175970, 0.347902, 0.157329, 0.907329)
46.61419, (-1.411936, -3.815037, 6.159448), (0.177004, 0.348867, 0.154888, 0.907177)
46.62812, (-1.376621, -3.807186, 6.138882), (0.177627, 0.349437, 0.152858, 0.907181)
46.6422, (-1.339143, -3.797768, 6.115040), (0.179027, 0.350444, 0.149780, 0.907030)
46.65606, (-1.300508, -3.788338, 6.090255), (0.179869, 0.351116, 0.146331, 0.907167)
46.66995, (-1.260388, -3.777417, 6.062969), (0.180549, 0.352187, 0.142801, 0.907179)
46.68399, (-1.218698, -3.768246, 6.033221), (0.180796, 0.353905, 0.139857, 0.906920)
46.69816, (-1.174349, -3.759912, 6.000705), (0.180496, 0.356121, 0.136666, 0.906599)
46.71194, (-1.131434, -3.751956, 5.968731), (0.180527, 0.358563, 0.133362, 0.906122)
46.72578, (-1.087279, -3.745946, 5.933619), (0.179696, 0.361058, 0.129650, 0.905835)
46.73959, (-1.041424, -3.737330, 5.900111), (0.179884, 0.364354, 0.124961, 0.905137)
46.75365, (-0.991157, -3.729948, 5.863868), (0.179985, 0.366123, 0.120850, 0.904961)
46.76736, (-0.941621, -3.725199, 5.828781), (0.180368, 0.369710, 0.117207, 0.903905)
46.7814, (-0.886370, -3.718164, 5.793143), (0.181171, 0.371980, 0.114119, 0.903208)
46.79537, (-0.830298, -3.710704, 5.759669), (0.181561, 0.373759, 0.111084, 0.902774)
46.80939, (-0.776521, -3.707680, 5.726184), (0.180257, 0.375211, 0.108273, 0.902774)
46.82315, (-0.719352, -3.703301, 5.692801), (0.180340, 0.375727, 0.104585, 0.902978)
46.83702, (-0.663309, -3.703420, 5.658789), (0.181247, 0.375890, 0.100760, 0.903163)
46.85135, (-0.603032, -3.707908, 5.624249), (0.182109, 0.375627, 0.096131, 0.903604)
46.86503, (-0.542359, -3.707213, 5.592340), (0.183804, 0.375490, 0.091472, 0.903801)
46.87886, (-0.478606, -3.708301, 5.557365), (0.186258, 0.374835, 0.085750, 0.904132)
46.89311, (-0.415573, -3.708718, 5.522330), (0.189623, 0.374719, 0.079946, 0.904012)
46.9071, (-0.347997, -3.710585, 5.483639), (0.192385, 0.374108, 0.074821, 0.904120)
46.92087, (-0.277721, -3.709656, 5.448080), (0.194231, 0.374062, 0.069521, 0.904167)
46.9348, (-0.206784, -3.709836, 5.413587), (0.194764, 0.374411, 0.063948, 0.904320)
46.94878, (-0.136236, -3.709031, 5.379257), (0.195614, 0.374548, 0.058576, 0.904444)
46.96265, (-0.061983, -3.708870, 5.343093), (0.195971, 0.373930, 0.052282, 0.905007)
46.97627, (0.013814, -3.707386, 5.307087), (0.196969, 0.372785, 0.046264, 0.905590)
46.99041, (0.086735, -3.705130, 5.270154), (0.197994, 0.371872, 0.041304, 0.905982)
47.00404, (0.164462, -3.700722, 5.233388), (0.198856, 0.370717, 0.035620, 0.906508)
47.01798, (0.240072, -3.698374, 5.196931), (0.198529, 0.369843, 0.030170, 0.907134)
47.03188, (0.319603, -3.692449, 5.163417), (0.197157, 0.368877, 0.022949, 0.908038)
47.04586, (0.396297, -3.688364, 5.128142), (0.195244, 0.367907, 0.016238, 0.908989)
47.05973, (0.471231, -3.687071, 5.090746), (0.193021, 0.367333, 0.010510, 0.909780)
47.07379, (0.552398, -3.683034, 5.054725), (0.192386, 0.366261, 0.004983, 0.910393)
47.08762, (0.630638, -3.681448, 5.019057), (0.191420, 0.365434, 0.000648, 0.910943)
47.10163, (0.711892, -3.678917, 4.985319), (0.190332, 0.363834, -0.003256, 0.911805)
47.11556, (0.788124, -3.674221, 4.955673), (0.188963, 0.362502, -0.007403, 0.912595)
47.1294, (0.866531, -3.668588, 4.923295), (0.187876, 0.359685, -0.012846, 0.913873)
47.14327, (0.938950, -3.662267, 4.896033), (0.185714, 0.358216, -0.019526, 0.914773)
47.1573, (1.015390, -3.656043, 4.866874), (0.184532, 0.356261, -0.025291, 0.915635)
47.17113, (1.092957, -3.653960, 4.837207), (0.182595, 0.354332, -0.030824, 0.916601)
47.18512, (1.173171, -3.648674, 4.809423), (0.181807, 0.352607, -0.036368, 0.917220)
47.19885, (1.257667, -3.649589, 4.787254), (0.180104, 0.350960, -0.041119, 0.917987)
47.21272, (1.338254, -3.649042, 4.773402), (0.180318, 0.348442, -0.042581, 0.918837)
47.22687, (1.419966, -3.646117, 4.752998), (0.180518, 0.345835, -0.047148, 0.919559)
47.24078, (1.503623, -3.643931, 4.738800), (0.180318, 0.342906, -0.051658, 0.920453)
47.25465, (1.588175, -3.644052, 4.724397), (0.179873, 0.339492, -0.055859, 0.921559)
47.26839, (1.671054, -3.643594, 4.710043), (0.179517, 0.335516, -0.059914, 0.922829)
47.28228, (1.747154, -3.643091, 4.698788), (0.179172, 0.331561, -0.064940, 0.923985)
47.29622, (1.821786, -3.640670, 4.685705), (0.179577, 0.326954, -0.070594, 0.925132)
47.31043, (1.894810, -3.636156, 4.671213), (0.180581, 0.323163, -0.076952, 0.925762)
47.32428, (1.967978, -3.634161, 4.659527), (0.181793, 0.319476, -0.081556, 0.926410)
47.3389, (2.045834, -3.635634, 4.650805), (0.181430, 0.316723, -0.085336, 0.927086)
47.35207, (2.122236, -3.634114, 4.645957), (0.181247, 0.314943, -0.089675, 0.927318)
47.36628, (2.194681, -3.633560, 4.640772), (0.179227, 0.312174, -0.093488, 0.928270)
47.37943, (2.267259, -3.630472, 4.637150), (0.177817, 0.309232, -0.098323, 0.929026)
47.39338, (2.340801, -3.631592, 4.635164), (0.175535, 0.305730, -0.102467, 0.930171)
47.40809, (2.412468, -3.636892, 4.637572), (0.173260, 0.303266, -0.104809, 0.931142)
47.42162, (2.489450, -3.646688, 4.638867), (0.171122, 0.300535, -0.107641, 0.932100)
47.43509, (2.557915, -3.656073, 4.645641), (0.170477, 0.299082, -0.111053, 0.932285)
47.4489, (2.619445, -3.662652, 4.651253), (0.169958, 0.297652, -0.115380, 0.932312)
47.46275, (2.684030, -3.671362, 4.655792), (0.169100, 0.294795, -0.119869, 0.932809)
47.47697, (2.747226, -3.681536, 4.669683), (0.169927, 0.293008, -0.123678, 0.932725)
47.49046, (2.814745, -3.693339, 4.684093), (0.170847, 0.290563, -0.126284, 0.932972)
47.50488, (2.876163, -3.707311, 4.699651), (0.170345, 0.288925, -0.128704, 0.933242)
47.51873, (2.931919, -3.718820, 4.716830), (0.169802, 0.287410, -0.132043, 0.933342)
47.53296, (2.982288, -3.729404, 4.736216), (0.169622, 0.286256, -0.134070, 0.933441)
47.54674, (3.032092, -3.741670, 4.749353), (0.169019, 0.284870, -0.137347, 0.933498)
47.56028, (3.081392, -3.756092, 4.767007), (0.171256, 0.282072, -0.140079, 0.933534)
47.57399, (3.130116, -3.765432, 4.786338), (0.174031, 0.279283, -0.141602, 0.933629)
47.58836, (3.168738, -3.778213, 4.804952), (0.175740, 0.277210, -0.143747, 0.933599)
47.60192, (3.205270, -3.788407, 4.826044), (0.177074, 0.275515, -0.145682, 0.933549)
47.61554, (3.245950, -3.797983, 4.844000), (0.177678, 0.273227, -0.146793, 0.933932)
47.62926, (3.284956, -3.808693, 4.862488), (0.178078, 0.270656, -0.147173, 0.934545)
47.6436, (3.319502, -3.818382, 4.882376), (0.178953, 0.269226, -0.148072, 0.934648)
47.6571, (3.349648, -3.828614, 4.900708), (0.179073, 0.267565, -0.148868, 0.934976)
47.67106, (3.379353, -3.837506, 4.917387), (0.179192, 0.265999, -0.150352, 0.935163)
47.68488, (3.412175, -3.846592, 4.936675), (0.180179, 0.264958, -0.151882, 0.935021)
47.69934, (3.432206, -3.858448, 4.946944), (0.179296, 0.263160, -0.152429, 0.935610)
47.71273, (3.459288, -3.868641, 4.963352), (0.179524, 0.261939, -0.152935, 0.935826)
47.72672, (3.482104, -3.878314, 4.979821), (0.179410, 0.260468, -0.153131, 0.936226)
47.74057, (3.503123, -3.886662, 4.997817), (0.179579, 0.259653, -0.153442, 0.936369)
47.75491, (3.519993, -3.898302, 5.012592), (0.177862, 0.259392, -0.154235, 0.936639)
47.76841, (3.537851, -3.909516, 5.027663), (0.176987, 0.259063, -0.155136, 0.936747)
47.78268, (3.553014, -3.920940, 5.043572), (0.177150, 0.258580, -0.155867, 0.936728)
47.79611, (3.572078, -3.931907, 5.058907), (0.177465, 0.257582, -0.156615, 0.936819)
47.81023, (3.587247, -3.943290, 5.074986), (0.178227, 0.256835, -0.157386, 0.936750)
47.82383, (3.598334, -3.955886, 5.091514), (0.179405, 0.256649, -0.157392, 0.936575)
47.83768, (3.613935, -3.967401, 5.109361), (0.179478, 0.256698, -0.157822, 0.936476)
47.85149, (3.625724, -3.978477, 5.126765), (0.179160, 0.256701, -0.158266, 0.936461)
47.86594, (3.633982, -3.988603, 5.142448), (0.179627, 0.256920, -0.158041, 0.936349)
47.87933, (3.646264, -3.998338, 5.158858), (0.180845, 0.256575, -0.157213, 0.936349)
47.89336, (3.656112, -4.007607, 5.177006), (0.183025, 0.256748, -0.156495, 0.935998)
47.90722, (3.665521, -4.017191, 5.193361), (0.184537, 0.256476, -0.155954, 0.935866)
47.92142, (3.670928, -4.026476, 5.210309), (0.185799, 0.256665, -0.155877, 0.935577)
47.93487, (3.677964, -4.032427, 5.227167), (0.187717, 0.256505, -0.156355, 0.935158)
47.94894, (3.683810, -4.040009, 5.241411), (0.188986, 0.256593, -0.156190, 0.934906)
47.96276, (3.688134, -4.046636, 5.255545), (0.191011, 0.257072, -0.155642, 0.934454)
47.97709, (3.688834, -4.052236, 5.268659), (0.193475, 0.257948, -0.155714, 0.933693)
47.99047, (3.686993, -4.054008, 5.280576), (0.196800, 0.258253, -0.155744, 0.932909)
48.00447, (3.684036, -4.054794, 5.290997), (0.199572, 0.258444, -0.155725, 0.932270)
48.01833, (3.680114, -4.055445, 5.300434), (0.200708, 0.258406, -0.155282, 0.932111)
48.03256, (3.676062, -4.054646, 5.310316), (0.200981, 0.258147, -0.153891, 0.932354)
48.04613, (3.671520, -4.053888, 5.320851), (0.201351, 0.257453, -0.152016, 0.932774)
48.05999, (3.661077, -4.049579, 5.327639), (0.201458, 0.256334, -0.149888, 0.933403)
48.07389, (3.648397, -4.044541, 5.331924), (0.201734, 0.255914, -0.149188, 0.933571)
48.0882, (3.636122, -4.038391, 5.335405), (0.202476, 0.255156, -0.149471, 0.933572)
48.1017, (3.619387, -4.030594, 5.334997), (0.202593, 0.253854, -0.149134, 0.933956)
48.11557, (3.603108, -4.023457, 5.338206), (0.202350, 0.252316, -0.147494, 0.934686)
48.12944, (3.584590, -4.016977, 5.341537), (0.201178, 0.250714, -0.145512, 0.935679)
48.14391, (3.563954, -4.010468, 5.342522), (0.199983, 0.249077, -0.144035, 0.936601)
48.15731, (3.538475, -4.002167, 5.340952), (0.199082, 0.246994, -0.142813, 0.937531)
48.1712, (3.514300, -3.994555, 5.339325), (0.198245, 0.244584, -0.142198, 0.938434)
48.18494, (3.486941, -3.989054, 5.338377), (0.197681, 0.242256, -0.141844, 0.939210)
48.19955, (3.459372, -3.984985, 5.336260), (0.197198, 0.239606, -0.140819, 0.940145)
48.21283, (3.428606, -3.983608, 5.334211), (0.197570, 0.235832, -0.139579, 0.941205)
48.22681, (3.396516, -3.982357, 5.332560), (0.197630, 0.232117, -0.138362, 0.942295)
48.2406, (3.360961, -3.979983, 5.331482), (0.198690, 0.227931, -0.137279, 0.943252)
48.25489, (3.323267, -3.976674, 5.329959), (0.199875, 0.223857, -0.137220, 0.943985)
48.26855, (3.286330, -3.979050, 5.326874), (0.200123, 0.218801, -0.136989, 0.945151)
48.28233, (3.240655, -3.980044, 5.325875), (0.202313, 0.214477, -0.136799, 0.945704)
48.29613, (3.195839, -3.986664, 5.322247), (0.203402, 0.209387, -0.136318, 0.946680)
48.31042, (3.145796, -3.986398, 5.320227), (0.206754, 0.204058, -0.136096, 0.947149)
48.32401, (3.098674, -3.983831, 5.316813), (0.210216, 0.197774, -0.135122, 0.947859)
48.33784, (3.040580, -3.979179, 5.304262), (0.214039, 0.190904, -0.134776, 0.948461)
48.35167, (2.984237, -3.974279, 5.292885), (0.218274, 0.184299, -0.133762, 0.948946)
48.36608, (2.930071, -3.968621, 5.280021), (0.220946, 0.177720, -0.132318, 0.949784)
48.38015, (2.877578, -3.959756, 5.270936), (0.223008, 0.171606, -0.130332, 0.950701)
48.39391, (2.824648, -3.950984, 5.260929), (0.223492, 0.166657, -0.128883, 0.951665)
48.40732, (2.769292, -3.935159, 5.249047), (0.223195, 0.163389, -0.127307, 0.952513)
48.42154, (2.716973, -3.924280, 5.235633), (0.222812, 0.159495, -0.126492, 0.953371)
48.43495, (2.666813, -3.908719, 5.222935), (0.222416, 0.157252, -0.124615, 0.954083)
48.44897, (2.615963, -3.896991, 5.209901), (0.221659, 0.156001, -0.123200, 0.954648)
48.46279, (2.561803, -3.886462, 5.196089), (0.220830, 0.155117, -0.121554, 0.955195)
48.47709, (2.507531, -3.873869, 5.184483), (0.221424, 0.153268, -0.119469, 0.955619)
48.49055, (2.449718, -3.862139, 5.170660), (0.221058, 0.152951, -0.116919, 0.956070)
48.50454, (2.393002, -3.849803, 5.159597), (0.220636, 0.152423, -0.114265, 0.956572)
48.51838, (2.337102, -3.838564, 5.152671), (0.218816, 0.152422, -0.110332, 0.957452)
48.53275, (2.279001, -3.825852, 5.147812), (0.217365, 0.152960, -0.107269, 0.958044)
48.54618, (2.218631, -3.815880, 5.140998), (0.216529, 0.152808, -0.104387, 0.958576)
48.56025, (2.157786, -3.808572, 5.135625), (0.215503, 0.152219, -0.101672, 0.959193)
48.57404, (2.094676, -3.800260, 5.133137), (0.215320, 0.151761, -0.098427, 0.959645)
48.58841, (2.032126, -3.794483, 5.134535), (0.215715, 0.150949, -0.094727, 0.960057)
48.60269, (1.968521, -3.791082, 5.136871), (0.215406, 0.150159, -0.090873, 0.960622)
48.61604, (1.902706, -3.787779, 5.139482), (0.215030, 0.149617, -0.087930, 0.961065)
48.6299, (1.836093, -3.785763, 5.145169), (0.215016, 0.149118, -0.085109, 0.961399)
48.64416, (1.769365, -3.783898, 5.151940), (0.215846, 0.149285, -0.081932, 0.961464)
48.6577, (1.701610, -3.780112, 5.164108), (0.218016, 0.149138, -0.078370, 0.961294)
48.67153, (1.634173, -3.779610, 5.171395), (0.219263, 0.148255, -0.074552, 0.961450)
48.685, (1.567784, -3.777292, 5.184546), (0.221375, 0.147818, -0.071535, 0.961262)
48.69942, (1.502228, -3.773696, 5.198945), (0.222499, 0.148989, -0.069221, 0.960992)
48.71286, (1.439100, -3.766265, 5.215029), (0.222749, 0.151328, -0.066447, 0.960764)
48.72683, (1.376068, -3.761014, 5.229924), (0.222438, 0.154124, -0.063659, 0.960581)
48.74065, (1.314963, -3.753446, 5.246112), (0.223292, 0.157059, -0.060659, 0.960101)
48.75495, (1.253582, -3.747195, 5.260946), (0.224598, 0.159337, -0.057916, 0.959590)
48.76848, (1.192031, -3.741406, 5.274494), (0.226587, 0.160837, -0.055109, 0.959038)
48.78239, (1.131960, -3.735869, 5.286147), (0.228208, 0.163015, -0.053348, 0.958385)
48.7962, (1.072799, -3.729404, 5.298281), (0.229188, 0.165177, -0.050960, 0.957911)
48.81047, (1.017526, -3.721271, 5.310157), (0.229568, 0.167639, -0.048791, 0.957505)
48.82402, (0.966193, -3.713769, 5.321877), (0.229356, 0.169770, -0.046169, 0.957310)
48.83799, (0.913313, -3.706324, 5.332898), (0.228796, 0.171641, -0.043578, 0.957232)
48.85181, (0.863989, -3.698639, 5.344995), (0.229045, 0.172973, -0.041790, 0.957012)
48.86615, (0.813051, -3.695600, 5.352747), (0.228522, 0.174441, -0.040237, 0.956937)
48.87962, (0.764673, -3.690926, 5.357654), (0.229291, 0.175667, -0.038887, 0.956585)
48.89367, (0.718081, -3.684096, 5.360866), (0.230692, 0.176773, -0.037077, 0.956116)
48.90749, (0.673552, -3.677212, 5.363898), (0.231825, 0.177804, -0.035401, 0.955714)
48.92172, (0.633361, -3.669621, 5.365622), (0.232564, 0.178316, -0.033152, 0.955520)
48.9354, (0.593816, -3.662775, 5.363425), (0.232445, 0.178950, -0.031805, 0.955476)
48.94913, (0.554327, -3.655277, 5.357819), (0.231966, 0.179855, -0.031139, 0.955445)
48.96315, (0.514082, -3.648676, 5.351237), (0.230844, 0.181088, -0.031172, 0.955483)
48.97731, (0.478589, -3.643571, 5.343239), (0.229500, 0.182170, -0.031536, 0.955589)
48.99074, (0.443414, -3.637733, 5.334060), (0.228526, 0.183499, -0.031421, 0.955571)
49.00501, (0.408546, -3.631166, 5.325250), (0.227775, 0.184405, -0.030987, 0.955591)
49.01891, (0.376905, -3.625997, 5.312019), (0.226000, 0.185167, -0.030188, 0.955890)
49.03304, (0.343995, -3.620645, 5.298154), (0.224718, 0.185899, -0.029827, 0.956062)
49.04667, (0.312583, -3.617131, 5.281880), (0.223184, 0.186840, -0.029257, 0.956255)
49.06047, (0.281411, -3.612938, 5.267134), (0.222254, 0.187703, -0.028270, 0.956332)
49.07439, (0.254665, -3.610687, 5.245084), (0.220276, 0.187854, -0.026510, 0.956811)
49.08876, (0.226007, -3.608570, 5.225300), (0.218022, 0.188450, -0.025149, 0.957246)
49.10204, (0.197990, -3.606730, 5.204600), (0.216410, 0.188852, -0.024073, 0.957561)
49.11584, (0.172085, -3.607244, 5.178424), (0.214377, 0.189041, -0.023573, 0.957993)
49.12951, (0.146179, -3.606350, 5.154845), (0.212786, 0.189296, -0.023278, 0.958304)
49.14383, (0.119875, -3.605481, 5.128322), (0.211395, 0.189885, -0.023217, 0.958497)
49.15732, (0.092570, -3.603911, 5.103454), (0.209980, 0.190276, -0.022833, 0.958740)
49.17145, (0.075948, -3.604267, 5.065537), (0.209210, 0.189451, -0.023587, 0.959053)
49.18523, (0.055665, -3.605436, 5.035080), (0.206899, 0.189605, -0.024032, 0.959513)
49.1995, (0.036564, -3.606470, 5.004700), (0.204667, 0.190306, -0.024797, 0.959833)
49.21329, (0.015921, -3.607693, 4.975028), (0.202445, 0.191548, -0.025531, 0.960038)
49.22733, (-0.000766, -3.610567, 4.944882), (0.200354, 0.193550, -0.027962, 0.960008)
49.2409, (-0.018885, -3.615216, 4.915462), (0.197911, 0.195433, -0.029375, 0.960091)
49.25513, (-0.035908, -3.620994, 4.886945), (0.196353, 0.196765, -0.030510, 0.960103)
49.26862, (-0.051490, -3.630908, 4.858352), (0.195526, 0.197715, -0.031656, 0.960040)
49.28264, (-0.069375, -3.638822, 4.830980), (0.195348, 0.199022, -0.032549, 0.959776)
49.2965, (-0.087567, -3.643845, 4.803223), (0.195119, 0.199974, -0.033454, 0.959594)
49.31077, (-0.106203, -3.647088, 4.773173), (0.194735, 0.200945, -0.035265, 0.959404)
49.32432, (-0.124740, -3.651866, 4.742590), (0.194001, 0.201951, -0.036773, 0.959285)
49.33817, (-0.142767, -3.657162, 4.711252), (0.194208, 0.203778, -0.038158, 0.958802)
49.35202, (-0.161686, -3.661290, 4.680688), (0.195111, 0.205630, -0.039150, 0.958184)
49.36633, (-0.181103, -3.664563, 4.650350), (0.194828, 0.207579, -0.040220, 0.957776)
49.37986, (-0.201826, -3.665992, 4.620460), (0.193864, 0.209643, -0.040611, 0.957506)
49.39446, (-0.220685, -3.667154, 4.589840), (0.192110, 0.211668, -0.040908, 0.957401)
49.40764, (-0.238264, -3.667011, 4.559057), (0.189794, 0.214010, -0.041048, 0.957336)
49.42195, (-0.259087, -3.668736, 4.526165), (0.187425, 0.216944, -0.040997, 0.957145)
49.43559, (-0.280341, -3.669416, 4.494187), (0.186048, 0.219832, -0.041156, 0.956748)
49.44947, (-0.301961, -3.671633, 4.461211), (0.184245, 0.223802, -0.041016, 0.956182)
49.46376, (-0.324742, -3.674723, 4.428930), (0.182076, 0.227321, -0.040966, 0.955769)
49.47792, (-0.349839, -3.677639, 4.395997), (0.179979, 0.230927, -0.041037, 0.955299)
49.49137, (-0.374554, -3.682834, 4.361329), (0.178065, 0.233788, -0.041427, 0.954945)
49.50507, (-0.404077, -3.687742, 4.328496), (0.176497, 0.237358, -0.040753, 0.954384)
49.51883, (-0.430913, -3.691047, 4.296182), (0.175297, 0.240045, -0.040039, 0.953964)
49.53335, (-0.462964, -3.696812, 4.263714), (0.173688, 0.243614, -0.039174, 0.953389)
49.54688, (-0.494661, -3.699871, 4.237078), (0.171649, 0.246700, -0.038536, 0.952990)
49.5606, (-0.524931, -3.706765, 4.205284), (0.168708, 0.249767, -0.038348, 0.952724)
49.57443, (-0.557925, -3.709852, 4.182212), (0.165908, 0.252487, -0.037576, 0.952530)
49.58883, (-0.592136, -3.716141, 4.162633), (0.161635, 0.254832, -0.036924, 0.952666)
49.60241, (-0.623862, -3.720049, 4.141350), (0.158884, 0.256807, -0.036564, 0.952612)
49.61676, (-0.656587, -3.720257, 4.126166), (0.157818, 0.257667, -0.036215, 0.952570)
49.63043, (-0.692475, -3.720963, 4.118840), (0.157235, 0.257534, -0.035003, 0.952748)
49.64481, (-0.724924, -3.723745, 4.108422), (0.155661, 0.257084, -0.034618, 0.953142)
49.65813, (-0.757750, -3.722730, 4.111348), (0.155499, 0.255158, -0.032730, 0.953752)
49.6722, (-0.788541, -3.723775, 4.110724), (0.153829, 0.254186, -0.031119, 0.954336)
49.68584, (-0.818092, -3.723537, 4.115736), (0.152703, 0.253386, -0.028577, 0.954809)
49.70027, (-0.848200, -3.724371, 4.123110), (0.152403, 0.252526, -0.025151, 0.955181)
49.71383, (-0.879315, -3.730223, 4.132197), (0.153274, 0.252155, -0.021687, 0.955225)
49.72745, (-0.909943, -3.737404, 4.141253), (0.154298, 0.252161, -0.018158, 0.955132)
49.74122, (-0.939275, -3.742919, 4.152208), (0.156384, 0.252121, -0.014786, 0.954862)
49.75547, (-0.970051, -3.749709, 4.161888), (0.157233, 0.252424, -0.011782, 0.954684)
49.76916, (-0.992586, -3.758931, 4.188614), (0.161619, 0.254084, -0.008156, 0.953548)
49.78298, (-1.016659, -3.768103, 4.213704), (0.162629, 0.255158, -0.005517, 0.953109)
49.79681, (-1.041394, -3.776442, 4.241194), (0.164240, 0.255525, -0.001981, 0.952748)
49.81107, (-1.063315, -3.784591, 4.268451), (0.166224, 0.254948, 0.001448, 0.952559)
49.82469, (-1.084898, -3.790079, 4.297201), (0.169011, 0.254688, 0.005432, 0.952124)
49.83868, (-1.105260, -3.798634, 4.328601), (0.171076, 0.254286, 0.008843, 0.951837)
49.85246, (-1.125798, -3.808366, 4.360337), (0.172541, 0.254119, 0.011982, 0.951583)
49.8668, (-1.141950, -3.814633, 4.396893), (0.173903, 0.253602, 0.013312, 0.951455)
49.88042, (-1.161836, -3.823625, 4.430002), (0.175569, 0.253388, 0.015052, 0.951180)
49.89463, (-1.179937, -3.832967, 4.464579), (0.178048, 0.252604, 0.016647, 0.950901)
49.90814, (-1.199406, -3.844639, 4.500343), (0.180582, 0.251676, 0.017193, 0.950660)
49.92226, (-1.220268, -3.856509, 4.538518), (0.183927, 0.251077, 0.017640, 0.950169)
49.9358, (-1.240674, -3.869655, 4.573904), (0.186782, 0.250532, 0.018583, 0.949738)
49.94977, (-1.262016, -3.881806, 4.609000), (0.190466, 0.249920, 0.019421, 0.949150)
49.96356, (-1.286597, -3.894378, 4.644345), (0.194734, 0.249669, 0.020119, 0.948335)
49.97802, (-1.310179, -3.909615, 4.679215), (0.197924, 0.248821, 0.021671, 0.947863)
49.99144, (-1.333444, -3.923180, 4.715911), (0.201010, 0.248773, 0.022784, 0.947200)
50.0054, (-1.358431, -3.940185, 4.752720), (0.203297, 0.248375, 0.025201, 0.946755)
50.01942, (-1.384475, -3.952327, 4.791094), (0.206540, 0.248154, 0.027277, 0.946053)
50.03346, (-1.408786, -3.965633, 4.826128), (0.208435, 0.247609, 0.028945, 0.945731)
50.04728, (-1.436264, -3.975413, 4.863641), (0.210167, 0.248192, 0.031272, 0.945120)
50.06097, (-1.462223, -3.988060, 4.897598), (0.211656, 0.248302, 0.034002, 0.944665)
50.0747, (-1.487896, -3.999466, 4.932975), (0.213989, 0.248531, 0.035773, 0.944014)
50.089, (-1.515080, -4.010444, 4.963661), (0.215888, 0.249101, 0.038572, 0.943320)
50.10255, (-1.542691, -4.021490, 4.993028), (0.217693, 0.249545, 0.041524, 0.942663)
50.1165, (-1.568487, -4.031376, 5.023097), (0.219528, 0.249232, 0.045013, 0.942160)
50.13039, (-1.591630, -4.034782, 5.053231), (0.221864, 0.247951, 0.048051, 0.941800)
50.14462, (-1.616977, -4.040545, 5.078800), (0.222789, 0.246924, 0.050627, 0.941717)
50.15809, (-1.639470, -4.044244, 5.104441), (0.224089, 0.245439, 0.052616, 0.941688)
50.17205, (-1.664827, -4.049613, 5.129235), (0.225495, 0.244687, 0.055001, 0.941411)
50.18629, (-1.688434, -4.055532, 5.153190), (0.227060, 0.243957, 0.056930, 0.941110)
50.20025, (-1.707716, -4.059023, 5.170327), (0.228646, 0.243152, 0.058162, 0.940859)
50.2136, (-1.726394, -4.061646, 5.189386), (0.230102, 0.242964, 0.059500, 0.940469)
50.22768, (-1.744748, -4.063645, 5.206781), (0.230746, 0.243020, 0.060849, 0.940210)
50.24135, (-1.765145, -4.065846, 5.225958), (0.231792, 0.243128, 0.062623, 0.939809)
50.25569, (-1.776627, -4.064763, 5.240112), (0.231773, 0.244128, 0.062923, 0.939534)
50.26924, (-1.790772, -4.065619, 5.253798), (0.231348, 0.245135, 0.063947, 0.939307)
50.28312, (-1.803361, -4.065685, 5.267544), (0.231035, 0.246184, 0.064506, 0.939071)
50.29693, (-1.816998, -4.066196, 5.283032), (0.231081, 0.247496, 0.065594, 0.938640)
50.31135, (-1.827139, -4.067596, 5.293916), (0.229718, 0.249845, 0.066606, 0.938281)
50.32463, (-1.836880, -4.068493, 5.305688), (0.229041, 0.251414, 0.068110, 0.937919)
50.33861, (-1.847208, -4.070086, 5.317784), (0.228448, 0.253000, 0.068983, 0.937573)
50.35242, (-1.856846, -4.074031, 5.330510), (0.227730, 0.254253, 0.070526, 0.937294)
50.36676, (-1.866804, -4.076442, 5.342708), (0.227746, 0.255495, 0.071748, 0.936860)
50.38025, (-1.875394, -4.080380, 5.352765), (0.227949, 0.256234, 0.072736, 0.936532)
50.39422, (-1.883762, -4.084596, 5.362564), (0.228424, 0.257201, 0.073674, 0.936078)
50.40799, (-1.890923, -4.089375, 5.371929), (0.228686, 0.258187, 0.074696, 0.935662)
50.42213, (-1.896786, -4.094185, 5.381971), (0.228899, 0.259257, 0.075659, 0.935237)
50.43555, (-1.901520, -4.099487, 5.392524), (0.229389, 0.260983, 0.076651, 0.934555)
50.44942, (-1.905582, -4.104704, 5.403061), (0.230305, 0.262637, 0.077620, 0.933786)
50.4634, (-1.909563, -4.110947, 5.414284), (0.230872, 0.264305, 0.078769, 0.933079)
50.47749, (-1.912403, -4.116836, 5.426333), (0.231366, 0.265796, 0.079831, 0.932443)
50.49121, (-1.914405, -4.121679, 5.440081), (0.231854, 0.267102, 0.080973, 0.931850)
50.50535, (-1.916334, -4.127097, 5.452495), (0.232215, 0.268652, 0.081767, 0.931245)
50.51897, (-1.916387, -4.132757, 5.465376), (0.232779, 0.270193, 0.082241, 0.930616)
50.53327, (-1.918280, -4.140061, 5.477157), (0.233336, 0.271919, 0.083260, 0.929883)
50.54647, (-1.921087, -4.145418, 5.488963), (0.235096, 0.273629, 0.083912, 0.928879)
50.56023, (-1.921900, -4.151831, 5.501754), (0.237049, 0.274544, 0.084545, 0.928055)
50.57419, (-1.923592, -4.158539, 5.513790), (0.238379, 0.275733, 0.085667, 0.927259)
50.58871, (-1.925574, -4.163815, 5.527296), (0.239899, 0.276634, 0.086157, 0.926553)
50.60181, (-1.929495, -4.168823, 5.540094), (0.240958, 0.277261, 0.086948, 0.926016)
50.61578, (-1.932250, -4.173289, 5.553535), (0.242034, 0.277684, 0.087630, 0.925544)
50.62955, (-1.932935, -4.177678, 5.566457), (0.242682, 0.277940, 0.088503, 0.925215)
50.64385, (-1.934799, -4.182398, 5.579937), (0.242971, 0.278457, 0.090035, 0.924835)
50.65739, (-1.935644, -4.185528, 5.592807), (0.243748, 0.278970, 0.090707, 0.924410)
50.67132, (-1.937711, -4.189050, 5.605818), (0.244627, 0.279480, 0.091671, 0.923929)
50.68522, (-1.940606, -4.195676, 5.618671), (0.244937, 0.280261, 0.091878, 0.923590)
50.69955, (-1.945214, -4.200364, 5.630910), (0.245599, 0.280682, 0.091962, 0.923278)
50.71338, (-1.949618, -4.205638, 5.641973), (0.245980, 0.281308, 0.092163, 0.922966)
50.72729, (-1.953323, -4.210470, 5.655012), (0.246556, 0.281438, 0.092739, 0.922715)
50.74107, (-1.958401, -4.215511, 5.669675), (0.247418, 0.281781, 0.093921, 0.922259)
50.75524, (-1.964684, -4.220604, 5.685029), (0.247847, 0.281334, 0.094925, 0.922178)
50.76883, (-1.971123, -4.226446, 5.699847), (0.247982, 0.280854, 0.095414, 0.922238)
50.78273, (-1.978637, -4.231107, 5.716570), (0.248300, 0.280240, 0.095576, 0.922322)
50.79622, (-1.986256, -4.235961, 5.730891), (0.249272, 0.278695, 0.096241, 0.922459)
50.8109, (-1.992799, -4.241399, 5.745358), (0.250563, 0.277484, 0.097174, 0.922377)
50.82383, (-2.001164, -4.247746, 5.759778), (0.251538, 0.276339, 0.098409, 0.922324)
50.83759, (-2.009347, -4.253143, 5.775843), (0.252631, 0.275263, 0.099232, 0.922259)
50.85142, (-2.016354, -4.258617, 5.790641), (0.253475, 0.274417, 0.099914, 0.922206)
50.86582, (-2.026069, -4.265036, 5.805882), (0.254359, 0.272976, 0.100972, 0.922274)
50.87949, (-2.033128, -4.270475, 5.820699), (0.255401, 0.271504, 0.101554, 0.922357)
50.89323, (-2.041464, -4.275733, 5.836133), (0.256550, 0.270599, 0.102306, 0.922221)
50.90703, (-2.050325, -4.279202, 5.851136), (0.258522, 0.268740, 0.103866, 0.922040)
50.92124, (-2.058864, -4.284481, 5.866644), (0.259133, 0.267741, 0.104792, 0.922054)
50.93475, (-2.068318, -4.289792, 5.881965), (0.259605, 0.267047, 0.105817, 0.922005)
50.94857, (-2.076799, -4.295200, 5.896817), (0.260485, 0.266048, 0.106725, 0.921941)
50.96235, (-2.085282, -4.300609, 5.911669), (0.261364, 0.265048, 0.107634, 0.921875)
50.9768, (-2.090569, -4.302941, 5.922697), (0.263096, 0.264853, 0.109576, 0.921209)
50.98993, (-2.098484, -4.306986, 5.937462), (0.263355, 0.264102, 0.110962, 0.921185)
51.00389, (-2.107138, -4.310856, 5.951846), (0.263933, 0.263620, 0.112187, 0.921009)
51.0177, (-2.114019, -4.315710, 5.963282), (0.264410, 0.263034, 0.113176, 0.920919)
51.03146, (-2.120039, -4.319572, 5.974391), (0.265149, 0.263117, 0.113951, 0.920587)
51.04476, (-2.124788, -4.322394, 5.985860), (0.265845, 0.263445, 0.115144, 0.920144)
51.05853, (-2.130608, -4.326210, 5.997358), (0.265913, 0.264418, 0.116205, 0.919712)
51.07233, (-2.135267, -4.329283, 6.008893), (0.265671, 0.264987, 0.117691, 0.919429)
51.08662, (-2.141386, -4.333107, 6.020052), (0.265582, 0.265784, 0.118766, 0.919086)
51.09986, (-2.146222, -4.337742, 6.030171), (0.266078, 0.266472, 0.119229, 0.918684)
51.11397, (-2.151855, -4.343084, 6.039851), (0.266703, 0.267580, 0.120146, 0.918061)
51.12821, (-2.157671, -4.347234, 6.050091), (0.267585, 0.268551, 0.121137, 0.917390)
51.1422, (-2.163317, -4.351281, 6.058778), (0.268115, 0.268939, 0.122076, 0.916997)
51.15561, (-2.169733, -4.354540, 6.067932), (0.268847, 0.269221, 0.123084, 0.916565)
51.16952, (-2.175517, -4.358583, 6.077445), (0.269401, 0.269680, 0.124070, 0.916135)
51.18338, (-2.188217, -4.360080, 6.085568), (0.269657, 0.269052, 0.124933, 0.916127)
51.19772, (-2.195354, -4.363627, 6.094580), (0.270163, 0.269330, 0.125896, 0.915764)
51.21085, (-2.206120, -4.363690, 6.101189), (0.270636, 0.267989, 0.125484, 0.916074)
51.22566, (-2.219823, -4.362941, 6.104569), (0.270021, 0.267184, 0.125796, 0.916448)
51.2388, (-2.232435, -4.364474, 6.109705), (0.269979, 0.266687, 0.126613, 0.916493)
51.2529, (-2.245950, -4.364868, 6.114052), (0.270123, 0.265783, 0.127521, 0.916587)
51.26625, (-2.260151, -4.364667, 6.117812), (0.270311, 0.265204, 0.128113, 0.916617)
51.28006, (-2.274784, -4.365120, 6.119384), (0.270096, 0.264198, 0.128916, 0.916858)
51.29377, (-2.289972, -4.365605, 6.120416), (0.269627, 0.263894, 0.129401, 0.917015)
51.30812, (-2.305109, -4.365141, 6.120093), (0.269240, 0.262857, 0.130576, 0.917260)
51.32162, (-2.320081, -4.363825, 6.122078), (0.269321, 0.261701, 0.131533, 0.917430)
51.33567, (-2.337010, -4.362819, 6.121065), (0.269065, 0.260022, 0.132770, 0.917804)
51.34961, (-2.352514, -4.360662, 6.118834), (0.268727, 0.258367, 0.133412, 0.918278)
51.36412, (-2.366535, -4.358586, 6.116132), (0.268184, 0.256683, 0.134454, 0.918756)
51.37733, (-2.380862, -4.355204, 6.113090), (0.267184, 0.256068, 0.134859, 0.919160)
51.39112, (-2.393573, -4.351629, 6.110419), (0.266382, 0.255346, 0.135262, 0.919534)
51.40504, (-2.407002, -4.347998, 6.107056), (0.265421, 0.255345, 0.135463, 0.919783)
51.41935, (-2.419933, -4.345489, 6.101187), (0.264312, 0.255203, 0.135971, 0.920066)
51.43273, (-2.431351, -4.342566, 6.094325), (0.262991, 0.254786, 0.136625, 0.920464)
51.4467, (-2.444702, -4.340496, 6.089857), (0.262090, 0.254337, 0.137586, 0.920702)
51.46052, (-2.456113, -4.338233, 6.083652), (0.261712, 0.253652, 0.138227, 0.920902)
51.47485, (-2.467956, -4.337195, 6.074455), (0.261103, 0.253761, 0.138797, 0.920959)
51.48834, (-2.478594, -4.334516, 6.064845), (0.260308, 0.253916, 0.138782, 0.921144)
51.5023, (-2.488090, -4.331556, 6.056571), (0.259673, 0.254060, 0.139042, 0.921244)
51.51604, (-2.496956, -4.327868, 6.047300), (0.259082, 0.254270, 0.139160, 0.921335)
51.53054, (-2.505901, -4.325715, 6.036366), (0.258417, 0.254428, 0.139514, 0.921424)
51.5441, (-2.513723, -4.323328, 6.023430), (0.258199, 0.254102, 0.139729, 0.921543)
51.5578, (-2.521526, -4.319276, 6.009061), (0.257842, 0.253948, 0.139535, 0.921715)
51.57188, (-2.528558, -4.316086, 5.995542), (0.257218, 0.253831, 0.139564, 0.921917)
51.58641, (-2.533410, -4.310076, 5.979800), (0.257239, 0.252951, 0.139541, 0.922156)
51.59997, (-2.539397, -4.304138, 5.963112), (0.257121, 0.251784, 0.139776, 0.922473)
51.61343, (-2.545083, -4.296265, 5.945395), (0.256464, 0.249446, 0.140521, 0.923178)
51.62708, (-2.548541, -4.286675, 5.926782), (0.255652, 0.246127, 0.140445, 0.924304)
51.64145, (-2.552667, -4.276337, 5.908887), (0.254892, 0.242577, 0.140406, 0.925458)
51.65499, (-2.553887, -4.264283, 5.887259), (0.253855, 0.237960, 0.138830, 0.927178)
51.66886, (-2.555571, -4.253774, 5.865777), (0.253307, 0.234746, 0.137593, 0.928331)
51.68288, (-2.552656, -4.237579, 5.840828), (0.253660, 0.229518, 0.135813, 0.929803)
51.69696, (-2.548527, -4.225349, 5.815928), (0.252576, 0.224642, 0.134760, 0.931440)
51.71075, (-2.542436, -4.209476, 5.795859), (0.251303, 0.218985, 0.134827, 0.933121)
51.72472, (-2.535233, -4.193388, 5.776134), (0.248885, 0.212173, 0.134730, 0.935354)
51.73859, (-2.523328, -4.176111, 5.755997), (0.246737, 0.204860, 0.134166, 0.937632)
51.75296, (-2.509181, -4.160849, 5.728820), (0.244679, 0.196808, 0.133899, 0.939931)
51.7663, (-2.496439, -4.148631, 5.700808), (0.243273, 0.191448, 0.132560, 0.941591)
51.78018, (-2.479248, -4.138496, 5.672760), (0.242534, 0.187282, 0.131225, 0.942806)
51.79394, (-2.457663, -4.133270, 5.644307), (0.239777, 0.183923, 0.131354, 0.944154)
51.80796, (-2.439401, -4.127643, 5.617399), (0.237348, 0.181646, 0.132039, 0.945112)
51.82191, (-2.416524, -4.120514, 5.589079), (0.236499, 0.178156, 0.132646, 0.945904)
51.83557, (-2.395796, -4.113607, 5.557778), (0.237078, 0.174239, 0.132909, 0.946452)
51.84917, (-2.373545, -4.108663, 5.524602), (0.238370, 0.169537, 0.133040, 0.946962)
51.86349, (-2.347055, -4.102131, 5.491576), (0.240749, 0.164960, 0.132445, 0.947252)
51.877, (-2.316893, -4.092176, 5.458011), (0.242569, 0.159757, 0.131508, 0.947810)
51.89116, (-2.286889, -4.086735, 5.424070), (0.243205, 0.155472, 0.129696, 0.948609)
51.90482, (-2.254261, -4.075827, 5.394912), (0.244933, 0.150640, 0.127652, 0.949221)
51.9191, (-2.220976, -4.069773, 5.356202), (0.244777, 0.146034, 0.125371, 0.950285)
51.93265, (-2.188941, -4.058837, 5.323338), (0.245519, 0.141468, 0.123675, 0.951006)
51.94661, (-2.148541, -4.045551, 5.293649), (0.246606, 0.136665, 0.121637, 0.951689)
51.96051, (-2.110581, -4.037217, 5.261514), (0.245489, 0.132998, 0.119662, 0.952748)
51.97531, (-2.073531, -4.026891, 5.228419), (0.243340, 0.129850, 0.117979, 0.953942)
51.98866, (-2.038275, -4.014328, 5.195808), (0.242540, 0.127257, 0.116079, 0.954728)
52.00257, (-2.001934, -4.002670, 5.156829), (0.241404, 0.124014, 0.114603, 0.955621)
52.01647, (-1.961215, -3.989719, 5.120239), (0.241629, 0.121399, 0.113310, 0.956054)
52.03049, (-1.920920, -3.981707, 5.083816), (0.241466, 0.119815, 0.111977, 0.956452)
52.04373, (-1.877470, -3.969935, 5.047060), (0.240770, 0.119118, 0.112668, 0.956633)
52.05775, (-1.833937, -3.956774, 5.009353), (0.239286, 0.118732, 0.112493, 0.957074)
52.07172, (-1.792771, -3.942502, 4.975796), (0.238532, 0.118046, 0.110621, 0.957565)
52.08613, (-1.751948, -3.927777, 4.940638), (0.235703, 0.118549, 0.108683, 0.958425)
52.09946, (-1.708043, -3.909885, 4.907244), (0.234221, 0.118406, 0.106033, 0.959102)
52.11342, (-1.661308, -3.893995, 4.880404), (0.230643, 0.119105, 0.104305, 0.960072)
52.12724, (-1.618388, -3.873147, 4.842923), (0.225898, 0.119557, 0.103204, 0.961262)
52.14212, (-1.561326, -3.860583, 4.822784), (0.221206, 0.122887, 0.103245, 0.961929)
52.15512, (-1.516427, -3.845437, 4.791344), (0.218074, 0.123178, 0.100491, 0.962898)
52.16902, (-1.470417, -3.831881, 4.760789), (0.214564, 0.125251, 0.097924, 0.963683)
52.18287, (-1.423946, -3.815871, 4.731826), (0.212298, 0.126069, 0.093857, 0.964483)
52.1971, (-1.381971, -3.807752, 4.702534), (0.206853, 0.128422, 0.091572, 0.965575)
52.21061, (-1.332578, -3.789427, 4.677503), (0.207255, 0.129772, 0.087758, 0.965662)
52.22485, (-1.287045, -3.783522, 4.645847), (0.206359, 0.130415, 0.086585, 0.965873)
52.23849, (-1.239405, -3.773736, 4.615150), (0.204842, 0.130129, 0.084754, 0.966397)
52.25266, (-1.195828, -3.764577, 4.590540), (0.204776, 0.130605, 0.082955, 0.966503)
52.26659, (-1.151521, -3.755869, 4.568465), (0.203971, 0.131067, 0.080958, 0.966780)
52.28048, (-1.111589, -3.746443, 4.550228), (0.202765, 0.131862, 0.079107, 0.967079)
52.29409, (-1.069911, -3.736252, 4.527064), (0.200689, 0.131953, 0.076339, 0.967721)
52.3082, (-1.028419, -3.728381, 4.502189), (0.197710, 0.131776, 0.073099, 0.968609)
52.32177, (-0.985754, -3.721315, 4.480340), (0.194951, 0.132231, 0.069539, 0.969368)
52.33581, (-0.948070, -3.710473, 4.452143), (0.193206, 0.130372, 0.063462, 0.970385)
52.34951, (-0.907840, -3.703564, 4.429882), (0.194650, 0.129934, 0.060013, 0.970375)
52.36396, (-0.862471, -3.696353, 4.409163), (0.193812, 0.128883, 0.056880, 0.970871)
52.37736, (-0.822050, -3.693541, 4.394828), (0.192722, 0.130571, 0.053061, 0.971079)
52.39134, (-0.781390, -3.684108, 4.377236), (0.191497, 0.130704, 0.051131, 0.971407)
52.40517, (-0.738703, -3.663281, 4.364564), (0.194799, 0.130910, 0.046209, 0.970969)
52.41935, (-0.707997, -3.671378, 4.343136), (0.190080, 0.133801, 0.045030, 0.971565)
52.43294, (-0.673817, -3.665209, 4.321208), (0.184518, 0.131367, 0.042700, 0.973074)
52.44694, (-0.644385, -3.657022, 4.308411), (0.182463, 0.130025, 0.037823, 0.973843)
52.4607, (-0.613684, -3.656596, 4.291374), (0.178374, 0.128215, 0.035039, 0.974944)
52.47507, (-0.583032, -3.649236, 4.280237), (0.178382, 0.127725, 0.034209, 0.975036)
52.48854, (-0.549947, -3.644811, 4.265797), (0.178375, 0.128037, 0.034062, 0.975002)
52.50243, (-0.524150, -3.648546, 4.250049), (0.179158, 0.127962, 0.036401, 0.974784)
52.51641, (-0.499985, -3.649251, 4.238709), (0.179954, 0.128422, 0.035941, 0.974594)
52.53051, (-0.477990, -3.647405, 4.227509), (0.180861, 0.129512, 0.033948, 0.974353)
52.54488, (-0.456794, -3.649665, 4.215211), (0.180036, 0.130449, 0.031594, 0.974460)
52.55805, (-0.433346, -3.651928, 4.201479), (0.181684, 0.131883, 0.032380, 0.973935)
52.57173, (-0.412558, -3.640324, 4.185541), (0.181881, 0.131095, 0.029395, 0.974099)
52.58661, (-0.392722, -3.638991, 4.176202), (0.180109, 0.130694, 0.027752, 0.974531)
52.60287, (-0.369575, -3.642399, 4.174216), (0.180250, 0.133484, 0.026787, 0.974153)
52.61704, (-0.347195, -3.639876, 4.162696), (0.179975, 0.133516, 0.025611, 0.974231)
52.63056, (-0.328059, -3.640461, 4.152784), (0.179117, 0.133957, 0.022695, 0.974401)
52.6448, (-0.309005, -3.640238, 4.143743), (0.178242, 0.134273, 0.020596, 0.974565)
52.66531, (-0.292184, -3.637662, 4.131379), (0.177080, 0.133507, 0.019008, 0.974914)
52.67032, (-0.273278, -3.637189, 4.126159), (0.175881, 0.132972, 0.017295, 0.975236)
52.68456, (-0.253963, -3.636798, 4.117856), (0.174037, 0.132704, 0.015783, 0.975629)
52.69744, (-0.235504, -3.633652, 4.116660), (0.173091, 0.131887, 0.014219, 0.975932)
52.71047, (-0.221405, -3.632842, 4.104163), (0.172261, 0.130749, 0.012210, 0.976259)
52.72466, (-0.204770, -3.630750, 4.091591), (0.171788, 0.129775, 0.010460, 0.976493)
52.73841, (-0.187308, -3.629791, 4.081747), (0.171131, 0.129710, 0.008454, 0.976636)
52.75265, (-0.169372, -3.626028, 4.070953), (0.170129, 0.129972, 0.006289, 0.976793)
52.76612, (-0.151460, -3.619114, 4.060387), (0.168944, 0.129948, 0.003268, 0.977016)
52.78022, (-0.136221, -3.615079, 4.052564), (0.167850, 0.130781, 0.000219, 0.977099)
52.7941, (-0.122224, -3.611671, 4.044204), (0.165590, 0.131977, -0.002499, 0.977321)
52.80831, (-0.109453, -3.606035, 4.035294), (0.164343, 0.134091, -0.005422, 0.977232)
52.82203, (-0.099048, -3.600614, 4.027616), (0.163717, 0.137797, -0.008619, 0.976798)
52.83616, (-0.090166, -3.603354, 4.018270), (0.161771, 0.140076, -0.008572, 0.976799)
52.84994, (-0.088463, -3.606070, 4.010596), (0.161865, 0.142224, -0.006466, 0.976489)
52.86427, (-0.083349, -3.607380, 4.006423), (0.163030, 0.143392, -0.004229, 0.976136)
52.87783, (-0.082003, -3.605455, 4.004843), (0.164253, 0.144938, -0.003796, 0.975705)
52.89173, (-0.082249, -3.603041, 4.002900), (0.163820, 0.146664, -0.003438, 0.975521)
52.90538, (-0.081399, -3.598645, 3.996598), (0.159786, 0.147593, -0.004640, 0.976045)
52.91941, (-0.081920, -3.598973, 3.994041), (0.156797, 0.148394, -0.003974, 0.976411)
52.9332, (-0.079306, -3.598610, 3.990960), (0.155446, 0.148936, -0.002912, 0.976548)
52.94666, (-0.074457, -3.599111, 3.989946), (0.155654, 0.149147, -0.001640, 0.976486)
52.96063, (-0.074201, -3.599421, 3.986332), (0.155026, 0.149191, -0.001918, 0.976578)
52.97469, (-0.073539, -3.598459, 3.980979), (0.156208, 0.148428, -0.002085, 0.976506)
52.98857, (-0.072766, -3.597057, 3.973825), (0.155207, 0.146154, -0.001995, 0.977009)
53.00225, (-0.072365, -3.593363, 3.969814), (0.154751, 0.144221, -0.002752, 0.977366)
53.01637, (-0.070239, -3.590803, 3.968215), (0.154284, 0.140750, -0.003634, 0.977943)
53.03029, (-0.068294, -3.589160, 3.965093), (0.152167, 0.138732, -0.004541, 0.978559)
53.04413, (-0.068522, -3.585802, 3.959352), (0.151069, 0.137528, -0.005880, 0.978892)
53.05796, (-0.068216, -3.580636, 3.950851), (0.148792, 0.135989, -0.006656, 0.979451)
53.07192, (-0.069507, -3.573004, 3.944060), (0.146330, 0.134085, -0.007993, 0.980074)
53.08596, (-0.070826, -3.568145, 3.938450), (0.143737, 0.131208, -0.008623, 0.980841)
53.09966, (-0.070924, -3.555666, 3.939893), (0.140208, 0.127947, -0.009548, 0.981774)
53.11377, (-0.071346, -3.543625, 3.939197), (0.135255, 0.125527, -0.010908, 0.982767)
53.12749, (-0.073558, -3.528889, 3.931935), (0.127671, 0.122673, -0.012224, 0.984125)
53.14143, (-0.079901, -3.509747, 3.925194), (0.119146, 0.119464, -0.012847, 0.985580)
53.15517, (-0.083078, -3.493854, 3.917294), (0.109198, 0.116513, -0.014677, 0.987059)
53.16911, (-0.085396, -3.472830, 3.913021), (0.098578, 0.112554, -0.015955, 0.988615)
53.18301, (-0.087020, -3.453099, 3.904134), (0.085451, 0.107814, -0.017008, 0.990346)
53.19703, (-0.094374, -3.427545, 3.900582), (0.078701, 0.103316, -0.019008, 0.991348)
53.21081, (-0.106513, -3.409538, 3.886329), (0.071833, 0.098942, -0.018144, 0.992331)
53.22462, (-0.115322, -3.395588, 3.864822), (0.064085, 0.094451, -0.018069, 0.993300)
53.23849, (-0.123234, -3.377988, 3.849537), (0.055186, 0.092018, -0.017286, 0.994077)
53.25223, (-0.134077, -3.356979, 3.843648), (0.045446, 0.091638, -0.017435, 0.994602)
53.26602, (-0.140986, -3.336291, 3.836354), (0.038841, 0.091541, -0.019215, 0.994858)
53.28007, (-0.153060, -3.317322, 3.819283), (0.033836, 0.089320, -0.020379, 0.995220)
53.29387, (-0.167284, -3.305323, 3.800207), (0.027849, 0.086154, -0.021510, 0.995660)
53.30759, (-0.182607, -3.298395, 3.777638), (0.021800, 0.081891, -0.020789, 0.996186)
53.32147, (-0.195169, -3.289340, 3.757687), (0.015351, 0.077519, -0.021102, 0.996649)
53.33538, (-0.208495, -3.273158, 3.748046), (0.009454, 0.073821, -0.021833, 0.996988)
53.34909, (-0.222891, -3.259878, 3.735399), (0.005598, 0.070927, -0.023496, 0.997189)
53.36287, (-0.236985, -3.251563, 3.714556), (0.001695, 0.068139, -0.024774, 0.997367)
53.37661, (-0.251120, -3.247578, 3.694282), (-0.001732, 0.066247, -0.024157, 0.997509)
53.39012, (-0.267365, -3.243159, 3.674755), (-0.005803, 0.065299, -0.023272, 0.997578)
53.40399, (-0.286135, -3.236545, 3.656375), (-0.010169, 0.063937, -0.022783, 0.997642)
53.41794, (-0.300874, -3.232819, 3.641715), (-0.013950, 0.061700, -0.022117, 0.997752)
53.43172, (-0.318269, -3.227274, 3.627119), (-0.015472, 0.059256, -0.022149, 0.997877)
53.44572, (-0.334323, -3.221129, 3.610357), (-0.019169, 0.056958, -0.022480, 0.997939)
53.45942, (-0.346435, -3.223556, 3.602225), (-0.014538, 0.053087, -0.022214, 0.998237)
53.47333, (-0.361516, -3.218603, 3.589917), (-0.013642, 0.050472, -0.022110, 0.998388)
53.48748, (-0.380278, -3.227514, 3.577075), (-0.012817, 0.049904, -0.021052, 0.998450)
53.50095, (-0.391969, -3.223518, 3.562396), (-0.011713, 0.047754, -0.022543, 0.998536)
53.51516, (-0.408123, -3.230305, 3.555405), (-0.006188, 0.048257, -0.023961, 0.998528)
53.5289, (-0.421497, -3.238968, 3.544463), (-0.006089, 0.047171, -0.025484, 0.998543)
53.54285, (-0.437853, -3.250918, 3.537651), (-0.002773, 0.046506, -0.024458, 0.998615)
53.55671, (-0.453111, -3.258319, 3.525580), (-0.000633, 0.044513, -0.022524, 0.998755)
53.57055, (-0.469017, -3.263147, 3.515561), (0.000839, 0.042957, -0.021347, 0.998849)
53.58436, (-0.484537, -3.268280, 3.504839), (0.001842, 0.041390, -0.021022, 0.998920)
53.59816, (-0.505428, -3.272094, 3.495756), (0.005176, 0.039647, -0.020599, 0.998988)
53.6124, (-0.522700, -3.281461, 3.485448), (0.008674, 0.037843, -0.021409, 0.999017)
53.62616, (-0.540182, -3.292220, 3.475844), (0.013016, 0.036232, -0.021014, 0.999038)
53.64003, (-0.558972, -3.312637, 3.463475), (0.020202, 0.034985, -0.018344, 0.999015)
53.65387, (-0.572991, -3.326350, 3.455586), (0.026960, 0.031733, -0.016219, 0.999001)
53.66806, (-0.593653, -3.340572, 3.446207), (0.031999, 0.030661, -0.013799, 0.998922)
53.68222, (-0.620311, -3.331991, 3.443339), (0.043482, 0.030614, -0.020903, 0.998366)
53.69579, (-0.630696, -3.375254, 3.436361), (0.041502, 0.024782, -0.017843, 0.998672)
53.70976, (-0.644337, -3.389770, 3.427947), (0.048920, 0.021536, -0.019296, 0.998384)
53.72369, (-0.662582, -3.408741, 3.421010), (0.052892, 0.018521, -0.018800, 0.998251)
53.73757, (-0.668697, -3.439009, 3.407378), (0.055123, 0.013690, -0.018430, 0.998216)
53.75145, (-0.681560, -3.457912, 3.403054), (0.063829, 0.013556, -0.015167, 0.997754)
53.76543, (-0.687826, -3.486391, 3.389400), (0.072249, 0.011407, -0.010913, 0.997262)
53.7797, (-0.702596, -3.525089, 3.371096), (0.076458, 0.011632, -0.009180, 0.996963)
53.7933, (-0.712462, -3.543977, 3.355114), (0.085317, 0.009945, -0.008222, 0.996270)
53.80727, (-0.724065, -3.568572, 3.342663), (0.091288, 0.008055, -0.006879, 0.995768)
53.82148, (-0.737480, -3.606849, 3.323822), (0.094932, 0.008883, -0.003903, 0.995437)
53.83512, (-0.734208, -3.613480, 3.281441), (0.101636, 0.021675, -0.012535, 0.994507)
53.84951, (-0.740576, -3.629333, 3.256962), (0.106744, 0.028662, -0.012529, 0.993794)
53.86342, (-0.743014, -3.650641, 3.224023), (0.110659, 0.034858, -0.011539, 0.993180)
53.87738, (-0.745416, -3.662204, 3.195639), (0.115125, 0.041380, -0.010659, 0.992432)
53.89124, (-0.750054, -3.678374, 3.168085), (0.116571, 0.049870, -0.008797, 0.991891)
53.90521, (-0.748324, -3.685898, 3.140521), (0.121685, 0.056680, -0.007365, 0.990922)
53.91896, (-0.752340, -3.700325, 3.108811), (0.126047, 0.063967, -0.005785, 0.989943)
53.93297, (-0.750362, -3.709164, 3.073266), (0.130767, 0.070759, -0.004569, 0.988874)
53.94706, (-0.744928, -3.712271, 3.034264), (0.134237, 0.078879, -0.004417, 0.987795)
53.96073, (-0.747017, -3.717334, 3.001338), (0.135096, 0.090122, -0.004287, 0.986716)
53.97471, (-0.741951, -3.714174, 2.968616), (0.135940, 0.101739, -0.004368, 0.985470)
53.9887, (-0.735931, -3.716129, 2.926083), (0.138704, 0.112607, -0.003762, 0.983904)
54.0027, (-0.731024, -3.717145, 2.886776), (0.141767, 0.122938, -0.003870, 0.982229)
54.01666, (-0.717628, -3.720866, 2.841650), (0.141593, 0.133702, -0.004563, 0.980844)
54.0306, (-0.707120, -3.724236, 2.803950), (0.139792, 0.145943, -0.002316, 0.979364)
54.04483, (-0.694616, -3.718868, 2.760373), (0.140674, 0.157802, 0.000560, 0.977399)
54.05853, (-0.678332, -3.719678, 2.710541), (0.140140, 0.171177, 0.003477, 0.975217)
54.07235, (-0.664021, -3.715714, 2.662805), (0.140272, 0.184327, 0.005010, 0.972791)
54.08648, (-0.646788, -3.714815, 2.625614), (0.138977, 0.197410, 0.007049, 0.970394)
54.10043, (-0.628449, -3.713291, 2.585554), (0.138543, 0.211727, 0.009517, 0.967413)
54.11419, (-0.606805, -3.710077, 2.540339), (0.138680, 0.224995, 0.010437, 0.964384)
54.1284, (-0.578630, -3.701229, 2.499251), (0.136393, 0.241912, 0.015704, 0.960536)
54.14187, (-0.550299, -3.688506, 2.453982), (0.130381, 0.259846, 0.017829, 0.956642)
54.15578, (-0.521514, -3.669968, 2.415526), (0.121590, 0.278346, 0.017865, 0.952586)
54.16953, (-0.488795, -3.654091, 2.384471), (0.109063, 0.296423, 0.015964, 0.948675)
54.18369, (-0.453850, -3.634009, 2.360067), (0.094585, 0.312916, 0.015788, 0.944928)
54.19776, (-0.424253, -3.622100, 2.318525), (0.084007, 0.327242, 0.015804, 0.941066)
54.21205, (-0.401306, -3.616073, 2.276738), (0.078326, 0.340640, 0.016978, 0.936772)
54.22578, (-0.379544, -3.608989, 2.238849), (0.075430, 0.352744, 0.017008, 0.932519)
54.23942, (-0.353408, -3.599769, 2.212605), (0.074900, 0.362915, 0.017226, 0.928648)
54.25322, (-0.328310, -3.594532, 2.184355), (0.070416, 0.372533, 0.017218, 0.925183)
54.26714, (-0.304766, -3.591018, 2.163013), (0.065305, 0.382195, 0.017195, 0.921611)
54.28132, (-0.285144, -3.582286, 2.146310), (0.063035, 0.384044, 0.012538, 0.921075)
54.29514, (-0.263923, -3.577332, 2.131672), (0.059907, 0.388426, 0.009467, 0.919482)
54.3092, (-0.245183, -3.575993, 2.115983), (0.055251, 0.391470, 0.006265, 0.918509)
54.32302, (-0.226058, -3.572841, 2.107463), (0.052457, 0.393451, 0.002309, 0.917845)
54.337, (-0.204452, -3.569850, 2.094715), (0.049262, 0.397463, -0.000703, 0.916295)
54.35088, (-0.187436, -3.567557, 2.093617), (0.049436, 0.397692, -0.004717, 0.916174)
54.36466, (-0.168102, -3.562132, 2.088749), (0.048350, 0.400368, -0.007210, 0.915050)
54.37867, (-0.146271, -3.562307, 2.088915), (0.046766, 0.400413, -0.008131, 0.915104)
54.39245, (-0.124593, -3.556272, 2.090066), (0.046083, 0.401260, -0.009712, 0.914753)
54.40646, (-0.105569, -3.553711, 2.094879), (0.045321, 0.401083, -0.010277, 0.914862)
54.42029, (-0.085478, -3.553942, 2.100060), (0.044182, 0.401916, -0.010978, 0.914544)
54.43442, (-0.065713, -3.552637, 2.106743), (0.044297, 0.403159, -0.012240, 0.913975)
54.44836, (-0.046596, -3.551320, 2.117731), (0.046364, 0.404410, -0.013440, 0.913303)
54.46231, (-0.033036, -3.554411, 2.130993), (0.047146, 0.405787, -0.014786, 0.912631)
54.47585, (-0.015392, -3.554661, 2.141018), (0.047244, 0.406777, -0.016363, 0.912158)
54.48988, (-0.001665, -3.556474, 2.161913), (0.049264, 0.407370, -0.016267, 0.911789)
54.50389, (0.013548, -3.558817, 2.176809), (0.049834, 0.408495, -0.016822, 0.911244)
54.51774, (0.026883, -3.562046, 2.198102), (0.052074, 0.410111, -0.015147, 0.910422)
54.53155, (0.042026, -3.563503, 2.217625), (0.053775, 0.411173, -0.014927, 0.909847)
54.54546, (0.050646, -3.569435, 2.249434), (0.055802, 0.413169, -0.012906, 0.908851)
54.55928, (0.061552, -3.573679, 2.278826), (0.056801, 0.414311, -0.011249, 0.908292)
54.57327, (0.072817, -3.579301, 2.314376), (0.058322, 0.415407, -0.010418, 0.907704)
54.58752, (0.083617, -3.582890, 2.345495), (0.059794, 0.416370, -0.009378, 0.907178)
54.6011, (0.094224, -3.587396, 2.391257), (0.062706, 0.416604, -0.007262, 0.906894)
54.61504, (0.104721, -3.589923, 2.433328), (0.066457, 0.416184, -0.006430, 0.906826)
54.62898, (0.114303, -3.587217, 2.482005), (0.071203, 0.416244, -0.005632, 0.906443)
54.64285, (0.124124, -3.588217, 2.527993), (0.073325, 0.415468, -0.003501, 0.906641)
54.65662, (0.135157, -3.584175, 2.579589), (0.077100, 0.413808, -0.001522, 0.907092)
54.67086, (0.143539, -3.579100, 2.632667), (0.081250, 0.411938, 0.001400, 0.907581)
54.68476, (0.155560, -3.576156, 2.683801), (0.084106, 0.409671, 0.003352, 0.908342)
54.6986, (0.165739, -3.565196, 2.738778), (0.087230, 0.406755, 0.006175, 0.909342)
54.7126, (0.176380, -3.558053, 2.790254), (0.088207, 0.403590, 0.007834, 0.910645)
54.72636, (0.183004, -3.552048, 2.841243), (0.089312, 0.399243, 0.009461, 0.912436)
54.74001, (0.187798, -3.547796, 2.891533), (0.091166, 0.395720, 0.010092, 0.913779)
54.75377, (0.190184, -3.544252, 2.939178), (0.094283, 0.391588, 0.010073, 0.915242)
54.76769, (0.194464, -3.542136, 2.984184), (0.096765, 0.388097, 0.010049, 0.916470)
54.78184, (0.198639, -3.538262, 3.022954), (0.098462, 0.383998, 0.009869, 0.918016)
54.79567, (0.201693, -3.528839, 3.068111), (0.101798, 0.380757, 0.010318, 0.918997)
54.80937, (0.206283, -3.526222, 3.105162), (0.101317, 0.377137, 0.008962, 0.920555)
54.82334, (0.209021, -3.517083, 3.145367), (0.101240, 0.374346, 0.008118, 0.921710)
54.83725, (0.214978, -3.510764, 3.180448), (0.100031, 0.370944, 0.007488, 0.923222)
54.85118, (0.222596, -3.501250, 3.215783), (0.100925, 0.367889, 0.005237, 0.924362)
54.86543, (0.221423, -3.496147, 3.248260), (0.100894, 0.366088, 0.005385, 0.925079)
54.87903, (0.221561, -3.481370, 3.279891), (0.102405, 0.362984, 0.002479, 0.926148)
54.89266, (0.222318, -3.467410, 3.311686), (0.102405, 0.359642, -0.001277, 0.927453)
54.90648, (0.221824, -3.458455, 3.342788), (0.099301, 0.357499, -0.003430, 0.928613)
54.92042, (0.222280, -3.442780, 3.368185), (0.097471, 0.355084, -0.003612, 0.929732)
54.93436, (0.226443, -3.427675, 3.393136), (0.097252, 0.352644, -0.003282, 0.930685)
54.94858, (0.227551, -3.411115, 3.417275), (0.097192, 0.350870, -0.004070, 0.931358)
54.96246, (0.226268, -3.390597, 3.442426), (0.095228, 0.348987, -0.006168, 0.932256)
54.97616, (0.233606, -3.370540, 3.463728), (0.091561, 0.346660, -0.007278, 0.933483)
54.98999, (0.231093, -3.354466, 3.483771), (0.086073, 0.345986, -0.007946, 0.934250)
55.00415, (0.231234, -3.334445, 3.500896), (0.083029, 0.344417, -0.009123, 0.935094)
55.01778, (0.229717, -3.317257, 3.518411), (0.080434, 0.342127, -0.009528, 0.936156)
55.03148, (0.224300, -3.293433, 3.522177), (0.076660, 0.341582, -0.010987, 0.936656)
55.04575, (0.218946, -3.268718, 3.535441), (0.070505, 0.341740, -0.011538, 0.937075)
55.05917, (0.223806, -3.240250, 3.545160), (0.065102, 0.339407, -0.013950, 0.938280)
55.07281, (0.216166, -3.219156, 3.557880), (0.058843, 0.338600, -0.013536, 0.938991)
55.08678, (0.206866, -3.201221, 3.568027), (0.052443, 0.337656, -0.011862, 0.939733)
55.10066, (0.214376, -3.178899, 3.574200), (0.047056, 0.334526, -0.012343, 0.941130)
55.11446, (0.209904, -3.155590, 3.587795), (0.040871, 0.334167, -0.012551, 0.941544)
55.12827, (0.207742, -3.136381, 3.595856), (0.034984, 0.332294, -0.013499, 0.942430)
55.1426, (0.205567, -3.116611, 3.606578), (0.027960, 0.331930, -0.013687, 0.942790)
55.15619, (0.204663, -3.091718, 3.618805), (0.022160, 0.331589, -0.012859, 0.943076)
55.16994, (0.207342, -3.063238, 3.636653), (0.014396, 0.332589, -0.013239, 0.942869)
55.18362, (0.217175, -3.027152, 3.657578), (0.004755, 0.332289, -0.014004, 0.943062)
55.19751, (0.225634, -2.988442, 3.674533), (-0.009415, 0.331577, -0.015760, 0.943250)
55.21135, (0.229346, -2.961911, 3.684326), (-0.026005, 0.328841, -0.014495, 0.943916)
55.22534, (0.221624, -2.951537, 3.687099), (-0.039246, 0.323993, -0.013220, 0.945153)
55.23907, (0.214834, -2.933897, 3.693094), (-0.047357, 0.320943, -0.011448, 0.945845)
55.25284, (0.208040, -2.926725, 3.697632), (-0.049119, 0.316887, -0.008535, 0.947152)
55.2666, (0.205785, -2.907497, 3.706484), (-0.057649, 0.314384, -0.007692, 0.947513)
55.28048, (0.213143, -2.899219, 3.710549), (-0.048392, 0.314971, -0.006477, 0.947845)
55.29433, (0.219369, -2.894027, 3.715924), (-0.053302, 0.315833, -0.005227, 0.947302)
55.30812, (0.214854, -2.884359, 3.723109), (-0.057754, 0.317826, -0.004347, 0.946379)
55.32202, (0.215781, -2.873274, 3.728500), (-0.061309, 0.318500, -0.003840, 0.945930)
55.33575, (0.218915, -2.861950, 3.734539), (-0.063161, 0.319341, -0.004855, 0.945520)
55.34978, (0.224353, -2.855622, 3.740382), (-0.064705, 0.320639, -0.005398, 0.944973)
55.36381, (0.226970, -2.849988, 3.745503), (-0.065583, 0.322071, -0.004718, 0.944429)
55.37758, (0.227398, -2.843292, 3.751933), (-0.066365, 0.324205, -0.005075, 0.943643)
55.39153, (0.231406, -2.840319, 3.755907), (-0.067470, 0.325186, -0.005045, 0.943227)
55.40536, (0.231070, -2.835504, 3.762714), (-0.068381, 0.327469, -0.005188, 0.942370)
55.41922, (0.232980, -2.832237, 3.768582), (-0.069686, 0.329225, -0.005870, 0.941658)
55.43294, (0.235448, -2.828487, 3.775114), (-0.070650, 0.330294, -0.006393, 0.941209)
55.44655, (0.235926, -2.828820, 3.780706), (-0.071291, 0.330897, -0.006063, 0.940951)
55.46078, (0.237933, -2.826576, 3.786956), (-0.070916, 0.330950, -0.005616, 0.940963)
55.47438, (0.239437, -2.824845, 3.792020), (-0.071298, 0.331450, -0.004986, 0.940762)
55.48825, (0.242924, -2.821275, 3.797501), (-0.072021, 0.332115, -0.005115, 0.940471)
55.50227, (0.245356, -2.816861, 3.802173), (-0.072825, 0.333149, -0.005670, 0.940041)
55.51609, (0.248083, -2.814997, 3.808426), (-0.073156, 0.334183, -0.006405, 0.939643)
55.52994, (0.251213, -2.815073, 3.813614), (-0.073241, 0.335348, -0.006635, 0.939220)
55.54377, (0.254764, -2.815175, 3.820630), (-0.073018, 0.336828, -0.006407, 0.938709)
55.55764, (0.260018, -2.815834, 3.824245), (-0.072266, 0.338372, -0.006050, 0.938214)
55.57169, (0.263714, -2.816420, 3.827348), (-0.071494, 0.340127, -0.006796, 0.937633)
55.58549, (0.262876, -2.819200, 3.829477), (-0.071498, 0.341997, -0.005802, 0.936959)
55.59937, (0.270331, -2.812681, 3.834096), (-0.071314, 0.344081, -0.007931, 0.936194)
55.61347, (0.275145, -2.810395, 3.836343), (-0.071308, 0.346276, -0.008536, 0.935380)
55.62717, (0.281141, -2.807131, 3.837849), (-0.071290, 0.349399, -0.009081, 0.934214)
55.64109, (0.286013, -2.805450, 3.838774), (-0.070685, 0.352345, -0.008940, 0.933154)
55.65504, (0.288449, -2.804613, 3.840166), (-0.071172, 0.355573, -0.009672, 0.931885)
55.66903, (0.293781, -2.807574, 3.840084), (-0.071569, 0.357022, -0.009506, 0.931302)
55.68306, (0.297845, -2.802745, 3.843196), (-0.071666, 0.358874, -0.009291, 0.930584)
55.69678, (0.303730, -2.796443, 3.846505), (-0.071010, 0.361117, -0.010157, 0.929758)
55.71085, (0.312691, -2.797097, 3.849818), (-0.073884, 0.362299, -0.007958, 0.929095)
55.72496, (0.317284, -2.798039, 3.851995), (-0.076089, 0.362917, -0.005346, 0.928694)
55.7385, (0.317742, -2.793099, 3.847555), (-0.073140, 0.362036, -0.005386, 0.929275)
55.75244, (0.322606, -2.785913, 3.848962), (-0.071872, 0.362813, -0.005861, 0.929068)
55.76619, (0.327272, -2.782124, 3.850627), (-0.070708, 0.363978, -0.006910, 0.928694)
55.78041, (0.331255, -2.785631, 3.847589), (-0.071244, 0.364130, -0.009090, 0.928575)
55.7944, (0.333486, -2.791758, 3.841486), (-0.071615, 0.364454, -0.009754, 0.928413)
55.8083, (0.339084, -2.802880, 3.834917), (-0.070231, 0.365973, -0.009318, 0.927925)
55.82207, (0.345320, -2.808400, 3.828162), (-0.067303, 0.368146, -0.008783, 0.927287)
55.83591, (0.349095, -2.815310, 3.822356), (-0.064409, 0.371982, -0.010407, 0.925944)
55.84966, (0.355171, -2.821052, 3.812295), (-0.063696, 0.374434, -0.010032, 0.925009)
55.86379, (0.360048, -2.828386, 3.802301), (-0.060575, 0.377020, -0.009212, 0.924176)
55.87764, (0.365437, -2.830112, 3.794634), (-0.054539, 0.379505, -0.009738, 0.923529)
55.89145, (0.367266, -2.831604, 3.788930), (-0.052748, 0.381784, -0.009991, 0.922691)
55.9053, (0.371315, -2.832702, 3.779655), (-0.052818, 0.382521, -0.011074, 0.922369)
55.9193, (0.369385, -2.832704, 3.771510), (-0.054374, 0.383130, -0.013108, 0.921999)
55.93318, (0.370692, -2.834553, 3.762713), (-0.056269, 0.382871, -0.015182, 0.921961)
55.94717, (0.373315, -2.836226, 3.757253), (-0.055121, 0.383807, -0.016576, 0.921618)
55.96143, (0.373764, -2.839271, 3.751838), (-0.053496, 0.385293, -0.017989, 0.921067)
55.97518, (0.374946, -2.841657, 3.747847), (-0.052314, 0.386571, -0.018778, 0.920583)
55.98917, (0.373028, -2.848023, 3.735639), (-0.049830, 0.387447, -0.018806, 0.920352)
56.00304, (0.366242, -2.854956, 3.721762), (-0.045654, 0.388986, -0.019503, 0.919905)
56.0169, (0.359792, -2.859534, 3.706933), (-0.040350, 0.389937, -0.020266, 0.919734)
56.03098, (0.361669, -2.859402, 3.693032), (-0.035466, 0.391900, -0.021118, 0.919082)
56.04443, (0.367526, -2.854780, 3.685575), (-0.032578, 0.394246, -0.021693, 0.918171)
56.05869, (0.371334, -2.855055, 3.677032), (-0.032472, 0.396363, -0.020991, 0.917280)
56.07229, (0.372636, -2.860701, 3.668058), (-0.033738, 0.397811, -0.020247, 0.916623)
56.08619, (0.374093, -2.862432, 3.658185), (-0.032011, 0.399409, -0.020488, 0.915985)
56.10015, (0.362861, -2.871261, 3.652139), (-0.032358, 0.399081, -0.016315, 0.916199)
56.11407, (0.359563, -2.872652, 3.645902), (-0.030677, 0.399728, -0.015021, 0.915997)
56.12808, (0.358330, -2.868178, 3.642915), (-0.030051, 0.400216, -0.014482, 0.915813)
56.14197, (0.360300, -2.866811, 3.635969), (-0.031623, 0.400085, -0.015850, 0.915795)
56.15587, (0.357002, -2.872316, 3.628290), (-0.034046, 0.400241, -0.016160, 0.915635)
56.16974, (0.354011, -2.874628, 3.621706), (-0.034081, 0.400999, -0.017921, 0.915269)
56.18368, (0.348573, -2.877953, 3.614761), (-0.034370, 0.403133, -0.019883, 0.914280)
56.19758, (0.348870, -2.881299, 3.601123), (-0.036410, 0.405719, -0.021649, 0.913016)
56.21187, (0.347616, -2.883500, 3.586375), (-0.040485, 0.409065, -0.024961, 0.911265)
56.22599, (0.342659, -2.888707, 3.569076), (-0.044997, 0.413250, -0.028016, 0.909074)
56.23949, (0.334636, -2.889948, 3.559253), (-0.046387, 0.419938, -0.034554, 0.905708)
56.25353, (0.325248, -2.895186, 3.542158), (-0.046111, 0.422778, -0.039733, 0.904187)
56.26715, (0.320045, -2.899663, 3.532798), (-0.046474, 0.424717, -0.043121, 0.903104)
56.28094, (0.319880, -2.896043, 3.527140), (-0.046004, 0.427576, -0.045008, 0.901685)
56.29486, (0.323390, -2.895675, 3.515069), (-0.048142, 0.428658, -0.044598, 0.901080)
56.3088, (0.323080, -2.894197, 3.505295), (-0.051066, 0.430784, -0.044173, 0.899926)
56.32288, (0.320438, -2.898706, 3.492837), (-0.052648, 0.431999, -0.041510, 0.899379)
56.33694, (0.320948, -2.908165, 3.480884), (-0.051764, 0.432856, -0.040585, 0.899060)
56.35077, (0.325919, -2.913302, 3.473645), (-0.051293, 0.434360, -0.040843, 0.898350)
56.36445, (0.330789, -2.919854, 3.466737), (-0.051391, 0.436471, -0.040586, 0.897332)
56.37833, (0.336587, -2.927092, 3.459260), (-0.050774, 0.438669, -0.039880, 0.896327)
56.39226, (0.343897, -2.933285, 3.453951), (-0.049574, 0.440629, -0.039003, 0.895470)
56.40625, (0.355316, -2.935290, 3.448763), (-0.046032, 0.442107, -0.039257, 0.894920)
56.42013, (0.368400, -2.934461, 3.446258), (-0.043690, 0.443553, -0.040138, 0.894282)
56.43402, (0.381992, -2.935544, 3.445144), (-0.042376, 0.444844, -0.041222, 0.893655)
56.44784, (0.396859, -2.935841, 3.441803), (-0.039905, 0.446099, -0.043185, 0.893050)
56.46181, (0.412313, -2.933484, 3.438323), (-0.035475, 0.447105, -0.046467, 0.892569)
56.47598, (0.431972, -2.944068, 3.438821), (-0.034402, 0.447930, -0.045959, 0.892224)
56.48965, (0.454223, -2.943366, 3.439993), (-0.032737, 0.448023, -0.047959, 0.892134)
56.50363, (0.480435, -2.946889, 3.443604), (-0.033614, 0.446963, -0.049101, 0.892571)
56.51748, (0.501993, -2.951895, 3.443068), (-0.034395, 0.445993, -0.050417, 0.892953)
56.5316, (0.525379, -2.957660, 3.446550), (-0.035160, 0.444140, -0.053084, 0.893692)
56.54533, (0.548252, -2.963783, 3.450402), (-0.035208, 0.443064, -0.055421, 0.894082)
56.55923, (0.573848, -2.969633, 3.456003), (-0.034384, 0.441960, -0.058065, 0.894493)
56.57315, (0.602634, -2.971808, 3.463340), (-0.032662, 0.440895, -0.060149, 0.894945)
56.587, (0.629635, -2.975259, 3.469174), (-0.031267, 0.439991, -0.062588, 0.895273)
56.60096, (0.661962, -2.972873, 3.478374), (-0.030320, 0.438790, -0.064170, 0.895783)
56.61482, (0.691958, -2.971668, 3.487684), (-0.029693, 0.437706, -0.065247, 0.896256)
56.62888, (0.725775, -2.969276, 3.499547), (-0.028404, 0.435792, -0.065676, 0.897199)
56.64263, (0.758156, -2.967453, 3.512440), (-0.027424, 0.433704, -0.065349, 0.898264)
56.65643, (0.789069, -2.967013, 3.522499), (-0.026480, 0.432463, -0.066479, 0.898808)
56.67037, (0.821469, -2.957808, 3.539160), (-0.024173, 0.427697, -0.065431, 0.901227)
56.68441, (0.856177, -2.952120, 3.554698), (-0.024269, 0.422326, -0.064377, 0.903829)
56.69823, (0.890896, -2.948797, 3.568795), (-0.024486, 0.417423, -0.064183, 0.906112)
56.71236, (0.925154, -2.945492, 3.583402), (-0.024616, 0.412995, -0.064872, 0.908087)
56.72609, (0.961155, -2.939645, 3.597753), (-0.024035, 0.407806, -0.065145, 0.910424)
56.73991, (0.996109, -2.936771, 3.613409), (-0.023525, 0.402842, -0.066063, 0.912579)
56.75381, (1.030402, -2.934890, 3.628978), (-0.023881, 0.398114, -0.068315, 0.914477)
56.76758, (1.068471, -2.930264, 3.642976), (-0.023372, 0.392989, -0.069911, 0.916584)
56.78175, (1.104424, -2.925410, 3.659441), (-0.024009, 0.389224, -0.071183, 0.918075)
56.7953, (1.142959, -2.919388, 3.672843), (-0.024142, 0.385079, -0.072533, 0.919712)
56.80949, (1.178759, -2.912892, 3.689030), (-0.023914, 0.381429, -0.073537, 0.921158)
56.8236, (1.212796, -2.909405, 3.703991), (-0.024503, 0.377308, -0.074580, 0.922755)
56.83736, (1.244432, -2.904400, 3.719103), (-0.024213, 0.373405, -0.075872, 0.924244)
56.85115, (1.277195, -2.896708, 3.734407), (-0.024244, 0.369270, -0.077258, 0.925788)
56.86475, (1.308527, -2.890468, 3.750309), (-0.024500, 0.365396, -0.078350, 0.927225)
56.87852, (1.338137, -2.886437, 3.764353), (-0.025397, 0.361586, -0.079061, 0.928633)
56.89233, (1.369218, -2.883602, 3.777276), (-0.026372, 0.357574, -0.079601, 0.930112)
56.9062, (1.395859, -2.879834, 3.789045), (-0.025975, 0.353984, -0.079601, 0.931496)
56.92023, (1.420497, -2.878152, 3.800504), (-0.025379, 0.350640, -0.080526, 0.932697)
56.93397, (1.442526, -2.876637, 3.810266), (-0.024827, 0.347726, -0.080851, 0.933774)
56.94784, (1.462823, -2.876605, 3.820390), (-0.024716, 0.345717, -0.081208, 0.934492)
56.9618, (1.484540, -2.875839, 3.828845), (-0.024528, 0.343545, -0.082956, 0.935144)
56.97562, (1.504092, -2.876233, 3.836009), (-0.024228, 0.341446, -0.083630, 0.935860)
56.98952, (1.521192, -2.878019, 3.841443), (-0.023898, 0.339023, -0.084201, 0.936698)
57.00341, (1.535357, -2.880766, 3.844869), (-0.023605, 0.337014, -0.084573, 0.937396)
57.01721, (1.549117, -2.881098, 3.847960), (-0.022581, 0.335260, -0.084393, 0.938066)
57.03121, (1.562786, -2.883745, 3.851798), (-0.022546, 0.333589, -0.083783, 0.938718)
57.04498, (1.574480, -2.887141, 3.854333), (-0.022978, 0.332203, -0.083657, 0.939210)
57.05925, (1.586981, -2.890557, 3.855665), (-0.023357, 0.330468, -0.083263, 0.939847)
57.07348, (1.598553, -2.893276, 3.857319), (-0.023348, 0.328793, -0.082632, 0.940490)
57.08694, (1.610533, -2.894268, 3.858669), (-0.023127, 0.326974, -0.081883, 0.941195)
57.10075, (1.621603, -2.896781, 3.858653), (-0.022983, 0.325322, -0.080392, 0.941899)
57.11456, (1.632401, -2.897965, 3.858504), (-0.022539, 0.323758, -0.078880, 0.942577)
57.12849, (1.643743, -2.899559, 3.857065), (-0.022108, 0.321867, -0.077449, 0.943353)
57.14218, (1.653843, -2.900122, 3.856154), (-0.021515, 0.320529, -0.076086, 0.943933)
57.1564, (1.665097, -2.899364, 3.854388), (-0.020829, 0.318930, -0.074980, 0.944578)
57.17013, (1.676319, -2.900171, 3.853875), (-0.020464, 0.317206, -0.074029, 0.945242)
57.18379, (1.685824, -2.899573, 3.851898), (-0.020014, 0.315848, -0.072634, 0.945814)
57.19763, (1.694778, -2.896879, 3.844224), (-0.019372, 0.314702, -0.069114, 0.946473)
57.21152, (1.704746, -2.895144, 3.840525), (-0.019241, 0.313308, -0.066731, 0.947109)
57.22546, (1.716382, -2.893647, 3.837307), (-0.018711, 0.311454, -0.065077, 0.947846)
57.23929, (1.726958, -2.892834, 3.834373), (-0.018325, 0.309844, -0.063465, 0.948490)
57.25326, (1.735938, -2.888154, 3.819942), (-0.019522, 0.309709, -0.060835, 0.948682)
57.26716, (1.747457, -2.885793, 3.812020), (-0.019772, 0.308637, -0.058805, 0.949155)
57.28098, (1.759750, -2.881745, 3.802857), (-0.020020, 0.307942, -0.056602, 0.949509)
57.29485, (1.770853, -2.878312, 3.792470), (-0.020207, 0.307103, -0.054873, 0.949878)
57.30875, (1.779709, -2.876829, 3.781627), (-0.021193, 0.306553, -0.053407, 0.950118)
57.32265, (1.790101, -2.874340, 3.772635), (-0.021419, 0.305543, -0.051612, 0.950537)
57.33659, (1.800914, -2.871008, 3.755146), (-0.022808, 0.304451, -0.051095, 0.950883)
57.35057, (1.809783, -2.866228, 3.733032), (-0.024268, 0.303914, -0.051134, 0.951017)
57.36441, (1.818762, -2.861989, 3.714753), (-0.025330, 0.303325, -0.050469, 0.951213)
57.37821, (1.828200, -2.857970, 3.693584), (-0.027381, 0.302598, -0.049739, 0.951426)
57.39209, (1.837812, -2.852480, 3.673434), (-0.029099, 0.302577, -0.049358, 0.951401)
57.40596, (1.847718, -2.848166, 3.653653), (-0.030591, 0.302089, -0.048498, 0.951554)
57.41988, (1.857309, -2.844063, 3.632408), (-0.032447, 0.301750, -0.047803, 0.951635)
57.43379, (1.866977, -2.839056, 3.609114), (-0.035763, 0.302081, -0.047750, 0.951414)
57.44767, (1.877000, -2.833211, 3.587637), (-0.038479, 0.301874, -0.047744, 0.951374)
57.46193, (1.885313, -2.829292, 3.567661), (-0.041227, 0.301962, -0.047797, 0.951228)
57.47578, (1.894181, -2.824982, 3.546772), (-0.042730, 0.301890, -0.048089, 0.951170)
57.48965, (1.904087, -2.823601, 3.526869), (-0.044800, 0.301895, -0.048637, 0.951045)
57.50355, (1.914019, -2.820977, 3.507762), (-0.046251, 0.302312, -0.049010, 0.950824)
57.51725, (1.924463, -2.818744, 3.489718), (-0.047520, 0.302552, -0.049701, 0.950649)
57.53136, (1.934612, -2.818940, 3.471384), (-0.048964, 0.302466, -0.050179, 0.950578)
57.54534, (1.945328, -2.818927, 3.452477), (-0.049687, 0.302088, -0.050723, 0.950632)
57.55869, (1.954961, -2.819374, 3.433974), (-0.050463, 0.302103, -0.050873, 0.950578)
57.5729, (1.967729, -2.821521, 3.415818), (-0.050936, 0.301162, -0.051116, 0.950839)
57.58665, (1.979027, -2.824154, 3.398461), (-0.051421, 0.300916, -0.051368, 0.950877)
57.60032, (1.991627, -2.825392, 3.381059), (-0.051560, 0.300518, -0.052014, 0.950960)
57.61412, (2.004340, -2.829064, 3.365243), (-0.052264, 0.300057, -0.052951, 0.951015)
57.62818, (2.018227, -2.831563, 3.349401), (-0.053026, 0.298988, -0.053885, 0.951257)
57.64207, (2.030950, -2.834307, 3.334432), (-0.053003, 0.298159, -0.055413, 0.951431)
57.65592, (2.044223, -2.837912, 3.320754), (-0.052957, 0.297296, -0.056954, 0.951613)
57.66982, (2.057734, -2.842289, 3.307329), (-0.052777, 0.296384, -0.058729, 0.951800)
57.6837, (2.072220, -2.845579, 3.293357), (-0.052521, 0.295969, -0.060877, 0.951808)
57.69764, (2.087106, -2.847949, 3.278682), (-0.052714, 0.295860, -0.063691, 0.951647)
57.71154, (2.103201, -2.849295, 3.264584), (-0.052931, 0.295258, -0.066079, 0.951659)
57.72555, (2.120953, -2.852219, 3.252801), (-0.054041, 0.295003, -0.068157, 0.951529)
57.73935, (2.137403, -2.854898, 3.239733), (-0.054794, 0.294456, -0.070156, 0.951510)
57.75346, (2.153480, -2.858655, 3.225558), (-0.055590, 0.293970, -0.072842, 0.951413)
57.76718, (2.171726, -2.860605, 3.210083), (-0.055950, 0.293759, -0.075384, 0.951259)
57.78116, (2.192919, -2.865624, 3.195227), (-0.056678, 0.294207, -0.077841, 0.950879)
57.79506, (2.215780, -2.869978, 3.180452), (-0.056945, 0.295250, -0.080241, 0.950340)
57.80881, (2.237397, -2.874545, 3.167389), (-0.057251, 0.296324, -0.082758, 0.949772)
57.8227, (2.260524, -2.877079, 3.153430), (-0.057445, 0.297112, -0.085509, 0.949270)
57.83668, (2.287673, -2.881619, 3.139288), (-0.058114, 0.297011, -0.087733, 0.949058)
57.85051, (2.314806, -2.887042, 3.125879), (-0.058730, 0.297659, -0.090883, 0.948520)
57.86449, (2.344135, -2.895538, 3.111081), (-0.059558, 0.297770, -0.093851, 0.948144)
57.87849, (2.371901, -2.902629, 3.096708), (-0.059345, 0.298801, -0.098014, 0.947412)
57.89219, (2.398260, -2.909772, 3.082305), (-0.058920, 0.300470, -0.102328, 0.946454)
57.90616, (2.426686, -2.914960, 3.066844), (-0.058055, 0.302063, -0.106770, 0.945509)
57.92015, (2.451167, -2.922311, 3.052263), (-0.057464, 0.304958, -0.111923, 0.944019)
57.93444, (2.483866, -2.930465, 3.036997), (-0.057073, 0.306847, -0.116047, 0.942932)
57.94841, (2.512372, -2.933331, 3.025208), (-0.057036, 0.309937, -0.120258, 0.941395)
57.96185, (2.544896, -2.933912, 3.013109), (-0.058560, 0.312961, -0.123872, 0.939831)
57.97565, (2.573328, -2.940847, 2.997905), (-0.060882, 0.316441, -0.126574, 0.938156)
57.98957, (2.602530, -2.951375, 2.981356), (-0.061573, 0.319802, -0.129139, 0.936621)
58.00351, (2.625619, -2.958151, 2.967504), (-0.059981, 0.323053, -0.130379, 0.935436)
58.01741, (2.649966, -2.964003, 2.954875), (-0.059033, 0.325302, -0.132421, 0.934429)
58.03135, (2.671156, -2.970594, 2.946422), (-0.058668, 0.326321, -0.133438, 0.933952)
58.04527, (2.695657, -2.973208, 2.936969), (-0.059130, 0.326724, -0.135207, 0.933528)
58.05927, (2.716814, -2.972751, 2.931962), (-0.059887, 0.326902, -0.136094, 0.933288)
58.07362, (2.736506, -2.976844, 2.923937), (-0.060961, 0.326595, -0.136408, 0.933280)
58.0876, (2.755953, -2.980019, 2.917283), (-0.060952, 0.325982, -0.137752, 0.933298)
58.10129, (2.774818, -2.981166, 2.910720), (-0.061034, 0.325984, -0.139260, 0.933068)
58.1151, (2.795439, -2.983619, 2.905784), (-0.061449, 0.326053, -0.140022, 0.932903)
58.12915, (2.815180, -2.985439, 2.900357), (-0.061690, 0.326797, -0.141369, 0.932423)
58.143, (2.835676, -2.987750, 2.893916), (-0.061950, 0.327371, -0.142785, 0.931989)
58.1568, (2.856172, -2.990059, 2.887476), (-0.062211, 0.327945, -0.144200, 0.931552)
58.1707, (2.875004, -2.992237, 2.884212), (-0.062388, 0.328406, -0.145232, 0.931217)
58.18458, (2.887830, -2.994742, 2.890455), (-0.062443, 0.326666, -0.142989, 0.932172)
58.19864, (2.900992, -3.002641, 2.895865), (-0.062892, 0.321924, -0.142449, 0.933873)
58.21256, (2.918164, -3.009742, 2.894633), (-0.062296, 0.321718, -0.142852, 0.933922)
58.22607, (2.934463, -3.018342, 2.892930), (-0.061517, 0.321209, -0.143120, 0.934108)
58.23993, (2.951082, -3.023961, 2.893332), (-0.059967, 0.320240, -0.143620, 0.934465)
58.25375, (2.965159, -3.028187, 2.892720), (-0.058917, 0.319120, -0.144884, 0.934719)
58.26765, (2.982454, -3.034624, 2.893074), (-0.058894, 0.318284, -0.146226, 0.934797)
58.28161, (2.999370, -3.040903, 2.892314), (-0.058991, 0.317794, -0.148238, 0.934640)
58.2957, (3.016102, -3.048120, 2.892715), (-0.058735, 0.318133, -0.150701, 0.934147)
58.30941, (3.031089, -3.054641, 2.893075), (-0.058062, 0.318063, -0.152525, 0.933917)
58.32366, (3.045408, -3.060993, 2.894551), (-0.057111, 0.318328, -0.154550, 0.933552)
58.3373, (3.059566, -3.067180, 2.894911), (-0.055733, 0.318491, -0.156833, 0.933199)
58.35137, (3.076231, -3.073467, 2.896266), (-0.055172, 0.319663, -0.159032, 0.932459)
58.36522, (3.094218, -3.080407, 2.896565), (-0.055183, 0.320749, -0.161158, 0.931721)
58.37938, (3.108854, -3.088410, 2.896688), (-0.055312, 0.322751, -0.162426, 0.930801)
58.39297, (3.120884, -3.094728, 2.898531), (-0.053877, 0.323938, -0.163698, 0.930250)
58.40675, (3.133569, -3.101008, 2.900836), (-0.052448, 0.324635, -0.165461, 0.929776)
58.42053, (3.150836, -3.106939, 2.901515), (-0.051526, 0.325059, -0.166842, 0.929433)
58.43447, (3.168594, -3.111316, 2.902875), (-0.050372, 0.326618, -0.168173, 0.928709)
58.44844, (3.185580, -3.116355, 2.905077), (-0.049135, 0.327983, -0.169432, 0.928066)
58.46233, (3.196382, -3.122633, 2.908179), (-0.047656, 0.330155, -0.170660, 0.927147)
58.47626, (3.206831, -3.130507, 2.909851), (-0.045947, 0.331140, -0.171276, 0.926769)
58.49045, (3.216412, -3.137563, 2.912200), (-0.043973, 0.332255, -0.171857, 0.926357)
58.50409, (3.227398, -3.140743, 2.915621), (-0.041690, 0.333202, -0.172531, 0.925998)
58.51813, (3.238520, -3.144257, 2.917154), (-0.040488, 0.334495, -0.172675, 0.925558)
58.53191, (3.248477, -3.146896, 2.922194), (-0.040058, 0.335360, -0.172548, 0.925287)
58.54581, (3.255993, -3.150675, 2.927200), (-0.039609, 0.336766, -0.172780, 0.924753)
58.55977, (3.262444, -3.155156, 2.931713), (-0.038953, 0.337627, -0.172711, 0.924479)
58.57373, (3.269241, -3.160145, 2.936552), (-0.037725, 0.337997, -0.172969, 0.924347)
58.58762, (3.274699, -3.164853, 2.938194), (-0.035910, 0.337591, -0.172857, 0.924588)
58.60141, (3.281442, -3.167598, 2.941737), (-0.033765, 0.337277, -0.172785, 0.924797)
58.61532, (3.286197, -3.171370, 2.946111), (-0.032745, 0.337561, -0.172406, 0.924801)
58.62933, (3.289943, -3.172699, 2.950742), (-0.031638, 0.337295, -0.172508, 0.924917)
58.64339, (3.292699, -3.175174, 2.955753), (-0.030917, 0.337221, -0.172381, 0.924993)
58.65722, (3.294840, -3.176434, 2.958869), (-0.030133, 0.336722, -0.172863, 0.925110)
58.6709, (3.297301, -3.178810, 2.961271), (-0.029694, 0.336264, -0.173594, 0.925154)
58.68489, (3.296446, -3.179897, 2.965429), (-0.028860, 0.335683, -0.173867, 0.925340)
58.69897, (3.293622, -3.181337, 2.970709), (-0.028082, 0.335139, -0.174223, 0.925494)
58.71276, (3.291223, -3.181568, 2.975832), (-0.027343, 0.333957, -0.174484, 0.925895)
58.72658, (3.286201, -3.182143, 2.982243), (-0.026577, 0.332739, -0.174582, 0.926337)
58.7405, (3.281338, -3.181990, 2.987485), (-0.025624, 0.330979, -0.174106, 0.927083)
58.75434, (3.274572, -3.182623, 2.992800), (-0.024724, 0.329279, -0.173463, 0.927833)
58.76841, (3.266427, -3.181673, 2.998339), (-0.023159, 0.327230, -0.173285, 0.928632)
58.7822, (3.257947, -3.180839, 3.004503), (-0.021915, 0.324861, -0.172605, 0.929620)
58.79644, (3.245070, -3.180962, 3.012298), (-0.021052, 0.322293, -0.171977, 0.930649)
58.80996, (3.231947, -3.180381, 3.020217), (-0.019804, 0.319189, -0.171422, 0.931848)
58.82385, (3.217502, -3.178883, 3.028293), (-0.018186, 0.316370, -0.171156, 0.932891)
58.83773, (3.200279, -3.179754, 3.036883), (-0.017022, 0.312822, -0.169846, 0.934348)
58.85165, (3.180943, -3.180035, 3.046332), (-0.014923, 0.308956, -0.169430, 0.935744)
58.86558, (3.162256, -3.177941, 3.057078), (-0.011993, 0.304124, -0.168690, 0.937501)
58.8795, (3.142282, -3.177251, 3.067379), (-0.009362, 0.298990, -0.167155, 0.939455)
58.89343, (3.116136, -3.178329, 3.079713), (-0.007532, 0.294490, -0.165393, 0.941204)
58.90729, (3.093871, -3.179481, 3.088341), (-0.004627, 0.287588, -0.162727, 0.943818)
58.9213, (3.067641, -3.184340, 3.096507), (-0.000656, 0.279320, -0.158890, 0.946960)
58.935, (3.039732, -3.189230, 3.105677), (0.005632, 0.269249, -0.154438, 0.950591)
58.94907, (3.010026, -3.196834, 3.116107), (0.011907, 0.259222, -0.149560, 0.954093)
58.96319, (2.977652, -3.199465, 3.129627), (0.018915, 0.248973, -0.145827, 0.957282)
58.9768, (2.945654, -3.207065, 3.143879), (0.022495, 0.238768, -0.143334, 0.960177)
58.99042, (2.913462, -3.199372, 3.160834), (0.027332, 0.229772, -0.141788, 0.962473)
59.00428, (2.878330, -3.199286, 3.181091), (0.028688, 0.218959, -0.140563, 0.965130)
59.01826, (2.843837, -3.199316, 3.197751), (0.032302, 0.207153, -0.139641, 0.967752)
59.03202, (2.796055, -3.205502, 3.214123), (0.036068, 0.194851, -0.138370, 0.970354)
59.04597, (2.755872, -3.211167, 3.233318), (0.040971, 0.182155, -0.135896, 0.972971)
59.0598, (2.712160, -3.209934, 3.250126), (0.049007, 0.167502, -0.133308, 0.975587)
59.07366, (2.670960, -3.211806, 3.266493), (0.054346, 0.153125, -0.129504, 0.978176)
59.08828, (2.626322, -3.208480, 3.285775), (0.057935, 0.137880, -0.127363, 0.980516)
59.1014, (2.579092, -3.210542, 3.307979), (0.058837, 0.123088, -0.125239, 0.982702)
59.1152, (2.536436, -3.209739, 3.325367), (0.061878, 0.108968, -0.122841, 0.984483)
59.12914, (2.492930, -3.210342, 3.343872), (0.065564, 0.095597, -0.120368, 0.985938)
59.14299, (2.449428, -3.210945, 3.362375), (0.069237, 0.082209, -0.117871, 0.987195)
59.15681, (2.405920, -3.211547, 3.380881), (0.072896, 0.068804, -0.115350, 0.988254)
59.17081, (2.354625, -3.210522, 3.400096), (0.074824, 0.053658, -0.115338, 0.989050)
59.18513, (2.306344, -3.214588, 3.417063), (0.076520, 0.039752, -0.111908, 0.989970)
59.19876, (2.261233, -3.215464, 3.435344), (0.079749, 0.026078, -0.109483, 0.990441)
59.21278, (2.218622, -3.209645, 3.457047), (0.084248, 0.011892, -0.108726, 0.990424)
59.22691, (2.150827, -3.199693, 3.463433), (0.080551, 0.013685, -0.113509, 0.990172)
59.24032, (2.103199, -3.197764, 3.480665), (0.082147, 0.005078, -0.111576, 0.990342)
59.25424, (2.055178, -3.195585, 3.496223), (0.084288, -0.005070, -0.110609, 0.990270)
59.2679, (2.003348, -3.190470, 3.512255), (0.082656, -0.008460, -0.107622, 0.990714)
59.28188, (1.957592, -3.185458, 3.529345), (0.083857, -0.016472, -0.104909, 0.990803)
59.29554, (1.903715, -3.181764, 3.543495), (0.084789, -0.022291, -0.101198, 0.990996)
59.30931, (1.852037, -3.178664, 3.557596), (0.085928, -0.028647, -0.097356, 0.991119)
59.32327, (1.800429, -3.173041, 3.571820), (0.087139, -0.034690, -0.094043, 0.991140)
59.33717, (1.749123, -3.168877, 3.586202), (0.087684, -0.041422, -0.091557, 0.991067)
59.35102, (1.695025, -3.165301, 3.600500), (0.088396, -0.047790, -0.089104, 0.990940)
59.36539, (1.640344, -3.163607, 3.615178), (0.088843, -0.054314, -0.086201, 0.990821)
59.37885, (1.585524, -3.158575, 3.632154), (0.090162, -0.061298, -0.082471, 0.990612)
59.39275, (1.528629, -3.154892, 3.647310), (0.091204, -0.067988, -0.078476, 0.990405)
59.40665, (1.470851, -3.153009, 3.662384), (0.091995, -0.075133, -0.074671, 0.990109)
59.42057, (1.410119, -3.147007, 3.677639), (0.092994, -0.082395, -0.070150, 0.989769)
59.43449, (1.352316, -3.146689, 3.691883), (0.093132, -0.090715, -0.067302, 0.989226)
59.44842, (1.291809, -3.143401, 3.706083), (0.094122, -0.098659, -0.063875, 0.988599)
59.46245, (1.230641, -3.141311, 3.719395), (0.095346, -0.106568, -0.060454, 0.987875)
59.47633, (1.172213, -3.138850, 3.732687), (0.097396, -0.114748, -0.057493, 0.986935)
59.49015, (1.110034, -3.142248, 3.740680), (0.097747, -0.122438, -0.053288, 0.986212)
59.50412, (1.049809, -3.142216, 3.752625), (0.099278, -0.130099, -0.049544, 0.985273)
59.51802, (0.988090, -3.143320, 3.760721), (0.100300, -0.137876, -0.046184, 0.984275)
59.53209, (0.928449, -3.144553, 3.771518), (0.101262, -0.145970, -0.042901, 0.983157)
59.54596, (0.870014, -3.145125, 3.781881), (0.102248, -0.154364, -0.039514, 0.981914)
59.55991, (0.810390, -3.146772, 3.788422), (0.102870, -0.162334, -0.036093, 0.980695)
59.57372, (0.750115, -3.149663, 3.795165), (0.104139, -0.169550, -0.032435, 0.979467)
59.58784, (0.693505, -3.154362, 3.802681), (0.105399, -0.177362, -0.029335, 0.978046)
59.60195, (0.635076, -3.157463, 3.810528), (0.106477, -0.184610, -0.025015, 0.976707)
59.61587, (0.576588, -3.161114, 3.818531), (0.108034, -0.191468, -0.021249, 0.975304)
59.6298, (0.521357, -3.163303, 3.828658), (0.109761, -0.199422, -0.017581, 0.973588)
59.64365, (0.462683, -3.163611, 3.836576), (0.111028, -0.206647, -0.014209, 0.971992)
59.65812, (0.401372, -3.163350, 3.841760), (0.112129, -0.213454, -0.011895, 0.970424)
59.67143, (0.346554, -3.166335, 3.849274), (0.112711, -0.222296, -0.010685, 0.968384)
59.68522, (0.289045, -3.168977, 3.856336), (0.113406, -0.230112, -0.007798, 0.966503)
59.69925, (0.231150, -3.170933, 3.863593), (0.114412, -0.237720, -0.004898, 0.964560)
59.71304, (0.181168, -3.176202, 3.866359), (0.116148, -0.246879, -0.004349, 0.962051)
59.72694, (0.130652, -3.180020, 3.872944), (0.118841, -0.254682, -0.001956, 0.959693)
59.74091, (0.078223, -3.182795, 3.878812), (0.120948, -0.261731, -0.000025, 0.957533)
59.75483, (0.024777, -3.185798, 3.883094), (0.122733, -0.268116, 0.002272, 0.955534)
59.76878, (-0.023881, -3.192180, 3.887532), (0.124070, -0.275822, 0.004215, 0.953159)
59.78283, (-0.074202, -3.198197, 3.891263), (0.126320, -0.282286, 0.005831, 0.950960)
59.79716, (-0.124688, -3.203319, 3.894531), (0.127969, -0.289111, 0.007939, 0.948670)
59.81079, (-0.174031, -3.207225, 3.898082), (0.130361, -0.295848, 0.009235, 0.946253)
59.82452, (-0.223656, -3.211048, 3.902652), (0.132594, -0.302528, 0.010527, 0.943814)
59.83844, (-0.272869, -3.211943, 3.910958), (0.135737, -0.309806, 0.012243, 0.940981)
59.85243, (-0.318291, -3.219683, 3.913512), (0.137291, -0.315359, 0.013122, 0.938897)
59.86639, (-0.366618, -3.221470, 3.918142), (0.140209, -0.320732, 0.016067, 0.936597)
59.88043, (-0.414143, -3.229480, 3.918224), (0.141624, -0.325357, 0.017628, 0.934759)
59.89434, (-0.461328, -3.235224, 3.923590), (0.143740, -0.330296, 0.018888, 0.932677)
59.90835, (-0.506178, -3.238771, 3.925974), (0.144990, -0.332195, 0.020035, 0.931785)
59.92229, (-0.549864, -3.240398, 3.931567), (0.146488, -0.335068, 0.021731, 0.930483)
59.93626, (-0.591502, -3.244936, 3.936541), (0.146989, -0.336531, 0.024331, 0.929811)
59.95048, (-0.631665, -3.250577, 3.939169), (0.147919, -0.338090, 0.026630, 0.929035)
59.96397, (-0.674451, -3.252531, 3.944351), (0.149714, -0.340117, 0.029616, 0.927917)
59.97789, (-0.713982, -3.261395, 3.945985), (0.150980, -0.339731, 0.031594, 0.927788)
59.99179, (-0.754010, -3.265659, 3.954319), (0.152647, -0.340453, 0.033943, 0.927167)
60.0058, (-0.794344, -3.269782, 3.960137), (0.154028, -0.340658, 0.035916, 0.926789)
60.01974, (-0.832791, -3.276448, 3.962767), (0.154515, -0.339861, 0.037966, 0.926919)
60.03406, (-0.869725, -3.280270, 3.969160), (0.156093, -0.339818, 0.040555, 0.926561)
60.04792, (-0.906947, -3.286885, 3.973535), (0.156845, -0.339071, 0.043547, 0.926571)
60.06176, (-0.944900, -3.291136, 3.979300), (0.158180, -0.338733, 0.046993, 0.926300)
60.07582, (-0.980285, -3.295070, 3.985279), (0.159040, -0.338707, 0.049970, 0.926006)
60.0899, (-1.014244, -3.298029, 3.991913), (0.159950, -0.338198, 0.052261, 0.925909)
60.1031, (-1.044860, -3.300788, 3.997483), (0.160324, -0.336858, 0.054526, 0.926202)
60.11711, (-1.072209, -3.305146, 4.004490), (0.160608, -0.334838, 0.056440, 0.926770)
60.13084, (-1.098063, -3.309283, 4.009949), (0.161368, -0.332754, 0.057613, 0.927317)
60.1449, (-1.124639, -3.312854, 4.017679), (0.163184, -0.330621, 0.059187, 0.927662)
60.15865, (-1.149948, -3.314798, 4.022325), (0.165101, -0.327818, 0.061075, 0.928196)
60.17255, (-1.174534, -3.319454, 4.029595), (0.166012, -0.326286, 0.062615, 0.928470)
60.18668, (-1.193469, -3.319650, 4.037854), (0.167883, -0.322548, 0.063499, 0.929379)
60.20094, (-1.214410, -3.321866, 4.044533), (0.169047, -0.319015, 0.064335, 0.930330)
60.21462, (-1.236151, -3.322200, 4.052559), (0.170670, -0.314787, 0.065426, 0.931397)
60.22915, (-1.254264, -3.326718, 4.058790), (0.170907, -0.310600, 0.066644, 0.932672)
60.24246, (-1.272827, -3.325863, 4.064530), (0.171936, -0.305590, 0.068338, 0.934014)
60.25628, (-1.284744, -3.329049, 4.072120), (0.171411, -0.302062, 0.069013, 0.935208)
60.27004, (-1.300320, -3.327281, 4.079616), (0.171862, -0.298194, 0.072142, 0.936130)
60.28388, (-1.312507, -3.328419, 4.085708), (0.172057, -0.294839, 0.073697, 0.937035)
60.29792, (-1.328710, -3.330414, 4.088343), (0.171943, -0.292227, 0.075910, 0.937698)
60.31147, (-1.344585, -3.332176, 4.089561), (0.171704, -0.291377, 0.077570, 0.937870)
60.32531, (-1.360425, -3.333809, 4.089720), (0.172533, -0.292093, 0.079127, 0.937365)
60.33924, (-1.377156, -3.335332, 4.087241), (0.173072, -0.293219, 0.080103, 0.936831)
60.35319, (-1.396190, -3.339208, 4.086390), (0.174216, -0.295912, 0.080336, 0.935752)
60.3675, (-1.411825, -3.343205, 4.084514), (0.175383, -0.299235, 0.080583, 0.934455)
60.38107, (-1.424874, -3.345585, 4.081035), (0.177325, -0.301471, 0.081672, 0.933274)
60.39498, (-1.434987, -3.351200, 4.075446), (0.178300, -0.303689, 0.083621, 0.932196)
60.40885, (-1.443888, -3.354666, 4.071774), (0.180296, -0.305132, 0.086164, 0.931109)
60.42264, (-1.451806, -3.358995, 4.067619), (0.181534, -0.305840, 0.088314, 0.930434)
60.43657, (-1.453138, -3.360494, 4.065739), (0.182354, -0.305581, 0.090424, 0.930156)
60.45074, (-1.450179, -3.360869, 4.064837), (0.182373, -0.303692, 0.092354, 0.930582)
60.46498, (-1.447333, -3.365965, 4.064711), (0.181239, -0.299500, 0.094089, 0.931987)
60.47842, (-1.440520, -3.361301, 4.063567), (0.183645, -0.295977, 0.096794, 0.932364)
60.49217, (-1.433587, -3.366392, 4.059213), (0.183736, -0.289198, 0.100127, 0.934120)
60.50605, (-1.423192, -3.368535, 4.061562), (0.186749, -0.282342, 0.102849, 0.935324)
60.51996, (-1.410364, -3.377793, 4.057257), (0.188940, -0.272992, 0.105573, 0.937354)
60.53396, (-1.394585, -3.378309, 4.061588), (0.194106, -0.263513, 0.109101, 0.938606)
60.54783, (-1.373149, -3.381841, 4.061846), (0.197439, -0.251000, 0.113003, 0.940876)
60.56203, (-1.350813, -3.382540, 4.064445), (0.200277, -0.237664, 0.117168, 0.943227)
60.57562, (-1.319814, -3.389496, 4.071577), (0.200899, -0.221803, 0.119343, 0.946679)
60.5894, (-1.289032, -3.394407, 4.072784), (0.199543, -0.205185, 0.121178, 0.950472)
60.60332, (-1.256498, -3.393354, 4.079899), (0.198905, -0.188476, 0.123004, 0.953826)
60.61721, (-1.221567, -3.396760, 4.085366), (0.198305, -0.172959, 0.123628, 0.956805)
60.63109, (-1.189334, -3.400496, 4.090342), (0.197881, -0.157353, 0.124323, 0.959493)
60.64491, (-1.154454, -3.402928, 4.093779), (0.196820, -0.142201, 0.125443, 0.961928)
60.65871, (-1.116245, -3.401499, 4.101749), (0.197163, -0.127277, 0.125538, 0.963933)
60.67263, (-1.079777, -3.405759, 4.107506), (0.195380, -0.113015, 0.124888, 0.966156)
60.68645, (-1.042787, -3.407784, 4.111466), (0.194663, -0.098459, 0.124042, 0.968001)
60.70038, (-1.001221, -3.411944, 4.112504), (0.193956, -0.085320, 0.123010, 0.969521)
60.71449, (-0.957942, -3.413194, 4.116560), (0.194966, -0.071972, 0.123952, 0.970281)
60.72803, (-0.908438, -3.415140, 4.113891), (0.196561, -0.060480, 0.122407, 0.970939)
60.74197, (-0.864955, -3.417289, 4.119486), (0.197407, -0.048965, 0.120158, 0.971697)
60.7557, (-0.822649, -3.419549, 4.125858), (0.198290, -0.038638, 0.118414, 0.972197)
60.76952, (-0.779157, -3.422387, 4.127387), (0.198118, -0.028010, 0.116499, 0.972827)
60.78343, (-0.732833, -3.421458, 4.130373), (0.200738, -0.019264, 0.114320, 0.972761)
60.79724, (-0.685081, -3.422424, 4.131349), (0.202312, -0.009912, 0.112635, 0.972772)
60.8112, (-0.633611, -3.420424, 4.126401), (0.203475, -0.002378, 0.111525, 0.972705)
60.8251, (-0.583771, -3.420295, 4.124241), (0.203959, 0.004494, 0.109873, 0.972784)
60.83891, (-0.535390, -3.420843, 4.120952), (0.204964, 0.011360, 0.107633, 0.972767)
60.85284, (-0.483222, -3.416789, 4.115924), (0.205813, 0.015376, 0.105122, 0.972807)
60.86672, (-0.430786, -3.417338, 4.112357), (0.206046, 0.020962, 0.102045, 0.972981)
60.88067, (-0.378715, -3.411955, 4.103404), (0.207661, 0.025965, 0.098877, 0.972844)
60.89443, (-0.322571, -3.406543, 4.095552), (0.208272, 0.030007, 0.094992, 0.972985)
60.90822, (-0.265947, -3.402327, 4.090737), (0.207807, 0.034601, 0.091096, 0.973304)
60.92227, (-0.211399, -3.399665, 4.085233), (0.206400, 0.039268, 0.086724, 0.973826)
60.93602, (-0.157113, -3.398015, 4.080987), (0.205636, 0.044565, 0.081871, 0.974179)
60.94987, (-0.105389, -3.401321, 4.073557), (0.204596, 0.049221, 0.077843, 0.974504)
60.96386, (-0.053787, -3.402698, 4.068922), (0.204755, 0.053303, 0.074487, 0.974518)
60.97765, (-0.005785, -3.405844, 4.065916), (0.206235, 0.057520, 0.070434, 0.974268)
60.99149, (0.045708, -3.408478, 4.061968), (0.207509, 0.061660, 0.065960, 0.974057)
61.00563, (0.093057, -3.418463, 4.062091), (0.209440, 0.062981, 0.062073, 0.973815)
61.01986, (0.136575, -3.427629, 4.061937), (0.210222, 0.065517, 0.057612, 0.973753)
61.03341, (0.180848, -3.438535, 4.063406), (0.211557, 0.067213, 0.053419, 0.973587)
61.04755, (0.226945, -3.450884, 4.063666), (0.213181, 0.068771, 0.049388, 0.973337)
61.0614, (0.272757, -3.457398, 4.070952), (0.216747, 0.069880, 0.046585, 0.972609)
61.07504, (0.319371, -3.467929, 4.074649), (0.218367, 0.071574, 0.043195, 0.972279)
61.08918, (0.367387, -3.473563, 4.081072), (0.219382, 0.074045, 0.040085, 0.971999)
61.10279, (0.419566, -3.480058, 4.087296), (0.219098, 0.076238, 0.037334, 0.972003)
61.11647, (0.467904, -3.486935, 4.090842), (0.219695, 0.079486, 0.035260, 0.971686)
61.13052, (0.521366, -3.492960, 4.095698), (0.220640, 0.082583, 0.032182, 0.971320)
61.14437, (0.579731, -3.494955, 4.097180), (0.221724, 0.087639, 0.029426, 0.970717)
61.15884, (0.640327, -3.493282, 4.101447), (0.223298, 0.092855, 0.025637, 0.969979)
61.17217, (0.693674, -3.497510, 4.104956), (0.224367, 0.096306, 0.022434, 0.969475)
61.18611, (0.747466, -3.498362, 4.111533), (0.226414, 0.100336, 0.019062, 0.968662)
61.19994, (0.800908, -3.502033, 4.115537), (0.227605, 0.103861, 0.015835, 0.968069)
61.21386, (0.866989, -3.507133, 4.110302), (0.225683, 0.110937, 0.011668, 0.967793)
61.22793, (0.959036, -3.482034, 4.101566), (0.222754, 0.128975, 0.002041, 0.966303)
61.24179, (1.026881, -3.480140, 4.099354), (0.221138, 0.135758, -0.003013, 0.965743)
61.25567, (1.093358, -3.479083, 4.095388), (0.220027, 0.143348, -0.007803, 0.964872)
61.26953, (1.161168, -3.478448, 4.087897), (0.219823, 0.150629, -0.012579, 0.963759)
61.28374, (1.224623, -3.476834, 4.077990), (0.219359, 0.158133, -0.017011, 0.962593)
61.29812, (1.289524, -3.475275, 4.070712), (0.218414, 0.165802, -0.021838, 0.961420)
61.31163, (1.354878, -3.471490, 4.068279), (0.216822, 0.173487, -0.026483, 0.960307)
61.32539, (1.418628, -3.471522, 4.064598), (0.214160, 0.181680, -0.031606, 0.959234)
61.33934, (1.482378, -3.472021, 4.060533), (0.212664, 0.189375, -0.036355, 0.957909)
61.35329, (1.542449, -3.475939, 4.052734), (0.211481, 0.197977, -0.040836, 0.956250)
61.36708, (1.605472, -3.479204, 4.044253), (0.211430, 0.205232, -0.044297, 0.954576)
61.38073, (1.667369, -3.481131, 4.037699), (0.211214, 0.213392, -0.047926, 0.952657)
61.39493, (1.729506, -3.485428, 4.030554), (0.210592, 0.221946, -0.051023, 0.950678)
61.40873, (1.792736, -3.486093, 4.023847), (0.209728, 0.230399, -0.054269, 0.948676)
61.42267, (1.855558, -3.489938, 4.014709), (0.208281, 0.238378, -0.057702, 0.946818)
61.43657, (1.914988, -3.490268, 4.005388), (0.208628, 0.246660, -0.061073, 0.944406)
61.4506, (1.974254, -3.495826, 3.992203), (0.208482, 0.254514, -0.064364, 0.942133)
61.46449, (2.033420, -3.496739, 3.981135), (0.209945, 0.262755, -0.067913, 0.939293)
61.4781, (2.090440, -3.501016, 3.966835), (0.210533, 0.271586, -0.071144, 0.936406)
61.49198, (2.148427, -3.502167, 3.956537), (0.211132, 0.280240, -0.073615, 0.933526)
61.50593, (2.205974, -3.504871, 3.945751), (0.210695, 0.288614, -0.076628, 0.930827)
61.51983, (2.260336, -3.507649, 3.932880), (0.209882, 0.296502, -0.079230, 0.928310)
61.53389, (2.312641, -3.508351, 3.921319), (0.209965, 0.303351, -0.081723, 0.925859)
61.54776, (2.361345, -3.513715, 3.904672), (0.208831, 0.309810, -0.084243, 0.923748)
61.56165, (2.408902, -3.516542, 3.892891), (0.209270, 0.315910, -0.086721, 0.921350)
61.57608, (2.454864, -3.518988, 3.883207), (0.209297, 0.321794, -0.089302, 0.919059)
61.58952, (2.500276, -3.521085, 3.874490), (0.208884, 0.327246, -0.091734, 0.916986)
61.60336, (2.540861, -3.525920, 3.865621), (0.207579, 0.332182, -0.093508, 0.915326)
61.61757, (2.583326, -3.529060, 3.859507), (0.207145, 0.336016, -0.095534, 0.913815)
61.63136, (2.620842, -3.531970, 3.854804), (0.206441, 0.339740, -0.098113, 0.912323)
61.64504, (2.655720, -3.536922, 3.850187), (0.205353, 0.342397, -0.099830, 0.911388)
61.65891, (2.687871, -3.540624, 3.846731), (0.204784, 0.345173, -0.101194, 0.910318)
61.67285, (2.721093, -3.546162, 3.845915), (0.203495, 0.348021, -0.102846, 0.909337)
61.68698, (2.754382, -3.548042, 3.845466), (0.203091, 0.350235, -0.104810, 0.908353)
61.70089, (2.786628, -3.550526, 3.846624), (0.202993, 0.352342, -0.106112, 0.907408)
61.71566, (2.814505, -3.554252, 3.849977), (0.202582, 0.353612, -0.106702, 0.906937)
61.72894, (2.839012, -3.560802, 3.851327), (0.201752, 0.354357, -0.106603, 0.906842)
61.74251, (2.862687, -3.566196, 3.855725), (0.201197, 0.355266, -0.106896, 0.906575)
61.75649, (2.886545, -3.570535, 3.860850), (0.200704, 0.355601, -0.107552, 0.906476)
61.77043, (2.909460, -3.576709, 3.866987), (0.200225, 0.355923, -0.108074, 0.906393)
61.78423, (2.932498, -3.581028, 3.873370), (0.199705, 0.356417, -0.108666, 0.906243)
61.79792, (2.957215, -3.585720, 3.877922), (0.199183, 0.357716, -0.109484, 0.905748)
61.81164, (2.981929, -3.590413, 3.882479), (0.198660, 0.359014, -0.110301, 0.905250)
61.82565, (2.983867, -3.593678, 3.903966), (0.201175, 0.353592, -0.111513, 0.906679)
61.83953, (3.002922, -3.599198, 3.917712), (0.202450, 0.352966, -0.112949, 0.906461)
61.85407, (3.023212, -3.605390, 3.934396), (0.203308, 0.352615, -0.113931, 0.906283)
61.86741, (3.042668, -3.611181, 3.952898), (0.203260, 0.352538, -0.114733, 0.906222)
61.88114, (3.063419, -3.620309, 3.970842), (0.202652, 0.352231, -0.115772, 0.906346)
61.89526, (3.082837, -3.628900, 3.989699), (0.202504, 0.351939, -0.116401, 0.906412)
61.90901, (3.103689, -3.637322, 4.009771), (0.202971, 0.351619, -0.116856, 0.906373)
61.92294, (3.124907, -3.646212, 4.036057), (0.204112, 0.351294, -0.117391, 0.906174)
61.93692, (3.144403, -3.654184, 4.061925), (0.205007, 0.350645, -0.118111, 0.906129)
61.95067, (3.163978, -3.662995, 4.090124), (0.206456, 0.350033, -0.119338, 0.905876)
61.96476, (3.183261, -3.673067, 4.119316), (0.208211, 0.349435, -0.120815, 0.905509)
61.9785, (3.203090, -3.683387, 4.149194), (0.210176, 0.348341, -0.121927, 0.905328)
61.99235, (3.222489, -3.691297, 4.178877), (0.212269, 0.347199, -0.123140, 0.905114)
62.00629, (3.240734, -3.694808, 4.210922), (0.214617, 0.346059, -0.123508, 0.904947)
62.02017, (3.260416, -3.696005, 4.242356), (0.216743, 0.344657, -0.123231, 0.905013)
62.03415, (3.280798, -3.695529, 4.275127), (0.217823, 0.343234, -0.122964, 0.905331)
62.0481, (3.300344, -3.695276, 4.307376), (0.217971, 0.341698, -0.123209, 0.905843)
62.06179, (3.315164, -3.693702, 4.337880), (0.217748, 0.340118, -0.123176, 0.906495)
62.07573, (3.329737, -3.689752, 4.366905), (0.217786, 0.337561, -0.123527, 0.907393)
62.08961, (3.343172, -3.683522, 4.395916), (0.217634, 0.335069, -0.123143, 0.908405)
62.10347, (3.357159, -3.673553, 4.423611), (0.217332, 0.332680, -0.122589, 0.909430)
62.11732, (3.372023, -3.663039, 4.450873), (0.216279, 0.330178, -0.121516, 0.910736)
62.13131, (3.385239, -3.652976, 4.477639), (0.215707, 0.327750, -0.120417, 0.911894)
62.14506, (3.396695, -3.642246, 4.501328), (0.215238, 0.324839, -0.119242, 0.913200)
62.15954, (3.407449, -3.631850, 4.526937), (0.214905, 0.322344, -0.118244, 0.914291)
62.17299, (3.420081, -3.622317, 4.553395), (0.214744, 0.320039, -0.117610, 0.915220)
62.18716, (3.429735, -3.614267, 4.567672), (0.210787, 0.315274, -0.115563, 0.918050)
62.20058, (3.440747, -3.605587, 4.585889), (0.208731, 0.311635, -0.113949, 0.919962)
62.21431, (3.451303, -3.596426, 4.602209), (0.207403, 0.308411, -0.113771, 0.921370)
62.2283, (3.462527, -3.586935, 4.622595), (0.206307, 0.305424, -0.112884, 0.922720)
62.24215, (3.468268, -3.580837, 4.626632), (0.206945, 0.301041, -0.112001, 0.924123)
62.25597, (3.474620, -3.573107, 4.637183), (0.207470, 0.298157, -0.111623, 0.924986)
62.26984, (3.486659, -3.567424, 4.647266), (0.206497, 0.295170, -0.111532, 0.926172)
62.28389, (3.499377, -3.561065, 4.658977), (0.205265, 0.292392, -0.111418, 0.927340)
62.29828, (3.510547, -3.555928, 4.667387), (0.204148, 0.289432, -0.111688, 0.928482)
62.31215, (3.517699, -3.552073, 4.673115), (0.202915, 0.286936, -0.112064, 0.929481)
62.32578, (3.526168, -3.547541, 4.676350), (0.202287, 0.284145, -0.111960, 0.930487)
62.33935, (3.533963, -3.545227, 4.679812), (0.201352, 0.281744, -0.111616, 0.931461)
62.353, (3.542034, -3.541709, 4.681216), (0.200630, 0.279073, -0.111556, 0.932428)
62.36673, (3.550330, -3.542174, 4.681273), (0.199192, 0.276353, -0.111051, 0.933605)
62.38066, (3.556155, -3.543706, 4.678487), (0.198194, 0.274094, -0.111082, 0.934480)
62.39426, (3.562921, -3.545067, 4.673424), (0.197564, 0.271562, -0.111639, 0.935286)
62.40837, (3.568743, -3.544688, 4.667723), (0.197114, 0.269150, -0.111657, 0.936076)
62.42233, (3.572409, -3.545891, 4.659996), (0.195308, 0.267273, -0.111653, 0.936992)
62.436, (3.576946, -3.547504, 4.650804), (0.193190, 0.265630, -0.112219, 0.937830)
62.44986, (3.583359, -3.547868, 4.640936), (0.191287, 0.263685, -0.112519, 0.938733)
62.46352, (3.586723, -3.548685, 4.627492), (0.189425, 0.261919, -0.111884, 0.939680)
62.4774, (3.589025, -3.547820, 4.611511), (0.188082, 0.260842, -0.112203, 0.940211)
62.49133, (3.589671, -3.542916, 4.593747), (0.186883, 0.260232, -0.111815, 0.940665)
62.50525, (3.592068, -3.537166, 4.573019), (0.184245, 0.260281, -0.110999, 0.941269)
62.51922, (3.595798, -3.526568, 4.551224), (0.180711, 0.261193, -0.110314, 0.941782)
62.53319, (3.599941, -3.514966, 4.525978), (0.176244, 0.262631, -0.109770, 0.942292)
62.54724, (3.602141, -3.500109, 4.496815), (0.170966, 0.264841, -0.108337, 0.942811)
62.56179, (3.601353, -3.486283, 4.467735), (0.165882, 0.267602, -0.107972, 0.942982)
62.57497, (3.599125, -3.469509, 4.432800), (0.159834, 0.271462, -0.107039, 0.943029)
62.58887, (3.597645, -3.451278, 4.399531), (0.153670, 0.275256, -0.106149, 0.943055)
62.60284, (3.595629, -3.435379, 4.366873), (0.147361, 0.278681, -0.105353, 0.943145)
62.61641, (3.589836, -3.417335, 4.330544), (0.141225, 0.282435, -0.104093, 0.943107)
62.63018, (3.585351, -3.400285, 4.295436), (0.135997, 0.284868, -0.102884, 0.943276)
62.64412, (3.574600, -3.384072, 4.261359), (0.130810, 0.288040, -0.102212, 0.943120)
62.65796, (3.568857, -3.370119, 4.224095), (0.124662, 0.290345, -0.102191, 0.943248)
62.67185, (3.555537, -3.356968, 4.187693), (0.118274, 0.292807, -0.100228, 0.943520)
62.68578, (3.544233, -3.343389, 4.151863), (0.112588, 0.295195, -0.098797, 0.943623)
62.70016, (3.532389, -3.331281, 4.114819), (0.107607, 0.297004, -0.097954, 0.943724)
62.71351, (3.518477, -3.320624, 4.078598), (0.103158, 0.298532, -0.097236, 0.943813)
62.72748, (3.503438, -3.309221, 4.043478), (0.099669, 0.300244, -0.096856, 0.943683)
62.74138, (3.486710, -3.300976, 4.009144), (0.096902, 0.301517, -0.096304, 0.943622)
62.75521, (3.470015, -3.294086, 3.974072), (0.093114, 0.303449, -0.095828, 0.943433)
62.76919, (3.453467, -3.286952, 3.941048), (0.089973, 0.305228, -0.094956, 0.943252)
62.78298, (3.436841, -3.277597, 3.912521), (0.089286, 0.306254, -0.093979, 0.943082)
62.79694, (3.422329, -3.266890, 3.887330), (0.087648, 0.306321, -0.093426, 0.943269)
62.81088, (3.404362, -3.254856, 3.862586), (0.084477, 0.306953, -0.092990, 0.943396)
62.82463, (3.383791, -3.248504, 3.838991), (0.079936, 0.307764, -0.091858, 0.943639)
62.83856, (3.363539, -3.239547, 3.813693), (0.077350, 0.306696, -0.091341, 0.944252)
62.85242, (3.342738, -3.229076, 3.789588), (0.075427, 0.306421, -0.091384, 0.944493)
62.86628, (3.322355, -3.220669, 3.767185), (0.073467, 0.305663, -0.090132, 0.945013)
62.88014, (3.300107, -3.210962, 3.743074), (0.070948, 0.305914, -0.089267, 0.945206)
62.89402, (3.274648, -3.200215, 3.721733), (0.068573, 0.305848, -0.087715, 0.945548)
62.90788, (3.249868, -3.189486, 3.698792), (0.065892, 0.304738, -0.085756, 0.946276)
62.92175, (3.218086, -3.182434, 3.676203), (0.062599, 0.303406, -0.083311, 0.947146)
62.93555, (3.192663, -3.170756, 3.653894), (0.060428, 0.301465, -0.081741, 0.948043)
62.94949, (3.159905, -3.161463, 3.634822), (0.057636, 0.297764, -0.079213, 0.949600)
62.96325, (3.125574, -3.149233, 3.616607), (0.054933, 0.294667, -0.077506, 0.950866)
62.97701, (3.094733, -3.137749, 3.597056), (0.051750, 0.291203, -0.076939, 0.952157)
62.99102, (3.060702, -3.126521, 3.579415), (0.047899, 0.287722, -0.076005, 0.953491)
63.00487, (3.026180, -3.113672, 3.561472), (0.044280, 0.284897, -0.074201, 0.954656)
63.01866, (2.990334, -3.100125, 3.543909), (0.039992, 0.281608, -0.072885, 0.955921)
63.03259, (2.953007, -3.089111, 3.525717), (0.036019, 0.277949, -0.071727, 0.957237)
63.04643, (2.914329, -3.075331, 3.508405), (0.032339, 0.273852, -0.070634, 0.958629)
63.06026, (2.878041, -3.057733, 3.493196), (0.028733, 0.269606, -0.068854, 0.960076)
63.07422, (2.843445, -3.040171, 3.479383), (0.024163, 0.265361, -0.066826, 0.961527)
63.08804, (2.805790, -3.025117, 3.464149), (0.017070, 0.262046, -0.063677, 0.962801)
63.1019, (2.771018, -3.004776, 3.449570), (0.010983, 0.257748, -0.060065, 0.964281)
63.11562, (2.734444, -2.987636, 3.434751), (0.004168, 0.253932, -0.057464, 0.965505)
63.12947, (2.697277, -2.967334, 3.416821), (-0.003880, 0.249818, -0.054617, 0.966744)
63.14365, (2.662841, -2.944485, 3.398695), (-0.010666, 0.246788, -0.052054, 0.967612)
63.15712, (2.626107, -2.925464, 3.382756), (-0.017387, 0.243850, -0.050601, 0.968336)
63.17105, (2.593615, -2.911136, 3.363008), (-0.025040, 0.240681, -0.047918, 0.969097)
63.18475, (2.557231, -2.895526, 3.343424), (-0.032259, 0.239776, -0.046716, 0.969167)
63.19863, (2.522391, -2.878249, 3.324254), (-0.038703, 0.237115, -0.044360, 0.969696)
63.21253, (2.485572, -2.864398, 3.308392), (-0.043126, 0.237055, -0.044087, 0.969537)
63.22656, (2.451594, -2.853776, 3.291940), (-0.049155, 0.236088, -0.043484, 0.969513)
63.23993, (2.419639, -2.837714, 3.278450), (-0.054185, 0.235248, -0.042176, 0.969507)
63.25369, (2.385261, -2.822431, 3.261912), (-0.060057, 0.233364, -0.040658, 0.969681)
63.26755, (2.352904, -2.817259, 3.248658), (-0.065909, 0.234027, -0.039126, 0.969204)
63.28142, (2.318794, -2.806759, 3.235056), (-0.070011, 0.233518, -0.037678, 0.969097)
63.29555, (2.287824, -2.796135, 3.223602), (-0.072862, 0.233258, -0.036141, 0.969008)
63.30929, (2.254730, -2.786354, 3.213340), (-0.076843, 0.234135, -0.035377, 0.968517)
63.32294, (2.227287, -2.774922, 3.206739), (-0.081543, 0.236024, -0.034572, 0.967703)
63.33671, (2.200890, -2.768148, 3.196998), (-0.085718, 0.237573, -0.033330, 0.967006)
63.35063, (2.172900, -2.761620, 3.191232), (-0.089345, 0.239245, -0.031157, 0.966338)
63.36438, (2.142412, -2.752577, 3.184715), (-0.092323, 0.240907, -0.030075, 0.965679)
63.37841, (2.113280, -2.750229, 3.181903), (-0.093939, 0.242124, -0.028695, 0.965261)
63.39214, (2.086570, -2.743243, 3.176694), (-0.095048, 0.241990, -0.028370, 0.965195)
63.40613, (2.059481, -2.740427, 3.175524), (-0.097817, 0.242848, -0.026093, 0.964767)
63.4203, (2.036232, -2.735797, 3.171793), (-0.099680, 0.242666, -0.025308, 0.964643)
63.43391, (2.010209, -2.730166, 3.171161), (-0.101392, 0.242814, -0.024615, 0.964446)
63.44799, (1.984862, -2.725409, 3.168957), (-0.102703, 0.242636, -0.023768, 0.964373)
63.46172, (1.961135, -2.723449, 3.168762), (-0.104335, 0.243088, -0.022798, 0.964107)
63.47568, (1.938904, -2.720244, 3.167091), (-0.106326, 0.243227, -0.021527, 0.963884)
63.48963, (1.920195, -2.718067, 3.167533), (-0.107490, 0.243543, -0.019954, 0.963709)
63.50342, (1.900077, -2.716410, 3.169200), (-0.108889, 0.243853, -0.018392, 0.963504)
63.51722, (1.880265, -2.714512, 3.171415), (-0.109678, 0.244117, -0.016973, 0.963374)
63.53104, (1.859677, -2.713983, 3.175182), (-0.109827, 0.244514, -0.015894, 0.963275)
63.54468, (1.841051, -2.711568, 3.178461), (-0.109859, 0.244573, -0.014900, 0.963272)
63.55846, (1.823554, -2.709460, 3.184279), (-0.109465, 0.244603, -0.014234, 0.963320)
63.57236, (1.806768, -2.708428, 3.192532), (-0.108719, 0.244924, -0.014197, 0.963323)
63.58633, (1.790090, -2.707455, 3.201670), (-0.107701, 0.245033, -0.014146, 0.963410)
63.60023, (1.773584, -2.708021, 3.210970), (-0.106714, 0.244639, -0.013905, 0.963624)
63.61404, (1.757881, -2.708519, 3.221852), (-0.106626, 0.244834, -0.013132, 0.963595)
63.62804, (1.741649, -2.705339, 3.226888), (-0.105685, 0.244502, -0.013611, 0.963776)
63.64222, (1.727270, -2.704000, 3.237597), (-0.105925, 0.244726, -0.012701, 0.963705)
63.65576, (1.713286, -2.700841, 3.248659), (-0.105891, 0.244593, -0.012382, 0.963747)
63.66959, (1.699098, -2.699910, 3.260913), (-0.106192, 0.244592, -0.011360, 0.963727)
63.68353, (1.684626, -2.699714, 3.272626), (-0.105850, 0.243745, -0.010253, 0.963991)
63.69746, (1.668391, -2.696816, 3.284477), (-0.105731, 0.243320, -0.009236, 0.964122)
63.7113, (1.652091, -2.693182, 3.294621), (-0.106586, 0.242856, -0.008227, 0.964154)
63.72523, (1.636460, -2.689058, 3.305260), (-0.107750, 0.242218, -0.007574, 0.964190)
63.73923, (1.615974, -2.685509, 3.315614), (-0.108619, 0.242065, -0.007467, 0.964132)
63.75303, (1.594716, -2.681302, 3.324508), (-0.107937, 0.241171, -0.007594, 0.964432)
63.76682, (1.567211, -2.677790, 3.333406), (-0.106987, 0.240033, -0.007676, 0.964821)
63.78072, (1.539693, -2.670139, 3.342390), (-0.106210, 0.238142, -0.006910, 0.965381)
63.79475, (1.514172, -2.662275, 3.352082), (-0.106135, 0.237024, -0.006228, 0.965669)
63.80822, (1.487943, -2.654356, 3.362782), (-0.108370, 0.235806, -0.004416, 0.965729)
63.82224, (1.459893, -2.648535, 3.374349), (-0.110942, 0.235351, -0.002036, 0.965556)
63.83624, (1.429833, -2.642807, 3.379917), (-0.116284, 0.233128, 0.003609, 0.965462)
63.85004, (1.395168, -2.640738, 3.388270), (-0.118393, 0.232168, 0.007920, 0.965411)
63.86399, (1.361183, -2.637017, 3.397014), (-0.119347, 0.230658, 0.011239, 0.965623)
63.87783, (1.325741, -2.635244, 3.407066), (-0.120851, 0.229747, 0.014728, 0.965606)
63.89178, (1.292491, -2.635380, 3.416399), (-0.122738, 0.227352, 0.016970, 0.965898)
63.90556, (1.253442, -2.637755, 3.426527), (-0.124321, 0.225703, 0.019139, 0.966042)
63.91952, (1.212062, -2.639519, 3.436720), (-0.124632, 0.223917, 0.020785, 0.966383)
63.93315, (1.169754, -2.643948, 3.446959), (-0.125009, 0.222154, 0.022844, 0.966695)
63.94694, (1.125532, -2.645127, 3.458800), (-0.124071, 0.220256, 0.025209, 0.967191)
63.96085, (1.082292, -2.646074, 3.472792), (-0.123431, 0.218078, 0.027442, 0.967705)
63.9747, (1.036573, -2.648642, 3.488055), (-0.123026, 0.216060, 0.030099, 0.968131)
63.98856, (0.988942, -2.655057, 3.504159), (-0.122460, 0.213106, 0.033148, 0.968757)
64.0024, (0.934006, -2.661418, 3.522562), (-0.121087, 0.210467, 0.036270, 0.969395)
64.01638, (0.881622, -2.667285, 3.537838), (-0.118797, 0.206752, 0.039367, 0.970356)
64.03024, (0.828317, -2.673342, 3.554290), (-0.116311, 0.203179, 0.042550, 0.971277)
64.043, (0.779226, -2.681184, 3.570065), (-0.113568, 0.198226, 0.046449, 0.972446)
64.05685, (0.727615, -2.689528, 3.586717), (-0.111187, 0.192407, 0.050555, 0.973684)
64.07069, (0.674597, -2.697715, 3.604452), (-0.108602, 0.186328, 0.053448, 0.975003)
64.08485, (0.624765, -2.707471, 3.621316), (-0.106991, 0.179523, 0.057561, 0.976223)
64.09835, (0.573749, -2.717642, 3.637358), (-0.105977, 0.172050, 0.060693, 0.977489)
64.11221, (0.525558, -2.725791, 3.653389), (-0.104381, 0.164133, 0.063290, 0.978856)
64.12623, (0.473370, -2.736163, 3.668342), (-0.102938, 0.155432, 0.064437, 0.980353)
64.13995, (0.426778, -2.744114, 3.685123), (-0.100934, 0.146477, 0.066142, 0.981826)
64.1538, (0.379182, -2.750889, 3.700808), (-0.098161, 0.138392, 0.067283, 0.983202)
64.16765, (0.334739, -2.759252, 3.716575), (-0.096196, 0.130378, 0.068204, 0.984427)
64.18162, (0.294766, -2.766193, 3.733218), (-0.094858, 0.121326, 0.067776, 0.985743)
64.1955, (0.251857, -2.773274, 3.748052), (-0.092900, 0.113258, 0.066853, 0.986951)
64.20957, (0.214936, -2.779197, 3.761572), (-0.089984, 0.104649, 0.065784, 0.988243)
64.22342, (0.177311, -2.782120, 3.775391), (-0.086233, 0.097247, 0.064857, 0.989394)
64.23756, (0.140749, -2.782148, 3.789824), (-0.082811, 0.091032, 0.063520, 0.990364)
64.251, (0.106889, -2.785383, 3.803010), (-0.079965, 0.084733, 0.061788, 0.991266)
64.2649, (0.075354, -2.787453, 3.817248), (-0.077320, 0.078395, 0.059812, 0.992118)
64.27892, (0.044254, -2.787124, 3.832495), (-0.075152, 0.073463, 0.056736, 0.992843)
64.29288, (0.016852, -2.787219, 3.849277), (-0.073396, 0.067957, 0.054610, 0.993485)
64.3065, (-0.012132, -2.786689, 3.864739), (-0.071660, 0.062612, 0.052957, 0.994052)
64.32021, (-0.036281, -2.784179, 3.880019), (-0.071363, 0.059693, 0.051249, 0.994343)
64.33417, (-0.059316, -2.781823, 3.896288), (-0.070449, 0.055576, 0.050753, 0.994672)
64.34804, (-0.081081, -2.779456, 3.913112), (-0.070245, 0.052379, 0.049734, 0.994911)
64.36205, (-0.103923, -2.778429, 3.930383), (-0.069850, 0.049150, 0.048035, 0.995187)
64.3761, (-0.125919, -2.777407, 3.947700), (-0.069210, 0.045991, 0.046887, 0.995438)
64.38972, (-0.148335, -2.776656, 3.965036), (-0.068341, 0.042035, 0.045524, 0.995736)
64.40379, (-0.170587, -2.777549, 3.982559), (-0.067739, 0.039329, 0.043475, 0.995979)
64.41769, (-0.196341, -2.777442, 3.999133), (-0.066905, 0.036225, 0.042204, 0.996208)
64.4318, (-0.214867, -2.776594, 4.017078), (-0.066259, 0.031419, 0.040698, 0.996477)
64.44563, (-0.230590, -2.777381, 4.034450), (-0.067088, 0.030709, 0.042787, 0.996356)
64.45945, (-0.249961, -2.778171, 4.053314), (-0.066923, 0.028621, 0.042497, 0.996442)
64.47346, (-0.265989, -2.780160, 4.070596), (-0.067438, 0.025973, 0.042430, 0.996482)
64.48727, (-0.285070, -2.779440, 4.090744), (-0.067106, 0.023515, 0.042133, 0.996579)
64.50114, (-0.298899, -2.781528, 4.109824), (-0.067048, 0.020862, 0.042024, 0.996646)
64.51517, (-0.312717, -2.785594, 4.128309), (-0.066419, 0.018689, 0.042229, 0.996723)
64.52917, (-0.327914, -2.790668, 4.147181), (-0.065730, 0.016981, 0.042619, 0.996782)
64.5428, (-0.339379, -2.795320, 4.165867), (-0.063858, 0.015713, 0.043491, 0.996887)
64.5564, (-0.349620, -2.797521, 4.186888), (-0.061852, 0.013951, 0.043567, 0.997037)
64.57024, (-0.360106, -2.800330, 4.206920), (-0.060422, 0.012623, 0.044029, 0.997122)
64.58418, (-0.368454, -2.802774, 4.228205), (-0.059116, 0.011693, 0.043990, 0.997213)
64.59814, (-0.376948, -2.806180, 4.248975), (-0.058216, 0.010300, 0.044227, 0.997271)
64.61205, (-0.379923, -2.809980, 4.268594), (-0.055555, 0.009727, 0.044876, 0.997399)
64.62596, (-0.383846, -2.814062, 4.288774), (-0.053327, 0.009241, 0.045006, 0.997520)
64.63984, (-0.386740, -2.817025, 4.305460), (-0.050509, 0.009022, 0.045946, 0.997625)
64.65369, (-0.388376, -2.818907, 4.322646), (-0.047747, 0.008515, 0.046557, 0.997738)
64.66765, (-0.389142, -2.821181, 4.339167), (-0.044504, 0.007960, 0.047854, 0.997831)
64.68179, (-0.385951, -2.826051, 4.356772), (-0.041835, 0.007291, 0.049866, 0.997853)
64.69566, (-0.382749, -2.829241, 4.372443), (-0.038905, 0.006667, 0.051934, 0.997870)
64.70983, (-0.380213, -2.835299, 4.389075), (-0.036697, 0.006139, 0.053554, 0.997872)
64.72324, (-0.373430, -2.841989, 4.404602), (-0.034431, 0.005793, 0.054047, 0.997928)
64.73736, (-0.367682, -2.851158, 4.418052), (-0.031517, 0.005078, 0.055392, 0.997954)
64.75097, (-0.350342, -2.865945, 4.442195), (-0.027848, 0.004835, 0.058235, 0.997903)
64.76476, (-0.343689, -2.866461, 4.444423), (-0.020341, 0.003762, 0.061177, 0.997913)
64.77871, (-0.338248, -2.871544, 4.452670), (-0.014150, 0.002110, 0.061173, 0.998025)
64.79256, (-0.331320, -2.890379, 4.460019), (-0.009207, -0.003290, 0.060652, 0.998111)
64.80646, (-0.327918, -2.913594, 4.469108), (-0.008059, -0.003885, 0.059980, 0.998160)
64.82043, (-0.314966, -2.913963, 4.482826), (0.000558, -0.005520, 0.061442, 0.998095)
64.83589, (-0.296305, -2.926127, 4.495043), (0.008231, -0.003520, 0.062049, 0.998033)
64.84973, (-0.285582, -2.935021, 4.504585), (0.013743, -0.000737, 0.063630, 0.997879)
64.86328, (-0.272369, -2.944019, 4.512780), (0.017483, 0.003327, 0.062297, 0.997899)
64.87701, (-0.260035, -2.947810, 4.523448), (0.020536, 0.004077, 0.062253, 0.997841)
64.89061, (-0.248015, -2.950863, 4.540395), (0.021224, 0.005158, 0.062341, 0.997816)
64.90427, (-0.233325, -2.960883, 4.551455), (0.021506, 0.005520, 0.063913, 0.997708)
64.91809, (-0.222650, -2.967404, 4.566711), (0.026457, 0.007675, 0.065709, 0.997459)
64.93181, (-0.209338, -2.979800, 4.573507), (0.029153, 0.006701, 0.067188, 0.997292)
64.94563, (-0.200361, -2.990396, 4.585101), (0.031645, 0.004028, 0.069361, 0.997082)
64.96009, (-0.196405, -2.987260, 4.602165), (0.040134, 0.001331, 0.067552, 0.996907)
64.97353, (-0.187689, -2.998948, 4.612261), (0.047368, -0.003560, 0.068700, 0.996506)
64.98728, (-0.178271, -3.009161, 4.623108), (0.055813, -0.006935, 0.071091, 0.995883)
65.00124, (-0.160965, -3.020455, 4.634651), (0.067077, -0.010102, 0.074268, 0.994929)
65.01496, (-0.143898, -3.037395, 4.647645), (0.077781, -0.012419, 0.080453, 0.993641)
65.02875, (-0.123165, -3.046898, 4.663461), (0.087758, -0.015207, 0.084958, 0.992396)
65.04288, (-0.106384, -3.068527, 4.677045), (0.095409, -0.019549, 0.090134, 0.991156)
65.0568, (-0.094759, -3.082399, 4.695475), (0.100997, -0.023083, 0.093983, 0.990169)
65.07057, (-0.082947, -3.084983, 4.711126), (0.110912, -0.025683, 0.094436, 0.989000)
65.0847, (-0.070222, -3.094108, 4.725807), (0.119594, -0.027802, 0.094458, 0.987928)
65.09917, (-0.042318, -3.115789, 4.743868), (0.124125, -0.030701, 0.088467, 0.987838)
65.11244, (-0.045302, -3.128725, 4.746057), (0.121655, -0.027556, 0.097332, 0.987404)
65.12642, (-0.040189, -3.134755, 4.772068), (0.128313, -0.027670, 0.097959, 0.986496)
65.14042, (-0.031069, -3.154699, 4.793839), (0.129269, -0.025772, 0.101939, 0.986019)
65.15446, (-0.010126, -3.206987, 4.783793), (0.115532, -0.025311, 0.099947, 0.987938)
65.1683, (-0.037074, -3.155186, 4.819111), (0.144910, -0.015924, 0.104650, 0.983766)
65.18221, (-0.011988, -3.189096, 4.818558), (0.137517, -0.017459, 0.103816, 0.984889)
65.19638, (-0.012784, -3.187625, 4.829405), (0.142492, -0.015734, 0.101883, 0.984413)
65.21025, (-0.006619, -3.197565, 4.840279), (0.146269, -0.014755, 0.102618, 0.983797)
65.22427, (-0.000459, -3.207500, 4.851147), (0.150043, -0.013775, 0.103351, 0.983166)
65.23798, (0.005701, -3.217434, 4.862013), (0.153815, -0.012796, 0.104083, 0.982519)
65.25213, (0.011860, -3.227369, 4.872880), (0.157584, -0.011816, 0.104813, 0.981857)
65.26604, (0.018020, -3.237302, 4.883746), (0.161350, -0.010836, 0.105541, 0.981178)
65.27982, (0.024180, -3.247237, 4.894612), (0.165114, -0.009856, 0.106267, 0.980483)
65.29398, (0.030339, -3.257171, 4.905479), (0.168875, -0.008875, 0.106992, 0.979773)
65.30872, (0.037765, -3.260270, 4.848436), (0.124939, 0.008340, 0.107941, 0.986240)
65.31268, (0.037765, -3.260270, 4.848436), (0.124939, 0.008340, 0.107941, 0.986240)
65.31594, (0.037765, -3.260270, 4.848436), (0.124939, 0.008340, 0.107941, 0.986240)
65.31899, (0.037765, -3.260270, 4.848436), (0.124939, 0.008340, 0.107941, 0.986240)
65.32246, (0.037765, -3.260270, 4.848436), (0.124939, 0.008340, 0.107941, 0.986240)
65.32536, (0.037765, -3.260270, 4.848436), (0.124939, 0.008340, 0.107941, 0.986240)
65.32818, (0.037765, -3.260270, 4.848436), (0.124939, 0.008340, 0.107941, 0.986240)
65.33098, (0.037765, -3.260270, 4.848436), (0.124939, 0.008340, 0.107941, 0.986240)
65.33443, (0.037765, -3.260270, 4.848436), (0.124939, 0.008340, 0.107941, 0.986240)
65.33706, (0.037765, -3.260270, 4.848436), (0.124939, 0.008340, 0.107941, 0.986240)
65.33949, (0.037765, -3.260270, 4.848436), (0.124939, 0.008340, 0.107941, 0.986240)
65.34196, (0.037765, -3.260270, 4.848436), (0.124939, 0.008340, 0.107941, 0.986240)
65.3444, (0.037765, -3.260270, 4.848436), (0.124939, 0.008340, 0.107941, 0.986240)
65.34682, (0.037765, -3.260270, 4.848436), (0.124939, 0.008340, 0.107941, 0.986240)
65.34912, (0.037765, -3.260270, 4.848436), (0.124939, 0.008340, 0.107941, 0.986240)
65.35159, (0.037765, -3.260270, 4.848436), (0.124939, 0.008340, 0.107941, 0.986240)
65.35398, (0.037765, -3.260270, 4.848436), (0.124939, 0.008340, 0.107941, 0.986240)
65.35643, (0.037765, -3.260270, 4.848436), (0.124939, 0.008340, 0.107941, 0.986240)
65.35896, (0.037765, -3.260270, 4.848436), (0.124939, 0.008340, 0.107941, 0.986240)
65.36135, (0.037765, -3.260270, 4.848436), (0.124939, 0.008340, 0.107941, 0.986240)
65.36369, (0.037765, -3.260270, 4.848436), (0.124939, 0.008340, 0.107941, 0.986240)
65.36604, (0.037765, -3.260270, 4.848436), (0.124939, 0.008340, 0.107941, 0.986240)
65.36848, (0.037765, -3.260270, 4.848436), (0.124939, 0.008340, 0.107941, 0.986240)
65.371, (0.037765, -3.260270, 4.848436), (0.124939, 0.008340, 0.107941, 0.986240)
65.37351, (0.037765, -3.260270, 4.848436), (0.124939, 0.008340, 0.107941, 0.986240)
65.37591, (0.037765, -3.260270, 4.848436), (0.124939, 0.008340, 0.107941, 0.986240)
65.37833, (0.037765, -3.260270, 4.848436), (0.124939, 0.008340, 0.107941, 0.986240)
65.38084, (0.037765, -3.260270, 4.848436), (0.124939, 0.008340, 0.107941, 0.986240)
65.38335, (0.037765, -3.260270, 4.848436), (0.124939, 0.008340, 0.107941, 0.986240)
65.38573, (0.037765, -3.260270, 4.848436), (0.124939, 0.008340, 0.107941, 0.986240)
65.38802, (0.037765, -3.260270, 4.848436), (0.124939, 0.008340, 0.107941, 0.986240)
65.39046, (0.037765, -3.260270, 4.848436), (0.124939, 0.008340, 0.107941, 0.986240)
65.3928, (0.037765, -3.260270, 4.848436), (0.124939, 0.008340, 0.107941, 0.986240)
65.39507, (0.037765, -3.260270, 4.848436), (0.124939, 0.008340, 0.107941, 0.986240)
65.39739, (0.037765, -3.260270, 4.848436), (0.124939, 0.008340, 0.107941, 0.986240)
65.39979, (0.037765, -3.260270, 4.848436), (0.124939, 0.008340, 0.107941, 0.986240)
65.40228, (0.037765, -3.260270, 4.848436), (0.124939, 0.008340, 0.107941, 0.986240)
65.40468, (0.037765, -3.260270, 4.848436), (0.124939, 0.008340, 0.107941, 0.986240)
65.40704, (0.037765, -3.260270, 4.848436), (0.124939, 0.008340, 0.107941, 0.986240)
65.40942, (0.037765, -3.260270, 4.848436), (0.124939, 0.008340, 0.107941, 0.986240)
65.41208, (0.037765, -3.260270, 4.848436), (0.124939, 0.008340, 0.107941, 0.986240)
65.41451, (0.037765, -3.260270, 4.848436), (0.124939, 0.008340, 0.107941, 0.986240)
65.41702, (0.037765, -3.260270, 4.848436), (0.124939, 0.008340, 0.107941, 0.986240)
65.41935, (0.037765, -3.260270, 4.848436), (0.124939, 0.008340, 0.107941, 0.986240)
65.42175, (0.037765, -3.260270, 4.848436), (0.124939, 0.008340, 0.107941, 0.986240)
65.42414, (0.037765, -3.260270, 4.848436), (0.124939, 0.008340, 0.107941, 0.986240)
65.4268, (0.037765, -3.260270, 4.848436), (0.124939, 0.008340, 0.107941, 0.986240)
65.42926, (0.037765, -3.260270, 4.848436), (0.124939, 0.008340, 0.107941, 0.986240)
65.43179, (0.037765, -3.260270, 4.848436), (0.124939, 0.008340, 0.107941, 0.986240)
65.43414, (0.037765, -3.260270, 4.848436), (0.124939, 0.008340, 0.107941, 0.986240)
65.43655, (0.037765, -3.260270, 4.848436), (0.124939, 0.008340, 0.107941, 0.986240)
65.43892, (0.037765, -3.260270, 4.848436), (0.124939, 0.008340, 0.107941, 0.986240)
65.44137, (0.037765, -3.260270, 4.848436), (0.124939, 0.008340, 0.107941, 0.986240)
65.44408, (0.037765, -3.260270, 4.848436), (0.124939, 0.008340, 0.107941, 0.986240)
65.44651, (0.037765, -3.260270, 4.848436), (0.124939, 0.008340, 0.107941, 0.986240)
65.44905, (0.037765, -3.260270, 4.848436), (0.124939, 0.008340, 0.107941, 0.986240)
65.45146, (0.037765, -3.260270, 4.848436), (0.124939, 0.008340, 0.107941, 0.986240)
65.45383, (0.037765, -3.260270, 4.848436), (0.124939, 0.008340, 0.107941, 0.986240)
65.45623, (0.037765, -3.260270, 4.848436), (0.124939, 0.008340, 0.107941, 0.986240)
65.4586, (0.037765, -3.260270, 4.848436), (0.124939, 0.008340, 0.107941, 0.986240)
65.46119, (0.037765, -3.260270, 4.848436), (0.124939, 0.008340, 0.107941, 0.986240)
65.46358, (0.037765, -3.260270, 4.848436), (0.124939, 0.008340, 0.107941, 0.986240)
65.46589, (0.037765, -3.260270, 4.848436), (0.124939, 0.008340, 0.107941, 0.986240)
65.46824, (0.037765, -3.260270, 4.848436), (0.124939, 0.008340, 0.107941, 0.986240)
65.47053, (0.037765, -3.260270, 4.848436), (0.124939, 0.008340, 0.107941, 0.986240)
65.47289, (0.037765, -3.260270, 4.848436), (0.124939, 0.008340, 0.107941, 0.986240)
65.4754, (0.037765, -3.260270, 4.848436), (0.124939, 0.008340, 0.107941, 0.986240)
65.47791, (0.037765, -3.260270, 4.848436), (0.124939, 0.008340, 0.107941, 0.986240)
65.48038, (0.037765, -3.260270, 4.848436), (0.124939, 0.008340, 0.107941, 0.986240)
65.48271, (0.037765, -3.260270, 4.848436), (0.124939, 0.008340, 0.107941, 0.986240)
65.48509, (0.037765, -3.260270, 4.848436), (0.124939, 0.008340, 0.107941, 0.986240)
65.48757, (0.037765, -3.260270, 4.848436), (0.124939, 0.008340, 0.107941, 0.986240)
65.4901, (0.037765, -3.260270, 4.848436), (0.124939, 0.008340, 0.107941, 0.986240)
65.49243, (0.037765, -3.260270, 4.848436), (0.124939, 0.008340, 0.107941, 0.986240)
65.49479, (0.037765, -3.260270, 4.848436), (0.124939, 0.008340, 0.107941, 0.986240)
65.49723, (0.037765, -3.260270, 4.848436), (0.124939, 0.008340, 0.107941, 0.986240)
65.49987, (0.037765, -3.260270, 4.848436), (0.124939, 0.008340, 0.107941, 0.986240)
65.50234, (0.037765, -3.260270, 4.848436), (0.124939, 0.008340, 0.107941, 0.986240)
65.50495, (0.037765, -3.260270, 4.848436), (0.124939, 0.008340, 0.107941, 0.986240)
65.5076, (0.037765, -3.260270, 4.848436), (0.124939, 0.008340, 0.107941, 0.986240)
65.50999, (0.037765, -3.260270, 4.848436), (0.124939, 0.008340, 0.107941, 0.986240)
65.51244, (0.037765, -3.260270, 4.848436), (0.124939, 0.008340, 0.107941, 0.986240)
65.51479, (0.037765, -3.260270, 4.848436), (0.124939, 0.008340, 0.107941, 0.986240)
65.51712, (0.037765, -3.260270, 4.848436), (0.124939, 0.008340, 0.107941, 0.986240)
65.51945, (0.037765, -3.260270, 4.848436), (0.124939, 0.008340, 0.107941, 0.986240)
65.5218, (0.037765, -3.260270, 4.848436), (0.124939, 0.008340, 0.107941, 0.986240)
65.52429, (0.037765, -3.260270, 4.848436), (0.124939, 0.008340, 0.107941, 0.986240)
65.52673, (0.037765, -3.260270, 4.848436), (0.124939, 0.008340, 0.107941, 0.986240)
65.52918, (0.037765, -3.260270, 4.848436), (0.124939, 0.008340, 0.107941, 0.986240)
65.53166, (0.037765, -3.260270, 4.848436), (0.124939, 0.008340, 0.107941, 0.986240)
65.53434, (0.037765, -3.260270, 4.848436), (0.124939, 0.008340, 0.107941, 0.986240)
65.53732, (0.037765, -3.260270, 4.848436), (0.124939, 0.008340, 0.107941, 0.986240)
65.54048, (0.037765, -3.260270, 4.848436), (0.124939, 0.008340, 0.107941, 0.986240)
65.54397, (0.037765, -3.260270, 4.848436), (0.124939, 0.008340, 0.107941, 0.986240)
65.5471, (0.037765, -3.260270, 4.848436), (0.124939, 0.008340, 0.107941, 0.986240)
65.55023, (0.037765, -3.260270, 4.848436), (0.124939, 0.008340, 0.107941, 0.986240)
65.55304, (0.037765, -3.260270, 4.848436), (0.124939, 0.008340, 0.107941, 0.986240)
65.55575, (0.037765, -3.260270, 4.848436), (0.124939, 0.008340, 0.107941, 0.986240)
65.55827, (0.037765, -3.260270, 4.848436), (0.124939, 0.008340, 0.107941, 0.986240)
65.56102, (0.037765, -3.260270, 4.848436), (0.124939, 0.008340, 0.107941, 0.986240)
65.56388, (0.037765, -3.260270, 4.848436), (0.124939, 0.008340, 0.107941, 0.986240)
65.5664, (0.037765, -3.260270, 4.848436), (0.124939, 0.008340, 0.107941, 0.986240)
65.56909, (0.037765, -3.260270, 4.848436), (0.124939, 0.008340, 0.107941, 0.986240)
65.57173, (0.037765, -3.260270, 4.848436), (0.124939, 0.008340, 0.107941, 0.986240)
65.57461, (0.037765, -3.260270, 4.848436), (0.124939, 0.008340, 0.107941, 0.986240)
65.57726, (0.037765, -3.260270, 4.848436), (0.124939, 0.008340, 0.107941, 0.986240)
65.57984, (0.037765, -3.260270, 4.848436), (0.124939, 0.008340, 0.107941, 0.986240)
65.58266, (0.037765, -3.260270, 4.848436), (0.124939, 0.008340, 0.107941, 0.986240)
65.58527, (0.037765, -3.260270, 4.848436), (0.124939, 0.008340, 0.107941, 0.986240)
65.58791, (0.037765, -3.260270, 4.848436), (0.124939, 0.008340, 0.107941, 0.986240)
65.59081, (0.037765, -3.260270, 4.848436), (0.124939, 0.008340, 0.107941, 0.986240)
65.59366, (0.037765, -3.260270, 4.848436), (0.124939, 0.008340, 0.107941, 0.986240)
65.59632, (0.037765, -3.260270, 4.848436), (0.124939, 0.008340, 0.107941, 0.986240)
65.59913, (0.037765, -3.260270, 4.848436), (0.124939, 0.008340, 0.107941, 0.986240)
65.602, (0.037765, -3.260270, 4.848436), (0.124939, 0.008340, 0.107941, 0.986240)
65.60476, (0.037765, -3.260270, 4.848436), (0.124939, 0.008340, 0.107941, 0.986240)
65.60765, (0.037765, -3.260270, 4.848436), (0.124939, 0.008340, 0.107941, 0.986240)
65.61075, (0.037765, -3.260270, 4.848436), (0.124939, 0.008340, 0.107941, 0.986240)
65.61349, (0.037765, -3.260270, 4.848436), (0.124939, 0.008340, 0.107941, 0.986240)
65.6164, (0.037765, -3.260270, 4.848436), (0.124939, 0.008340, 0.107941, 0.986240)
65.61893, (0.037765, -3.260270, 4.848436), (0.124939, 0.008340, 0.107941, 0.986240)
65.62138, (0.037765, -3.260270, 4.848436), (0.124939, 0.008340, 0.107941, 0.986240)
65.62384, (0.037765, -3.260270, 4.848436), (0.124939, 0.008340, 0.107941, 0.986240)
65.62624, (0.037765, -3.260270, 4.848436), (0.124939, 0.008340, 0.107941, 0.986240)
65.62863, (0.037765, -3.260270, 4.848436), (0.124939, 0.008340, 0.107941, 0.986240)
65.63181, (0.037765, -3.260270, 4.848436), (0.124939, 0.008340, 0.107941, 0.986240)
65.63525, (0.037765, -3.260270, 4.848436), (0.124939, 0.008340, 0.107941, 0.986240)
65.63839, (0.037765, -3.260270, 4.848436), (0.124939, 0.008340, 0.107941, 0.986240)
65.64112, (0.037765, -3.260270, 4.848436), (0.124939, 0.008340, 0.107941, 0.986240)
65.64393, (0.037765, -3.260270, 4.848436), (0.124939, 0.008340, 0.107941, 0.986240)
65.64649, (0.037765, -3.260270, 4.848436), (0.124939, 0.008340, 0.107941, 0.986240)
65.64887, (0.037765, -3.260270, 4.848436), (0.124939, 0.008340, 0.107941, 0.986240)
65.65119, (0.037765, -3.260270, 4.848436), (0.124939, 0.008340, 0.107941, 0.986240)
65.6535, (0.037765, -3.260270, 4.848436), (0.124939, 0.008340, 0.107941, 0.986240)
65.65594, (0.037765, -3.260270, 4.848436), (0.124939, 0.008340, 0.107941, 0.986240)
65.6583, (0.037765, -3.260270, 4.848436), (0.124939, 0.008340, 0.107941, 0.986240)
65.66095, (0.037765, -3.260270, 4.848436), (0.124939, 0.008340, 0.107941, 0.986240)
65.66329, (0.037765, -3.260270, 4.848436), (0.124939, 0.008340, 0.107941, 0.986240)
65.66563, (0.037765, -3.260270, 4.848436), (0.124939, 0.008340, 0.107941, 0.986240)
65.6683, (0.037765, -3.260270, 4.848436), (0.124939, 0.008340, 0.107941, 0.986240)
65.67081, (0.037765, -3.260270, 4.848436), (0.124939, 0.008340, 0.107941, 0.986240)
65.67323, (0.037765, -3.260270, 4.848436), (0.124939, 0.008340, 0.107941, 0.986240)
65.67567, (0.037765, -3.260270, 4.848436), (0.124939, 0.008340, 0.107941, 0.986240)
65.67804, (0.037765, -3.260270, 4.848436), (0.124939, 0.008340, 0.107941, 0.986240)
65.6804, (0.037765, -3.260270, 4.848436), (0.124939, 0.008340, 0.107941, 0.986240)
65.68275, (0.037765, -3.260270, 4.848436), (0.124939, 0.008340, 0.107941, 0.986240)
65.68512, (0.037765, -3.260270, 4.848436), (0.124939, 0.008340, 0.107941, 0.986240)
65.68752, (0.037765, -3.260270, 4.848436), (0.124939, 0.008340, 0.107941, 0.986240)
65.68986, (0.037765, -3.260270, 4.848436), (0.124939, 0.008340, 0.107941, 0.986240)
65.69235, (0.037765, -3.260270, 4.848436), (0.124939, 0.008340, 0.107941, 0.986240)
65.69477, (0.037765, -3.260270, 4.848436), (0.124939, 0.008340, 0.107941, 0.986240)
65.69714, (0.037765, -3.260270, 4.848436), (0.124939, 0.008340, 0.107941, 0.986240)
65.69942, (0.037765, -3.260270, 4.848436), (0.124939, 0.008340, 0.107941, 0.986240)
65.70172, (0.037765, -3.260270, 4.848436), (0.124939, 0.008340, 0.107941, 0.986240)
65.70406, (0.037765, -3.260270, 4.848436), (0.124939, 0.008340, 0.107941, 0.986240)
65.70635, (0.037765, -3.260270, 4.848436), (0.124939, 0.008340, 0.107941, 0.986240)
65.70863, (0.037765, -3.260270, 4.848436), (0.124939, 0.008340, 0.107941, 0.986240)
65.71101, (0.037765, -3.260270, 4.848436), (0.124939, 0.008340, 0.107941, 0.986240)
65.71347, (0.037765, -3.260270, 4.848436), (0.124939, 0.008340, 0.107941, 0.986240)
65.71584, (0.037765, -3.260270, 4.848436), (0.124939, 0.008340, 0.107941, 0.986240)
65.71853, (0.037765, -3.260270, 4.848436), (0.124939, 0.008340, 0.107941, 0.986240)
65.72102, (0.037765, -3.260270, 4.848436), (0.124939, 0.008340, 0.107941, 0.986240)
65.72335, (0.037765, -3.260270, 4.848436), (0.124939, 0.008340, 0.107941, 0.986240)
65.72602, (0.037765, -3.260270, 4.848436), (0.124939, 0.008340, 0.107941, 0.986240)
65.72846, (0.037765, -3.260270, 4.848436), (0.124939, 0.008340, 0.107941, 0.986240)
65.73077, (0.037765, -3.260270, 4.848436), (0.124939, 0.008340, 0.107941, 0.986240)
65.73318, (0.037765, -3.260270, 4.848436), (0.124939, 0.008340, 0.107941, 0.986240)
65.73564, (0.037765, -3.260270, 4.848436), (0.124939, 0.008340, 0.107941, 0.986240)
65.73822, (0.037765, -3.260270, 4.848436), (0.124939, 0.008340, 0.107941, 0.986240)
65.74059, (0.037765, -3.260270, 4.848436), (0.124939, 0.008340, 0.107941, 0.986240)
65.74329, (0.037765, -3.260270, 4.848436), (0.124939, 0.008340, 0.107941, 0.986240)
65.74583, (0.037765, -3.260270, 4.848436), (0.124939, 0.008340, 0.107941, 0.986240)
65.74818, (0.037765, -3.260270, 4.848436), (0.124939, 0.008340, 0.107941, 0.986240)
65.75051, (0.037765, -3.260270, 4.848436), (0.124939, 0.008340, 0.107941, 0.986240)
65.75292, (0.037765, -3.260270, 4.848436), (0.124939, 0.008340, 0.107941, 0.986240)
65.75517, (0.037765, -3.260270, 4.848436), (0.124939, 0.008340, 0.107941, 0.986240)
65.75748, (0.037765, -3.260270, 4.848436), (0.124939, 0.008340, 0.107941, 0.986240)
65.75982, (0.037765, -3.260270, 4.848436), (0.124939, 0.008340, 0.107941, 0.986240)
65.76223, (0.037765, -3.260270, 4.848436), (0.124939, 0.008340, 0.107941, 0.986240)
65.76462, (0.037765, -3.260270, 4.848436), (0.124939, 0.008340, 0.107941, 0.986240)
65.767, (0.037765, -3.260270, 4.848436), (0.124939, 0.008340, 0.107941, 0.986240)
65.76946, (0.037765, -3.260270, 4.848436), (0.124939, 0.008340, 0.107941, 0.986240)
65.77181, (0.037765, -3.260270, 4.848436), (0.124939, 0.008340, 0.107941, 0.986240)
65.77419, (0.037765, -3.260270, 4.848436), (0.124939, 0.008340, 0.107941, 0.986240)
65.77667, (0.037765, -3.260270, 4.848436), (0.124939, 0.008340, 0.107941, 0.986240)
65.77901, (0.037765, -3.260270, 4.848436), (0.124939, 0.008340, 0.107941, 0.986240)
65.78133, (0.037765, -3.260270, 4.848436), (0.124939, 0.008340, 0.107941, 0.986240)
65.78365, (0.037765, -3.260270, 4.848436), (0.124939, 0.008340, 0.107941, 0.986240)
65.78596, (0.037765, -3.260270, 4.848436), (0.124939, 0.008340, 0.107941, 0.986240)
65.78831, (0.037765, -3.260270, 4.848436), (0.124939, 0.008340, 0.107941, 0.986240)
65.79064, (0.037765, -3.260270, 4.848436), (0.124939, 0.008340, 0.107941, 0.986240)
65.79298, (0.037765, -3.260270, 4.848436), (0.124939, 0.008340, 0.107941, 0.986240)
65.79532, (0.037765, -3.260270, 4.848436), (0.124939, 0.008340, 0.107941, 0.986240)
65.79764, (0.037765, -3.260270, 4.848436), (0.124939, 0.008340, 0.107941, 0.986240)
65.79993, (0.037765, -3.260270, 4.848436), (0.124939, 0.008340, 0.107941, 0.986240)
65.80228, (0.037765, -3.260270, 4.848436), (0.124939, 0.008340, 0.107941, 0.986240)
65.80514, (0.037765, -3.260270, 4.848436), (0.124939, 0.008340, 0.107941, 0.986240)
65.80749, (0.037765, -3.260270, 4.848436), (0.124939, 0.008340, 0.107941, 0.986240)
65.80996, (0.037765, -3.260270, 4.848436), (0.124939, 0.008340, 0.107941, 0.986240)
65.81223, (0.037765, -3.260270, 4.848436), (0.124939, 0.008340, 0.107941, 0.986240)
65.81448, (0.037765, -3.260270, 4.848436), (0.124939, 0.008340, 0.107941, 0.986240)
65.81693, (0.037765, -3.260270, 4.848436), (0.124939, 0.008340, 0.107941, 0.986240)
65.81934, (0.037765, -3.260270, 4.848436), (0.124939, 0.008340, 0.107941, 0.986240)
65.82174, (0.037765, -3.260270, 4.848436), (0.124939, 0.008340, 0.107941, 0.986240)
65.82417, (0.037765, -3.260270, 4.848436), (0.124939, 0.008340, 0.107941, 0.986240)
65.82674, (0.037765, -3.260270, 4.848436), (0.124939, 0.008340, 0.107941, 0.986240)
65.8292, (0.037765, -3.260270, 4.848436), (0.124939, 0.008340, 0.107941, 0.986240)
65.8316, (0.037765, -3.260270, 4.848436), (0.124939, 0.008340, 0.107941, 0.986240)
65.83398, (0.037765, -3.260270, 4.848436), (0.124939, 0.008340, 0.107941, 0.986240)
65.83633, (0.037765, -3.260270, 4.848436), (0.124939, 0.008340, 0.107941, 0.986240)
65.83876, (0.037765, -3.260270, 4.848436), (0.124939, 0.008340, 0.107941, 0.986240)
65.84126, (0.037765, -3.260270, 4.848436), (0.124939, 0.008340, 0.107941, 0.986240)
65.84417, (0.037765, -3.260270, 4.848436), (0.124939, 0.008340, 0.107941, 0.986240)
65.84673, (0.037765, -3.260270, 4.848436), (0.124939, 0.008340, 0.107941, 0.986240)
65.84913, (0.037765, -3.260270, 4.848436), (0.124939, 0.008340, 0.107941, 0.986240)
65.85149, (0.037765, -3.260270, 4.848436), (0.124939, 0.008340, 0.107941, 0.986240)
65.85394, (0.037765, -3.260270, 4.848436), (0.124939, 0.008340, 0.107941, 0.986240)
65.85635, (0.037765, -3.260270, 4.848436), (0.124939, 0.008340, 0.107941, 0.986240)
65.85883, (0.037765, -3.260270, 4.848436), (0.124939, 0.008340, 0.107941, 0.986240)
65.86125, (0.037765, -3.260270, 4.848436), (0.124939, 0.008340, 0.107941, 0.986240)
65.86394, (0.037765, -3.260270, 4.848436), (0.124939, 0.008340, 0.107941, 0.986240)
65.86641, (0.037765, -3.260270, 4.848436), (0.124939, 0.008340, 0.107941, 0.986240)
65.86877, (0.037765, -3.260270, 4.848436), (0.124939, 0.008340, 0.107941, 0.986240)
65.87112, (0.037765, -3.260270, 4.848436), (0.124939, 0.008340, 0.107941, 0.986240)
65.87362, (0.037765, -3.260270, 4.848436), (0.124939, 0.008340, 0.107941, 0.986240)
65.87597, (0.037765, -3.260270, 4.848436), (0.124939, 0.008340, 0.107941, 0.986240)
65.87834, (0.037765, -3.260270, 4.848436), (0.124939, 0.008340, 0.107941, 0.986240)
65.88062, (0.037765, -3.260270, 4.848436), (0.124939, 0.008340, 0.107941, 0.986240)
65.88298, (0.037765, -3.260270, 4.848436), (0.124939, 0.008340, 0.107941, 0.986240)
65.88577, (0.037765, -3.260270, 4.848436), (0.124939, 0.008340, 0.107941, 0.986240)
65.88843, (0.037765, -3.260270, 4.848436), (0.124939, 0.008340, 0.107941, 0.986240)
65.89085, (0.037765, -3.260270, 4.848436), (0.124939, 0.008340, 0.107941, 0.986240)
65.89326, (0.037765, -3.260270, 4.848436), (0.124939, 0.008340, 0.107941, 0.986240)
65.89563, (0.037765, -3.260270, 4.848436), (0.124939, 0.008340, 0.107941, 0.986240)
65.89798, (0.037765, -3.260270, 4.848436), (0.124939, 0.008340, 0.107941, 0.986240)
65.90034, (0.037765, -3.260270, 4.848436), (0.124939, 0.008340, 0.107941, 0.986240)
65.90269, (0.037765, -3.260270, 4.848436), (0.124939, 0.008340, 0.107941, 0.986240)
65.90517, (0.037765, -3.260270, 4.848436), (0.124939, 0.008340, 0.107941, 0.986240)
65.90766, (0.037765, -3.260270, 4.848436), (0.124939, 0.008340, 0.107941, 0.986240)
65.91009, (0.037765, -3.260270, 4.848436), (0.124939, 0.008340, 0.107941, 0.986240)
65.91264, (0.037765, -3.260270, 4.848436), (0.124939, 0.008340, 0.107941, 0.986240)
65.91502, (0.037765, -3.260270, 4.848436), (0.124939, 0.008340, 0.107941, 0.986240)
65.91737, (0.037765, -3.260270, 4.848436), (0.124939, 0.008340, 0.107941, 0.986240)
65.91987, (0.037765, -3.260270, 4.848436), (0.124939, 0.008340, 0.107941, 0.986240)
65.92239, (0.037765, -3.260270, 4.848436), (0.124939, 0.008340, 0.107941, 0.986240)
65.92483, (0.037765, -3.260270, 4.848436), (0.124939, 0.008340, 0.107941, 0.986240)
65.92748, (0.037765, -3.260270, 4.848436), (0.124939, 0.008340, 0.107941, 0.986240)
65.93007, (0.037765, -3.260270, 4.848436), (0.124939, 0.008340, 0.107941, 0.986240)
65.93262, (0.037765, -3.260270, 4.848436), (0.124939, 0.008340, 0.107941, 0.986240)
65.93592, (0.037765, -3.260270, 4.848436), (0.124939, 0.008340, 0.107941, 0.986240)
65.93937, (0.037765, -3.260270, 4.848436), (0.124939, 0.008340, 0.107941, 0.986240)
65.94238, (0.037765, -3.260270, 4.848436), (0.124939, 0.008340, 0.107941, 0.986240)
65.9452, (0.037765, -3.260270, 4.848436), (0.124939, 0.008340, 0.107941, 0.986240)
65.94839, (0.037765, -3.260270, 4.848436), (0.124939, 0.008340, 0.107941, 0.986240)
65.95105, (0.037765, -3.260270, 4.848436), (0.124939, 0.008340, 0.107941, 0.986240)
65.95361, (0.037765, -3.260270, 4.848436), (0.124939, 0.008340, 0.107941, 0.986240)
65.95613, (0.037765, -3.260270, 4.848436), (0.124939, 0.008340, 0.107941, 0.986240)
65.95875, (0.037765, -3.260270, 4.848436), (0.124939, 0.008340, 0.107941, 0.986240)
65.96127, (0.037765, -3.260270, 4.848436), (0.124939, 0.008340, 0.107941, 0.986240)
65.96413, (0.037765, -3.260270, 4.848436), (0.124939, 0.008340, 0.107941, 0.986240)
65.9669, (0.037765, -3.260270, 4.848436), (0.124939, 0.008340, 0.107941, 0.986240)
65.96986, (0.037765, -3.260270, 4.848436), (0.124939, 0.008340, 0.107941, 0.986240)
65.97268, (0.037765, -3.260270, 4.848436), (0.124939, 0.008340, 0.107941, 0.986240)
65.97562, (0.037765, -3.260270, 4.848436), (0.124939, 0.008340, 0.107941, 0.986240)
65.97847, (0.037765, -3.260270, 4.848436), (0.124939, 0.008340, 0.107941, 0.986240)
65.98112, (0.037765, -3.260270, 4.848436), (0.124939, 0.008340, 0.107941, 0.986240)
65.98391, (0.037765, -3.260270, 4.848436), (0.124939, 0.008340, 0.107941, 0.986240)
65.98685, (0.037765, -3.260270, 4.848436), (0.124939, 0.008340, 0.107941, 0.986240)
65.99002, (0.037765, -3.260270, 4.848436), (0.124939, 0.008340, 0.107941, 0.986240)
65.99265, (0.037765, -3.260270, 4.848436), (0.124939, 0.008340, 0.107941, 0.986240)
65.99563, (0.037765, -3.260270, 4.848436), (0.124939, 0.008340, 0.107941, 0.986240)
65.99882, (0.037765, -3.260270, 4.848436), (0.124939, 0.008340, 0.107941, 0.986240)
66.00214, (0.037765, -3.260270, 4.848436), (0.124939, 0.008340, 0.107941, 0.986240)
66.00523, (0.037765, -3.260270, 4.848436), (0.124939, 0.008340, 0.107941, 0.986240)
66.00817, (0.037765, -3.260270, 4.848436), (0.124939, 0.008340, 0.107941, 0.986240)
66.01111, (0.037765, -3.260270, 4.848436), (0.124939, 0.008340, 0.107941, 0.986240)
66.01407, (0.037765, -3.260270, 4.848436), (0.124939, 0.008340, 0.107941, 0.986240)
66.01656, (0.037765, -3.260270, 4.848436), (0.124939, 0.008340, 0.107941, 0.986240)
66.01898, (0.037765, -3.260270, 4.848436), (0.124939, 0.008340, 0.107941, 0.986240)
66.02139, (0.037765, -3.260270, 4.848436), (0.124939, 0.008340, 0.107941, 0.986240)
66.02404, (0.037765, -3.260270, 4.848436), (0.124939, 0.008340, 0.107941, 0.986240)
66.02664, (0.037765, -3.260270, 4.848436), (0.124939, 0.008340, 0.107941, 0.986240)
66.0299, (0.037765, -3.260270, 4.848436), (0.124939, 0.008340, 0.107941, 0.986240)
66.03336, (0.037765, -3.260270, 4.848436), (0.124939, 0.008340, 0.107941, 0.986240)
66.03666, (0.037765, -3.260270, 4.848436), (0.124939, 0.008340, 0.107941, 0.986240)
66.03944, (0.037765, -3.260270, 4.848436), (0.124939, 0.008340, 0.107941, 0.986240)
66.042, (0.037765, -3.260270, 4.848436), (0.124939, 0.008340, 0.107941, 0.986240)
66.04467, (0.037765, -3.260270, 4.848436), (0.124939, 0.008340, 0.107941, 0.986240)
66.04745, (0.037765, -3.260270, 4.848436), (0.124939, 0.008340, 0.107941, 0.986240)
66.05006, (0.037765, -3.260270, 4.848436), (0.124939, 0.008340, 0.107941, 0.986240)
66.05247, (0.037765, -3.260270, 4.848436), (0.124939, 0.008340, 0.107941, 0.986240)
66.05518, (0.037765, -3.260270, 4.848436), (0.124939, 0.008340, 0.107941, 0.986240)
66.05767, (0.037765, -3.260270, 4.848436), (0.124939, 0.008340, 0.107941, 0.986240)
66.06008, (0.037765, -3.260270, 4.848436), (0.124939, 0.008340, 0.107941, 0.986240)
66.06255, (0.037765, -3.260270, 4.848436), (0.124939, 0.008340, 0.107941, 0.986240)
66.06503, (0.037765, -3.260270, 4.848436), (0.124939, 0.008340, 0.107941, 0.986240)
66.06756, (0.037765, -3.260270, 4.848436), (0.124939, 0.008340, 0.107941, 0.986240)
66.07001, (0.037765, -3.260270, 4.848436), (0.124939, 0.008340, 0.107941, 0.986240)
66.07253, (0.037765, -3.260270, 4.848436), (0.124939, 0.008340, 0.107941, 0.986240)
66.075, (0.037765, -3.260270, 4.848436), (0.124939, 0.008340, 0.107941, 0.986240)
66.07744, (0.037765, -3.260270, 4.848436), (0.124939, 0.008340, 0.107941, 0.986240)
66.07988, (0.037765, -3.260270, 4.848436), (0.124939, 0.008340, 0.107941, 0.986240)
66.08223, (0.037765, -3.260270, 4.848436), (0.124939, 0.008340, 0.107941, 0.986240)
66.08476, (0.037765, -3.260270, 4.848436), (0.124939, 0.008340, 0.107941, 0.986240)
66.08751, (0.037765, -3.260270, 4.848436), (0.124939, 0.008340, 0.107941, 0.986240)
66.0899, (0.037765, -3.260270, 4.848436), (0.124939, 0.008340, 0.107941, 0.986240)
66.09223, (0.037765, -3.260270, 4.848436), (0.124939, 0.008340, 0.107941, 0.986240)
66.09451, (0.037765, -3.260270, 4.848436), (0.124939, 0.008340, 0.107941, 0.986240)
66.09684, (0.037765, -3.260270, 4.848436), (0.124939, 0.008340, 0.107941, 0.986240)
66.09917, (0.037765, -3.260270, 4.848436), (0.124939, 0.008340, 0.107941, 0.986240)
66.10156, (0.037765, -3.260270, 4.848436), (0.124939, 0.008340, 0.107941, 0.986240)
66.10397, (0.037765, -3.260270, 4.848436), (0.124939, 0.008340, 0.107941, 0.986240)
66.10627, (0.037765, -3.260270, 4.848436), (0.124939, 0.008340, 0.107941, 0.986240)
66.10868, (0.037765, -3.260270, 4.848436), (0.124939, 0.008340, 0.107941, 0.986240)
66.11111, (0.037765, -3.260270, 4.848436), (0.124939, 0.008340, 0.107941, 0.986240)
66.11356, (0.037765, -3.260270, 4.848436), (0.124939, 0.008340, 0.107941, 0.986240)
66.116, (0.037765, -3.260270, 4.848436), (0.124939, 0.008340, 0.107941, 0.986240)
66.11844, (0.037765, -3.260270, 4.848436), (0.124939, 0.008340, 0.107941, 0.986240)
66.12078, (0.037765, -3.260270, 4.848436), (0.124939, 0.008340, 0.107941, 0.986240)
66.12312, (0.037765, -3.260270, 4.848436), (0.124939, 0.008340, 0.107941, 0.986240)
66.12544, (0.037765, -3.260270, 4.848436), (0.124939, 0.008340, 0.107941, 0.986240)
66.12785, (0.037765, -3.260270, 4.848436), (0.124939, 0.008340, 0.107941, 0.986240)
66.13014, (0.037765, -3.260270, 4.848436), (0.124939, 0.008340, 0.107941, 0.986240)
66.13261, (0.037765, -3.260270, 4.848436), (0.124939, 0.008340, 0.107941, 0.986240)
66.13509, (0.037765, -3.260270, 4.848436), (0.124939, 0.008340, 0.107941, 0.986240)
66.13759, (0.037765, -3.260270, 4.848436), (0.124939, 0.008340, 0.107941, 0.986240)
66.13992, (0.037765, -3.260270, 4.848436), (0.124939, 0.008340, 0.107941, 0.986240)
66.14227, (0.037765, -3.260270, 4.848436), (0.124939, 0.008340, 0.107941, 0.986240)
66.14468, (0.037765, -3.260270, 4.848436), (0.124939, 0.008340, 0.107941, 0.986240)
66.14696, (0.037765, -3.260270, 4.848436), (0.124939, 0.008340, 0.107941, 0.986240)
66.14929, (0.037765, -3.260270, 4.848436), (0.124939, 0.008340, 0.107941, 0.986240)
66.15159, (0.037765, -3.260270, 4.848436), (0.124939, 0.008340, 0.107941, 0.986240)
66.15388, (0.037765, -3.260270, 4.848436), (0.124939, 0.008340, 0.107941, 0.986240)
66.15628, (0.037765, -3.260270, 4.848436), (0.124939, 0.008340, 0.107941, 0.986240)
66.1586, (0.037765, -3.260270, 4.848436), (0.124939, 0.008340, 0.107941, 0.986240)
66.16129, (0.037765, -3.260270, 4.848436), (0.124939, 0.008340, 0.107941, 0.986240)
66.16401, (0.037765, -3.260270, 4.848436), (0.124939, 0.008340, 0.107941, 0.986240)
66.16655, (0.037765, -3.260270, 4.848436), (0.124939, 0.008340, 0.107941, 0.986240)
66.16902, (0.037765, -3.260270, 4.848436), (0.124939, 0.008340, 0.107941, 0.986240)
66.17145, (0.037765, -3.260270, 4.848436), (0.124939, 0.008340, 0.107941, 0.986240)
66.17411, (0.037765, -3.260270, 4.848436), (0.124939, 0.008340, 0.107941, 0.986240)
66.17657, (0.037765, -3.260270, 4.848436), (0.124939, 0.008340, 0.107941, 0.986240)
66.1791, (0.037765, -3.260270, 4.848436), (0.124939, 0.008340, 0.107941, 0.986240)
66.18153, (0.037765, -3.260270, 4.848436), (0.124939, 0.008340, 0.107941, 0.986240)
66.18398, (0.037765, -3.260270, 4.848436), (0.124939, 0.008340, 0.107941, 0.986240)
66.1863, (0.037765, -3.260270, 4.848436), (0.124939, 0.008340, 0.107941, 0.986240)
66.18871, (0.037765, -3.260270, 4.848436), (0.124939, 0.008340, 0.107941, 0.986240)
66.19112, (0.037765, -3.260270, 4.848436), (0.124939, 0.008340, 0.107941, 0.986240)
66.19364, (0.037765, -3.260270, 4.848436), (0.124939, 0.008340, 0.107941, 0.986240)
66.19602, (0.037765, -3.260270, 4.848436), (0.124939, 0.008340, 0.107941, 0.986240)
66.1983, (0.037765, -3.260270, 4.848436), (0.124939, 0.008340, 0.107941, 0.986240)
66.20061, (0.037765, -3.260270, 4.848436), (0.124939, 0.008340, 0.107941, 0.986240)
66.20293, (0.037765, -3.260270, 4.848436), (0.124939, 0.008340, 0.107941, 0.986240)
66.20526, (0.037765, -3.260270, 4.848436), (0.124939, 0.008340, 0.107941, 0.986240)
66.20758, (0.037765, -3.260270, 4.848436), (0.124939, 0.008340, 0.107941, 0.986240)
66.20992, (0.037765, -3.260270, 4.848436), (0.124939, 0.008340, 0.107941, 0.986240)
66.21223, (0.037765, -3.260270, 4.848436), (0.124939, 0.008340, 0.107941, 0.986240)
66.21465, (0.037765, -3.260270, 4.848436), (0.124939, 0.008340, 0.107941, 0.986240)
66.21701, (0.037765, -3.260270, 4.848436), (0.124939, 0.008340, 0.107941, 0.986240)
66.21936, (0.037765, -3.260270, 4.848436), (0.124939, 0.008340, 0.107941, 0.986240)
66.22194, (0.037765, -3.260270, 4.848436), (0.124939, 0.008340, 0.107941, 0.986240)
66.22472, (0.037765, -3.260270, 4.848436), (0.124939, 0.008340, 0.107941, 0.986240)
66.22749, (0.037765, -3.260270, 4.848436), (0.124939, 0.008340, 0.107941, 0.986240)
66.23004, (0.037765, -3.260270, 4.848436), (0.124939, 0.008340, 0.107941, 0.986240)
66.23239, (0.037765, -3.260270, 4.848436), (0.124939, 0.008340, 0.107941, 0.986240)
66.23483, (0.037765, -3.260270, 4.848436), (0.124939, 0.008340, 0.107941, 0.986240)
66.23724, (0.037765, -3.260270, 4.848436), (0.124939, 0.008340, 0.107941, 0.986240)
66.23975, (0.037765, -3.260270, 4.848436), (0.124939, 0.008340, 0.107941, 0.986240)
66.24237, (0.037765, -3.260270, 4.848436), (0.124939, 0.008340, 0.107941, 0.986240)
66.24506, (0.037765, -3.260270, 4.848436), (0.124939, 0.008340, 0.107941, 0.986240)
66.24757, (0.037765, -3.260270, 4.848436), (0.124939, 0.008340, 0.107941, 0.986240)
66.25008, (0.037765, -3.260270, 4.848436), (0.124939, 0.008340, 0.107941, 0.986240)
66.25259, (0.037765, -3.260270, 4.848436), (0.124939, 0.008340, 0.107941, 0.986240)
66.25517, (0.037765, -3.260270, 4.848436), (0.124939, 0.008340, 0.107941, 0.986240)
66.25775, (0.037765, -3.260270, 4.848436), (0.124939, 0.008340, 0.107941, 0.986240)
66.26021, (0.037765, -3.260270, 4.848436), (0.124939, 0.008340, 0.107941, 0.986240)
66.2626, (0.037765, -3.260270, 4.848436), (0.124939, 0.008340, 0.107941, 0.986240)
66.26502, (0.037765, -3.260270, 4.848436), (0.124939, 0.008340, 0.107941, 0.986240)
66.26755, (0.037765, -3.260270, 4.848436), (0.124939, 0.008340, 0.107941, 0.986240)
66.26995, (0.037765, -3.260270, 4.848436), (0.124939, 0.008340, 0.107941, 0.986240)
66.27267, (0.037765, -3.260270, 4.848436), (0.124939, 0.008340, 0.107941, 0.986240)
66.27576, (0.037765, -3.260270, 4.848436), (0.124939, 0.008340, 0.107941, 0.986240)
66.27856, (0.037765, -3.260270, 4.848436), (0.124939, 0.008340, 0.107941, 0.986240)
66.28111, (0.037765, -3.260270, 4.848436), (0.124939, 0.008340, 0.107941, 0.986240)
66.2836, (0.037765, -3.260270, 4.848436), (0.124939, 0.008340, 0.107941, 0.986240)
66.2861, (0.037765, -3.260270, 4.848436), (0.124939, 0.008340, 0.107941, 0.986240)
66.28856, (0.037765, -3.260270, 4.848436), (0.124939, 0.008340, 0.107941, 0.986240)
66.29093, (0.037765, -3.260270, 4.848436), (0.124939, 0.008340, 0.107941, 0.986240)
66.29329, (0.037765, -3.260270, 4.848436), (0.124939, 0.008340, 0.107941, 0.986240)
66.29562, (0.037765, -3.260270, 4.848436), (0.124939, 0.008340, 0.107941, 0.986240)
66.298, (0.037765, -3.260270, 4.848436), (0.124939, 0.008340, 0.107941, 0.986240)
66.30039, (0.037765, -3.260270, 4.848436), (0.124939, 0.008340, 0.107941, 0.986240)
66.30274, (0.037765, -3.260270, 4.848436), (0.124939, 0.008340, 0.107941, 0.986240)
66.30517, (0.037765, -3.260270, 4.848436), (0.124939, 0.008340, 0.107941, 0.986240)
66.30769, (0.037765, -3.260270, 4.848436), (0.124939, 0.008340, 0.107941, 0.986240)
66.31019, (0.037765, -3.260270, 4.848436), (0.124939, 0.008340, 0.107941, 0.986240)
66.31254, (0.037765, -3.260270, 4.848436), (0.124939, 0.008340, 0.107941, 0.986240)
66.31483, (0.037765, -3.260270, 4.848436), (0.124939, 0.008340, 0.107941, 0.986240)
66.3172, (0.037765, -3.260270, 4.848436), (0.124939, 0.008340, 0.107941, 0.986240)
66.31957, (0.037765, -3.260270, 4.848436), (0.124939, 0.008340, 0.107941, 0.986240)
66.32216, (0.037765, -3.260270, 4.848436), (0.124939, 0.008340, 0.107941, 0.986240)
66.32444, (0.037765, -3.260270, 4.848436), (0.124939, 0.008340, 0.107941, 0.986240)
66.32689, (0.037765, -3.260270, 4.848436), (0.124939, 0.008340, 0.107941, 0.986240)
66.32918, (0.037765, -3.260270, 4.848436), (0.124939, 0.008340, 0.107941, 0.986240)
66.3315, (0.037765, -3.260270, 4.848436), (0.124939, 0.008340, 0.107941, 0.986240)
66.33385, (0.037765, -3.260270, 4.848436), (0.124939, 0.008340, 0.107941, 0.986240)
66.33621, (0.037765, -3.260270, 4.848436), (0.124939, 0.008340, 0.107941, 0.986240)
66.33858, (0.037765, -3.260270, 4.848436), (0.124939, 0.008340, 0.107941, 0.986240)
66.34101, (0.037765, -3.260270, 4.848436), (0.124939, 0.008340, 0.107941, 0.986240)
66.34351, (0.037765, -3.260270, 4.848436), (0.124939, 0.008340, 0.107941, 0.986240)
66.34599, (0.037765, -3.260270, 4.848436), (0.124939, 0.008340, 0.107941, 0.986240)
66.34851, (0.037765, -3.260270, 4.848436), (0.124939, 0.008340, 0.107941, 0.986240)
66.35095, (0.037765, -3.260270, 4.848436), (0.124939, 0.008340, 0.107941, 0.986240)
66.35326, (0.037765, -3.260270, 4.848436), (0.124939, 0.008340, 0.107941, 0.986240)
66.35554, (0.037765, -3.260270, 4.848436), (0.124939, 0.008340, 0.107941, 0.986240)
66.35794, (0.037765, -3.260270, 4.848436), (0.124939, 0.008340, 0.107941, 0.986240)
66.36051, (0.037765, -3.260270, 4.848436), (0.124939, 0.008340, 0.107941, 0.986240)
66.363, (0.037765, -3.260270, 4.848436), (0.124939, 0.008340, 0.107941, 0.986240)
66.3653, (0.037765, -3.260270, 4.848436), (0.124939, 0.008340, 0.107941, 0.986240)
66.36758, (0.037765, -3.260270, 4.848436), (0.124939, 0.008340, 0.107941, 0.986240)
66.36986, (0.037765, -3.260270, 4.848436), (0.124939, 0.008340, 0.107941, 0.986240)
66.37219, (0.037765, -3.260270, 4.848436), (0.124939, 0.008340, 0.107941, 0.986240)
66.37449, (0.037765, -3.260270, 4.848436), (0.124939, 0.008340, 0.107941, 0.986240)
66.37684, (0.037765, -3.260270, 4.848436), (0.124939, 0.008340, 0.107941, 0.986240)
66.37912, (0.037765, -3.260270, 4.848436), (0.124939, 0.008340, 0.107941, 0.986240)
66.38147, (0.037765, -3.260270, 4.848436), (0.124939, 0.008340, 0.107941, 0.986240)
66.3838, (0.037765, -3.260270, 4.848436), (0.124939, 0.008340, 0.107941, 0.986240)
66.38615, (0.037765, -3.260270, 4.848436), (0.124939, 0.008340, 0.107941, 0.986240)
66.38864, (0.037765, -3.260270, 4.848436), (0.124939, 0.008340, 0.107941, 0.986240)
66.39108, (0.037765, -3.260270, 4.848436), (0.124939, 0.008340, 0.107941, 0.986240)
66.39392, (0.037765, -3.260270, 4.848436), (0.124939, 0.008340, 0.107941, 0.986240)
66.3973, (0.037765, -3.260270, 4.848436), (0.124939, 0.008340, 0.107941, 0.986240)
66.39999, (0.037765, -3.260270, 4.848436), (0.124939, 0.008340, 0.107941, 0.986240)
66.4026, (0.037765, -3.260270, 4.848436), (0.124939, 0.008340, 0.107941, 0.986240)
66.40514, (0.037765, -3.260270, 4.848436), (0.124939, 0.008340, 0.107941, 0.986240)
66.40773, (0.037765, -3.260270, 4.848436), (0.124939, 0.008340, 0.107941, 0.986240)
66.41023, (0.037765, -3.260270, 4.848436), (0.124939, 0.008340, 0.107941, 0.986240)
66.41269, (0.037765, -3.260270, 4.848436), (0.124939, 0.008340, 0.107941, 0.986240)
66.41534, (0.037765, -3.260270, 4.848436), (0.124939, 0.008340, 0.107941, 0.986240)
66.41859, (0.037765, -3.260270, 4.848436), (0.124939, 0.008340, 0.107941, 0.986240)
66.42176, (0.037765, -3.260270, 4.848436), (0.124939, 0.008340, 0.107941, 0.986240)
66.42448, (0.037765, -3.260270, 4.848436), (0.124939, 0.008340, 0.107941, 0.986240)
66.42707, (0.037765, -3.260270, 4.848436), (0.124939, 0.008340, 0.107941, 0.986240)
66.4296, (0.037765, -3.260270, 4.848436), (0.124939, 0.008340, 0.107941, 0.986240)
66.4321, (0.037765, -3.260270, 4.848436), (0.124939, 0.008340, 0.107941, 0.986240)
66.43503, (0.743273, -3.091549, 4.871611), (0.107995, -0.018079, 0.073188, 0.991289)
66.44646, (0.743273, -3.091549, 4.871611), (0.107995, -0.018079, 0.073188, 0.991289)
66.50527, (0.749708, -3.025396, 4.798363), (0.110906, -0.026403, 0.066595, 0.991246)
66.56665, (0.821843, -3.013128, 4.674903), (0.074564, -0.029040, 0.109174, 0.990797)
66.61837, (0.846988, -2.991232, 4.573300), (0.072839, -0.026626, 0.092813, 0.992659)
66.64536, (0.872258, -2.906158, 4.438688), (0.064544, -0.012877, 0.079387, 0.994669)
66.67332, (0.882743, -2.887194, 4.405848), (0.058932, -0.004142, 0.068927, 0.995871)
66.70084, (0.888279, -2.873719, 4.307242), (0.061963, 0.003004, 0.048476, 0.996896)
66.7178, (0.895272, -2.884496, 4.228565), (0.061721, -0.000553, 0.040722, 0.997262)
66.73127, (0.888073, -2.895731, 4.191659), (0.061738, -0.001784, 0.037718, 0.997378)
66.74541, (0.884832, -2.902704, 4.169249), (0.060668, -0.007063, 0.040608, 0.997307)
66.75949, (0.864394, -2.902771, 4.210549), (0.063936, 0.001470, 0.045722, 0.996905)
66.77342, (0.842465, -2.913791, 4.215251), (0.053209, 0.013549, 0.040073, 0.997687)
66.78771, (0.835021, -2.910689, 4.202152), (0.044291, 0.017702, 0.033396, 0.998303)
66.80143, (0.834207, -2.899717, 4.176815), (0.039697, 0.015152, 0.024490, 0.998797)
66.81542, (0.834700, -2.877139, 4.171211), (0.046144, 0.013174, 0.018546, 0.998676)
66.82914, (0.841929, -2.868212, 4.165372), (0.047364, 0.013744, 0.011586, 0.998716)
66.84309, (0.858987, -2.878529, 4.159054), (0.048534, 0.009901, 0.013935, 0.998675)
66.85684, (0.875352, -2.881603, 4.149689), (0.046904, 0.006724, 0.015373, 0.998758)
66.8709, (0.880729, -2.895043, 4.136910), (0.044910, 0.005409, 0.019752, 0.998781)
66.88475, (0.882071, -2.887055, 4.132369), (0.050980, 0.003896, 0.022818, 0.998431)
66.89877, (0.872600, -2.893218, 4.123425), (0.058209, 0.004102, 0.024586, 0.997993)
66.91254, (0.870759, -2.889721, 4.123164), (0.056024, 0.006392, 0.022272, 0.998161)
66.92644, (0.863330, -2.907583, 4.128689), (0.055802, 0.010849, 0.019592, 0.998191)
66.94028, (0.856632, -2.912074, 4.139822), (0.056492, 0.020363, 0.017048, 0.998050)
66.95439, (0.850612, -2.905909, 4.156189), (0.062193, 0.031194, 0.010661, 0.997520)
66.96815, (0.855985, -2.906179, 4.138281), (0.067926, 0.037584, 0.006624, 0.996960)
66.98216, (0.851679, -2.901214, 4.155576), (0.075913, 0.039169, 0.001022, 0.996344)
66.99603, (0.859400, -2.894324, 4.176701), (0.077468, 0.037392, -0.001155, 0.996293)
67.01003, (0.876655, -2.899849, 4.180695), (0.074859, 0.029312, 0.001708, 0.996762)
67.02406, (0.880047, -2.913094, 4.187947), (0.074207, 0.024074, 0.006267, 0.996933)
67.03783, (0.877446, -2.925264, 4.197379), (0.075105, 0.022554, 0.013364, 0.996831)
67.05177, (0.870238, -2.927107, 4.201356), (0.076842, 0.023546, 0.016457, 0.996629)
67.06574, (0.872661, -2.923211, 4.200399), (0.078047, 0.024889, 0.014034, 0.996540)
67.07998, (0.861227, -2.926244, 4.198098), (0.075163, 0.026239, 0.010041, 0.996775)
67.09373, (0.873180, -2.923212, 4.192060), (0.070821, 0.029231, 0.001644, 0.997059)
67.10749, (0.862538, -2.922522, 4.209136), (0.078166, 0.033806, -0.001072, 0.996366)
67.12137, (0.868254, -2.920554, 4.209738), (0.077122, 0.035251, -0.005307, 0.996384)
67.13537, (0.873036, -2.918800, 4.215891), (0.082788, 0.036418, -0.006424, 0.995881)
67.14938, (0.883289, -2.918054, 4.224022), (0.075594, 0.038752, -0.007406, 0.996358)
67.16324, (0.888690, -2.917973, 4.229548), (0.075086, 0.039730, -0.008691, 0.996347)
67.17707, (0.893431, -2.910744, 4.247686), (0.069042, 0.040619, -0.010078, 0.996736)
67.19107, (0.891884, -2.901423, 4.263631), (0.067152, 0.042890, -0.012583, 0.996741)
67.20494, (0.894560, -2.897943, 4.276919), (0.062894, 0.045511, -0.013900, 0.996885)
67.21885, (0.897581, -2.894113, 4.286944), (0.060129, 0.048097, -0.015381, 0.996913)
67.23292, (0.899463, -2.897021, 4.294359), (0.057757, 0.049801, -0.014961, 0.996976)
67.24667, (0.898563, -2.896670, 4.302253), (0.057977, 0.050817, -0.015293, 0.996907)
67.26064, (0.902945, -2.898514, 4.313329), (0.056563, 0.052117, -0.015510, 0.996917)
67.27451, (0.906880, -2.902406, 4.326180), (0.054906, 0.053974, -0.015503, 0.996911)
67.28845, (0.915432, -2.905005, 4.336180), (0.054167, 0.053541, -0.015021, 0.996982)
67.30233, (0.917898, -2.910492, 4.351424), (0.053940, 0.054825, -0.012391, 0.996961)
67.31621, (0.924237, -2.917300, 4.364603), (0.051614, 0.053915, -0.010664, 0.997154)
67.33006, (0.923329, -2.925210, 4.377112), (0.051003, 0.053680, -0.008474, 0.997219)
67.34408, (0.922815, -2.933481, 4.388065), (0.055755, 0.054521, -0.005386, 0.996940)
67.35792, (0.923237, -2.936350, 4.394738), (0.060251, 0.055504, -0.003398, 0.996633)
67.37199, (0.923591, -2.934865, 4.410037), (0.063588, 0.056246, -0.000500, 0.996390)
67.38582, (0.913869, -2.915539, 4.428679), (0.067557, 0.054706, 0.001310, 0.996214)
67.40005, (0.905774, -2.891992, 4.469402), (0.069737, 0.052398, -0.000810, 0.996188)
67.41397, (0.909643, -2.894999, 4.518081), (0.061860, 0.054988, -0.003596, 0.996563)
67.42771, (0.920079, -2.895154, 4.572950), (0.047384, 0.052641, -0.002407, 0.997486)
67.44141, (0.934644, -2.883456, 4.639829), (0.029232, 0.042734, 0.006336, 0.998639)
67.45525, (0.931032, -2.860750, 4.687406), (0.016143, 0.039699, 0.008283, 0.999047)
67.46933, (0.910188, -2.844445, 4.735633), (0.004276, 0.038554, 0.008793, 0.999209)
67.48282, (0.894923, -2.816653, 4.785799), (-0.001762, 0.035907, 0.009985, 0.999304)
67.49664, (0.883140, -2.787163, 4.840143), (-0.003628, 0.033973, 0.012082, 0.999343)
67.51057, (0.878461, -2.775147, 4.884585), (-0.006605, 0.026559, 0.020062, 0.999424)
67.52431, (0.873517, -2.743872, 4.931187), (-0.005021, 0.017204, 0.031570, 0.999341)
67.53822, (0.874345, -2.719613, 4.975667), (-0.003990, 0.003414, 0.039164, 0.999219)
67.55214, (0.873865, -2.704861, 5.019763), (-0.006775, -0.008664, 0.042746, 0.999025)
67.5659, (0.869613, -2.688762, 5.065322), (-0.010695, -0.016095, 0.046707, 0.998722)
67.57976, (0.866014, -2.679814, 5.108361), (-0.015004, -0.021149, 0.052664, 0.998276)
67.59365, (0.850354, -2.668186, 5.144090), (-0.015873, -0.025192, 0.061677, 0.997652)
67.60743, (0.839190, -2.649044, 5.177769), (-0.011295, -0.031455, 0.068373, 0.997100)
67.6214, (0.825339, -2.637961, 5.205476), (-0.007795, -0.036955, 0.064368, 0.997211)
67.63525, (0.813520, -2.631847, 5.242537), (-0.007234, -0.040265, 0.060914, 0.997304)
67.64938, (0.801702, -2.636449, 5.278316), (-0.013802, -0.042156, 0.062271, 0.997073)
67.66327, (0.791293, -2.629963, 5.313549), (-0.016935, -0.045291, 0.062988, 0.996842)
67.677, (0.780119, -2.621422, 5.349497), (-0.018859, -0.049904, 0.065143, 0.996449)
67.69089, (0.775873, -2.614853, 5.366583), (-0.022748, -0.047881, 0.056524, 0.996993)
67.70504, (0.765392, -2.606761, 5.398559), (-0.024937, -0.051515, 0.057091, 0.996727)
67.71877, (0.775348, -2.601570, 5.401275), (-0.026757, -0.039786, 0.052335, 0.997478)
67.7326, (0.769917, -2.589737, 5.412107), (-0.021625, -0.039428, 0.059757, 0.997200)
67.74673, (0.764095, -2.574459, 5.426096), (-0.015680, -0.042402, 0.064498, 0.996893)
67.76038, (0.768193, -2.558393, 5.445080), (-0.005514, -0.049987, 0.065854, 0.996561)
67.77418, (0.765543, -2.554107, 5.467368), (-0.006147, -0.055345, 0.067658, 0.996153)
67.78801, (0.759192, -2.542385, 5.486766), (-0.010863, -0.059477, 0.070634, 0.995668)
67.80186, (0.751582, -2.521992, 5.504337), (-0.011274, -0.061384, 0.070353, 0.995568)
67.81577, (0.742666, -2.503703, 5.519479), (-0.011803, -0.063255, 0.069666, 0.995493)
67.82975, (0.740080, -2.488679, 5.534341), (-0.014894, -0.065018, 0.066875, 0.995529)
67.8437, (0.740563, -2.473665, 5.552025), (-0.020687, -0.065107, 0.063583, 0.995636)
67.85765, (0.737851, -2.457483, 5.565416), (-0.023559, -0.064950, 0.064052, 0.995552)
67.87155, (0.733390, -2.441572, 5.573100), (-0.026471, -0.066790, 0.067817, 0.995108)
67.88563, (0.735368, -2.420866, 5.582100), (-0.026394, -0.071012, 0.068211, 0.994790)
67.89966, (0.742515, -2.411714, 5.590121), (-0.028546, -0.074841, 0.066195, 0.994586)
67.91339, (0.744479, -2.398812, 5.596759), (-0.029471, -0.077264, 0.068365, 0.994227)
67.92738, (0.742089, -2.383260, 5.599133), (-0.029280, -0.078310, 0.071917, 0.993901)
67.94127, (0.743089, -2.361137, 5.601506), (-0.025728, -0.079989, 0.072873, 0.993795)
67.95521, (0.743111, -2.335522, 5.605282), (-0.019744, -0.080557, 0.070728, 0.994041)
67.9692, (0.747128, -2.325194, 5.612635), (-0.018761, -0.080437, 0.070096, 0.994115)
67.98295, (0.754021, -2.316755, 5.622385), (-0.020932, -0.080096, 0.071692, 0.993985)
67.99682, (0.758100, -2.310990, 5.629489), (-0.025393, -0.080146, 0.073994, 0.993709)
68.01083, (0.761121, -2.305013, 5.633722), (-0.029984, -0.082203, 0.077393, 0.993154)
68.02482, (0.764433, -2.294776, 5.636459), (-0.031032, -0.085122, 0.077973, 0.992830)
68.03878, (0.767589, -2.285280, 5.637767), (-0.030856, -0.088255, 0.074708, 0.992813)
68.0527, (0.769695, -2.276562, 5.640479), (-0.031361, -0.090290, 0.073314, 0.992718)
68.06715, (0.770198, -2.267876, 5.642346), (-0.030016, -0.089678, 0.070999, 0.992984)
68.08064, (0.770024, -2.260461, 5.644281), (-0.030491, -0.089440, 0.071243, 0.992973)
68.09466, (0.769929, -2.253468, 5.645740), (-0.030029, -0.087866, 0.071472, 0.993111)
68.10851, (0.771585, -2.246593, 5.649285), (-0.028634, -0.086834, 0.072364, 0.993178)
68.12238, (0.776007, -2.244272, 5.653601), (-0.030982, -0.085460, 0.073535, 0.993141)
68.13628, (0.781411, -2.238802, 5.660413), (-0.032927, -0.083817, 0.074423, 0.993152)
68.14982, (0.784672, -2.235917, 5.664012), (-0.034726, -0.082910, 0.075689, 0.993072)
68.16386, (0.786691, -2.231121, 5.666758), (-0.035873, -0.082200, 0.076616, 0.993019)
68.17773, (0.786619, -2.229426, 5.661197), (-0.034050, -0.082129, 0.078726, 0.992924)
68.1916, (0.790740, -2.228190, 5.662411), (-0.034487, -0.081435, 0.077074, 0.993096)
68.20564, (0.792299, -2.228978, 5.662952), (-0.034782, -0.079483, 0.075248, 0.993383)
68.21947, (0.794535, -2.226299, 5.663700), (-0.035185, -0.078801, 0.075247, 0.993424)
68.2339, (0.795127, -2.222987, 5.667119), (-0.036079, -0.068721, 0.073161, 0.994295)
68.24744, (0.797290, -2.222480, 5.670076), (-0.037627, -0.065205, 0.073757, 0.994431)
68.26126, (0.802117, -2.228414, 5.672793), (-0.042212, -0.062817, 0.075673, 0.994256)
68.27545, (0.804813, -2.228386, 5.674341), (-0.043599, -0.060394, 0.075851, 0.994333)
68.28924, (0.808533, -2.222524, 5.665232), (-0.040375, -0.061958, 0.075382, 0.994409)
68.30299, (0.808836, -2.219377, 5.662822), (-0.037800, -0.062870, 0.075489, 0.994445)
68.31709, (0.811225, -2.219888, 5.664001), (-0.036287, -0.063996, 0.074672, 0.994491)
68.33148, (0.813002, -2.220161, 5.665459), (-0.037357, -0.063969, 0.074719, 0.994449)
68.34549, (0.813090, -2.221398, 5.663300), (-0.035397, -0.062426, 0.074769, 0.994615)
68.35932, (0.813345, -2.223082, 5.661765), (-0.035493, -0.060847, 0.073528, 0.994802)
68.37341, (0.813322, -2.225481, 5.661473), (-0.035771, -0.058790, 0.072543, 0.994988)
68.38715, (0.812913, -2.229700, 5.661833), (-0.038297, -0.057396, 0.072403, 0.994986)
68.4012, (0.812928, -2.233377, 5.661585), (-0.036897, -0.057890, 0.072639, 0.994993)
68.41502, (0.812479, -2.235823, 5.659884), (-0.035577, -0.059691, 0.071510, 0.995016)
68.42892, (0.810572, -2.236794, 5.657027), (-0.030411, -0.062703, 0.069768, 0.995126)
68.44287, (0.808189, -2.238328, 5.654970), (-0.028724, -0.064040, 0.066083, 0.995343)
68.45672, (0.806857, -2.241535, 5.654583), (-0.028815, -0.063300, 0.064089, 0.995518)
68.47058, (0.805775, -2.247089, 5.655299), (-0.033082, -0.061024, 0.062889, 0.995604)
68.48461, (0.802065, -2.254213, 5.657132), (-0.034885, -0.057800, 0.063496, 0.995696)
68.49902, (0.801064, -2.251233, 5.655942), (-0.033591, -0.055592, 0.063188, 0.995886)
68.51259, (0.801681, -2.255605, 5.654913), (-0.032945, -0.054296, 0.062144, 0.996045)
68.52657, (0.800925, -2.257005, 5.654296), (-0.031643, -0.053087, 0.061750, 0.996177)
68.5407, (0.802260, -2.259623, 5.653187), (-0.029054, -0.056813, 0.065495, 0.995811)
68.55431, (0.802878, -2.262274, 5.651656), (-0.027437, -0.059378, 0.063860, 0.995813)
68.56889, (0.803757, -2.264725, 5.650808), (-0.026907, -0.060791, 0.061964, 0.995862)
68.582, (0.804238, -2.266957, 5.651634), (-0.027848, -0.059962, 0.061659, 0.995905)
68.59578, (0.804128, -2.270075, 5.653524), (-0.029887, -0.058269, 0.062795, 0.995876)
68.60986, (0.803961, -2.272850, 5.655044), (-0.030216, -0.057133, 0.063416, 0.995892)
68.62385, (0.802150, -2.274548, 5.656739), (-0.028611, -0.056354, 0.063203, 0.995998)
68.63792, (0.800674, -2.274607, 5.656648), (-0.027435, -0.057837, 0.060517, 0.996112)
68.6513, (0.799316, -2.273924, 5.656533), (-0.026786, -0.058723, 0.058928, 0.996174)
68.66559, (0.798055, -2.273378, 5.656743), (-0.027407, -0.059588, 0.058393, 0.996137)
68.67978, (0.797411, -2.274534, 5.656907), (-0.027587, -0.060163, 0.057773, 0.996133)
68.69437, (0.797224, -2.274187, 5.656282), (-0.028176, -0.059786, 0.057493, 0.996156)
68.70772, (0.797060, -2.273277, 5.655961), (-0.027691, -0.058597, 0.058023, 0.996209)
68.72187, (0.797215, -2.272329, 5.655622), (-0.027836, -0.057859, 0.059298, 0.996173)
68.7355, (0.797434, -2.271208, 5.655000), (-0.027044, -0.057458, 0.060495, 0.996146)
68.74927, (0.797916, -2.269100, 5.653367), (-0.025832, -0.058216, 0.061091, 0.996098)
68.76352, (0.798008, -2.267926, 5.651349), (-0.024730, -0.059257, 0.061516, 0.996039)
68.77737, (0.797917, -2.267622, 5.648818), (-0.025261, -0.060461, 0.061696, 0.995942)
68.79103, (0.797204, -2.268199, 5.645587), (-0.024816, -0.061422, 0.061425, 0.995911)
68.80504, (0.795712, -2.268186, 5.642295), (-0.022771, -0.061552, 0.060438, 0.996012)
68.81886, (0.793707, -2.267287, 5.638843), (-0.021313, -0.061163, 0.058210, 0.996201)
68.8331, (0.791538, -2.268382, 5.636114), (-0.022770, -0.060444, 0.057163, 0.996273)
68.84711, (0.790113, -2.271079, 5.634267), (-0.024773, -0.060438, 0.056460, 0.996266)
68.86086, (0.789154, -2.274857, 5.632042), (-0.026664, -0.060034, 0.055094, 0.996318)
68.87473, (0.789892, -2.279400, 5.627280), (-0.026541, -0.059197, 0.053727, 0.996446)
68.88878, (0.788460, -2.280403, 5.621567), (-0.025132, -0.058521, 0.054367, 0.996488)
68.90267, (0.788076, -2.283753, 5.615207), (-0.023397, -0.058512, 0.054816, 0.996506)
68.91691, (0.785994, -2.284170, 5.609162), (-0.018794, -0.059393, 0.055614, 0.996507)
68.93071, (0.785942, -2.286644, 5.603953), (-0.016492, -0.060758, 0.054734, 0.996514)
68.9444, (0.785016, -2.289170, 5.601578), (-0.014522, -0.060992, 0.053048, 0.996622)
68.958, (0.784838, -2.294862, 5.600549), (-0.014703, -0.059770, 0.052198, 0.996738)
68.97184, (0.783219, -2.299423, 5.599753), (-0.016383, -0.057973, 0.052204, 0.996818)
68.98573, (0.782222, -2.301583, 5.597945), (-0.018112, -0.056045, 0.051787, 0.996920)
68.99966, (0.780038, -2.300464, 5.593838), (-0.017483, -0.055188, 0.051056, 0.997017)
69.01386, (0.778225, -2.297801, 5.589992), (-0.014464, -0.055813, 0.050012, 0.997083)
69.02753, (0.778056, -2.296876, 5.588317), (-0.012642, -0.057143, 0.049326, 0.997067)
69.04162, (0.780205, -2.300848, 5.588949), (-0.013069, -0.057818, 0.048415, 0.997067)
69.0558, (0.781202, -2.302408, 5.589538), (-0.014603, -0.058921, 0.048821, 0.996961)
69.06985, (0.779332, -2.303979, 5.585961), (-0.016395, -0.058867, 0.049044, 0.996926)
69.08389, (0.779808, -2.304059, 5.586643), (-0.017772, -0.058494, 0.049729, 0.996890)
69.09745, (0.780427, -2.303885, 5.587648), (-0.019547, -0.058214, 0.050748, 0.996822)
69.11138, (0.780481, -2.302674, 5.587350), (-0.019096, -0.058283, 0.052053, 0.996759)
69.12508, (0.779339, -2.300221, 5.585232), (-0.016495, -0.058422, 0.052993, 0.996748)
69.13884, (0.777735, -2.297455, 5.582278), (-0.014198, -0.059115, 0.053501, 0.996715)
69.15278, (0.776292, -2.295930, 5.579204), (-0.014112, -0.060808, 0.053132, 0.996635)
69.16671, (0.775195, -2.296247, 5.576927), (-0.015505, -0.061587, 0.053065, 0.996570)
69.18058, (0.774314, -2.296717, 5.575391), (-0.016304, -0.061422, 0.053705, 0.996533)
69.19444, (0.772707, -2.298005, 5.574062), (-0.016690, -0.059974, 0.055085, 0.996539)
69.20834, (0.770568, -2.298828, 5.571710), (-0.015841, -0.059412, 0.055254, 0.996577)
69.2224, (0.767842, -2.298518, 5.568655), (-0.014268, -0.059729, 0.054684, 0.996614)
69.23624, (0.762671, -2.298385, 5.564547), (-0.014103, -0.060727, 0.054118, 0.996587)
69.25494, (0.761317, -2.303406, 5.564180), (-0.015221, -0.060894, 0.053482, 0.996594)
69.26524, (0.757869, -2.307068, 5.562227), (-0.015937, -0.060814, 0.053661, 0.996578)
69.27805, (0.755676, -2.309246, 5.559103), (-0.016286, -0.060700, 0.052811, 0.996625)
69.29277, (0.752235, -2.307791, 5.555060), (-0.014552, -0.060373, 0.051454, 0.996743)
69.30641, (0.749214, -2.307342, 5.552530), (-0.013752, -0.060251, 0.050930, 0.996788)
69.35413, (0.748941, -2.306924, 5.553777), (-0.013646, -0.059968, 0.051263, 0.996790)