70.46071, (-5.846264, -1.628314, 0.002524), (0.004782, -0.754620, 0.118167, 0.645417)
70.47463, (-5.842712, -1.630421, -0.021809), (0.003749, -0.757887, 0.119148, 0.641402)
70.48845, (-5.833760, -1.636342, -0.043010), (0.002236, -0.761114, 0.120337, 0.637354)
70.50217, (-5.825485, -1.638573, -0.067467), (0.001835, -0.764138, 0.120997, 0.633601)
70.51642, (-5.819835, -1.636170, -0.090411), (0.001737, -0.767255, 0.121744, 0.629679)
70.5303, (-5.811820, -1.635118, -0.110956), (0.001476, -0.769750, 0.121179, 0.626737)
70.54388, (-5.803413, -1.634792, -0.131092), (0.000004, -0.772100, 0.121321, 0.623814)
70.55819, (-5.792763, -1.634500, -0.150584), (-0.001902, -0.774064, 0.122403, 0.621160)
70.57158, (-5.780564, -1.635420, -0.165640), (-0.003330, -0.775943, 0.123006, 0.618685)
70.58553, (-5.769738, -1.634475, -0.178902), (-0.003606, -0.777651, 0.122964, 0.616543)
70.59937, (-5.756117, -1.632209, -0.194309), (-0.003480, -0.778720, 0.122330, 0.615320)
70.61331, (-5.741911, -1.628972, -0.205818), (-0.003518, -0.779695, 0.120823, 0.614382)
70.62727, (-5.729023, -1.627394, -0.216782), (-0.004314, -0.780467, 0.119995, 0.613558)
70.64112, (-5.714959, -1.627083, -0.224896), (-0.005638, -0.780833, 0.120226, 0.613037)
70.65508, (-5.698942, -1.624633, -0.232655), (-0.007053, -0.780905, 0.121221, 0.612734)
70.66898, (-5.685060, -1.621143, -0.237711), (-0.008145, -0.780919, 0.120974, 0.612752)
70.6829, (-5.672345, -1.618795, -0.239984), (-0.009390, -0.780125, 0.120225, 0.613892)
70.69674, (-5.657683, -1.615565, -0.240703), (-0.011126, -0.779376, 0.119591, 0.614937)
70.71073, (-5.643536, -1.612957, -0.237910), (-0.013007, -0.778869, 0.118725, 0.615710)
70.72452, (-5.629499, -1.611274, -0.236646), (-0.014669, -0.778221, 0.118556, 0.616524)
70.73834, (-5.615601, -1.609485, -0.230552), (-0.015613, -0.776744, 0.119140, 0.618248)
70.75227, (-5.601707, -1.608683, -0.223001), (-0.015797, -0.774653, 0.119091, 0.620870)
70.76617, (-5.588163, -1.606644, -0.215717), (-0.015979, -0.772434, 0.118586, 0.623721)
70.78013, (-5.574522, -1.602924, -0.208561), (-0.016451, -0.770143, 0.117514, 0.626737)
70.79393, (-5.561585, -1.597257, -0.193001), (-0.015844, -0.767086, 0.116400, 0.630697)
70.8078, (-5.548248, -1.593652, -0.180543), (-0.016066, -0.764554, 0.115693, 0.633888)
70.82171, (-5.538418, -1.588210, -0.159819), (-0.017638, -0.760083, 0.113324, 0.639625)
70.8356, (-5.526931, -1.584362, -0.140267), (-0.018600, -0.755731, 0.110603, 0.645207)
70.84935, (-5.515698, -1.577177, -0.118430), (-0.019105, -0.750640, 0.107533, 0.651622)
70.86331, (-5.500262, -1.571527, -0.100137), (-0.020820, -0.745984, 0.104703, 0.657352)
70.8775, (-5.483849, -1.560198, -0.077584), (-0.021492, -0.742800, 0.103416, 0.661129)
70.89087, (-5.470158, -1.553525, -0.058467), (-0.020302, -0.741218, 0.103008, 0.663004)
70.90469, (-5.455887, -1.551803, -0.038567), (-0.019044, -0.740046, 0.102276, 0.664461)
70.91853, (-5.442029, -1.551174, -0.014546), (-0.016487, -0.739674, 0.102854, 0.664855)
70.9325, (-5.426211, -1.550589, 0.010013), (-0.015075, -0.738601, 0.102419, 0.666148)
70.94618, (-5.412166, -1.546304, 0.036763), (-0.013912, -0.737079, 0.100266, 0.668182)
70.96014, (-5.398411, -1.538377, 0.066521), (-0.013847, -0.735604, 0.096471, 0.670364)
70.97395, (-5.390624, -1.522887, 0.096324), (-0.014271, -0.734457, 0.092846, 0.672123)
70.98779, (-5.383817, -1.509637, 0.127546), (-0.013629, -0.732977, 0.089141, 0.674250)
71.00181, (-5.374894, -1.499653, 0.159212), (-0.012916, -0.731315, 0.084361, 0.676679)
71.01559, (-5.365865, -1.490266, 0.191161), (-0.011698, -0.729622, 0.080347, 0.679014)
71.02942, (-5.356818, -1.479756, 0.220159), (-0.010673, -0.727399, 0.077137, 0.681783)
71.04333, (-5.349040, -1.468930, 0.263574), (-0.007635, -0.724212, 0.072082, 0.685757)
71.05724, (-5.340445, -1.465296, 0.302141), (-0.006203, -0.720976, 0.068219, 0.689566)
71.07108, (-5.336264, -1.461062, 0.344351), (-0.005374, -0.716820, 0.065193, 0.694183)
71.08498, (-5.332778, -1.455450, 0.384256), (-0.004425, -0.712256, 0.061802, 0.699180)
71.09874, (-5.330201, -1.449665, 0.426172), (-0.002563, -0.707621, 0.057343, 0.704257)
71.11248, (-5.329900, -1.441439, 0.467098), (-0.000406, -0.703142, 0.053436, 0.709039)
71.1264, (-5.328009, -1.432916, 0.506059), (0.003196, -0.698524, 0.050731, 0.713779)
71.14024, (-5.326283, -1.431081, 0.546999), (0.005377, -0.694669, 0.048301, 0.717686)
71.15411, (-5.328930, -1.428000, 0.586593), (0.007869, -0.690428, 0.047354, 0.721807)
71.16788, (-5.332502, -1.426072, 0.628548), (0.009189, -0.686963, 0.046422, 0.725150)
71.18171, (-5.338620, -1.425959, 0.669281), (0.011304, -0.683297, 0.045842, 0.728613)
71.19572, (-5.345997, -1.420867, 0.706120), (0.015091, -0.679107, 0.046269, 0.732425)
71.20923, (-5.356120, -1.419020, 0.744720), (0.017812, -0.675461, 0.044589, 0.735831)
71.22295, (-5.374610, -1.415193, 0.784789), (0.020816, -0.671739, 0.042148, 0.739295)
71.23689, (-5.395550, -1.411356, 0.827808), (0.023545, -0.668281, 0.038998, 0.742513)
71.25072, (-5.421204, -1.407188, 0.862669), (0.026782, -0.662775, 0.035790, 0.747483)
71.26499, (-5.442479, -1.406852, 0.895963), (0.030597, -0.656957, 0.033359, 0.752568)
71.27856, (-5.468282, -1.406640, 0.930561), (0.033497, -0.651549, 0.031866, 0.757197)
71.29239, (-5.499151, -1.406041, 0.961690), (0.036665, -0.645454, 0.031721, 0.762259)
71.30613, (-5.534463, -1.412185, 0.994790), (0.040014, -0.639190, 0.031820, 0.767348)
71.32001, (-5.571836, -1.418992, 1.024777), (0.041614, -0.633011, 0.032884, 0.772324)
71.33432, (-5.612924, -1.424530, 1.049358), (0.044175, -0.627212, 0.034125, 0.776846)
71.34782, (-5.650815, -1.431016, 1.074082), (0.045970, -0.621883, 0.034960, 0.780978)
71.3617, (-5.692056, -1.437744, 1.089394), (0.047241, -0.616128, 0.037130, 0.785351)
71.37555, (-5.734905, -1.448994, 1.105694), (0.048913, -0.610648, 0.039620, 0.789396)
71.38983, (-5.774901, -1.468916, 1.116583), (0.049619, -0.605974, 0.041913, 0.792828)
71.40333, (-5.815166, -1.481092, 1.112524), (0.053174, -0.600552, 0.045762, 0.796502)
71.4173, (-5.851602, -1.483986, 1.112764), (0.057639, -0.597183, 0.050548, 0.798433)
71.43147, (-5.885084, -1.475909, 1.110819), (0.062812, -0.596336, 0.055543, 0.798344)
71.4455, (-5.920157, -1.469662, 1.101124), (0.067292, -0.593773, 0.057523, 0.799748)
71.45904, (-5.952449, -1.467936, 1.094093), (0.070502, -0.592182, 0.058922, 0.800549)
71.47304, (-5.980993, -1.467754, 1.072165), (0.070537, -0.591002, 0.059037, 0.801409)
71.48695, (-6.011915, -1.464430, 1.054808), (0.072614, -0.589446, 0.059266, 0.802352)
71.50081, (-6.040915, -1.460737, 1.032498), (0.073861, -0.587558, 0.059084, 0.803635)
71.51448, (-6.066096, -1.459417, 1.004184), (0.072825, -0.586983, 0.059329, 0.804132)
71.52872, (-6.089927, -1.460977, 0.972525), (0.073113, -0.585696, 0.059412, 0.805038)
71.5423, (-6.111544, -1.461650, 0.938669), (0.074218, -0.584023, 0.059035, 0.806178)
71.55605, (-6.131656, -1.463413, 0.896425), (0.074978, -0.582304, 0.058774, 0.807370)
71.56994, (-6.155336, -1.466405, 0.858971), (0.075651, -0.580318, 0.058577, 0.808750)
71.58392, (-6.176290, -1.471224, 0.817255), (0.074675, -0.578728, 0.058639, 0.809975)
71.59793, (-6.197679, -1.476213, 0.773471), (0.072184, -0.577551, 0.059831, 0.810953)
71.61168, (-6.219051, -1.482542, 0.729226), (0.069254, -0.577089, 0.061799, 0.811390)
71.62543, (-6.240434, -1.487954, 0.683488), (0.066621, -0.576331, 0.063729, 0.811999)
71.63948, (-6.260407, -1.495595, 0.636582), (0.063633, -0.576588, 0.065619, 0.811906)
71.65328, (-6.277726, -1.504151, 0.589630), (0.061766, -0.576615, 0.067131, 0.811907)
71.66713, (-6.295736, -1.516293, 0.544659), (0.059722, -0.576489, 0.068394, 0.812044)
71.68124, (-6.311394, -1.531128, 0.499443), (0.058329, -0.576465, 0.071502, 0.811895)
71.69509, (-6.324849, -1.543332, 0.456415), (0.057520, -0.576167, 0.075160, 0.811834)
71.70905, (-6.341379, -1.553569, 0.414816), (0.056967, -0.575540, 0.078188, 0.812031)
71.72276, (-6.357450, -1.561836, 0.373659), (0.055002, -0.574998, 0.080484, 0.812327)
71.73654, (-6.374134, -1.572361, 0.330325), (0.053648, -0.574442, 0.082693, 0.812589)
71.75036, (-6.390810, -1.582886, 0.286999), (0.052294, -0.573883, 0.084902, 0.812844)
71.7642, (-6.407489, -1.593413, 0.243669), (0.050939, -0.573319, 0.087109, 0.813094)
71.77838, (-6.413428, -1.585981, 0.228664), (0.048216, -0.570794, 0.084754, 0.815283)
71.79248, (-6.425555, -1.590610, 0.198501), (0.046684, -0.569485, 0.085988, 0.816158)
71.80624, (-6.435709, -1.594077, 0.168181), (0.045411, -0.568334, 0.087977, 0.816819)
71.8201, (-6.445816, -1.595747, 0.141220), (0.044724, -0.567001, 0.090664, 0.817490)
71.83411, (-6.455683, -1.597941, 0.116095), (0.043672, -0.565482, 0.091834, 0.818468)
71.84768, (-6.466581, -1.599576, 0.089938), (0.043322, -0.563828, 0.092815, 0.819516)
71.86137, (-6.475042, -1.598130, 0.066611), (0.043408, -0.561737, 0.092877, 0.820939)
71.87548, (-6.480561, -1.597531, 0.044792), (0.044421, -0.560621, 0.092334, 0.821709)
71.88921, (-6.488683, -1.598270, 0.022673), (0.044704, -0.559353, 0.092420, 0.822547)
71.9029, (-6.496309, -1.596912, 0.003565), (0.045545, -0.558466, 0.092635, 0.823080)
71.91676, (-6.503910, -1.596657, -0.016142), (0.044799, -0.557451, 0.092629, 0.823809)
71.93067, (-6.510544, -1.590840, -0.033098), (0.045066, -0.556105, 0.092391, 0.824730)
71.9446, (-6.516204, -1.587013, -0.049268), (0.044800, -0.554895, 0.091710, 0.825636)
71.95845, (-6.522165, -1.583023, -0.064901), (0.044005, -0.553917, 0.091465, 0.826362)
71.97237, (-6.526805, -1.580930, -0.080052), (0.042751, -0.552894, 0.091882, 0.827066)
71.98627, (-6.528090, -1.576753, -0.091062), (0.041481, -0.551569, 0.092817, 0.827911)
72.0002, (-6.529253, -1.573409, -0.101801), (0.039921, -0.549717, 0.092675, 0.829234)
72.01405, (-6.530777, -1.569890, -0.112080), (0.039053, -0.547344, 0.091856, 0.830934)
72.02806, (-6.531663, -1.566453, -0.122244), (0.038408, -0.544225, 0.090542, 0.833154)
72.04183, (-6.531940, -1.563166, -0.130813), (0.038078, -0.541432, 0.089408, 0.835110)
72.0556, (-6.530154, -1.561598, -0.136369), (0.037848, -0.538963, 0.088612, 0.836800)
72.0695, (-6.526249, -1.560580, -0.140860), (0.037226, -0.536868, 0.088250, 0.838212)
72.08337, (-6.524351, -1.556658, -0.147154), (0.036971, -0.534393, 0.088461, 0.839781)
72.09734, (-6.520104, -1.553257, -0.150082), (0.037524, -0.532266, 0.087724, 0.841183)
72.11111, (-6.517986, -1.550754, -0.154819), (0.037382, -0.529856, 0.086453, 0.842841)
72.12498, (-6.514440, -1.547643, -0.158960), (0.037223, -0.527332, 0.084699, 0.844608)
72.13924, (-6.512218, -1.543149, -0.162342), (0.038085, -0.524343, 0.082242, 0.846670)
72.15305, (-6.508800, -1.541262, -0.165601), (0.038848, -0.521583, 0.080216, 0.848532)
72.16669, (-6.505941, -1.541220, -0.169755), (0.039578, -0.518854, 0.078128, 0.850365)
72.18034, (-6.502470, -1.540912, -0.175121), (0.039758, -0.515721, 0.077042, 0.852359)
72.19423, (-6.497596, -1.540278, -0.177936), (0.039742, -0.513060, 0.076123, 0.854046)
72.20813, (-6.493334, -1.537405, -0.182273), (0.039692, -0.510021, 0.075852, 0.855891)
72.22205, (-6.489241, -1.535571, -0.185850), (0.038980, -0.507609, 0.074191, 0.857502)
72.23602, (-6.484675, -1.534729, -0.192290), (0.037938, -0.504837, 0.072370, 0.859339)
72.24984, (-6.480435, -1.532710, -0.196333), (0.037866, -0.502099, 0.070624, 0.861090)
72.26377, (-6.475104, -1.531795, -0.200462), (0.037042, -0.499325, 0.069239, 0.862849)
72.27795, (-6.469700, -1.529937, -0.205985), (0.036243, -0.496154, 0.067875, 0.864818)
72.29151, (-6.464167, -1.530123, -0.212578), (0.035203, -0.493247, 0.066330, 0.866642)
72.30572, (-6.459684, -1.527331, -0.218201), (0.034381, -0.490911, 0.064915, 0.868107)
72.3197, (-6.456308, -1.523916, -0.230148), (0.034138, -0.488335, 0.063823, 0.869650)
72.33312, (-6.451442, -1.522299, -0.238888), (0.033575, -0.486339, 0.061953, 0.870924)
72.34681, (-6.448846, -1.517096, -0.249761), (0.032904, -0.484342, 0.060993, 0.872130)
72.36084, (-6.445140, -1.515088, -0.260504), (0.031691, -0.482473, 0.058744, 0.873364)
72.3746, (-6.444180, -1.509976, -0.273398), (0.029175, -0.481299, 0.056248, 0.874264)
72.38851, (-6.442405, -1.506054, -0.289551), (0.027731, -0.479340, 0.053831, 0.875538)
72.40243, (-6.440514, -1.501026, -0.301912), (0.026353, -0.478628, 0.051354, 0.876118)
72.41637, (-6.439931, -1.496159, -0.316131), (0.024274, -0.476907, 0.049729, 0.877210)
72.43026, (-6.439061, -1.489424, -0.328933), (0.022062, -0.475080, 0.047861, 0.878363)
72.44406, (-6.439152, -1.482822, -0.343073), (0.019512, -0.472489, 0.045536, 0.879943)
72.45804, (-6.438567, -1.474438, -0.354007), (0.017287, -0.470433, 0.042181, 0.881258)
72.47206, (-6.438927, -1.465768, -0.369008), (0.013699, -0.466742, 0.039053, 0.883425)
72.4856, (-6.441338, -1.451538, -0.378227), (0.010492, -0.463266, 0.034278, 0.885494)
72.49939, (-6.448865, -1.430070, -0.387308), (0.006157, -0.459265, 0.030164, 0.887766)
72.51324, (-6.454363, -1.409098, -0.391006), (0.001748, -0.456095, 0.023745, 0.889613)
72.52747, (-6.463117, -1.377486, -0.400909), (-0.005927, -0.452361, 0.016435, 0.891664)
72.54171, (-6.467403, -1.353626, -0.410170), (-0.012202, -0.448997, 0.009113, 0.893404)
72.55499, (-6.465730, -1.327794, -0.432234), (-0.023505, -0.445437, -0.002737, 0.895001)
72.56883, (-6.460179, -1.316113, -0.458838), (-0.035390, -0.443005, -0.012851, 0.895728)
72.58271, (-6.447964, -1.320016, -0.488011), (-0.045313, -0.440914, -0.015845, 0.896265)
72.59643, (-6.446203, -1.306435, -0.512090), (-0.050957, -0.437554, -0.019280, 0.897540)
72.61026, (-6.452765, -1.303283, -0.535822), (-0.057077, -0.434541, -0.015925, 0.898701)
72.62414, (-6.467059, -1.289798, -0.556917), (-0.062025, -0.431725, -0.015233, 0.899742)
72.63774, (-6.476810, -1.276610, -0.583711), (-0.066260, -0.429774, -0.016567, 0.900349)
72.65165, (-6.483756, -1.273570, -0.617345), (-0.069497, -0.428091, -0.018768, 0.900864)
72.66538, (-6.490486, -1.270182, -0.650481), (-0.072764, -0.425551, -0.020018, 0.901782)
72.67876, (-6.496988, -1.265979, -0.680282), (-0.074055, -0.422960, -0.019621, 0.902904)
72.69264, (-6.504892, -1.261231, -0.708262), (-0.076694, -0.419933, -0.018772, 0.904114)
72.70641, (-6.515210, -1.253750, -0.738260), (-0.080196, -0.416457, -0.018886, 0.905415)
72.72037, (-6.526043, -1.245580, -0.768762), (-0.083629, -0.413434, -0.018925, 0.906488)
72.73425, (-6.538637, -1.240377, -0.800969), (-0.087139, -0.410308, -0.020274, 0.907548)
72.74813, (-6.552959, -1.235300, -0.831997), (-0.091000, -0.407747, -0.019984, 0.908329)
72.76186, (-6.566791, -1.230834, -0.863463), (-0.093434, -0.405633, -0.019671, 0.909035)
72.77562, (-6.580636, -1.229391, -0.896662), (-0.096483, -0.402642, -0.020357, 0.910031)
72.78953, (-6.596389, -1.224794, -0.927963), (-0.098981, -0.399497, -0.020078, 0.911154)
72.80349, (-6.612117, -1.220808, -0.958414), (-0.101913, -0.395881, -0.020541, 0.912398)
72.81723, (-6.629644, -1.215506, -0.988476), (-0.104262, -0.392204, -0.021588, 0.913696)
72.83149, (-6.647284, -1.215465, -1.021201), (-0.108043, -0.388972, -0.022196, 0.914623)
72.84493, (-6.665998, -1.213363, -1.053780), (-0.110145, -0.385958, -0.022396, 0.915644)
72.85901, (-6.686306, -1.212783, -1.085758), (-0.113009, -0.383190, -0.021812, 0.916471)
72.87275, (-6.708014, -1.211588, -1.118222), (-0.116266, -0.379941, -0.021185, 0.917431)
72.88665, (-6.731064, -1.207397, -1.147246), (-0.120042, -0.376728, -0.021343, 0.918265)
72.90034, (-6.754841, -1.205025, -1.178872), (-0.123645, -0.373232, -0.022091, 0.919196)
72.91426, (-6.781688, -1.202304, -1.209380), (-0.128102, -0.369828, -0.022486, 0.919952)
72.92814, (-6.806674, -1.198658, -1.234698), (-0.132214, -0.367592, -0.022816, 0.920258)
72.94193, (-6.832581, -1.191171, -1.263866), (-0.136181, -0.365100, -0.022339, 0.920683)
72.95581, (-6.856024, -1.187396, -1.289745), (-0.140095, -0.363404, -0.021691, 0.920783)
72.96976, (-6.878671, -1.181943, -1.318772), (-0.142068, -0.361586, -0.020208, 0.921230)
72.98397, (-6.900440, -1.185535, -1.346856), (-0.144383, -0.359659, -0.018185, 0.921666)
72.99735, (-6.924827, -1.180946, -1.375681), (-0.145526, -0.357147, -0.016065, 0.922502)
73.01115, (-6.954917, -1.182721, -1.399828), (-0.146177, -0.354771, -0.013566, 0.923356)
73.02502, (-6.980937, -1.177800, -1.422409), (-0.147534, -0.353681, -0.012716, 0.923570)
73.03893, (-7.006577, -1.175516, -1.449347), (-0.149349, -0.352246, -0.011904, 0.923838)
73.0528, (-7.030811, -1.172197, -1.472843), (-0.150962, -0.351148, -0.010740, 0.924008)
73.06673, (-7.056173, -1.168532, -1.497426), (-0.153668, -0.349408, -0.009936, 0.924230)
73.08082, (-7.081845, -1.165876, -1.523134), (-0.155983, -0.347454, -0.008693, 0.924591)
73.09461, (-7.107025, -1.163906, -1.543822), (-0.156869, -0.346506, -0.007380, 0.924809)
73.10824, (-7.132062, -1.163385, -1.568319), (-0.158235, -0.344907, -0.006081, 0.925183)
73.12213, (-7.158581, -1.160696, -1.587670), (-0.158252, -0.344434, -0.004911, 0.925363)
73.13603, (-7.183861, -1.156929, -1.605977), (-0.159134, -0.343828, -0.005126, 0.925436)
73.15007, (-7.208997, -1.153796, -1.626074), (-0.160602, -0.343214, -0.005196, 0.925410)
73.16403, (-7.233116, -1.150240, -1.645206), (-0.161405, -0.342838, -0.005337, 0.925409)
73.17751, (-7.256045, -1.149415, -1.663893), (-0.162450, -0.341581, -0.005146, 0.925692)
73.19144, (-7.278020, -1.148769, -1.683506), (-0.162839, -0.340165, -0.004235, 0.926150)
73.20524, (-7.300164, -1.148502, -1.701058), (-0.163774, -0.339236, -0.003161, 0.926330)
73.21915, (-7.323291, -1.146431, -1.719787), (-0.164788, -0.338351, -0.002454, 0.926476)
73.23299, (-7.345544, -1.144118, -1.737030), (-0.165868, -0.338066, -0.001813, 0.926389)
73.24704, (-7.367047, -1.142484, -1.755580), (-0.167090, -0.337810, -0.001538, 0.926263)
73.26089, (-7.388996, -1.141447, -1.773250), (-0.167639, -0.337191, -0.001575, 0.926389)
73.27463, (-7.410208, -1.140249, -1.791109), (-0.168109, -0.336086, -0.001660, 0.926705)
73.28844, (-7.430297, -1.141137, -1.807607), (-0.168654, -0.335314, -0.001581, 0.926886)
73.30262, (-7.450103, -1.140829, -1.824406), (-0.168907, -0.334164, -0.000238, 0.927257)
73.31618, (-7.467352, -1.139390, -1.842367), (-0.169154, -0.333328, 0.001342, 0.927512)
73.33003, (-7.485977, -1.137577, -1.858845), (-0.169487, -0.333131, 0.002264, 0.927520)
73.34392, (-7.504107, -1.136701, -1.873794), (-0.170067, -0.332502, 0.002190, 0.927640)
73.35787, (-7.521848, -1.133288, -1.890199), (-0.169735, -0.331727, 0.001776, 0.927979)
73.372, (-7.539759, -1.133549, -1.905142), (-0.169539, -0.330397, 0.001255, 0.928490)
73.38565, (-7.557755, -1.133635, -1.921254), (-0.169954, -0.328604, 0.001465, 0.929050)
73.39994, (-7.574086, -1.134673, -1.933564), (-0.170304, -0.326075, 0.002246, 0.929875)
73.41388, (-7.590797, -1.132886, -1.945720), (-0.170849, -0.324514, 0.003543, 0.930316)
73.42732, (-7.606165, -1.131845, -1.960273), (-0.172153, -0.322628, 0.004487, 0.930728)
73.44107, (-7.621481, -1.130029, -1.974305), (-0.172598, -0.320857, 0.005216, 0.931254)
73.45512, (-7.636753, -1.130372, -1.988421), (-0.173248, -0.318826, 0.005222, 0.931830)
73.46896, (-7.650774, -1.131797, -2.002131), (-0.173779, -0.316804, 0.004208, 0.932426)
73.4828, (-7.664752, -1.133392, -2.015755), (-0.174334, -0.314639, 0.003802, 0.933057)
73.49663, (-7.678615, -1.134876, -2.026837), (-0.174540, -0.312216, 0.002987, 0.933835)
73.51044, (-7.693484, -1.135157, -2.040198), (-0.175023, -0.310332, 0.002921, 0.934373)
73.52467, (-7.705820, -1.136677, -2.051403), (-0.175646, -0.307326, 0.002247, 0.935251)
73.53838, (-7.720133, -1.137240, -2.064278), (-0.176148, -0.305268, 0.002083, 0.935831)
73.55264, (-7.725189, -1.131073, -2.069237), (-0.177248, -0.300933, 0.001724, 0.937027)
73.56632, (-7.736544, -1.128963, -2.076103), (-0.178329, -0.297258, 0.001230, 0.937995)
73.58029, (-7.747838, -1.129231, -2.083366), (-0.179657, -0.293879, 0.000658, 0.938807)
73.59417, (-7.759151, -1.127275, -2.091203), (-0.180249, -0.290491, -0.000260, 0.939748)
73.60793, (-7.766629, -1.124220, -2.095170), (-0.181177, -0.286903, -0.002085, 0.940669)
73.62173, (-7.777184, -1.122832, -2.099048), (-0.182382, -0.284080, -0.003545, 0.941288)
73.63557, (-7.786532, -1.122272, -2.098473), (-0.183514, -0.282590, -0.004135, 0.941514)
73.64963, (-7.795427, -1.126833, -2.096448), (-0.185045, -0.281359, -0.004301, 0.941582)
73.66326, (-7.802015, -1.132277, -2.088592), (-0.185750, -0.280475, -0.003635, 0.941710)
73.67713, (-7.808952, -1.135278, -2.078599), (-0.184792, -0.279575, -0.002632, 0.942169)
73.691, (-7.817511, -1.132406, -2.066446), (-0.184210, -0.278710, -0.002522, 0.942540)
73.70515, (-7.824035, -1.128746, -2.048673), (-0.182804, -0.278646, -0.004671, 0.942824)
73.71884, (-7.831245, -1.128647, -2.031853), (-0.182236, -0.277630, -0.006933, 0.943220)
73.73269, (-7.837271, -1.134022, -2.006189), (-0.180588, -0.275983, -0.009138, 0.944001)
73.74666, (-7.841239, -1.146770, -1.975332), (-0.177801, -0.273779, -0.008253, 0.945179)
73.76047, (-7.845745, -1.154170, -1.944209), (-0.174126, -0.272026, -0.007079, 0.946378)
73.7746, (-7.848830, -1.155404, -1.901446), (-0.167726, -0.271364, -0.004306, 0.947740)
73.78837, (-7.850178, -1.153837, -1.859474), (-0.164078, -0.271481, -0.005572, 0.948338)
73.8023, (-7.851989, -1.148899, -1.816844), (-0.159661, -0.270538, -0.008247, 0.949342)
73.81613, (-7.849413, -1.148798, -1.770529), (-0.154721, -0.270007, -0.009903, 0.950294)
73.83009, (-7.848723, -1.155868, -1.720538), (-0.149609, -0.268797, -0.011703, 0.951435)
73.84394, (-7.845257, -1.161340, -1.663330), (-0.142202, -0.268133, -0.012032, 0.952753)
73.85795, (-7.838196, -1.169477, -1.605636), (-0.133837, -0.267052, -0.012640, 0.954260)
73.87212, (-7.831566, -1.173531, -1.548708), (-0.126891, -0.265792, -0.013063, 0.955554)
73.88585, (-7.822222, -1.176275, -1.488651), (-0.120486, -0.263441, -0.015395, 0.956998)
73.9, (-7.813568, -1.173955, -1.426377), (-0.112900, -0.261728, -0.018316, 0.958341)
73.91388, (-7.807042, -1.175478, -1.365982), (-0.106046, -0.259537, -0.022176, 0.959637)
73.92778, (-7.796390, -1.180211, -1.303595), (-0.099263, -0.259006, -0.024348, 0.960453)
73.94164, (-7.784749, -1.190987, -1.241402), (-0.090321, -0.258655, -0.025657, 0.961396)
73.95565, (-7.771528, -1.198210, -1.176458), (-0.082388, -0.258192, -0.024292, 0.962268)
73.96964, (-7.757714, -1.199877, -1.111011), (-0.075028, -0.256457, -0.023903, 0.963343)
73.98336, (-7.742169, -1.197832, -1.044793), (-0.068950, -0.255657, -0.024369, 0.963998)
73.99744, (-7.729442, -1.198679, -0.980251), (-0.062685, -0.254665, -0.026004, 0.964645)
74.01157, (-7.717602, -1.195024, -0.914866), (-0.059711, -0.253826, -0.028851, 0.964974)
74.02516, (-7.702005, -1.195632, -0.847295), (-0.055323, -0.253585, -0.031675, 0.965210)
74.03905, (-7.689664, -1.195729, -0.782049), (-0.050109, -0.252830, -0.032994, 0.965649)
74.05314, (-7.673657, -1.196216, -0.713112), (-0.044786, -0.253451, -0.033320, 0.965736)
74.06706, (-7.658418, -1.196126, -0.647988), (-0.039723, -0.252850, -0.032599, 0.966140)
74.08096, (-7.642703, -1.197851, -0.584130), (-0.033623, -0.252449, -0.032809, 0.966469)
74.09501, (-7.628097, -1.199732, -0.517502), (-0.027054, -0.252653, -0.032806, 0.966622)
74.10889, (-7.614770, -1.201257, -0.452871), (-0.021114, -0.252811, -0.033557, 0.966703)
74.12289, (-7.602589, -1.201715, -0.388510), (-0.014901, -0.253648, -0.034831, 0.966554)
74.13689, (-7.588634, -1.203452, -0.325192), (-0.009863, -0.255063, -0.035926, 0.966207)
74.15083, (-7.574780, -1.203817, -0.259711), (-0.005567, -0.256142, -0.036281, 0.965942)
74.16486, (-7.559740, -1.203132, -0.192000), (-0.001087, -0.257506, -0.035577, 0.965621)
74.17916, (-7.549725, -1.201351, -0.129245), (0.004007, -0.257338, -0.035175, 0.965673)
74.19268, (-7.538782, -1.203047, -0.070561), (0.008745, -0.257391, -0.035428, 0.965618)
74.20672, (-7.529588, -1.201764, -0.013795), (0.013045, -0.257324, -0.035439, 0.965587)
74.22059, (-7.517955, -1.201152, 0.045463), (0.016175, -0.258270, -0.036750, 0.965238)
74.23447, (-7.507502, -1.200596, 0.105752), (0.019268, -0.259658, -0.037454, 0.964782)
74.24844, (-7.500467, -1.204212, 0.165647), (0.021580, -0.259715, -0.038616, 0.964672)
74.26235, (-7.492012, -1.205534, 0.224287), (0.024146, -0.259883, -0.039225, 0.964541)
74.27623, (-7.482859, -1.204413, 0.285711), (0.027656, -0.260600, -0.040666, 0.964194)
74.29023, (-7.478983, -1.197149, 0.349075), (0.030946, -0.262407, -0.041914, 0.963550)
74.30415, (-7.473152, -1.193975, 0.415956), (0.033350, -0.265481, -0.043706, 0.962547)
74.31809, (-7.472496, -1.191317, 0.484930), (0.035770, -0.268683, -0.044999, 0.961512)
74.33264, (-7.470555, -1.193686, 0.549920), (0.038826, -0.270801, -0.045388, 0.960781)
74.34593, (-7.465708, -1.192083, 0.615487), (0.042006, -0.272425, -0.046370, 0.960141)
74.35976, (-7.470979, -1.200441, 0.686655), (0.043712, -0.272930, -0.045800, 0.959948)
74.37372, (-7.470751, -1.203024, 0.759443), (0.046236, -0.273539, -0.047018, 0.959598)
74.38753, (-7.472528, -1.204082, 0.832132), (0.049765, -0.274787, -0.047650, 0.959033)
74.40176, (-7.475687, -1.209081, 0.903473), (0.053535, -0.276568, -0.049388, 0.958230)
74.41578, (-7.481422, -1.214556, 0.976561), (0.056773, -0.278625, -0.051242, 0.957350)
74.42937, (-7.487122, -1.217237, 1.052377), (0.060249, -0.280806, -0.053108, 0.956398)
74.44357, (-7.492229, -1.221434, 1.124070), (0.063074, -0.282247, -0.054669, 0.955704)
74.45709, (-7.495532, -1.221806, 1.200117), (0.066500, -0.285270, -0.055765, 0.954510)
74.47097, (-7.501148, -1.223896, 1.278042), (0.069677, -0.289722, -0.056530, 0.952896)
74.48508, (-7.512780, -1.229759, 1.354381), (0.070861, -0.293103, -0.056697, 0.951764)
74.49879, (-7.525172, -1.232429, 1.437600), (0.072640, -0.296696, -0.057317, 0.950479)
74.51261, (-7.530645, -1.237563, 1.519567), (0.074705, -0.300626, -0.058120, 0.949034)
74.52654, (-7.541650, -1.235893, 1.598321), (0.077393, -0.304190, -0.057588, 0.947715)
74.54047, (-7.551372, -1.239798, 1.677174), (0.078975, -0.308218, -0.058452, 0.946228)
74.55441, (-7.565758, -1.238449, 1.754722), (0.081650, -0.311526, -0.060326, 0.944799)
74.56828, (-7.575921, -1.241695, 1.836664), (0.083493, -0.315106, -0.062587, 0.943303)
74.58216, (-7.589383, -1.246723, 1.916716), (0.084681, -0.317862, -0.064106, 0.942170)
74.59612, (-7.599760, -1.251093, 1.999324), (0.086190, -0.320967, -0.064170, 0.940975)
74.60991, (-7.611242, -1.254088, 2.080285), (0.087623, -0.324256, -0.063646, 0.939750)
74.62405, (-7.628437, -1.252126, 2.161863), (0.089269, -0.327068, -0.062307, 0.938709)
74.63821, (-7.640378, -1.253448, 2.244293), (0.091690, -0.330513, -0.063281, 0.937203)
74.65189, (-7.655039, -1.251162, 2.316839), (0.095847, -0.333082, -0.065263, 0.935741)
74.66563, (-7.669691, -1.256531, 2.387318), (0.098246, -0.334886, -0.065201, 0.934852)
74.67957, (-7.682094, -1.261674, 2.461166), (0.102422, -0.337309, -0.064899, 0.933553)
74.69348, (-7.697623, -1.262578, 2.535416), (0.106404, -0.339149, -0.064277, 0.932483)
74.70734, (-7.716863, -1.258360, 2.608195), (0.111053, -0.340484, -0.065380, 0.931377)
74.72089, (-7.732404, -1.256546, 2.674661), (0.114477, -0.342734, -0.066736, 0.930040)
74.73488, (-7.746960, -1.255338, 2.737159), (0.118256, -0.344792, -0.066573, 0.928818)
74.74896, (-7.759338, -1.257150, 2.793938), (0.121791, -0.346439, -0.064377, 0.927902)
74.76288, (-7.773265, -1.256725, 2.855616), (0.125402, -0.348812, -0.061564, 0.926722)
74.77661, (-7.790493, -1.261920, 2.912701), (0.127038, -0.350542, -0.059670, 0.925970)
74.7906, (-7.806820, -1.265471, 2.963423), (0.129318, -0.352034, -0.057970, 0.925196)
74.80421, (-7.819768, -1.273133, 3.011167), (0.131851, -0.354042, -0.055530, 0.924222)
74.81799, (-7.833622, -1.274134, 3.062760), (0.135825, -0.356386, -0.052445, 0.922925)
74.83182, (-7.844406, -1.284865, 3.105403), (0.138391, -0.358985, -0.049593, 0.921693)
74.84582, (-7.858309, -1.292262, 3.151320), (0.141547, -0.361148, -0.046386, 0.920535)
74.85973, (-7.866532, -1.305975, 3.201210), (0.143150, -0.365033, -0.044197, 0.918861)
74.87358, (-7.878540, -1.317155, 3.244249), (0.145013, -0.366134, -0.044000, 0.918140)
74.88751, (-7.891989, -1.334754, 3.283776), (0.146634, -0.364593, -0.046419, 0.918377)
74.90144, (-7.897945, -1.353519, 3.316148), (0.148135, -0.363457, -0.048324, 0.918488)
74.91528, (-7.902736, -1.367946, 3.347453), (0.150457, -0.361337, -0.047838, 0.918972)
74.92935, (-7.908791, -1.382918, 3.376880), (0.154098, -0.360575, -0.045667, 0.918778)
74.94305, (-7.916753, -1.397082, 3.407449), (0.155938, -0.360357, -0.043576, 0.918655)
74.95697, (-7.926994, -1.406317, 3.436573), (0.155952, -0.360316, -0.043265, 0.918684)
74.97079, (-7.937915, -1.410241, 3.459799), (0.156046, -0.360480, -0.044503, 0.918544)
74.98463, (-7.945704, -1.414838, 3.475811), (0.155304, -0.361029, -0.046016, 0.918380)
74.99859, (-7.953155, -1.415993, 3.493947), (0.156452, -0.362127, -0.046101, 0.917748)
75.0124, (-7.959716, -1.420517, 3.507224), (0.156808, -0.363674, -0.045588, 0.917101)
75.0263, (-7.967829, -1.427029, 3.528948), (0.157834, -0.364257, -0.045423, 0.916702)
75.04043, (-7.982793, -1.421165, 3.532478), (0.159247, -0.368683, -0.043641, 0.914772)
75.05434, (-7.995975, -1.416636, 3.538394), (0.160199, -0.371731, -0.043233, 0.913391)
75.06804, (-8.008529, -1.403381, 3.536427), (0.159959, -0.376409, -0.042487, 0.911551)
75.08218, (-8.019367, -1.392895, 3.535354), (0.158603, -0.381709, -0.041642, 0.909620)
75.09575, (-8.031169, -1.384618, 3.531777), (0.157149, -0.386819, -0.040495, 0.907764)
75.1096, (-8.042260, -1.372380, 3.526919), (0.156586, -0.394124, -0.037712, 0.904834)
75.1235, (-8.052436, -1.361719, 3.518231), (0.155252, -0.400567, -0.035630, 0.902316)
75.13741, (-8.061416, -1.348295, 3.510532), (0.154041, -0.407847, -0.034743, 0.899292)
75.15134, (-8.071115, -1.334757, 3.499345), (0.152741, -0.414059, -0.035398, 0.896645)
75.16537, (-8.081196, -1.323533, 3.489003), (0.151294, -0.420582, -0.035575, 0.893843)
75.17921, (-8.092500, -1.311300, 3.474507), (0.150838, -0.426342, -0.033884, 0.891253)
75.19294, (-8.103187, -1.299193, 3.461343), (0.151697, -0.433343, -0.032899, 0.887761)
75.20683, (-8.116991, -1.285126, 3.443990), (0.151333, -0.439624, -0.031552, 0.884779)
75.22067, (-8.131718, -1.271677, 3.426229), (0.151469, -0.447498, -0.030313, 0.880843)
75.23454, (-8.145322, -1.262872, 3.406330), (0.150152, -0.455329, -0.029288, 0.877082)
75.24846, (-8.163220, -1.252193, 3.387328), (0.149523, -0.463564, -0.027940, 0.872909)
75.26229, (-8.180283, -1.244420, 3.360498), (0.148683, -0.471296, -0.025426, 0.868981)
75.27611, (-8.195226, -1.234460, 3.332079), (0.148754, -0.479429, -0.021716, 0.864609)
75.29004, (-8.212768, -1.224093, 3.302919), (0.149521, -0.489077, -0.016413, 0.859173)
75.30393, (-8.232119, -1.215659, 3.273711), (0.150162, -0.499010, -0.011372, 0.853411)
75.31785, (-8.249541, -1.209233, 3.245142), (0.148525, -0.509339, -0.006650, 0.847626)
75.33167, (-8.269136, -1.199337, 3.217874), (0.148018, -0.518589, -0.002178, 0.842112)
75.34554, (-8.288080, -1.196253, 3.182457), (0.145272, -0.528531, 0.003211, 0.836385)
75.35952, (-8.305369, -1.190779, 3.149312), (0.143721, -0.538435, 0.008283, 0.830279)
75.37328, (-8.320504, -1.190095, 3.110895), (0.141659, -0.547111, 0.012360, 0.824894)
75.38719, (-8.334598, -1.187425, 3.076106), (0.139901, -0.556824, 0.018328, 0.818559)
75.40134, (-8.345592, -1.193233, 3.041909), (0.136225, -0.566387, 0.023285, 0.812470)
75.41494, (-8.358061, -1.193113, 3.007888), (0.134736, -0.575037, 0.028852, 0.806441)
75.42878, (-8.371081, -1.193820, 2.970372), (0.133600, -0.581174, 0.033666, 0.802032)
75.44281, (-8.379467, -1.195666, 2.939649), (0.131478, -0.588373, 0.036101, 0.797012)
75.45659, (-8.387049, -1.189748, 2.905886), (0.131196, -0.592726, 0.039580, 0.793661)
75.47051, (-8.398309, -1.187075, 2.877977), (0.132404, -0.597890, 0.041034, 0.789502)
75.48439, (-8.404257, -1.191875, 2.844558), (0.132766, -0.602797, 0.043327, 0.785578)
75.4987, (-8.410853, -1.197344, 2.810236), (0.132427, -0.606830, 0.047309, 0.782293)
75.51238, (-8.414926, -1.203219, 2.782545), (0.131047, -0.612063, 0.050709, 0.778225)
75.52798, (-8.418353, -1.207492, 2.758425), (0.128964, -0.615409, 0.052152, 0.775835)
75.54169, (-8.420378, -1.205999, 2.732734), (0.128228, -0.617976, 0.054860, 0.773727)
75.55568, (-8.424629, -1.204083, 2.706680), (0.127792, -0.622128, 0.059232, 0.770141)
75.56873, (-8.416152, -1.205443, 2.679864), (0.132747, -0.623075, 0.065523, 0.768025)
75.58234, (-8.416222, -1.207254, 2.654004), (0.135207, -0.625463, 0.071603, 0.765107)
75.596, (-8.416430, -1.218102, 2.630554), (0.134777, -0.628777, 0.074647, 0.762170)
75.60975, (-8.413356, -1.224266, 2.609624), (0.133225, -0.630409, 0.076960, 0.760863)
75.62356, (-8.407806, -1.225508, 2.594939), (0.132458, -0.630692, 0.079568, 0.760494)
75.63737, (-8.398000, -1.222209, 2.579589), (0.128688, -0.627565, 0.080826, 0.763589)
75.65125, (-8.388060, -1.210538, 2.566415), (0.130417, -0.623104, 0.080425, 0.766984)
75.66563, (-8.380535, -1.202908, 2.540143), (0.132684, -0.619347, 0.078894, 0.769792)
75.6791, (-8.376272, -1.200043, 2.521439), (0.134079, -0.617764, 0.076932, 0.771020)
75.69303, (-8.382532, -1.204181, 2.511340), (0.132849, -0.619535, 0.077384, 0.769766)
75.70678, (-8.378614, -1.211222, 2.497358), (0.127297, -0.621642, 0.078532, 0.768889)
75.7207, (-8.364647, -1.213449, 2.479661), (0.123549, -0.625354, 0.082146, 0.766107)
75.73476, (-8.354922, -1.212943, 2.462478), (0.122458, -0.626566, 0.083931, 0.765098)
75.74827, (-8.348013, -1.213672, 2.445821), (0.121074, -0.627495, 0.085408, 0.764393)
75.76214, (-8.341102, -1.214402, 2.429166), (0.119691, -0.628420, 0.086884, 0.763684)
75.77584, (-8.310546, -1.207864, 2.427257), (0.112472, -0.634678, 0.094747, 0.758655)
75.78963, (-8.299297, -1.207653, 2.414173), (0.110126, -0.636195, 0.096960, 0.757448)
75.80367, (-8.274526, -1.194447, 2.420617), (0.106654, -0.632234, 0.096073, 0.761364)
75.81764, (-8.263821, -1.191920, 2.412472), (0.100126, -0.631571, 0.092256, 0.763271)
75.83144, (-8.261108, -1.181810, 2.404261), (0.095949, -0.631610, 0.089291, 0.764127)
75.84531, (-8.240887, -1.173736, 2.397299), (0.095267, -0.632734, 0.087703, 0.763466)
75.85945, (-8.215813, -1.173965, 2.383582), (0.095075, -0.633305, 0.086315, 0.763175)
75.87331, (-8.182852, -1.172315, 2.374502), (0.094921, -0.634739, 0.087055, 0.761917)
75.88727, (-8.148837, -1.168092, 2.370372), (0.094577, -0.635896, 0.088516, 0.760826)
75.90074, (-8.127629, -1.169596, 2.368334), (0.091953, -0.635150, 0.088386, 0.761786)
75.91449, (-8.111114, -1.159388, 2.369230), (0.091091, -0.633036, 0.087024, 0.763803)
75.92839, (-8.093038, -1.151687, 2.371861), (0.088905, -0.631578, 0.082106, 0.765809)
75.94232, (-8.071792, -1.141281, 2.372117), (0.086931, -0.630869, 0.076584, 0.767191)
75.95618, (-8.042661, -1.130071, 2.373942), (0.087217, -0.630370, 0.071593, 0.768050)
75.97019, (-8.013567, -1.125141, 2.372883), (0.087201, -0.628428, 0.068905, 0.769887)
75.98408, (-7.983162, -1.120239, 2.378597), (0.087566, -0.626560, 0.068828, 0.771374)
75.99796, (-7.953793, -1.118430, 2.384944), (0.085113, -0.623672, 0.068017, 0.774056)
76.01186, (-7.927677, -1.108695, 2.393337), (0.081693, -0.620083, 0.066059, 0.777470)
76.02603, (-7.902927, -1.094533, 2.400953), (0.079742, -0.616371, 0.062481, 0.780913)
76.04014, (-7.875604, -1.084242, 2.401949), (0.077840, -0.613785, 0.059968, 0.783335)
76.05381, (-7.848177, -1.077831, 2.406381), (0.076467, -0.612628, 0.056631, 0.784623)
76.06767, (-7.821920, -1.073445, 2.405481), (0.074407, -0.611593, 0.054215, 0.785798)
76.08176, (-7.793842, -1.069132, 2.406395), (0.071295, -0.610930, 0.053206, 0.786671)
76.09541, (-7.761438, -1.060437, 2.410328), (0.072083, -0.611926, 0.056062, 0.785626)
76.10904, (-7.728515, -1.062827, 2.410830), (0.070635, -0.610073, 0.054971, 0.787274)
76.1233, (-7.700607, -1.052991, 2.417642), (0.070945, -0.609314, 0.054673, 0.787854)
76.13683, (-7.669270, -1.061143, 2.425363), (0.065459, -0.607092, 0.052039, 0.790219)
76.15067, (-7.638284, -1.059909, 2.430417), (0.063409, -0.604954, 0.050467, 0.792126)
76.1647, (-7.607318, -1.054730, 2.434583), (0.061841, -0.600926, 0.051574, 0.795238)
76.17886, (-7.579685, -1.053168, 2.437788), (0.060502, -0.597892, 0.050331, 0.797704)
76.19255, (-7.549983, -1.049811, 2.442872), (0.057229, -0.595373, 0.046502, 0.800059)
76.20633, (-7.523300, -1.041700, 2.447369), (0.054217, -0.592380, 0.040723, 0.802800)
76.22022, (-7.492344, -1.032096, 2.447761), (0.051947, -0.588605, 0.034267, 0.806022)
76.23415, (-7.453735, -1.029482, 2.449886), (0.049321, -0.586363, 0.030063, 0.807987)
76.24805, (-7.417960, -1.030378, 2.446589), (0.046936, -0.583129, 0.028173, 0.810533)
76.26194, (-7.384653, -1.030294, 2.450866), (0.045314, -0.580546, 0.024614, 0.812593)
76.27586, (-7.358041, -1.018873, 2.450160), (0.043742, -0.576854, 0.023939, 0.815324)
76.28971, (-7.324800, -1.013275, 2.446071), (0.039760, -0.573306, 0.020235, 0.818126)
76.30367, (-7.288953, -1.005824, 2.439287), (0.038237, -0.569719, 0.016360, 0.820787)
76.3175, (-7.250651, -1.003201, 2.432572), (0.035614, -0.566782, 0.013112, 0.822993)
76.33142, (-7.214773, -0.999967, 2.426055), (0.032842, -0.563454, 0.009696, 0.825438)
76.34546, (-7.182451, -0.990416, 2.423528), (0.028904, -0.560835, 0.007867, 0.827385)
76.35909, (-7.147917, -0.984552, 2.419398), (0.026204, -0.557741, 0.004927, 0.829587)
76.37302, (-7.110886, -0.974335, 2.400537), (0.018490, -0.556946, 0.004505, 0.830331)
76.38683, (-7.075630, -0.967464, 2.393123), (0.014988, -0.554211, 0.001974, 0.832239)
76.40077, (-7.036332, -0.955182, 2.373187), (0.009572, -0.554923, 0.000816, 0.831846)
76.41466, (-7.003580, -0.949612, 2.364134), (0.002477, -0.555278, -0.005364, 0.831644)
76.42854, (-6.967990, -0.939348, 2.349123), (-0.002840, -0.553656, -0.008955, 0.832692)
76.44244, (-6.929240, -0.938410, 2.336459), (-0.007642, -0.553611, -0.011473, 0.832662)
76.45626, (-6.892778, -0.931668, 2.324472), (-0.012253, -0.552151, -0.014487, 0.833529)
76.47015, (-6.857506, -0.929894, 2.307283), (-0.016156, -0.551225, -0.016548, 0.834036)
76.48405, (-6.822076, -0.927899, 2.292638), (-0.019961, -0.550512, -0.018844, 0.834376)
76.49828, (-6.790483, -0.920944, 2.275552), (-0.024856, -0.550328, -0.020301, 0.834332)
76.51225, (-6.762266, -0.910420, 2.263829), (-0.029052, -0.549795, -0.023700, 0.834458)
76.52602, (-6.731239, -0.907921, 2.254774), (-0.034340, -0.550319, -0.027794, 0.833785)
76.53982, (-6.701492, -0.907090, 2.237497), (-0.038151, -0.549514, -0.031235, 0.834028)
76.55341, (-6.669902, -0.903403, 2.226335), (-0.042091, -0.549412, -0.032913, 0.833842)
76.56732, (-6.639237, -0.899735, 2.215065), (-0.045896, -0.547826, -0.035390, 0.834583)
76.58086, (-6.611499, -0.894449, 2.202857), (-0.049342, -0.546433, -0.037167, 0.835221)
76.59445, (-6.587123, -0.892369, 2.192463), (-0.052690, -0.545476, -0.039663, 0.835528)
76.60822, (-6.561584, -0.887675, 2.178777), (-0.055854, -0.544562, -0.041910, 0.835809)
76.62201, (-6.536650, -0.884948, 2.167545), (-0.058770, -0.543928, -0.044832, 0.835870)
76.63586, (-6.512630, -0.881347, 2.155584), (-0.062197, -0.543228, -0.047556, 0.835927)
76.64973, (-6.489453, -0.877838, 2.144199), (-0.065636, -0.542937, -0.048899, 0.835775)
76.66358, (-6.469489, -0.875773, 2.134120), (-0.068257, -0.543381, -0.050562, 0.835177)
76.67744, (-6.451468, -0.877197, 2.116667), (-0.068132, -0.542465, -0.051287, 0.835739)
76.69136, (-6.431715, -0.880495, 2.102345), (-0.067840, -0.542034, -0.051067, 0.836056)
76.70541, (-6.412887, -0.882394, 2.089589), (-0.067805, -0.540935, -0.051762, 0.836727)
76.71916, (-6.394729, -0.881764, 2.077776), (-0.068827, -0.539715, -0.053060, 0.837351)
76.73319, (-6.381031, -0.878209, 2.064889), (-0.070289, -0.538156, -0.053755, 0.838188)
76.74697, (-6.366296, -0.878563, 2.052684), (-0.072455, -0.536302, -0.054888, 0.839117)
76.7611, (-6.352335, -0.880333, 2.043458), (-0.073265, -0.533301, -0.055583, 0.840912)
76.77494, (-6.337079, -0.882609, 2.031734), (-0.074491, -0.529752, -0.055920, 0.843022)
76.7888, (-6.321535, -0.884581, 2.019703), (-0.074396, -0.524906, -0.056037, 0.846049)
76.80257, (-6.308706, -0.889628, 2.007706), (-0.075345, -0.516929, -0.055868, 0.850874)
76.81654, (-6.297255, -0.890987, 1.995637), (-0.078557, -0.510167, -0.057331, 0.854559)
76.83043, (-6.284317, -0.886042, 1.987396), (-0.080543, -0.503191, -0.057134, 0.858515)
76.84436, (-6.274248, -0.888914, 1.982846), (-0.083185, -0.494970, -0.056208, 0.863091)
76.85806, (-6.264931, -0.892959, 1.977750), (-0.085011, -0.484988, -0.054828, 0.868651)
76.87218, (-6.256536, -0.891382, 1.970216), (-0.084524, -0.475126, -0.052860, 0.874252)
76.88603, (-6.247029, -0.894247, 1.962570), (-0.084338, -0.464588, -0.051799, 0.879978)
76.89986, (-6.236134, -0.903444, 1.960217), (-0.084654, -0.452695, -0.048460, 0.886314)
76.91344, (-6.225174, -0.906361, 1.962910), (-0.085085, -0.439778, -0.045253, 0.892921)
76.92727, (-6.216991, -0.921327, 1.952198), (-0.087902, -0.423682, -0.044078, 0.900458)
76.94151, (-6.205254, -0.917827, 1.956880), (-0.090134, -0.413891, -0.044563, 0.904757)
76.95558, (-6.201041, -0.910865, 1.948478), (-0.089762, -0.401890, -0.044648, 0.910183)
76.96919, (-6.192164, -0.910089, 1.941060), (-0.090130, -0.391003, -0.043913, 0.914912)
76.9831, (-6.184479, -0.913547, 1.933281), (-0.090242, -0.381293, -0.041599, 0.919098)
76.99678, (-6.175694, -0.925027, 1.932906), (-0.089517, -0.371323, -0.034674, 0.923528)
77.01086, (-6.164127, -0.942664, 1.930324), (-0.090662, -0.361126, -0.032206, 0.927541)
77.02482, (-6.164407, -0.937290, 1.920962), (-0.093995, -0.353440, -0.032962, 0.930139)
77.0387, (-6.167187, -0.933394, 1.905084), (-0.097830, -0.348383, -0.035636, 0.931552)
77.05286, (-6.171575, -0.933536, 1.886409), (-0.098750, -0.346252, -0.038917, 0.932118)
77.0666, (-6.181506, -0.936692, 1.868546), (-0.100201, -0.346578, -0.039734, 0.931807)
77.08046, (-6.190086, -0.939524, 1.853541), (-0.099696, -0.347095, -0.038927, 0.931703)
77.09431, (-6.202016, -0.946069, 1.836298), (-0.099537, -0.348363, -0.035980, 0.931365)
77.1082, (-6.219044, -0.957822, 1.815307), (-0.099412, -0.350531, -0.033897, 0.930643)
77.12225, (-6.232933, -0.960847, 1.795331), (-0.099452, -0.352903, -0.032910, 0.929777)
77.13638, (-6.251763, -0.966483, 1.772224), (-0.099021, -0.354924, -0.033427, 0.929035)
77.15002, (-6.271938, -0.970653, 1.749336), (-0.098047, -0.355450, -0.032346, 0.928976)
77.16394, (-6.292778, -0.971797, 1.727673), (-0.097111, -0.356880, -0.031829, 0.928544)
77.17783, (-6.318697, -0.974137, 1.706864), (-0.098373, -0.357513, -0.030538, 0.928211)
77.19178, (-6.342382, -0.978413, 1.682403), (-0.099296, -0.357571, -0.028802, 0.928146)
77.20587, (-6.364939, -0.982139, 1.657890), (-0.099411, -0.357308, -0.025564, 0.928329)
77.21951, (-6.387486, -0.986223, 1.633276), (-0.099644, -0.356254, -0.022718, 0.928783)
77.23349, (-6.413494, -0.988227, 1.607384), (-0.101860, -0.353753, -0.019126, 0.929579)
77.24728, (-6.443129, -0.988851, 1.579745), (-0.103914, -0.352410, -0.016167, 0.929918)
77.26121, (-6.474836, -0.991553, 1.549140), (-0.105901, -0.352364, -0.013895, 0.929748)
77.27507, (-6.510288, -0.994687, 1.518118), (-0.107276, -0.352871, -0.012758, 0.929414)
77.28894, (-6.545594, -0.998397, 1.484660), (-0.109464, -0.354248, -0.011735, 0.928649)
77.30289, (-6.581620, -1.001922, 1.451212), (-0.111439, -0.356613, -0.009883, 0.927530)
77.31673, (-6.617729, -1.007149, 1.418244), (-0.112804, -0.358209, -0.007631, 0.926770)
77.33059, (-6.656241, -1.017417, 1.380726), (-0.112832, -0.362370, -0.002488, 0.925176)
77.34451, (-6.693355, -1.024592, 1.345727), (-0.112984, -0.365457, 0.002425, 0.923943)
77.35851, (-6.733156, -1.034249, 1.307107), (-0.114257, -0.368477, 0.006468, 0.922566)
77.3723, (-6.771196, -1.038260, 1.270959), (-0.114683, -0.371718, 0.009278, 0.921188)
77.38614, (-6.811659, -1.042186, 1.236158), (-0.116086, -0.374711, 0.011982, 0.919767)
77.39993, (-6.851885, -1.046633, 1.199979), (-0.118709, -0.377370, 0.013999, 0.918316)
77.41376, (-6.890714, -1.047771, 1.164525), (-0.119851, -0.379432, 0.015904, 0.917286)
77.4276, (-6.928129, -1.052670, 1.129110), (-0.121220, -0.381051, 0.017075, 0.916414)
77.44149, (-6.967099, -1.056969, 1.092854), (-0.122392, -0.382087, 0.019238, 0.915784)
77.45538, (-7.002434, -1.062891, 1.058620), (-0.124087, -0.383707, 0.021852, 0.914819)
77.46926, (-7.040860, -1.067210, 1.022469), (-0.125004, -0.385281, 0.023855, 0.913982)
77.48324, (-7.078609, -1.072897, 0.984310), (-0.127129, -0.386269, 0.026718, 0.913193)
77.497, (-7.112698, -1.068957, 0.946207), (-0.130159, -0.386062, 0.029302, 0.912774)
77.51085, (-7.149980, -1.071643, 0.910002), (-0.131811, -0.387434, 0.031711, 0.911875)
77.52476, (-7.180553, -1.072544, 0.877973), (-0.134495, -0.389567, 0.032191, 0.910556)
77.53875, (-7.212274, -1.070801, 0.845133), (-0.136365, -0.390906, 0.034190, 0.909631)
77.55251, (-7.239040, -1.070088, 0.816262), (-0.139821, -0.391856, 0.034670, 0.908679)
77.56639, (-7.267361, -1.067188, 0.784655), (-0.141627, -0.392209, 0.036503, 0.908175)
77.58009, (-7.294928, -1.068020, 0.755364), (-0.143581, -0.391574, 0.036140, 0.908157)
77.594, (-7.319393, -1.069371, 0.726146), (-0.146187, -0.392008, 0.036474, 0.907540)
77.60806, (-7.344050, -1.070430, 0.695805), (-0.148244, -0.391394, 0.036961, 0.907452)
77.62197, (-7.367761, -1.069746, 0.665273), (-0.150613, -0.390759, 0.037733, 0.907304)
77.6358, (-7.392602, -1.069381, 0.636609), (-0.152919, -0.391062, 0.037797, 0.906784)
77.64977, (-7.416569, -1.067075, 0.607307), (-0.154608, -0.391246, 0.038305, 0.906397)
77.66326, (-7.438897, -1.066871, 0.577350), (-0.156439, -0.391188, 0.038868, 0.906084)
77.67718, (-7.455822, -1.067275, 0.552073), (-0.158395, -0.390370, 0.040309, 0.906034)
77.69099, (-7.474427, -1.067810, 0.526218), (-0.161083, -0.388500, 0.041952, 0.906289)
77.70491, (-7.494414, -1.066356, 0.501000), (-0.164860, -0.386241, 0.043931, 0.906482)
77.71878, (-7.513767, -1.065094, 0.474755), (-0.168589, -0.384240, 0.043705, 0.906657)
77.73278, (-7.533417, -1.063390, 0.449250), (-0.171322, -0.383561, 0.044746, 0.906382)
77.7466, (-7.553077, -1.063718, 0.421655), (-0.174979, -0.382031, 0.044744, 0.906329)
77.76036, (-7.570459, -1.059309, 0.397948), (-0.178587, -0.379253, 0.044001, 0.906829)
77.77428, (-7.590138, -1.057781, 0.371841), (-0.181529, -0.377985, 0.044546, 0.906747)
77.78843, (-7.603146, -1.055512, 0.354193), (-0.188875, -0.372627, 0.046116, 0.907386)
77.80234, (-7.621493, -1.053827, 0.329659), (-0.192445, -0.370722, 0.046824, 0.907379)
77.81606, (-7.630161, -1.062620, 0.312228), (-0.195685, -0.366142, 0.048839, 0.908440)
77.82996, (-7.647189, -1.062977, 0.288908), (-0.199203, -0.363822, 0.049782, 0.908556)
77.84386, (-7.657423, -1.061845, 0.283457), (-0.200130, -0.362032, 0.054687, 0.908785)
77.8576, (-7.670828, -1.055163, 0.268726), (-0.201708, -0.361204, 0.056011, 0.908685)
77.87112, (-7.680865, -1.054354, 0.258750), (-0.204300, -0.361771, 0.056592, 0.907844)
77.88517, (-7.692570, -1.052066, 0.245148), (-0.205670, -0.362426, 0.057541, 0.907214)
77.89891, (-7.701537, -1.052701, 0.235303), (-0.206879, -0.363068, 0.057873, 0.906661)
77.91256, (-7.708774, -1.052088, 0.225282), (-0.207554, -0.363242, 0.058955, 0.906367)
77.92631, (-7.713090, -1.053811, 0.215964), (-0.208454, -0.362986, 0.059625, 0.906219)
77.94016, (-7.716942, -1.055285, 0.207679), (-0.209073, -0.362609, 0.060113, 0.906195)
77.95415, (-7.721135, -1.055119, 0.199185), (-0.209306, -0.362166, 0.059935, 0.906330)
77.96803, (-7.726198, -1.057676, 0.191886), (-0.209048, -0.362691, 0.058755, 0.906257)
77.98195, (-7.729851, -1.061890, 0.185920), (-0.209166, -0.363453, 0.057530, 0.906003)
77.9958, (-7.731514, -1.065775, 0.181464), (-0.208950, -0.364180, 0.056255, 0.905841)
78.00967, (-7.733285, -1.069798, 0.178317), (-0.209364, -0.364420, 0.056203, 0.905652)
78.02361, (-7.736271, -1.072235, 0.173924), (-0.208950, -0.364381, 0.056106, 0.905770)
78.0375, (-7.740664, -1.077383, 0.171855), (-0.208474, -0.364711, 0.056638, 0.905714)
78.05138, (-7.744779, -1.081116, 0.171332), (-0.206941, -0.365251, 0.057675, 0.905782)
78.06561, (-7.747980, -1.088694, 0.172231), (-0.206156, -0.365806, 0.059336, 0.905630)
78.07917, (-7.752864, -1.095639, 0.172448), (-0.204298, -0.366480, 0.061852, 0.905610)
78.09328, (-7.758531, -1.106678, 0.174633), (-0.201416, -0.367321, 0.065182, 0.905681)
78.10702, (-7.765445, -1.116548, 0.177668), (-0.197750, -0.368600, 0.069061, 0.905682)
78.12084, (-7.773482, -1.127173, 0.181353), (-0.193928, -0.369733, 0.073065, 0.905732)
78.13484, (-7.782513, -1.141908, 0.188051), (-0.189508, -0.371530, 0.077867, 0.905533)
78.14904, (-7.792936, -1.159052, 0.196676), (-0.180392, -0.375259, 0.084890, 0.905225)
78.16299, (-7.801754, -1.182411, 0.208556), (-0.167458, -0.379917, 0.090219, 0.905252)
78.17668, (-7.810562, -1.202302, 0.220540), (-0.156341, -0.383046, 0.096246, 0.905301)
78.19041, (-7.815557, -1.228147, 0.235882), (-0.146361, -0.385771, 0.103011, 0.905068)
78.20448, (-7.823119, -1.243941, 0.246714), (-0.131766, -0.386292, 0.108815, 0.906408)
78.21854, (-7.830963, -1.266396, 0.260744), (-0.117469, -0.386079, 0.111691, 0.908113)
78.23206, (-7.833955, -1.288087, 0.282725), (-0.105549, -0.387376, 0.112764, 0.908891)
78.2464, (-7.841703, -1.307683, 0.298636), (-0.094330, -0.386920, 0.114588, 0.910090)
78.25989, (-7.846766, -1.326550, 0.315890), (-0.082078, -0.386118, 0.116283, 0.911403)
78.2738, (-7.851381, -1.346076, 0.338336), (-0.070118, -0.385246, 0.117458, 0.912619)
78.28777, (-7.855607, -1.365597, 0.355792), (-0.059061, -0.382816, 0.117915, 0.914363)
78.30182, (-7.857882, -1.377236, 0.375308), (-0.049001, -0.380173, 0.116912, 0.916187)
78.31577, (-7.862539, -1.385856, 0.392619), (-0.038663, -0.376788, 0.115300, 0.918282)
78.32975, (-7.867555, -1.395044, 0.411114), (-0.030078, -0.373241, 0.112733, 0.920368)
78.34379, (-7.870744, -1.402249, 0.429253), (-0.021473, -0.371077, 0.110374, 0.921769)
78.35777, (-7.875127, -1.409848, 0.447243), (-0.013790, -0.368276, 0.106998, 0.923436)
78.37226, (-7.874429, -1.420774, 0.470332), (-0.007689, -0.366110, 0.104322, 0.924674)
78.38583, (-7.875306, -1.429050, 0.488674), (-0.001201, -0.362656, 0.101690, 0.926358)
78.39964, (-7.878487, -1.431587, 0.505659), (0.006624, -0.359140, 0.099556, 0.927935)
78.41365, (-7.880005, -1.437682, 0.524482), (0.010212, -0.356533, 0.096161, 0.929265)
78.42756, (-7.883689, -1.441991, 0.541247), (0.014289, -0.354230, 0.092604, 0.930452)
78.44154, (-7.882955, -1.448243, 0.557292), (0.019628, -0.352963, 0.089938, 0.931098)
78.45559, (-7.879613, -1.456835, 0.572098), (0.024287, -0.351031, 0.088222, 0.931882)
78.46947, (-7.874492, -1.452638, 0.589899), (0.031058, -0.350408, 0.088469, 0.931892)
78.4834, (-7.872781, -1.453032, 0.606530), (0.034138, -0.349131, 0.088285, 0.932281)
78.49741, (-7.872637, -1.451772, 0.622645), (0.035637, -0.348636, 0.085426, 0.932676)
78.51128, (-7.866575, -1.451837, 0.639989), (0.037535, -0.348999, 0.080733, 0.932884)
78.52539, (-7.860531, -1.452990, 0.649636), (0.041088, -0.347021, 0.074681, 0.933976)
78.53951, (-7.848391, -1.459998, 0.657637), (0.045379, -0.343742, 0.069091, 0.935419)
78.5531, (-7.838470, -1.468381, 0.668914), (0.049181, -0.340619, 0.065213, 0.936647)
78.56705, (-7.820939, -1.482714, 0.676763), (0.052756, -0.335218, 0.062212, 0.938603)
78.58096, (-7.808165, -1.495670, 0.686829), (0.056590, -0.330471, 0.058948, 0.940272)
78.59495, (-7.798243, -1.502863, 0.690106), (0.061270, -0.325314, 0.057957, 0.941837)
78.60881, (-7.784806, -1.507844, 0.693457), (0.065001, -0.321787, 0.056493, 0.942887)
78.62307, (-7.774088, -1.517451, 0.695149), (0.067854, -0.318000, 0.053841, 0.944126)
78.63683, (-7.762757, -1.526705, 0.695594), (0.070743, -0.314601, 0.052280, 0.945139)
78.65092, (-7.749990, -1.540508, 0.697800), (0.073303, -0.311407, 0.050113, 0.946119)
78.66492, (-7.739607, -1.547078, 0.698559), (0.076133, -0.308812, 0.049307, 0.946788)
78.67854, (-7.727623, -1.555753, 0.694982), (0.078571, -0.305891, 0.046998, 0.947654)
78.69274, (-7.715159, -1.563699, 0.690767), (0.080270, -0.302558, 0.045647, 0.948647)
78.7062, (-7.702548, -1.572355, 0.689285), (0.081792, -0.299433, 0.044842, 0.949547)
78.72021, (-7.688792, -1.582015, 0.686289), (0.083812, -0.295774, 0.043096, 0.950598)
78.73417, (-7.676256, -1.588333, 0.685319), (0.086553, -0.292264, 0.042159, 0.951480)
78.74804, (-7.661257, -1.597230, 0.676657), (0.087689, -0.287597, 0.040818, 0.952855)
78.76193, (-7.647603, -1.604463, 0.672447), (0.089157, -0.283506, 0.039328, 0.954007)
78.77596, (-7.633765, -1.608539, 0.667966), (0.090637, -0.278844, 0.037389, 0.955318)
78.78983, (-7.617487, -1.618257, 0.660691), (0.091515, -0.274689, 0.034805, 0.956535)
78.80383, (-7.602580, -1.624340, 0.651470), (0.093071, -0.269722, 0.032893, 0.957866)
78.81769, (-7.588538, -1.631483, 0.644070), (0.094456, -0.264571, 0.031162, 0.959223)
78.83166, (-7.571341, -1.638839, 0.638687), (0.095717, -0.260160, 0.029400, 0.960360)
78.84584, (-7.558350, -1.640843, 0.632263), (0.097967, -0.254565, 0.028082, 0.961671)
78.8597, (-7.545664, -1.647511, 0.622588), (0.099111, -0.249623, 0.026550, 0.962892)
78.87368, (-7.531758, -1.655893, 0.613206), (0.100080, -0.245709, 0.025068, 0.963838)
78.88784, (-7.520808, -1.661323, 0.605393), (0.102636, -0.241790, 0.023972, 0.964588)
78.90146, (-7.509912, -1.669533, 0.596929), (0.105299, -0.237606, 0.021769, 0.965392)
78.91546, (-7.498987, -1.677723, 0.589923), (0.108131, -0.234290, 0.020522, 0.965917)
78.9293, (-7.489626, -1.689097, 0.579505), (0.111175, -0.230628, 0.019473, 0.966474)
78.9433, (-7.479220, -1.701001, 0.570650), (0.114036, -0.227162, 0.018412, 0.966982)
78.95723, (-7.466929, -1.708763, 0.564922), (0.117222, -0.223941, 0.017268, 0.967373)
78.97098, (-7.463486, -1.722431, 0.555790), (0.122634, -0.221688, 0.019119, 0.967187)
78.98538, (-7.454968, -1.734897, 0.548662), (0.125346, -0.218864, 0.018580, 0.967493)
78.99894, (-7.447390, -1.748703, 0.540758), (0.128672, -0.215498, 0.018642, 0.967810)
79.01296, (-7.441650, -1.760465, 0.535713), (0.131622, -0.213019, 0.020301, 0.967929)
79.02687, (-7.436481, -1.774900, 0.531047), (0.134825, -0.211568, 0.021006, 0.967791)
79.04072, (-7.431803, -1.784542, 0.524706), (0.138839, -0.210939, 0.021425, 0.967352)
79.0544, (-7.426449, -1.797290, 0.518088), (0.141722, -0.209597, 0.020919, 0.967237)
79.06821, (-7.421548, -1.806546, 0.513697), (0.144365, -0.208396, 0.020641, 0.967111)
79.08236, (-7.417082, -1.814123, 0.511468), (0.147409, -0.206205, 0.019305, 0.967149)
79.09608, (-7.413288, -1.822562, 0.511590), (0.150771, -0.204921, 0.019236, 0.966905)
79.10995, (-7.411745, -1.833341, 0.508381), (0.153137, -0.203900, 0.018619, 0.966761)
79.12437, (-7.408265, -1.841757, 0.507278), (0.155096, -0.203377, 0.018002, 0.966571)
79.13795, (-7.407736, -1.841292, 0.508293), (0.157641, -0.203301, 0.018532, 0.966165)
79.15175, (-7.406345, -1.844625, 0.509331), (0.158315, -0.203572, 0.018696, 0.965995)
79.16586, (-7.407770, -1.846244, 0.512192), (0.158704, -0.204209, 0.019310, 0.965784)
79.17968, (-7.410600, -1.846762, 0.515315), (0.158994, -0.204345, 0.019388, 0.965706)
79.19355, (-7.412912, -1.844256, 0.521466), (0.158176, -0.205736, 0.019553, 0.965542)
79.20773, (-7.416794, -1.842009, 0.527438), (0.156543, -0.207063, 0.018789, 0.965539)
79.22143, (-7.421946, -1.839306, 0.532053), (0.155944, -0.207836, 0.018270, 0.965480)
79.23553, (-7.426635, -1.837324, 0.535812), (0.153612, -0.210021, 0.017705, 0.965392)
79.24927, (-7.431569, -1.834118, 0.541541), (0.152390, -0.211824, 0.017975, 0.965186)
79.2631, (-7.439246, -1.831405, 0.548441), (0.149670, -0.215361, 0.018712, 0.964815)
79.2776, (-7.448739, -1.827316, 0.556862), (0.147512, -0.219349, 0.019344, 0.964237)
79.29095, (-7.460234, -1.821450, 0.563669), (0.145365, -0.224089, 0.019141, 0.963477)
79.30485, (-7.471847, -1.816927, 0.568768), (0.142002, -0.229421, 0.018798, 0.962730)
79.31865, (-7.485367, -1.809266, 0.575578), (0.138667, -0.235572, 0.018772, 0.961730)
79.33257, (-7.498951, -1.804765, 0.582429), (0.134906, -0.242356, 0.019906, 0.960556)
79.34689, (-7.514679, -1.799134, 0.591172), (0.130655, -0.249956, 0.021157, 0.959168)
79.36026, (-7.532358, -1.793115, 0.599530), (0.125409, -0.257538, 0.020438, 0.957877)
79.37408, (-7.546356, -1.787747, 0.606868), (0.122208, -0.262861, 0.020615, 0.956841)
79.38798, (-7.562652, -1.773268, 0.612330), (0.119395, -0.271687, 0.020731, 0.954726)
79.40201, (-7.576052, -1.766982, 0.615536), (0.117053, -0.279284, 0.022892, 0.952772)
79.41581, (-7.591104, -1.759487, 0.621288), (0.114191, -0.285413, 0.023583, 0.951285)
79.43039, (-7.605723, -1.752294, 0.627430), (0.111216, -0.291570, 0.024133, 0.949755)
79.44373, (-7.620342, -1.745102, 0.633572), (0.108236, -0.297714, 0.024682, 0.948179)
79.4573, (-7.646847, -1.727525, 0.651563), (0.107242, -0.305445, 0.022407, 0.945886)
79.47103, (-7.663936, -1.715727, 0.658433), (0.104588, -0.311319, 0.021933, 0.944278)
79.48495, (-7.680978, -1.704863, 0.664732), (0.101401, -0.316173, 0.021420, 0.943024)
79.49876, (-7.692109, -1.690384, 0.673801), (0.098390, -0.321996, 0.021535, 0.941368)
79.51262, (-7.705260, -1.680543, 0.677781), (0.096358, -0.326736, 0.021807, 0.939938)
79.52657, (-7.717552, -1.671356, 0.681627), (0.095499, -0.330733, 0.021524, 0.938633)
79.5404, (-7.731221, -1.658797, 0.688787), (0.094887, -0.334182, 0.022408, 0.937452)
79.55439, (-7.744189, -1.642475, 0.696869), (0.092152, -0.336814, 0.022127, 0.936790)
79.56808, (-7.755486, -1.623052, 0.701930), (0.088845, -0.339413, 0.020703, 0.936203)
79.58224, (-7.764524, -1.606268, 0.705568), (0.083913, -0.342676, 0.019051, 0.935505)
79.59586, (-7.774536, -1.593856, 0.706888), (0.079060, -0.345246, 0.018408, 0.934995)
79.60966, (-7.783627, -1.581235, 0.710640), (0.074373, -0.347579, 0.018048, 0.934522)
79.62349, (-7.792275, -1.566223, 0.715859), (0.070868, -0.349892, 0.018280, 0.933927)
79.63737, (-7.801654, -1.551642, 0.717226), (0.067447, -0.351413, 0.018279, 0.933609)
79.65118, (-7.810401, -1.539376, 0.721648), (0.063568, -0.353598, 0.018006, 0.933061)
79.66502, (-7.820466, -1.526148, 0.723759), (0.058994, -0.355827, 0.018265, 0.932509)
79.67889, (-7.829671, -1.515360, 0.726887), (0.055774, -0.358198, 0.018453, 0.931796)
79.69293, (-7.835991, -1.514027, 0.727357), (0.051647, -0.360565, 0.018255, 0.931124)
79.70667, (-7.844829, -1.504631, 0.728698), (0.049963, -0.363308, 0.019085, 0.930133)
79.72077, (-7.853830, -1.495987, 0.729208), (0.048589, -0.365718, 0.019809, 0.929246)
79.73464, (-7.862892, -1.490319, 0.729339), (0.047387, -0.367916, 0.019676, 0.928443)
79.74861, (-7.871775, -1.486298, 0.728595), (0.045127, -0.370425, 0.019981, 0.927550)
79.76214, (-7.880745, -1.483445, 0.727902), (0.044422, -0.373186, 0.020634, 0.926463)
79.77602, (-7.891197, -1.480973, 0.723830), (0.044174, -0.375955, 0.021034, 0.925346)
79.78986, (-7.902383, -1.477938, 0.716997), (0.044802, -0.379188, 0.020826, 0.924000)
79.8037, (-7.913894, -1.473107, 0.706895), (0.047071, -0.383134, 0.020598, 0.922263)
79.81759, (-7.924576, -1.469991, 0.689942), (0.049080, -0.387363, 0.020339, 0.920396)
79.8315, (-7.936271, -1.464987, 0.675109), (0.051451, -0.391719, 0.020489, 0.918417)
79.84527, (-7.949159, -1.457467, 0.654853), (0.052583, -0.396404, 0.021559, 0.916315)
79.85929, (-7.962347, -1.444899, 0.630277), (0.053590, -0.402605, 0.022207, 0.913534)
79.87308, (-7.976596, -1.433647, 0.603436), (0.053004, -0.410454, 0.023524, 0.910036)
79.88693, (-7.991641, -1.423235, 0.570717), (0.050487, -0.420471, 0.025814, 0.905532)
79.90122, (-8.005363, -1.409724, 0.541477), (0.047917, -0.433798, 0.031250, 0.899192)
79.91499, (-8.012978, -1.403760, 0.503749), (0.042701, -0.447944, 0.037756, 0.892243)
79.92904, (-8.019112, -1.394030, 0.466765), (0.038678, -0.462731, 0.043963, 0.884563)
79.94274, (-8.026117, -1.383638, 0.431103), (0.035104, -0.475615, 0.048910, 0.877591)
79.9565, (-8.024568, -1.374773, 0.403054), (0.028999, -0.492255, 0.053062, 0.868348)
79.97047, (-8.029732, -1.366633, 0.368197), (0.025776, -0.502907, 0.056038, 0.862137)
79.98432, (-8.023406, -1.361208, 0.340330), (0.022293, -0.514145, 0.056357, 0.855560)
79.99819, (-8.017978, -1.357901, 0.308617), (0.019282, -0.522874, 0.057507, 0.850249)
80.01194, (-8.007159, -1.356736, 0.282095), (0.016676, -0.531067, 0.057558, 0.845208)
80.02575, (-7.998391, -1.353056, 0.258746), (0.013833, -0.538712, 0.058003, 0.840377)
80.03994, (-7.988581, -1.352628, 0.236430), (0.010270, -0.547294, 0.059459, 0.834763)
80.05347, (-7.972729, -1.354619, 0.217266), (0.007047, -0.555974, 0.060349, 0.828976)
80.06729, (-7.958789, -1.353055, 0.197962), (0.006064, -0.564850, 0.062652, 0.822790)
80.08122, (-7.941888, -1.353422, 0.183833), (0.005221, -0.574783, 0.065093, 0.815696)
80.09525, (-7.926268, -1.350759, 0.173874), (0.003636, -0.584932, 0.067280, 0.808279)
80.10908, (-7.908607, -1.348650, 0.164021), (0.002449, -0.593836, 0.066824, 0.801803)
80.12295, (-7.890024, -1.343282, 0.155310), (0.001486, -0.602187, 0.066578, 0.795573)
80.1369, (-7.868333, -1.340541, 0.150681), (0.001978, -0.610194, 0.065703, 0.789520)
80.15075, (-7.847326, -1.341230, 0.149298), (0.002313, -0.619073, 0.066030, 0.782549)
80.16489, (-7.825785, -1.342777, 0.149407), (0.003988, -0.627586, 0.067021, 0.775647)
80.17867, (-7.802131, -1.345615, 0.158320), (0.007074, -0.635534, 0.067141, 0.769116)
80.19256, (-7.782083, -1.343936, 0.166762), (0.009034, -0.641998, 0.066930, 0.763726)
80.20641, (-7.760463, -1.339452, 0.183615), (0.010937, -0.647712, 0.065797, 0.758960)
80.22038, (-7.740260, -1.335393, 0.202633), (0.012754, -0.652423, 0.063342, 0.755096)
80.23431, (-7.721512, -1.328990, 0.223845), (0.014903, -0.655581, 0.059890, 0.752599)
80.24845, (-7.702009, -1.322803, 0.248213), (0.017347, -0.657929, 0.057676, 0.750667)
80.2623, (-7.680836, -1.321409, 0.276210), (0.020114, -0.659898, 0.055321, 0.749046)
80.27658, (-7.661584, -1.319265, 0.300735), (0.023479, -0.661122, 0.053710, 0.747985)
80.29025, (-7.645160, -1.311783, 0.332483), (0.027747, -0.662695, 0.052930, 0.746501)
80.30411, (-7.628386, -1.307470, 0.365445), (0.030781, -0.664206, 0.050394, 0.745214)
80.31806, (-7.611968, -1.300697, 0.395284), (0.033748, -0.665820, 0.048213, 0.743788)
80.33205, (-7.595478, -1.292305, 0.426293), (0.035803, -0.666022, 0.045374, 0.743690)
80.34592, (-7.580001, -1.282562, 0.464312), (0.037509, -0.667810, 0.043174, 0.742131)
80.35981, (-7.564855, -1.273440, 0.501896), (0.040487, -0.669075, 0.040590, 0.740981)
80.37374, (-7.548880, -1.263618, 0.538128), (0.042667, -0.671171, 0.038971, 0.739047)
80.38735, (-7.533229, -1.248728, 0.575919), (0.045261, -0.673304, 0.037541, 0.737023)
80.4013, (-7.517176, -1.240184, 0.616656), (0.046037, -0.675824, 0.034353, 0.734821)
80.41511, (-7.502686, -1.230692, 0.656439), (0.046970, -0.677579, 0.030819, 0.733301)
80.42906, (-7.487396, -1.220872, 0.696359), (0.048668, -0.678678, 0.027726, 0.732297)
80.44299, (-7.471588, -1.207019, 0.737018), (0.049225, -0.679706, 0.026252, 0.731360)
80.45688, (-7.455139, -1.194820, 0.775459), (0.049795, -0.680579, 0.024183, 0.730581)
80.47079, (-7.439856, -1.179107, 0.813972), (0.050218, -0.681849, 0.022044, 0.729434)
80.48468, (-7.422036, -1.164632, 0.856663), (0.050088, -0.683542, 0.018436, 0.727957)
80.49861, (-7.405085, -1.150421, 0.893758), (0.049608, -0.684096, 0.015048, 0.727548)
80.51247, (-7.387505, -1.137147, 0.932962), (0.049542, -0.684061, 0.011836, 0.727645)
80.52634, (-7.366962, -1.126029, 0.972994), (0.049239, -0.684127, 0.010758, 0.727619)
80.54022, (-7.346128, -1.112909, 1.013570), (0.047635, -0.684532, 0.011203, 0.727339)
80.55421, (-7.326329, -1.100768, 1.054423), (0.045600, -0.685232, 0.009712, 0.726831)
80.56803, (-7.308307, -1.083152, 1.093931), (0.043301, -0.686571, 0.007398, 0.725735)
80.58189, (-7.289112, -1.066978, 1.130864), (0.041747, -0.687989, 0.005111, 0.724501)
80.5958, (-7.268400, -1.052734, 1.167915), (0.040985, -0.689853, 0.002245, 0.722785)
80.60965, (-7.248058, -1.037832, 1.204031), (0.040286, -0.692318, 0.001059, 0.720466)
80.62352, (-7.228857, -1.025310, 1.241906), (0.039447, -0.695353, -0.000218, 0.717585)
80.63749, (-7.212931, -1.014155, 1.279279), (0.038101, -0.698526, -0.001849, 0.714567)
80.6514, (-7.197618, -1.000890, 1.316269), (0.037611, -0.701254, -0.003346, 0.711910)
80.66514, (-7.180210, -0.992013, 1.354749), (0.036473, -0.704408, -0.005828, 0.708834)
80.67934, (-7.165810, -0.979281, 1.391479), (0.036466, -0.707023, -0.007069, 0.706215)
80.69294, (-7.153472, -0.969472, 1.430310), (0.036233, -0.709554, -0.008735, 0.703665)
80.70691, (-7.140328, -0.961291, 1.469129), (0.035947, -0.711671, -0.011388, 0.701501)
80.72068, (-7.128439, -0.950372, 1.507045), (0.035075, -0.713825, -0.013899, 0.699307)
80.73454, (-7.121023, -0.942506, 1.544193), (0.034365, -0.715274, -0.016856, 0.697795)
80.7487, (-7.113376, -0.936588, 1.584018), (0.033273, -0.716855, -0.019546, 0.696154)
80.76241, (-7.104225, -0.929898, 1.623278), (0.033311, -0.718114, -0.021703, 0.694790)
80.7765, (-7.094968, -0.920181, 1.658022), (0.032913, -0.719013, -0.023376, 0.693824)
80.79013, (-7.089352, -0.914581, 1.698421), (0.032805, -0.720563, -0.026081, 0.692122)
80.80411, (-7.085958, -0.907608, 1.733131), (0.033117, -0.720650, -0.028445, 0.691924)
80.81768, (-7.081430, -0.901926, 1.769268), (0.032343, -0.721439, -0.029974, 0.691073)
80.83182, (-7.077592, -0.895411, 1.804224), (0.031690, -0.721748, -0.031455, 0.690715)
80.84547, (-7.074012, -0.891439, 1.836298), (0.031234, -0.721435, -0.033545, 0.690964)
80.85945, (-7.070468, -0.884827, 1.869892), (0.031119, -0.722097, -0.035179, 0.690196)
80.87345, (-7.069020, -0.879601, 1.900127), (0.031308, -0.722385, -0.036617, 0.689811)
80.88712, (-7.066351, -0.872611, 1.929391), (0.032063, -0.722306, -0.038389, 0.689763)
80.90096, (-7.064039, -0.865811, 1.955893), (0.033196, -0.721573, -0.040251, 0.690369)
80.91488, (-7.060873, -0.860639, 1.982049), (0.033778, -0.720793, -0.042730, 0.691007)
80.92882, (-7.059109, -0.857900, 2.007479), (0.033641, -0.720079, -0.044650, 0.691636)
80.9427, (-7.058139, -0.855763, 2.031306), (0.033171, -0.719648, -0.045818, 0.692031)
80.9565, (-7.056666, -0.853179, 2.052807), (0.032491, -0.719651, -0.046354, 0.692025)
80.97064, (-7.053835, -0.848165, 2.072193), (0.030837, -0.720430, -0.046951, 0.691249)
80.98451, (-7.051325, -0.842296, 2.091498), (0.028976, -0.720753, -0.048149, 0.690911)
80.99836, (-7.049298, -0.834739, 2.109849), (0.027253, -0.720882, -0.049907, 0.690721)
81.01229, (-7.047701, -0.828944, 2.130885), (0.026056, -0.721176, -0.051375, 0.690352)
81.0261, (-7.043617, -0.822116, 2.142404), (0.025073, -0.720332, -0.053310, 0.691123)
81.03999, (-7.038204, -0.818706, 2.154346), (0.025059, -0.719317, -0.055395, 0.692017)
81.05376, (-7.033367, -0.812717, 2.167067), (0.023593, -0.718277, -0.056791, 0.693034)
81.06793, (-7.029900, -0.805434, 2.181106), (0.021091, -0.717419, -0.058605, 0.693852)
81.08166, (-7.025942, -0.794925, 2.192123), (0.017424, -0.715828, -0.061156, 0.695376)
81.09518, (-7.023051, -0.777863, 2.203738), (0.016368, -0.713576, -0.065617, 0.697307)
81.10946, (-7.019967, -0.762276, 2.217392), (0.015604, -0.712073, -0.069099, 0.698523)
81.12328, (-7.013714, -0.739392, 2.230725), (0.014224, -0.708079, -0.079597, 0.701489)
81.13712, (-7.009636, -0.725693, 2.244170), (0.012807, -0.706473, -0.083434, 0.702688)
81.15096, (-6.993517, -0.716727, 2.257699), (-0.000344, -0.698151, -0.095641, 0.709534)
81.16459, (-6.986772, -0.712009, 2.264955), (-0.007893, -0.693548, -0.098939, 0.713540)
81.17829, (-6.976274, -0.701040, 2.264679), (-0.014680, -0.688782, -0.100043, 0.717883)
81.19228, (-6.964814, -0.694372, 2.262862), (-0.021422, -0.685028, -0.101477, 0.721097)
81.20605, (-6.958868, -0.686821, 2.263442), (-0.026903, -0.682343, -0.102855, 0.723261)
81.21986, (-6.952146, -0.681735, 2.256957), (-0.030900, -0.679705, -0.103755, 0.725453)
81.23374, (-6.948277, -0.677789, 2.249635), (-0.034060, -0.678981, -0.103395, 0.726040)
81.2477, (-6.949151, -0.674853, 2.240103), (-0.034046, -0.678381, -0.102280, 0.726759)
81.2616, (-6.947658, -0.677614, 2.227302), (-0.034696, -0.677909, -0.100319, 0.727442)
81.27534, (-6.950018, -0.678250, 2.215566), (-0.033786, -0.678150, -0.098013, 0.727574)
81.28918, (-6.953192, -0.681229, 2.203269), (-0.032013, -0.678158, -0.096071, 0.727906)
81.30325, (-6.958624, -0.684205, 2.188069), (-0.030111, -0.679418, -0.091814, 0.727362)
81.31734, (-6.966328, -0.690124, 2.169542), (-0.028908, -0.680403, -0.088786, 0.726866)
81.33082, (-6.972065, -0.693151, 2.153120), (-0.028346, -0.680961, -0.086124, 0.726685)
81.34468, (-6.982651, -0.700868, 2.131684), (-0.026341, -0.682732, -0.081596, 0.725621)
81.35871, (-6.993501, -0.710306, 2.104480), (-0.023701, -0.684310, -0.074761, 0.724962)
81.37255, (-7.001812, -0.716834, 2.081772), (-0.022374, -0.684429, -0.070554, 0.725313)
81.38651, (-7.015067, -0.729032, 2.055390), (-0.019986, -0.684812, -0.064799, 0.725558)
81.40033, (-7.024778, -0.735966, 2.031681), (-0.018683, -0.684853, -0.060922, 0.725890)
81.41422, (-7.034118, -0.743505, 2.009599), (-0.017694, -0.685052, -0.057307, 0.726022)
81.42821, (-7.053056, -0.754257, 1.973798), (-0.015133, -0.684726, -0.054008, 0.726639)
81.44218, (-7.067231, -0.761795, 1.942894), (-0.013328, -0.684248, -0.048876, 0.727488)
81.4561, (-7.087069, -0.771891, 1.907650), (-0.013044, -0.682849, -0.045246, 0.729041)
81.47015, (-7.101292, -0.777807, 1.876171), (-0.012249, -0.682136, -0.041853, 0.729924)
81.48422, (-7.114025, -0.783572, 1.841426), (-0.012227, -0.681004, -0.038166, 0.731183)
81.49786, (-7.128689, -0.787833, 1.804305), (-0.013504, -0.679850, -0.033944, 0.732441)
81.51174, (-7.144355, -0.794513, 1.770470), (-0.014821, -0.679552, -0.029830, 0.732871)
81.52567, (-7.159382, -0.802120, 1.731424), (-0.015128, -0.678830, -0.026155, 0.733674)
81.53956, (-7.174261, -0.810952, 1.690724), (-0.015753, -0.677721, -0.022964, 0.734792)
81.55353, (-7.189631, -0.819163, 1.650814), (-0.015576, -0.677039, -0.019772, 0.735516)
81.5675, (-7.206431, -0.826788, 1.608236), (-0.014659, -0.675938, -0.016000, 0.736639)
81.58131, (-7.223516, -0.835198, 1.565372), (-0.013932, -0.675100, -0.012492, 0.737489)
81.59527, (-7.240329, -0.844417, 1.518762), (-0.014486, -0.674317, -0.010227, 0.738230)
81.60918, (-7.257715, -0.851615, 1.472275), (-0.014563, -0.673476, -0.007473, 0.739028)
81.62324, (-7.274821, -0.858930, 1.422119), (-0.014619, -0.672140, -0.003744, 0.740270)
81.63703, (-7.293996, -0.870290, 1.374805), (-0.013777, -0.671230, 0.000120, 0.741121)
81.65093, (-7.313915, -0.881263, 1.322654), (-0.012791, -0.669481, 0.003880, 0.742709)
81.66484, (-7.334020, -0.890508, 1.273971), (-0.011866, -0.667613, 0.007290, 0.744378)
81.67871, (-7.353134, -0.901564, 1.225182), (-0.012508, -0.665972, 0.010022, 0.745805)
81.69271, (-7.375074, -0.910159, 1.176931), (-0.013865, -0.663966, 0.013098, 0.747520)
81.70678, (-7.395642, -0.918690, 1.126255), (-0.015443, -0.661687, 0.016444, 0.749441)
81.72054, (-7.414822, -0.931093, 1.081035), (-0.016919, -0.660047, 0.019682, 0.750776)
81.73435, (-7.434976, -0.941433, 1.031044), (-0.017770, -0.657186, 0.023082, 0.753165)
81.7484, (-7.453585, -0.951241, 0.982305), (-0.017952, -0.654472, 0.025656, 0.755438)
81.76228, (-7.472021, -0.958997, 0.935162), (-0.017341, -0.651984, 0.027170, 0.757548)
81.77631, (-7.489199, -0.966131, 0.882002), (-0.018111, -0.648525, 0.028354, 0.760450)
81.79013, (-7.506718, -0.975162, 0.832297), (-0.019511, -0.645664, 0.029928, 0.762785)
81.80404, (-7.520995, -0.983615, 0.780784), (-0.020737, -0.642511, 0.032631, 0.765301)
81.81783, (-7.536791, -0.991656, 0.727853), (-0.021994, -0.639517, 0.034801, 0.767674)
81.83169, (-7.553278, -0.999082, 0.673021), (-0.023186, -0.636637, 0.034720, 0.770033)
81.84586, (-7.569670, -1.004546, 0.618458), (-0.024844, -0.634378, 0.034096, 0.771871)
81.85999, (-7.589828, -1.004703, 0.564587), (-0.027041, -0.632785, 0.034090, 0.773104)
81.87358, (-7.607321, -1.007502, 0.510687), (-0.030145, -0.630597, 0.034921, 0.774739)
81.88725, (-7.624786, -1.011932, 0.456536), (-0.032251, -0.628181, 0.036047, 0.776563)
81.90111, (-7.643342, -1.018592, 0.403273), (-0.037048, -0.625666, 0.038574, 0.778256)
81.91512, (-7.663653, -1.020976, 0.351200), (-0.039227, -0.623734, 0.041402, 0.779553)
81.92899, (-7.681899, -1.026387, 0.297670), (-0.042043, -0.622212, 0.043739, 0.780495)
81.94284, (-7.701240, -1.029425, 0.244071), (-0.045179, -0.621142, 0.045575, 0.781066)
81.95702, (-7.722303, -1.032616, 0.191100), (-0.048257, -0.620709, 0.048264, 0.781065)
81.9706, (-7.740965, -1.040547, 0.138439), (-0.051157, -0.619641, 0.050765, 0.781570)
81.98444, (-7.760329, -1.046696, 0.087088), (-0.053369, -0.618441, 0.054009, 0.782154)
81.99845, (-7.777913, -1.056415, 0.037551), (-0.055672, -0.616972, 0.055863, 0.783023)
82.01225, (-7.796082, -1.063018, -0.014305), (-0.057594, -0.614987, 0.057914, 0.784296)
82.02644, (-7.814494, -1.071455, -0.060758), (-0.059617, -0.613846, 0.059411, 0.784926)
82.04038, (-7.831859, -1.084342, -0.112175), (-0.062582, -0.611783, 0.060886, 0.786192)
82.05433, (-7.849333, -1.094373, -0.159502), (-0.065077, -0.610276, 0.062411, 0.787041)
82.068, (-7.865078, -1.101624, -0.206568), (-0.067492, -0.607975, 0.064205, 0.788473)
82.08193, (-7.881449, -1.111877, -0.254429), (-0.070778, -0.605946, 0.066183, 0.789582)
82.09593, (-7.900989, -1.119541, -0.300375), (-0.073161, -0.604396, 0.068901, 0.790320)
82.10973, (-7.918376, -1.131220, -0.345289), (-0.076077, -0.603080, 0.071029, 0.790862)
82.12373, (-7.934602, -1.141509, -0.391670), (-0.078775, -0.601324, 0.073505, 0.791708)
82.13736, (-7.949521, -1.151731, -0.433682), (-0.080982, -0.599592, 0.075631, 0.792598)
82.15097, (-7.965670, -1.160803, -0.476804), (-0.083561, -0.597656, 0.078320, 0.793531)
82.16494, (-7.982207, -1.169193, -0.519317), (-0.086054, -0.595370, 0.080835, 0.794729)
82.17887, (-7.997458, -1.178826, -0.557110), (-0.088233, -0.594523, 0.082890, 0.794913)
82.19277, (-8.011704, -1.186763, -0.596796), (-0.089923, -0.593423, 0.085551, 0.795264)
82.20658, (-8.023853, -1.197010, -0.633194), (-0.091813, -0.593079, 0.088151, 0.795021)
82.22051, (-8.037899, -1.202724, -0.665616), (-0.093053, -0.592409, 0.091926, 0.794948)
82.23454, (-8.051180, -1.208216, -0.695422), (-0.094358, -0.591214, 0.094718, 0.795356)
82.24839, (-8.061856, -1.211590, -0.724068), (-0.096000, -0.590186, 0.096941, 0.795655)
82.2622, (-8.071457, -1.216809, -0.754511), (-0.098321, -0.588527, 0.097805, 0.796494)
82.27627, (-8.080701, -1.216084, -0.775943), (-0.100456, -0.587616, 0.098906, 0.796764)
82.29008, (-8.088982, -1.216192, -0.797992), (-0.102499, -0.585983, 0.100542, 0.797502)
82.30405, (-8.095640, -1.217330, -0.816302), (-0.104100, -0.583877, 0.101429, 0.798726)
82.31799, (-8.105256, -1.218426, -0.841220), (-0.106172, -0.582258, 0.103639, 0.799351)
82.33174, (-8.115028, -1.220782, -0.866284), (-0.108122, -0.580756, 0.105463, 0.799944)
82.34555, (-8.124802, -1.223137, -0.891347), (-0.110071, -0.579249, 0.107285, 0.800528)
82.35957, (-8.107844, -1.208478, -0.863299), (-0.111758, -0.573233, 0.103566, 0.805102)
82.37344, (-8.106530, -1.203389, -0.868168), (-0.113596, -0.569039, 0.103609, 0.807810)
82.38752, (-8.101939, -1.200290, -0.868176), (-0.115510, -0.564254, 0.102980, 0.810969)
82.40146, (-8.098067, -1.196069, -0.869325), (-0.117969, -0.559165, 0.102495, 0.814195)
82.41525, (-8.093636, -1.186303, -0.863937), (-0.120609, -0.553057, 0.100693, 0.818195)
82.42899, (-8.085271, -1.176838, -0.852223), (-0.125266, -0.546188, 0.097858, 0.822442)
82.44273, (-8.079463, -1.164960, -0.845439), (-0.129833, -0.538588, 0.094810, 0.827090)
82.45657, (-8.068396, -1.149414, -0.830873), (-0.135694, -0.529621, 0.090188, 0.832439)
82.47025, (-8.055135, -1.129367, -0.815855), (-0.141200, -0.520073, 0.085487, 0.838021)
82.48421, (-8.035273, -1.109394, -0.798062), (-0.149022, -0.510474, 0.079451, 0.843147)
82.49791, (-8.024037, -1.086588, -0.784856), (-0.156393, -0.500530, 0.073775, 0.848274)
82.51166, (-8.006285, -1.061096, -0.773209), (-0.166098, -0.489442, 0.066076, 0.853517)
82.52553, (-7.985902, -1.036204, -0.755161), (-0.178384, -0.480688, 0.058576, 0.856555)
82.53948, (-7.970778, -1.011223, -0.740336), (-0.186433, -0.471834, 0.052201, 0.860169)
82.55303, (-7.945376, -0.988054, -0.723691), (-0.200476, -0.463165, 0.043791, 0.862189)
82.56723, (-7.918311, -0.973475, -0.709348), (-0.213007, -0.455837, 0.035703, 0.863462)
82.5808, (-7.892911, -0.957959, -0.696755), (-0.221888, -0.447667, 0.030626, 0.865692)
82.59443, (-7.868912, -0.944181, -0.681874), (-0.230540, -0.439542, 0.025343, 0.867763)
82.60826, (-7.844110, -0.927753, -0.665069), (-0.237371, -0.431579, 0.018891, 0.870079)
82.6224, (-7.819538, -0.925753, -0.653252), (-0.239692, -0.426827, 0.014267, 0.871873)
82.63596, (-7.795975, -0.911021, -0.635648), (-0.245731, -0.420705, 0.008989, 0.873237)
82.64967, (-7.774649, -0.901052, -0.621104), (-0.250415, -0.415754, 0.004322, 0.874312)
82.66353, (-7.750118, -0.893129, -0.608640), (-0.253157, -0.410756, -0.000538, 0.875894)
82.6774, (-7.726624, -0.884212, -0.596103), (-0.257220, -0.404815, -0.005273, 0.877460)
82.69133, (-7.702160, -0.873416, -0.580785), (-0.260005, -0.400456, -0.009697, 0.878600)
82.70509, (-7.679646, -0.865308, -0.567353), (-0.264553, -0.395971, -0.013579, 0.879224)
82.7188, (-7.663901, -0.857632, -0.551537), (-0.267857, -0.393919, -0.015274, 0.879117)
82.73298, (-7.644999, -0.858619, -0.537138), (-0.269172, -0.391933, -0.018331, 0.879545)
82.74652, (-7.626694, -0.852662, -0.525717), (-0.269544, -0.389042, -0.022223, 0.880624)
82.76035, (-7.605457, -0.846069, -0.515717), (-0.270654, -0.386284, -0.025241, 0.881416)
82.77416, (-7.585983, -0.839592, -0.505506), (-0.272916, -0.382482, -0.028181, 0.882287)
82.78798, (-7.565711, -0.833558, -0.493390), (-0.275707, -0.378392, -0.031907, 0.883056)
82.80168, (-7.545438, -0.827524, -0.481274), (-0.278488, -0.374287, -0.035631, 0.883789)
82.81547, (-7.525166, -0.821490, -0.469158), (-0.281258, -0.370168, -0.039354, 0.884489)
82.82938, (-7.503801, -0.811425, -0.450943), (-0.283184, -0.368964, -0.042045, 0.884254)
82.84343, (-7.490371, -0.808857, -0.437372), (-0.287117, -0.367857, -0.044901, 0.883306)
82.85746, (-7.487450, -0.812190, -0.439424), (-0.285131, -0.375294, -0.046718, 0.880722)
82.87146, (-7.478609, -0.807544, -0.433255), (-0.286242, -0.373849, -0.048762, 0.880866)
82.88515, (-7.468505, -0.804385, -0.428767), (-0.288238, -0.372608, -0.051389, 0.880591)
82.89902, (-7.455777, -0.797790, -0.420757), (-0.290150, -0.372242, -0.054231, 0.879948)
82.91277, (-7.445546, -0.792872, -0.414839), (-0.291877, -0.370824, -0.055979, 0.879866)
82.92638, (-7.436170, -0.793923, -0.410599), (-0.292911, -0.369590, -0.057270, 0.879959)
82.94003, (-7.428744, -0.793381, -0.409124), (-0.294016, -0.368123, -0.057315, 0.880202)
82.95391, (-7.419608, -0.789511, -0.407375), (-0.296126, -0.366665, -0.057800, 0.880071)
82.96776, (-7.412019, -0.782845, -0.405862), (-0.298935, -0.366343, -0.057595, 0.879269)
82.98166, (-7.405764, -0.778859, -0.403889), (-0.300978, -0.366053, -0.058905, 0.878606)
82.99563, (-7.401961, -0.778805, -0.403162), (-0.302643, -0.366478, -0.060437, 0.877752)
83.00948, (-7.396386, -0.777893, -0.405364), (-0.302994, -0.366453, -0.060921, 0.877608)
83.02351, (-7.392372, -0.779371, -0.406188), (-0.303508, -0.366947, -0.060709, 0.877238)
83.03764, (-7.387888, -0.779727, -0.406336), (-0.304045, -0.367451, -0.059501, 0.876924)
83.0513, (-7.382495, -0.779072, -0.409202), (-0.305154, -0.367784, -0.058031, 0.876498)
83.06499, (-7.379315, -0.778381, -0.412299), (-0.306847, -0.367575, -0.057657, 0.876019)
83.07892, (-7.376173, -0.776454, -0.415308), (-0.310060, -0.366588, -0.058306, 0.875258)
83.09296, (-7.371478, -0.776428, -0.419920), (-0.313076, -0.365228, -0.060012, 0.874637)
83.1071, (-7.367009, -0.774847, -0.426308), (-0.315726, -0.364024, -0.060392, 0.874161)
83.12083, (-7.363975, -0.773383, -0.434515), (-0.318630, -0.363118, -0.060737, 0.873459)
83.13471, (-7.360969, -0.774014, -0.440186), (-0.321262, -0.362307, -0.061344, 0.872789)
83.14873, (-7.361800, -0.775371, -0.452832), (-0.325089, -0.361833, -0.060706, 0.871613)
83.16259, (-7.358558, -0.775771, -0.462814), (-0.327928, -0.361365, -0.060594, 0.870751)
83.1765, (-7.358433, -0.784289, -0.485851), (-0.333086, -0.361621, -0.056655, 0.868950)
83.19071, (-7.357460, -0.787207, -0.500360), (-0.336185, -0.361356, -0.054345, 0.868014)
83.20419, (-7.361025, -0.794010, -0.513772), (-0.339526, -0.361578, -0.052594, 0.866728)
83.21792, (-7.366259, -0.797244, -0.536852), (-0.343650, -0.363630, -0.050854, 0.864345)
83.23194, (-7.366645, -0.798633, -0.556167), (-0.347502, -0.364903, -0.048870, 0.862380)
83.2459, (-7.363790, -0.799853, -0.571203), (-0.351799, -0.365948, -0.045694, 0.860367)
83.25999, (-7.364320, -0.803514, -0.584119), (-0.356057, -0.365866, -0.042591, 0.858808)
83.2735, (-7.364401, -0.804173, -0.597205), (-0.360430, -0.365719, -0.040077, 0.857166)
83.28745, (-7.362421, -0.811480, -0.615600), (-0.366494, -0.363992, -0.039003, 0.855378)
83.30141, (-7.357730, -0.815157, -0.631326), (-0.371558, -0.362494, -0.038253, 0.853861)
83.31529, (-7.353006, -0.818361, -0.644108), (-0.377200, -0.359892, -0.038170, 0.852491)
83.32941, (-7.348356, -0.820724, -0.659258), (-0.381969, -0.357037, -0.038037, 0.851574)
83.3432, (-7.345819, -0.824119, -0.676400), (-0.387883, -0.353952, -0.038379, 0.850172)
83.35709, (-7.341609, -0.831367, -0.689861), (-0.394574, -0.351624, -0.039178, 0.848019)
83.37122, (-7.338348, -0.838325, -0.707787), (-0.400097, -0.349350, -0.040258, 0.846319)
83.38474, (-7.334026, -0.843171, -0.726882), (-0.404041, -0.347191, -0.039635, 0.845363)
83.39879, (-7.329128, -0.850391, -0.738319), (-0.408950, -0.346333, -0.039453, 0.843360)
83.41264, (-7.326321, -0.855320, -0.751422), (-0.412256, -0.344847, -0.037991, 0.842426)
83.42612, (-7.322388, -0.858092, -0.767503), (-0.416387, -0.344191, -0.036914, 0.840709)
83.43996, (-7.317955, -0.859458, -0.782946), (-0.420420, -0.343968, -0.035612, 0.838848)
83.45415, (-7.315197, -0.865129, -0.791093), (-0.423125, -0.343814, -0.037015, 0.837489)
83.46781, (-7.313659, -0.868517, -0.801886), (-0.425806, -0.343074, -0.037323, 0.836419)
83.48203, (-7.312666, -0.873221, -0.808361), (-0.427543, -0.342906, -0.038617, 0.835543)
83.49564, (-7.310658, -0.875393, -0.818424), (-0.427349, -0.342470, -0.038302, 0.835835)
83.50957, (-7.308827, -0.878301, -0.821531), (-0.426729, -0.342402, -0.038279, 0.836181)
83.52341, (-7.307544, -0.876373, -0.826507), (-0.426598, -0.341776, -0.038175, 0.836508)
83.53732, (-7.305199, -0.876645, -0.828112), (-0.427117, -0.341250, -0.039844, 0.836380)
83.55122, (-7.303030, -0.874888, -0.830411), (-0.427854, -0.340484, -0.040414, 0.836288)
83.56518, (-7.302633, -0.875204, -0.833979), (-0.427834, -0.339922, -0.041030, 0.836498)
83.57909, (-7.303825, -0.876637, -0.834839), (-0.427735, -0.340232, -0.041043, 0.836421)
83.59299, (-7.305616, -0.876640, -0.833606), (-0.427017, -0.340890, -0.041432, 0.836501)
83.60729, (-7.309255, -0.877299, -0.832337), (-0.425937, -0.341246, -0.041297, 0.836913)
83.62072, (-7.310558, -0.878892, -0.834510), (-0.424647, -0.341187, -0.040785, 0.837618)
83.63467, (-7.309712, -0.879524, -0.836865), (-0.424149, -0.341116, -0.040037, 0.837935)
83.64853, (-7.310601, -0.880154, -0.838221), (-0.423338, -0.341065, -0.039801, 0.838377)
83.66263, (-7.313953, -0.880013, -0.836292), (-0.422894, -0.341921, -0.039513, 0.838266)
83.67633, (-7.314162, -0.880857, -0.836680), (-0.422185, -0.342966, -0.040070, 0.838170)
83.69027, (-7.315372, -0.882112, -0.835035), (-0.421345, -0.343064, -0.040769, 0.838519)
83.70414, (-7.315740, -0.883348, -0.834231), (-0.420434, -0.342413, -0.040654, 0.839247)
83.71803, (-7.315823, -0.882794, -0.832765), (-0.420846, -0.342061, -0.040007, 0.839215)
83.73196, (-7.315373, -0.880805, -0.831282), (-0.421465, -0.341606, -0.039117, 0.839132)
83.74582, (-7.314183, -0.877430, -0.829569), (-0.422257, -0.342392, -0.037707, 0.838478)
83.75968, (-7.311485, -0.876499, -0.829496), (-0.423015, -0.343083, -0.037207, 0.837836)
83.77358, (-7.310174, -0.876334, -0.830028), (-0.423067, -0.343473, -0.036659, 0.837673)
83.78746, (-7.305847, -0.876156, -0.828510), (-0.422477, -0.344388, -0.036567, 0.837600)
83.80133, (-7.302456, -0.876440, -0.826707), (-0.422193, -0.345033, -0.036535, 0.837479)
83.81525, (-7.286103, -0.870410, -0.793566), (-0.420924, -0.346536, -0.036949, 0.837479)
83.82918, (-7.276033, -0.865769, -0.774142), (-0.419331, -0.347697, -0.036838, 0.837802)
83.84303, (-7.264361, -0.861244, -0.750258), (-0.415803, -0.348572, -0.037670, 0.839158)
83.85716, (-7.256342, -0.858066, -0.723898), (-0.411660, -0.349589, -0.039703, 0.840683)
83.87089, (-7.246440, -0.850500, -0.693358), (-0.406216, -0.349927, -0.041118, 0.843119)
83.88474, (-7.233471, -0.845186, -0.662431), (-0.402072, -0.349637, -0.041702, 0.845194)
83.89864, (-7.218202, -0.840714, -0.626812), (-0.398476, -0.349752, -0.043142, 0.846776)
83.9126, (-7.201309, -0.832472, -0.592455), (-0.394046, -0.350511, -0.044487, 0.848464)
83.92633, (-7.187110, -0.829698, -0.552236), (-0.389877, -0.351225, -0.046378, 0.849992)
83.94038, (-7.172118, -0.825782, -0.510171), (-0.385387, -0.352346, -0.048820, 0.851437)
83.95434, (-7.153555, -0.821457, -0.465256), (-0.379476, -0.353518, -0.051445, 0.853450)
83.9684, (-7.132132, -0.816236, -0.414940), (-0.373502, -0.354839, -0.054516, 0.855344)
83.98199, (-7.110520, -0.810813, -0.367578), (-0.368190, -0.355203, -0.056618, 0.857357)
83.99576, (-7.086683, -0.799850, -0.312432), (-0.361738, -0.356294, -0.059129, 0.859479)
84.00964, (-7.062332, -0.788760, -0.258463), (-0.354655, -0.356436, -0.062815, 0.862107)
84.02361, (-7.031419, -0.781630, -0.200225), (-0.348123, -0.357056, -0.066338, 0.864246)
84.03744, (-7.006336, -0.774467, -0.140537), (-0.341634, -0.356765, -0.070990, 0.866583)
84.05166, (-6.981560, -0.768935, -0.081893), (-0.335556, -0.356336, -0.076522, 0.868661)
84.06534, (-6.964614, -0.764867, -0.025412), (-0.328475, -0.355577, -0.083306, 0.871051)
84.07914, (-6.944971, -0.762793, 0.032963), (-0.321167, -0.355822, -0.088581, 0.873153)
84.09303, (-6.922624, -0.757648, 0.091409), (-0.313416, -0.356122, -0.092889, 0.875397)
84.10692, (-6.900874, -0.749642, 0.151258), (-0.305208, -0.355911, -0.094766, 0.878177)
84.1208, (-6.879955, -0.742004, 0.211231), (-0.298515, -0.355041, -0.096529, 0.880634)
84.13467, (-6.860157, -0.727285, 0.270480), (-0.292855, -0.355369, -0.097795, 0.882262)
84.14872, (-6.841882, -0.718238, 0.328387), (-0.289223, -0.356138, -0.099354, 0.882975)
84.16294, (-6.827040, -0.714228, 0.384039), (-0.285856, -0.358291, -0.101194, 0.882991)
84.17668, (-6.805496, -0.704551, 0.443537), (-0.280441, -0.360475, -0.102519, 0.883686)
84.19062, (-6.785500, -0.695298, 0.505631), (-0.276593, -0.361927, -0.103727, 0.884164)
84.20497, (-6.764877, -0.680289, 0.566941), (-0.271468, -0.363667, -0.105588, 0.884818)
84.21828, (-6.746216, -0.667121, 0.625179), (-0.267820, -0.366167, -0.108567, 0.884538)
84.23212, (-6.729707, -0.661049, 0.682323), (-0.264374, -0.369218, -0.112460, 0.883820)
84.24577, (-6.709457, -0.652351, 0.744199), (-0.257796, -0.373758, -0.115468, 0.883466)
84.25991, (-6.691862, -0.642898, 0.806408), (-0.251608, -0.377793, -0.117579, 0.883256)
84.27359, (-6.670062, -0.629681, 0.871611), (-0.245835, -0.381941, -0.119824, 0.882796)
84.28751, (-6.651434, -0.618197, 0.935630), (-0.241441, -0.385824, -0.123285, 0.881843)
84.30159, (-6.631822, -0.609120, 0.995975), (-0.237613, -0.389992, -0.127392, 0.880465)
84.31538, (-6.610524, -0.601783, 1.058995), (-0.233476, -0.394348, -0.131030, 0.879096)
84.3293, (-6.591901, -0.594270, 1.118017), (-0.229191, -0.399069, -0.135506, 0.877413)
84.3433, (-6.572695, -0.590477, 1.178154), (-0.223338, -0.405166, -0.141205, 0.875227)
84.35723, (-6.551866, -0.587199, 1.236078), (-0.217548, -0.410259, -0.146162, 0.873497)
84.37109, (-6.530650, -0.585088, 1.295879), (-0.211457, -0.415160, -0.150599, 0.871922)
84.38503, (-6.511296, -0.585399, 1.352643), (-0.206681, -0.419671, -0.155137, 0.870110)
84.3989, (-6.491913, -0.583838, 1.409330), (-0.202022, -0.424218, -0.159525, 0.868204)
84.41294, (-6.473320, -0.581048, 1.463345), (-0.197211, -0.429236, -0.163703, 0.866064)
84.4268, (-6.454473, -0.579752, 1.516119), (-0.192980, -0.434245, -0.167773, 0.863737)
84.44072, (-6.436810, -0.578917, 1.570579), (-0.189157, -0.439529, -0.172834, 0.860908)
84.45461, (-6.420102, -0.571369, 1.622589), (-0.184609, -0.444351, -0.176749, 0.858622)
84.46852, (-6.404598, -0.568138, 1.672240), (-0.179861, -0.448530, -0.181570, 0.856448)
84.48245, (-6.389702, -0.564462, 1.719218), (-0.175783, -0.452528, -0.185557, 0.854334)
84.49668, (-6.371977, -0.559330, 1.767134), (-0.170847, -0.456612, -0.189314, 0.852336)
84.51088, (-6.358664, -0.559689, 1.813091), (-0.168667, -0.459353, -0.193272, 0.850407)
84.52449, (-6.344944, -0.555074, 1.856825), (-0.166085, -0.462577, -0.196207, 0.848494)
84.53835, (-6.331712, -0.555013, 1.899455), (-0.163965, -0.466420, -0.199238, 0.846092)
84.55222, (-6.320498, -0.553864, 1.939953), (-0.162700, -0.471051, -0.200934, 0.843366)
84.56612, (-6.309128, -0.552088, 1.979496), (-0.160949, -0.476059, -0.202827, 0.840431)
84.57977, (-6.299998, -0.556430, 2.016625), (-0.160240, -0.480752, -0.205428, 0.837257)
84.59378, (-6.289910, -0.559918, 2.048805), (-0.159044, -0.484728, -0.208385, 0.834458)
84.60752, (-6.280756, -0.560131, 2.083498), (-0.157301, -0.489177, -0.210293, 0.831709)
84.62142, (-6.274623, -0.562540, 2.118747), (-0.155706, -0.493412, -0.212930, 0.828831)
84.63531, (-6.269159, -0.566794, 2.152167), (-0.153477, -0.497077, -0.215350, 0.826428)
84.64919, (-6.262194, -0.571504, 2.186701), (-0.152406, -0.501004, -0.217686, 0.823638)
84.66341, (-6.257342, -0.567352, 2.216343), (-0.149612, -0.504329, -0.220317, 0.821419)
84.6771, (-6.251404, -0.567111, 2.245880), (-0.147830, -0.507646, -0.223137, 0.818934)
84.6909, (-6.244140, -0.561048, 2.276347), (-0.146018, -0.510944, -0.224651, 0.816791)
84.70478, (-6.239088, -0.560490, 2.310010), (-0.144569, -0.513973, -0.226524, 0.814628)
84.7187, (-6.235285, -0.560331, 2.337729), (-0.145299, -0.515780, -0.227511, 0.813080)
84.73264, (-6.231308, -0.555722, 2.366826), (-0.144289, -0.518211, -0.228691, 0.811380)
84.74652, (-6.227623, -0.555508, 2.393681), (-0.144480, -0.520907, -0.230312, 0.809159)
84.76044, (-6.223233, -0.554402, 2.419499), (-0.144278, -0.523487, -0.232320, 0.806953)
84.77432, (-6.219140, -0.555975, 2.446470), (-0.144035, -0.526559, -0.234758, 0.804288)
84.7882, (-6.214486, -0.555798, 2.474826), (-0.143267, -0.529486, -0.236749, 0.801916)
84.80204, (-6.209834, -0.555621, 2.503186), (-0.142496, -0.532404, -0.238736, 0.799529)
84.81599, (-6.209330, -0.555217, 2.523778), (-0.143032, -0.534675, -0.240545, 0.797372)
84.82986, (-6.203833, -0.558059, 2.547004), (-0.141403, -0.537534, -0.243359, 0.794883)
84.8438, (-6.199772, -0.563213, 2.572961), (-0.139306, -0.541134, -0.245262, 0.792221)
84.8578, (-6.194651, -0.566621, 2.596978), (-0.137709, -0.544402, -0.247079, 0.789693)
84.87173, (-6.190512, -0.569156, 2.622399), (-0.136063, -0.547362, -0.249379, 0.787205)
84.88554, (-6.186140, -0.572848, 2.649890), (-0.135181, -0.549751, -0.253066, 0.784511)
84.89922, (-6.180125, -0.575154, 2.675791), (-0.133756, -0.552229, -0.256510, 0.781892)
84.91313, (-6.173992, -0.577796, 2.699616), (-0.132281, -0.554841, -0.259872, 0.779179)
84.92712, (-6.168020, -0.580173, 2.725060), (-0.130761, -0.557874, -0.262861, 0.776262)
84.94086, (-6.164594, -0.584738, 2.750367), (-0.129872, -0.560307, -0.266131, 0.773540)
84.9548, (-6.161420, -0.586903, 2.780446), (-0.128946, -0.562714, -0.269047, 0.770934)
84.96867, (-6.158524, -0.589519, 2.808779), (-0.128571, -0.564349, -0.271759, 0.768848)
84.98277, (-6.153730, -0.592430, 2.836728), (-0.127380, -0.566225, -0.274208, 0.766795)
84.99649, (-6.149702, -0.594368, 2.864500), (-0.126324, -0.568026, -0.277014, 0.764625)
85.01072, (-6.148080, -0.596724, 2.895555), (-0.125250, -0.570279, -0.279776, 0.762115)
85.025, (-6.145917, -0.600864, 2.927228), (-0.124036, -0.572462, -0.282378, 0.759714)
85.03873, (-6.144785, -0.607460, 2.961369), (-0.122195, -0.574896, -0.285151, 0.757134)
85.05227, (-6.141864, -0.612142, 2.992177), (-0.119284, -0.577229, -0.287643, 0.754877)
85.06602, (-6.140068, -0.621057, 3.023037), (-0.118417, -0.579553, -0.290155, 0.752267)
85.07969, (-6.137262, -0.630035, 3.056926), (-0.115572, -0.583771, -0.291102, 0.749076)
85.09357, (-6.133505, -0.641056, 3.094261), (-0.112634, -0.587921, -0.292634, 0.745672)
85.10752, (-6.129375, -0.650666, 3.129657), (-0.108221, -0.591958, -0.294612, 0.742346)
85.12133, (-6.125617, -0.659735, 3.168290), (-0.104047, -0.595937, -0.297285, 0.738684)
85.13551, (-6.122390, -0.670468, 3.201406), (-0.100836, -0.598817, -0.300534, 0.735479)
85.14917, (-6.118799, -0.680147, 3.241706), (-0.096962, -0.602013, -0.304253, 0.731853)
85.16312, (-6.116383, -0.689035, 3.281372), (-0.093887, -0.604112, -0.307991, 0.728955)
85.17739, (-6.112492, -0.700598, 3.324394), (-0.090848, -0.605261, -0.311770, 0.726777)
85.19093, (-6.109613, -0.709199, 3.368833), (-0.088942, -0.607434, -0.314615, 0.723969)
85.20489, (-6.105290, -0.717185, 3.410301), (-0.086183, -0.609177, -0.317108, 0.721747)
85.21902, (-6.101081, -0.723794, 3.454264), (-0.082957, -0.611102, -0.319826, 0.719294)
85.2329, (-6.097350, -0.730859, 3.497471), (-0.079696, -0.612261, -0.323206, 0.717163)
85.24674, (-6.093808, -0.742937, 3.542938), (-0.076594, -0.613236, -0.326621, 0.715118)
85.26054, (-6.090718, -0.753195, 3.584847), (-0.073391, -0.613567, -0.329473, 0.713861)
85.27457, (-6.087242, -0.765052, 3.624734), (-0.069909, -0.613980, -0.331744, 0.712802)
85.28831, (-6.083739, -0.775150, 3.666273), (-0.066516, -0.615117, -0.334313, 0.710944)
85.30198, (-6.080264, -0.780816, 3.697501), (-0.062039, -0.614096, -0.336237, 0.711324)
85.31612, (-6.076378, -0.784204, 3.737261), (-0.058456, -0.614253, -0.338051, 0.710632)
85.3298, (-6.073040, -0.788436, 3.773740), (-0.055356, -0.614146, -0.340196, 0.709948)
85.34363, (-6.075230, -0.794330, 3.804312), (-0.056429, -0.611226, -0.342088, 0.711473)
85.35779, (-6.074607, -0.798892, 3.832042), (-0.055563, -0.609451, -0.340065, 0.714030)
85.37157, (-6.074323, -0.809046, 3.858416), (-0.055130, -0.607413, -0.337692, 0.716920)
85.38567, (-6.074943, -0.812663, 3.887953), (-0.053895, -0.604953, -0.333530, 0.721030)
85.3998, (-6.076145, -0.813923, 3.910714), (-0.052429, -0.600198, -0.331843, 0.725874)
85.41324, (-6.076674, -0.819608, 3.940147), (-0.050939, -0.597864, -0.331352, 0.728127)
85.42712, (-6.079836, -0.825350, 3.958836), (-0.049910, -0.591137, -0.329766, 0.734385)
85.44094, (-6.082442, -0.829994, 3.983953), (-0.049359, -0.586951, -0.326582, 0.739186)
85.45476, (-6.086975, -0.835384, 4.002539), (-0.048496, -0.582557, -0.323639, 0.743999)
85.46869, (-6.090240, -0.837717, 4.018947), (-0.046422, -0.579567, -0.320061, 0.748003)
85.48271, (-6.096585, -0.840430, 4.035817), (-0.043646, -0.576856, -0.317799, 0.751223)
85.49649, (-6.097127, -0.844303, 4.047352), (-0.041713, -0.574910, -0.315758, 0.753682)
85.51054, (-6.100581, -0.846295, 4.061867), (-0.040102, -0.573477, -0.313582, 0.755766)
85.52435, (-6.104412, -0.845661, 4.071741), (-0.039405, -0.572069, -0.310590, 0.758102)
85.5386, (-6.110135, -0.849131, 4.078024), (-0.039798, -0.572567, -0.307024, 0.759157)
85.55245, (-6.116952, -0.854665, 4.080022), (-0.038457, -0.572860, -0.304087, 0.760186)
85.5662, (-6.123943, -0.857662, 4.083034), (-0.036761, -0.574738, -0.301002, 0.760080)
85.58022, (-6.126764, -0.856421, 4.083616), (-0.034104, -0.576463, -0.298672, 0.759817)
85.59409, (-6.130927, -0.856510, 4.079937), (-0.033061, -0.577370, -0.296689, 0.759952)
85.60787, (-6.136615, -0.856082, 4.075885), (-0.032088, -0.578633, -0.295002, 0.759690)
85.62183, (-6.142803, -0.857420, 4.068783), (-0.030556, -0.579815, -0.292597, 0.759781)
85.6359, (-6.150912, -0.860502, 4.058640), (-0.028648, -0.581023, -0.289293, 0.760198)
85.64948, (-6.159120, -0.864413, 4.046609), (-0.025978, -0.581872, -0.285898, 0.760929)
85.66335, (-6.167963, -0.864618, 4.030963), (-0.022946, -0.582770, -0.282298, 0.761683)
85.67715, (-6.175490, -0.864862, 4.015198), (-0.020335, -0.583173, -0.278657, 0.762788)
85.69092, (-6.185036, -0.865833, 3.997680), (-0.017305, -0.583861, -0.273000, 0.764381)
85.70483, (-6.197707, -0.870664, 3.979618), (-0.014641, -0.584589, -0.266748, 0.766085)
85.71894, (-6.214596, -0.877793, 3.959482), (-0.010253, -0.586006, -0.259388, 0.767600)
85.73275, (-6.231310, -0.882095, 3.932911), (-0.002203, -0.587608, -0.250960, 0.769241)
85.74667, (-6.247120, -0.889248, 3.902886), (0.005593, -0.588945, -0.241298, 0.771290)
85.76048, (-6.269475, -0.897906, 3.880824), (0.015431, -0.590160, -0.229954, 0.773688)
85.77427, (-6.292911, -0.912529, 3.845601), (0.026345, -0.591543, -0.215724, 0.776432)
85.78814, (-6.323980, -0.933888, 3.803991), (0.041160, -0.594183, -0.199920, 0.778001)
85.80211, (-6.337844, -0.946729, 3.756641), (0.057479, -0.596967, -0.185174, 0.778484)
85.81598, (-6.348635, -0.957180, 3.721102), (0.069505, -0.598981, -0.170578, 0.779291)
85.83004, (-6.362760, -0.976098, 3.689328), (0.078044, -0.598011, -0.159366, 0.781597)
85.84386, (-6.384810, -0.988663, 3.665365), (0.082139, -0.597209, -0.146700, 0.784267)
85.85793, (-6.405224, -0.997490, 3.632515), (0.081845, -0.594194, -0.139847, 0.787831)
85.87227, (-6.415734, -0.999819, 3.601876), (0.083719, -0.591996, -0.136400, 0.789891)
85.88571, (-6.422566, -1.000178, 3.568813), (0.087179, -0.589567, -0.133213, 0.791875)
85.8996, (-6.431252, -1.000463, 3.534865), (0.090257, -0.585476, -0.131839, 0.794789)
85.91357, (-6.442939, -1.008279, 3.506296), (0.090395, -0.581613, -0.129950, 0.797915)
85.92757, (-6.448503, -1.019913, 3.475620), (0.090396, -0.578040, -0.127436, 0.800911)
85.94152, (-6.452272, -1.023775, 3.441728), (0.091480, -0.574551, -0.122826, 0.804012)
85.9556, (-6.455312, -1.034986, 3.405239), (0.091774, -0.571045, -0.119265, 0.807007)
85.96952, (-6.460650, -1.039509, 3.370635), (0.092794, -0.567278, -0.114781, 0.810192)
85.98354, (-6.465220, -1.042330, 3.344793), (0.093546, -0.563647, -0.111261, 0.813125)
85.99731, (-6.470562, -1.043655, 3.316638), (0.093449, -0.559441, -0.109097, 0.816328)
86.01125, (-6.476218, -1.044142, 3.289118), (0.092474, -0.555373, -0.108084, 0.819346)
86.02553, (-6.481539, -1.045910, 3.259218), (0.092338, -0.550954, -0.107710, 0.822388)
86.03922, (-6.484331, -1.048764, 3.227673), (0.093041, -0.546665, -0.105788, 0.825415)
86.05321, (-6.482030, -1.054716, 3.197526), (0.093356, -0.542154, -0.102504, 0.828762)
86.06702, (-6.482522, -1.053586, 3.166885), (0.094026, -0.537077, -0.097636, 0.832571)
86.08122, (-6.485134, -1.054796, 3.141864), (0.093405, -0.532715, -0.094022, 0.835853)
86.0953, (-6.490465, -1.054372, 3.118635), (0.091055, -0.528838, -0.091654, 0.838832)
86.10891, (-6.494100, -1.052638, 3.090160), (0.090846, -0.524371, -0.088287, 0.842014)
86.12274, (-6.495252, -1.051795, 3.060126), (0.088544, -0.520349, -0.088796, 0.844697)
86.1367, (-6.493332, -1.051683, 3.034846), (0.088160, -0.515768, -0.087042, 0.847724)
86.15057, (-6.494652, -1.049792, 3.011563), (0.087290, -0.510174, -0.085404, 0.851357)
86.16465, (-6.500369, -1.049780, 2.987753), (0.085000, -0.503952, -0.085662, 0.855260)
86.17871, (-6.505442, -1.047736, 2.962251), (0.083417, -0.498084, -0.084712, 0.858940)
86.1924, (-6.507611, -1.047521, 2.939899), (0.083383, -0.493015, -0.082994, 0.862030)
86.20621, (-6.509723, -1.050527, 2.914650), (0.083198, -0.487484, -0.079866, 0.865482)
86.22009, (-6.509244, -1.055584, 2.897615), (0.082691, -0.481830, -0.073618, 0.869243)
86.23426, (-6.510683, -1.054854, 2.879177), (0.082368, -0.475137, -0.069555, 0.873283)
86.24815, (-6.516424, -1.053087, 2.862145), (0.080737, -0.468683, -0.067226, 0.877097)
86.26189, (-6.522597, -1.050175, 2.844696), (0.078288, -0.460233, -0.066558, 0.881831)
86.27596, (-6.524759, -1.050552, 2.830646), (0.077752, -0.451197, -0.066046, 0.886574)
86.29019, (-6.525922, -1.056083, 2.817490), (0.077256, -0.440887, -0.065102, 0.891859)
86.304, (-6.528002, -1.058512, 2.803829), (0.076821, -0.430794, -0.063780, 0.896910)
86.31796, (-6.530880, -1.060071, 2.790549), (0.076879, -0.419895, -0.063113, 0.902106)
86.33217, (-6.532181, -1.064688, 2.777853), (0.076164, -0.408968, -0.061947, 0.907253)
86.34568, (-6.534434, -1.066598, 2.763752), (0.076154, -0.399518, -0.058905, 0.911656)
86.35957, (-6.538615, -1.073471, 2.748378), (0.077020, -0.390616, -0.054341, 0.915715)
86.37336, (-6.542571, -1.079357, 2.731670), (0.077425, -0.382017, -0.051300, 0.919476)
86.38747, (-6.549754, -1.079059, 2.713136), (0.077768, -0.373936, -0.048382, 0.922921)
86.40111, (-6.557230, -1.077459, 2.697450), (0.077615, -0.367335, -0.047563, 0.925623)
86.41514, (-6.562171, -1.077076, 2.683454), (0.077065, -0.360486, -0.046504, 0.928412)
86.42905, (-6.570506, -1.077679, 2.666428), (0.075614, -0.355933, -0.046033, 0.930309)
86.44299, (-6.578516, -1.080568, 2.647412), (0.074542, -0.350383, -0.045680, 0.932518)
86.45693, (-6.584899, -1.079764, 2.631074), (0.073228, -0.345589, -0.044749, 0.934454)
86.47085, (-6.590816, -1.079845, 2.613400), (0.072350, -0.340678, -0.044764, 0.936323)
86.48483, (-6.597197, -1.079015, 2.594227), (0.071444, -0.335657, -0.043599, 0.938259)
86.49884, (-6.603436, -1.080308, 2.577553), (0.071525, -0.331192, -0.043145, 0.939859)
86.51285, (-6.610336, -1.082880, 2.559313), (0.070087, -0.326078, -0.041907, 0.941809)
86.52668, (-6.616652, -1.085565, 2.540683), (0.068308, -0.320976, -0.041686, 0.943700)
86.5406, (-6.624506, -1.086401, 2.525014), (0.066483, -0.316763, -0.042004, 0.945239)
86.55457, (-6.632131, -1.089262, 2.507837), (0.065054, -0.312894, -0.042696, 0.946595)
86.56849, (-6.640928, -1.093845, 2.491546), (0.065569, -0.309494, -0.043354, 0.947647)
86.58242, (-6.648817, -1.102132, 2.475822), (0.064984, -0.306543, -0.043577, 0.948636)
86.59648, (-6.652448, -1.116008, 2.460417), (0.064082, -0.304498, -0.042282, 0.949414)
86.61058, (-6.656837, -1.128470, 2.447630), (0.062843, -0.302582, -0.040053, 0.950206)
86.62441, (-6.662535, -1.140949, 2.437978), (0.061648, -0.301925, -0.036365, 0.950641)
86.63883, (-6.668589, -1.152952, 2.426186), (0.060660, -0.301210, -0.034427, 0.951003)
86.65195, (-6.676092, -1.159019, 2.412550), (0.061021, -0.301420, -0.033113, 0.950960)
86.66596, (-6.677590, -1.168052, 2.395758), (0.062341, -0.300873, -0.032958, 0.951054)
86.67977, (-6.675693, -1.177926, 2.380435), (0.065637, -0.300319, -0.033424, 0.950991)
86.69342, (-6.675481, -1.188751, 2.366952), (0.067020, -0.298562, -0.033227, 0.951454)
86.7077, (-6.672564, -1.198506, 2.356629), (0.068915, -0.295564, -0.033429, 0.952247)
86.72137, (-6.670187, -1.202695, 2.343642), (0.071430, -0.290969, -0.034351, 0.953444)
86.73521, (-6.665635, -1.203096, 2.332444), (0.071883, -0.286694, -0.035603, 0.954658)
86.74915, (-6.663582, -1.205084, 2.320149), (0.071269, -0.282019, -0.037236, 0.956033)
86.76314, (-6.661421, -1.204448, 2.309828), (0.068994, -0.277125, -0.037414, 0.957623)
86.77697, (-6.658507, -1.207030, 2.299644), (0.067188, -0.272747, -0.038337, 0.958971)
86.79142, (-6.656183, -1.207490, 2.287316), (0.064412, -0.267391, -0.037516, 0.960701)
86.80485, (-6.651929, -1.207677, 2.275903), (0.062237, -0.262176, -0.037442, 0.962283)
86.81875, (-6.650745, -1.210387, 2.260751), (0.058710, -0.256040, -0.036924, 0.964175)
86.83277, (-6.650838, -1.212291, 2.245652), (0.055808, -0.250607, -0.036223, 0.965800)
86.84653, (-6.651050, -1.213918, 2.230412), (0.053474, -0.245723, -0.035515, 0.967212)
86.8606, (-6.652915, -1.219332, 2.213726), (0.051446, -0.240547, -0.035563, 0.968621)
86.87435, (-6.655998, -1.217119, 2.196195), (0.050028, -0.234656, -0.034188, 0.970188)
86.88829, (-6.657369, -1.216626, 2.178732), (0.048728, -0.228411, -0.033479, 0.971768)
86.90234, (-6.661341, -1.217275, 2.159893), (0.047205, -0.222204, -0.032702, 0.973308)
86.91614, (-6.669902, -1.213123, 2.144236), (0.046031, -0.216548, -0.030592, 0.974706)
86.93004, (-6.675153, -1.212039, 2.129551), (0.043791, -0.211734, -0.030224, 0.975878)
86.94392, (-6.683688, -1.205060, 2.116755), (0.042082, -0.206677, -0.029500, 0.977059)
86.95828, (-6.693848, -1.201190, 2.102823), (0.038849, -0.200921, -0.030147, 0.978373)
86.97191, (-6.705279, -1.196814, 2.090598), (0.036222, -0.194697, -0.029098, 0.979763)
86.98562, (-6.716335, -1.196177, 2.075760), (0.033617, -0.188384, -0.027905, 0.981123)
86.9995, (-6.728437, -1.194961, 2.064216), (0.032172, -0.182535, -0.026490, 0.982316)
87.01345, (-6.738100, -1.191089, 2.050749), (0.030683, -0.177275, -0.024494, 0.983378)
87.02802, (-6.750613, -1.183097, 2.035985), (0.029225, -0.170520, -0.022115, 0.984672)
87.04156, (-6.762755, -1.173129, 2.025041), (0.026162, -0.164377, -0.019710, 0.985854)
87.05521, (-6.772999, -1.161554, 2.017347), (0.024038, -0.159330, -0.018659, 0.986756)
87.06919, (-6.784405, -1.154438, 2.005467), (0.021913, -0.153545, -0.017255, 0.987748)
87.08298, (-6.795813, -1.147317, 1.993589), (0.019787, -0.147753, -0.015851, 0.988699)
87.09681, (-6.806540, -1.143410, 1.992824), (0.014681, -0.144889, -0.023718, 0.989055)
87.11133, (-6.810565, -1.140562, 1.980382), (0.014748, -0.138929, -0.023934, 0.989903)
87.12503, (-6.812582, -1.141220, 1.971268), (0.014841, -0.132528, -0.023263, 0.990795)
87.13892, (-6.817908, -1.136903, 1.966147), (0.013508, -0.126044, -0.022180, 0.991685)
87.15273, (-6.827426, -1.128799, 1.960894), (0.011989, -0.120592, -0.021726, 0.992392)
87.1665, (-6.837089, -1.123179, 1.953047), (0.010008, -0.116446, -0.022389, 0.992894)
87.18048, (-6.847648, -1.116260, 1.946229), (0.008520, -0.112798, -0.023327, 0.993308)
87.19447, (-6.855462, -1.112247, 1.941596), (0.006155, -0.109887, -0.023516, 0.993647)
87.20825, (-6.864202, -1.106930, 1.934788), (0.004376, -0.105208, -0.023641, 0.994160)
87.22197, (-6.873794, -1.099522, 1.931923), (0.002470, -0.103181, -0.023865, 0.994373)
87.23582, (-6.882878, -1.093775, 1.925961), (0.000646, -0.098959, -0.023998, 0.994802)
87.2503, (-6.888565, -1.089741, 1.923860), (-0.002858, -0.097300, -0.025793, 0.994917)
87.2636, (-6.895929, -1.086195, 1.918858), (-0.005576, -0.093270, -0.026023, 0.995285)
87.2775, (-6.901809, -1.079642, 1.915709), (-0.008456, -0.089362, -0.026600, 0.995608)
87.29141, (-6.910247, -1.070342, 1.912259), (-0.011884, -0.085754, -0.027057, 0.995878)
87.30531, (-6.918253, -1.060015, 1.909363), (-0.016326, -0.083017, -0.028246, 0.996014)
87.31934, (-6.930442, -1.049129, 1.906185), (-0.020932, -0.080433, -0.028907, 0.996121)
87.33351, (-6.938102, -1.043094, 1.903711), (-0.025796, -0.079341, -0.029942, 0.996064)
87.34726, (-6.949724, -1.032964, 1.896232), (-0.030122, -0.077200, -0.029235, 0.996132)
87.36122, (-6.956627, -1.017824, 1.889231), (-0.036221, -0.076208, -0.026843, 0.996072)
87.37498, (-6.965545, -0.998246, 1.885601), (-0.043354, -0.075693, -0.024397, 0.995890)
87.3894, (-6.977368, -0.978965, 1.883495), (-0.051851, -0.077597, -0.022832, 0.995374)
87.40263, (-6.988965, -0.962554, 1.881394), (-0.059414, -0.080606, -0.023517, 0.994696)
87.41621, (-7.001825, -0.946716, 1.879771), (-0.066703, -0.083947, -0.025157, 0.993917)
87.43024, (-7.012105, -0.930648, 1.878130), (-0.073729, -0.089716, -0.028089, 0.992837)
87.44394, (-7.019829, -0.918486, 1.880185), (-0.077986, -0.094312, -0.030005, 0.992030)
87.45792, (-7.024624, -0.908779, 1.883991), (-0.080856, -0.098554, -0.030198, 0.991382)
87.47171, (-7.032371, -0.896702, 1.890517), (-0.084329, -0.101176, -0.028641, 0.990874)
87.486, (-7.032535, -0.885965, 1.894444), (-0.090001, -0.105871, -0.027934, 0.989905)
87.49958, (-7.041001, -0.868720, 1.902409), (-0.093388, -0.108975, -0.029068, 0.989221)
87.51364, (-7.046768, -0.856934, 1.910150), (-0.097782, -0.113566, -0.030062, 0.988250)
87.52723, (-7.048061, -0.850923, 1.919284), (-0.101243, -0.117460, -0.033079, 0.987349)
87.54156, (-7.049723, -0.838571, 1.929735), (-0.104085, -0.120106, -0.034027, 0.986703)
87.55476, (-7.048510, -0.831783, 1.941026), (-0.108515, -0.121882, -0.035032, 0.985973)
87.56871, (-7.048000, -0.826323, 1.952771), (-0.111463, -0.123116, -0.035879, 0.985460)
87.58269, (-7.046292, -0.823169, 1.966771), (-0.113002, -0.124120, -0.037486, 0.985099)
87.59636, (-7.046031, -0.817703, 1.983307), (-0.114166, -0.125068, -0.038184, 0.984818)
87.61028, (-7.042470, -0.817242, 2.001902), (-0.114270, -0.125292, -0.040871, 0.984669)
87.62413, (-7.039136, -0.814477, 2.019369), (-0.113688, -0.125792, -0.042455, 0.984606)
87.63804, (-7.036893, -0.815283, 2.038777), (-0.112049, -0.125585, -0.043006, 0.984796)
87.6519, (-7.033322, -0.817114, 2.060918), (-0.108940, -0.125026, -0.043407, 0.985199)
87.66575, (-7.030282, -0.821694, 2.084797), (-0.106081, -0.125362, -0.044090, 0.985438)
87.67963, (-7.027030, -0.828978, 2.111370), (-0.102150, -0.126644, -0.045440, 0.985628)
87.69359, (-7.021557, -0.839684, 2.134791), (-0.097813, -0.126830, -0.046922, 0.985974)
87.70747, (-7.016259, -0.846579, 2.159879), (-0.093646, -0.127538, -0.048364, 0.986218)
87.72133, (-7.008348, -0.851575, 2.180910), (-0.089501, -0.128142, -0.048003, 0.986542)
87.73529, (-7.000083, -0.857558, 2.203178), (-0.084475, -0.127291, -0.048456, 0.987073)
87.74934, (-6.990594, -0.861532, 2.221324), (-0.078905, -0.127512, -0.047258, 0.987563)
87.76308, (-6.984271, -0.864352, 2.237883), (-0.075638, -0.128206, -0.045455, 0.987814)
87.77703, (-6.978443, -0.858251, 2.250712), (-0.074451, -0.131096, -0.043380, 0.987618)
87.79092, (-6.970379, -0.851917, 2.262616), (-0.073478, -0.135182, -0.044186, 0.987104)
87.80479, (-6.962121, -0.848404, 2.269171), (-0.075515, -0.142238, -0.045307, 0.985907)
87.81866, (-6.953568, -0.847734, 2.276593), (-0.076477, -0.149794, -0.046340, 0.984665)
87.83257, (-6.949596, -0.848161, 2.275877), (-0.075708, -0.158567, -0.050070, 0.983167)
87.84642, (-6.941826, -0.847327, 2.278038), (-0.074477, -0.167248, -0.052851, 0.981676)
87.86068, (-6.934866, -0.847390, 2.276914), (-0.072836, -0.176999, -0.057748, 0.979812)
87.87426, (-6.928356, -0.846943, 2.274067), (-0.070943, -0.186204, -0.061866, 0.977992)
87.88816, (-6.920527, -0.842578, 2.272552), (-0.068152, -0.196436, -0.064968, 0.975985)
87.90206, (-6.911889, -0.837364, 2.275071), (-0.066653, -0.207495, -0.067922, 0.973596)
87.91588, (-6.908352, -0.829294, 2.273944), (-0.065540, -0.217361, -0.071376, 0.971269)
87.92962, (-6.901430, -0.819731, 2.274621), (-0.064279, -0.228971, -0.076675, 0.968278)
87.94355, (-6.898949, -0.806135, 2.269488), (-0.063089, -0.240567, -0.081880, 0.965113)
87.95743, (-6.891765, -0.798293, 2.269179), (-0.062991, -0.252783, -0.086519, 0.961586)
87.97124, (-6.886730, -0.792824, 2.272098), (-0.061906, -0.265678, -0.089146, 0.957933)
87.98512, (-6.885154, -0.789261, 2.271797), (-0.061253, -0.276959, -0.091814, 0.954522)
87.99897, (-6.883609, -0.780537, 2.268422), (-0.059851, -0.287831, -0.094055, 0.951170)
88.01281, (-6.881404, -0.775623, 2.267153), (-0.057412, -0.299465, -0.096960, 0.947430)
88.02668, (-6.873349, -0.772315, 2.265721), (-0.053334, -0.311906, -0.094222, 0.943924)
88.04058, (-6.868832, -0.768046, 2.264150), (-0.050787, -0.322922, -0.090721, 0.940698)
88.05451, (-6.865083, -0.763655, 2.263904), (-0.049630, -0.333125, -0.087065, 0.937542)
88.06825, (-6.858492, -0.758278, 2.260664), (-0.050075, -0.343046, -0.084403, 0.934178)
88.08209, (-6.851531, -0.750327, 2.252728), (-0.051845, -0.353120, -0.082845, 0.930460)
88.09599, (-6.842550, -0.744109, 2.248288), (-0.053052, -0.364437, -0.082397, 0.926057)
88.10976, (-6.834668, -0.739806, 2.239650), (-0.053565, -0.376007, -0.081650, 0.921457)
88.12399, (-6.824361, -0.742680, 2.232008), (-0.053263, -0.388746, -0.081339, 0.916201)
88.13754, (-6.814207, -0.743847, 2.222713), (-0.051805, -0.401711, -0.080346, 0.910763)
88.15133, (-6.806268, -0.741770, 2.212884), (-0.050340, -0.413237, -0.079670, 0.905734)
88.16528, (-6.793573, -0.743297, 2.191304), (-0.046217, -0.430588, -0.077746, 0.898005)
88.17937, (-6.784753, -0.746180, 2.174024), (-0.043614, -0.446054, -0.076474, 0.890666)
88.19329, (-6.776093, -0.750899, 2.155426), (-0.039903, -0.464133, -0.074432, 0.881730)
88.20705, (-6.768598, -0.757434, 2.134943), (-0.035177, -0.483626, -0.073282, 0.871492)
88.22063, (-6.759863, -0.762447, 2.111155), (-0.030043, -0.502478, -0.071605, 0.861096)
88.23433, (-6.749376, -0.766281, 2.083537), (-0.023656, -0.524617, -0.069182, 0.848193)
88.24818, (-6.737309, -0.770466, 2.060853), (-0.018011, -0.546174, -0.067039, 0.834791)
88.26223, (-6.723608, -0.770016, 2.036943), (-0.011185, -0.566033, -0.064776, 0.821757)
88.27605, (-6.706104, -0.772127, 2.012987), (-0.006264, -0.584471, -0.060543, 0.809129)
88.28997, (-6.690578, -0.776503, 1.989700), (-0.002216, -0.601356, -0.056680, 0.796965)
88.30381, (-6.674198, -0.778178, 1.967638), (0.002716, -0.617635, -0.053257, 0.784655)
88.31763, (-6.650396, -0.776192, 1.947719), (0.004629, -0.630105, -0.049697, 0.774905)
88.3319, (-6.631102, -0.773677, 1.928400), (0.005699, -0.642858, -0.047829, 0.764469)
88.34557, (-6.614775, -0.772020, 1.914308), (0.005804, -0.653424, -0.048502, 0.755414)
88.35947, (-6.598802, -0.774959, 1.898746), (0.005750, -0.662884, -0.048026, 0.747158)
88.37345, (-6.579231, -0.774522, 1.887060), (0.007333, -0.671645, -0.046086, 0.739402)
88.38732, (-6.560093, -0.775130, 1.868957), (0.008839, -0.682054, -0.044279, 0.729907)
88.40151, (-6.540954, -0.770843, 1.857705), (0.010303, -0.686129, -0.043049, 0.726132)
88.41528, (-6.522063, -0.774701, 1.845859), (0.010643, -0.692967, -0.042599, 0.719631)
88.42918, (-6.505430, -0.777245, 1.835221), (0.011367, -0.699419, -0.041755, 0.713401)
88.4432, (-6.489895, -0.780163, 1.825392), (0.011366, -0.703895, -0.041169, 0.709019)
88.45706, (-6.471250, -0.782905, 1.814244), (0.011696, -0.708582, -0.041146, 0.704331)
88.47118, (-6.451897, -0.783817, 1.802605), (0.011418, -0.711706, -0.040926, 0.701192)
88.48463, (-6.432965, -0.787053, 1.791759), (0.010995, -0.714984, -0.040712, 0.697868)
88.4987, (-6.415189, -0.790186, 1.781351), (0.010236, -0.718628, -0.039830, 0.694178)
88.51244, (-6.395086, -0.800346, 1.771182), (0.009628, -0.720185, -0.040271, 0.692545)
88.52639, (-6.374355, -0.806818, 1.764981), (0.011292, -0.722886, -0.040164, 0.689706)
88.54031, (-6.352811, -0.815857, 1.756035), (0.011573, -0.725299, -0.040280, 0.687158)
88.55429, (-6.333597, -0.824497, 1.747917), (0.012170, -0.727313, -0.039878, 0.685038)
88.56815, (-6.313877, -0.831446, 1.738839), (0.012266, -0.729307, -0.039201, 0.682952)
88.5823, (-6.295825, -0.836148, 1.730965), (0.012727, -0.731861, -0.038867, 0.680226)
88.59608, (-6.277581, -0.843042, 1.721747), (0.012205, -0.734117, -0.039627, 0.677756)
88.61036, (-6.259794, -0.848774, 1.714996), (0.012209, -0.736484, -0.040587, 0.675126)
88.62429, (-6.242117, -0.853291, 1.708322), (0.011299, -0.738829, -0.040543, 0.672578)
88.63814, (-6.225800, -0.858164, 1.700668), (0.010560, -0.741228, -0.040128, 0.669970)
88.65215, (-6.211029, -0.865334, 1.697173), (0.010951, -0.744327, -0.039766, 0.666540)
88.66572, (-6.195943, -0.870632, 1.689192), (0.011532, -0.747061, -0.039272, 0.663495)
88.67943, (-6.182131, -0.874921, 1.681683), (0.013370, -0.749566, -0.039017, 0.660643)
88.69341, (-6.169983, -0.880462, 1.677397), (0.014758, -0.752084, -0.039162, 0.657737)
88.70731, (-6.158873, -0.881717, 1.672735), (0.016261, -0.754388, -0.038022, 0.655125)
88.72155, (-6.147326, -0.886049, 1.669868), (0.016803, -0.755988, -0.036878, 0.653330)
88.73557, (-6.138172, -0.884472, 1.664943), (0.018344, -0.758018, -0.034336, 0.651071)
88.74947, (-6.130461, -0.888635, 1.656702), (0.018833, -0.759755, -0.033935, 0.649050)
88.76352, (-6.123742, -0.890940, 1.652686), (0.020076, -0.761837, -0.033477, 0.646591)
88.77718, (-6.116717, -0.891571, 1.650108), (0.022072, -0.763825, -0.031382, 0.644282)
88.79119, (-6.106080, -0.897174, 1.645907), (0.023336, -0.764666, -0.029647, 0.643321)
88.80502, (-6.099059, -0.898980, 1.643911), (0.024892, -0.765522, -0.027952, 0.642321)
88.81892, (-6.092780, -0.900308, 1.642024), (0.026389, -0.766123, -0.026250, 0.641615)
88.83262, (-6.086206, -0.901344, 1.638231), (0.028039, -0.766554, -0.025336, 0.641067)
88.84639, (-6.080400, -0.903556, 1.636512), (0.029684, -0.767181, -0.024485, 0.640275)
88.8605, (-6.073137, -0.907861, 1.634509), (0.031288, -0.767110, -0.023076, 0.640337)
88.87448, (-6.062717, -0.912933, 1.635673), (0.031467, -0.765914, -0.021038, 0.641828)
88.88821, (-6.055090, -0.913427, 1.638347), (0.030466, -0.764765, -0.019743, 0.643286)
88.90208, (-6.047750, -0.915464, 1.638938), (0.029702, -0.764012, -0.018862, 0.644242)
88.91605, (-6.038827, -0.916809, 1.639557), (0.028878, -0.762461, -0.018090, 0.646137)
88.92993, (-6.028995, -0.921085, 1.640840), (0.029107, -0.761669, -0.017817, 0.647067)
88.94391, (-6.018719, -0.927550, 1.641461), (0.029141, -0.760806, -0.017231, 0.648096)
88.95822, (-6.005275, -0.936096, 1.643825), (0.029015, -0.759831, -0.016554, 0.649262)
88.97176, (-5.994020, -0.940611, 1.648504), (0.029732, -0.758623, -0.014753, 0.650684)
88.98561, (-5.983453, -0.946537, 1.656564), (0.029420, -0.756781, -0.012541, 0.652886)
88.99869, (-5.973062, -0.953763, 1.663738), (0.028066, -0.754671, -0.011407, 0.655404)
89.01266, (-5.962042, -0.961487, 1.670827), (0.027495, -0.752281, -0.010674, 0.658182)
89.02653, (-5.954053, -0.966305, 1.680693), (0.027735, -0.749725, -0.009678, 0.661097)
89.04035, (-5.946319, -0.968094, 1.691490), (0.028202, -0.746795, -0.007942, 0.664409)
89.05436, (-5.938835, -0.972018, 1.702576), (0.029206, -0.744320, -0.007011, 0.667148)
89.06823, (-5.928988, -0.977087, 1.722183), (0.028598, -0.740502, -0.006331, 0.671416)
89.0821, (-5.919869, -0.980234, 1.739375), (0.028239, -0.736481, -0.003851, 0.675857)
89.09607, (-5.913260, -0.980744, 1.761598), (0.029269, -0.732355, -0.001497, 0.680292)
89.10999, (-5.905565, -0.984523, 1.783167), (0.031038, -0.727224, -0.000172, 0.685698)
89.12381, (-5.893149, -0.986607, 1.803393), (0.032837, -0.722109, 0.001108, 0.690999)
89.13768, (-5.877451, -0.990272, 1.825826), (0.036430, -0.716642, 0.003047, 0.696483)
89.15173, (-5.861415, -0.996535, 1.850037), (0.040264, -0.710912, 0.005038, 0.702110)
89.16593, (-5.846040, -1.004344, 1.877204), (0.043852, -0.704587, 0.009296, 0.708201)
89.17936, (-5.829866, -1.014303, 1.900692), (0.046680, -0.697857, 0.013077, 0.714595)
89.19326, (-5.808778, -1.025648, 1.925808), (0.049301, -0.690770, 0.018101, 0.721164)
89.20734, (-5.786315, -1.035402, 1.949984), (0.051961, -0.683614, 0.023809, 0.727603)
89.22109, (-5.765418, -1.045879, 1.977167), (0.054459, -0.677111, 0.028569, 0.733307)
89.23532, (-5.744013, -1.059970, 2.000203), (0.054610, -0.670786, 0.031656, 0.738960)
89.24923, (-5.721282, -1.071799, 2.025494), (0.056117, -0.664938, 0.035742, 0.743930)
89.26289, (-5.695053, -1.089514, 2.048918), (0.056461, -0.659924, 0.042108, 0.748024)
89.27695, (-5.669394, -1.104087, 2.071343), (0.057642, -0.654303, 0.047348, 0.752544)
89.29056, (-5.648495, -1.116482, 2.096255), (0.057645, -0.650073, 0.049866, 0.756039)
89.30444, (-5.629857, -1.126028, 2.119038), (0.058636, -0.645588, 0.052813, 0.759598)
89.31873, (-5.606236, -1.141239, 2.141539), (0.059057, -0.641861, 0.056585, 0.762447)
89.33235, (-5.578331, -1.155611, 2.167539), (0.060041, -0.638312, 0.064495, 0.764718)
89.34628, (-5.553787, -1.170305, 2.189542), (0.060696, -0.633198, 0.069722, 0.768450)
89.36017, (-5.526836, -1.188737, 2.218034), (0.061245, -0.629611, 0.079168, 0.770436)
89.37407, (-5.507847, -1.194807, 2.243680), (0.063494, -0.626943, 0.080149, 0.772326)
89.38799, (-5.486863, -1.197994, 2.264361), (0.065523, -0.623648, 0.081428, 0.774687)
89.40199, (-5.458060, -1.199220, 2.285883), (0.067989, -0.621831, 0.080674, 0.776013)
89.41597, (-5.430937, -1.207354, 2.313154), (0.069260, -0.618783, 0.082542, 0.778137)
89.42986, (-5.399266, -1.212174, 2.342296), (0.069869, -0.615364, 0.085390, 0.780483)
89.44431, (-5.373669, -1.215392, 2.368854), (0.069067, -0.612438, 0.088617, 0.782494)
89.45792, (-5.345739, -1.218846, 2.391723), (0.068745, -0.609312, 0.090090, 0.784791)
89.47179, (-5.316060, -1.217308, 2.417305), (0.068338, -0.606841, 0.092816, 0.786422)
89.48576, (-5.286798, -1.218698, 2.439301), (0.068728, -0.604338, 0.095253, 0.788022)
89.49961, (-5.257013, -1.221123, 2.467993), (0.068238, -0.603096, 0.095698, 0.788962)
89.5135, (-5.230752, -1.218894, 2.490621), (0.067008, -0.600884, 0.096371, 0.790671)
89.52724, (-5.207877, -1.210850, 2.512993), (0.065764, -0.599823, 0.092068, 0.792093)
89.54128, (-5.178381, -1.217147, 2.539397), (0.064293, -0.599063, 0.090468, 0.792973)
89.55508, (-5.145981, -1.220559, 2.562124), (0.064392, -0.598237, 0.092091, 0.793401)
89.56877, (-5.117135, -1.222459, 2.587827), (0.065531, -0.596950, 0.095523, 0.793872)
89.58275, (-5.098475, -1.219614, 2.610093), (0.067627, -0.594924, 0.097092, 0.795025)
89.59685, (-5.074336, -1.223198, 2.632027), (0.062312, -0.595994, 0.095308, 0.794874)
89.61057, (-5.057630, -1.220105, 2.654418), (0.060692, -0.597275, 0.096434, 0.793902)
89.62431, (-5.041088, -1.224345, 2.670469), (0.056280, -0.598282, 0.099332, 0.793110)
89.63811, (-5.026429, -1.229144, 2.686594), (0.057298, -0.600127, 0.104795, 0.790938)
89.65202, (-5.008965, -1.241230, 2.703541), (0.055495, -0.601194, 0.110230, 0.789516)
89.66586, (-4.992294, -1.244889, 2.716959), (0.056562, -0.601165, 0.116173, 0.788610)
89.67976, (-4.973518, -1.249031, 2.729974), (0.056707, -0.601953, 0.119984, 0.787427)
89.69387, (-4.955857, -1.256871, 2.738200), (0.058174, -0.600599, 0.123625, 0.787791)
89.70766, (-4.936740, -1.262860, 2.753731), (0.058383, -0.602274, 0.127021, 0.785954)
89.7216, (-4.917893, -1.272818, 2.771168), (0.057964, -0.603654, 0.127003, 0.784928)
89.73545, (-4.896701, -1.273431, 2.784524), (0.060909, -0.603031, 0.126695, 0.785234)
89.74942, (-4.877592, -1.269448, 2.802081), (0.065285, -0.601770, 0.125282, 0.786076)
89.76331, (-4.860114, -1.273541, 2.815197), (0.066114, -0.598965, 0.123952, 0.788357)
89.77716, (-4.841937, -1.276641, 2.829470), (0.067237, -0.598427, 0.124928, 0.788516)
89.79116, (-4.824549, -1.282866, 2.842789), (0.067072, -0.596774, 0.123838, 0.789953)
89.80524, (-4.792876, -1.288854, 2.848846), (0.066340, -0.592568, 0.117763, 0.794099)
89.81892, (-4.772683, -1.292763, 2.861639), (0.067063, -0.591389, 0.117548, 0.794949)
89.83292, (-4.746480, -1.283948, 2.873106), (0.056200, -0.593968, 0.101734, 0.796049)
89.84669, (-4.725291, -1.285169, 2.884716), (0.055584, -0.593359, 0.099839, 0.796786)
89.86066, (-4.704101, -1.286387, 2.896326), (0.054968, -0.592748, 0.097944, 0.797519)
89.87473, (-4.682912, -1.287606, 2.907934), (0.054352, -0.592133, 0.096048, 0.798247)
89.8885, (-4.713261, -1.275395, 2.897037), (0.060633, -0.599145, 0.105467, 0.791344)
89.90231, (-4.705758, -1.278369, 2.900065), (0.058820, -0.599479, 0.106647, 0.791070)
89.91621, (-4.704424, -1.274139, 2.893218), (0.058298, -0.597411, 0.107126, 0.792607)
89.93022, (-4.699076, -1.266475, 2.885209), (0.059714, -0.592880, 0.105007, 0.796179)
89.94427, (-4.690266, -1.259716, 2.883511), (0.061967, -0.588980, 0.103734, 0.799063)
89.95776, (-4.682992, -1.256309, 2.887701), (0.063289, -0.584264, 0.102963, 0.802514)
89.97173, (-4.679113, -1.249772, 2.888682), (0.063298, -0.581441, 0.102415, 0.804631)
89.98547, (-4.664616, -1.249615, 2.892191), (0.060640, -0.580751, 0.095224, 0.806216)
89.99924, (-4.661123, -1.237292, 2.889511), (0.063329, -0.578952, 0.092379, 0.807632)
90.01303, (-4.656900, -1.233741, 2.893466), (0.066615, -0.576020, 0.089289, 0.809809)
90.02709, (-4.653219, -1.232387, 2.883497), (0.071480, -0.570383, 0.086641, 0.813663)
90.04099, (-4.653606, -1.236069, 2.881328), (0.073292, -0.566881, 0.084751, 0.816145)
90.05485, (-4.655552, -1.239791, 2.872722), (0.074348, -0.562176, 0.084258, 0.819348)
90.06876, (-4.652577, -1.239369, 2.873145), (0.075666, -0.561208, 0.083730, 0.819945)
90.08264, (-4.643661, -1.245406, 2.864659), (0.073409, -0.559106, 0.082757, 0.821683)
90.09647, (-4.639841, -1.243609, 2.851015), (0.072314, -0.556071, 0.082162, 0.823897)
90.11033, (-4.631264, -1.239793, 2.836670), (0.071731, -0.553392, 0.079042, 0.826053)
90.12417, (-4.629528, -1.235198, 2.824888), (0.072616, -0.550280, 0.078742, 0.828082)
90.13807, (-4.632825, -1.241889, 2.810258), (0.071445, -0.545064, 0.082266, 0.831284)
90.15207, (-4.629280, -1.253040, 2.807006), (0.071131, -0.540049, 0.086624, 0.834137)
90.16592, (-4.629248, -1.250540, 2.800247), (0.069431, -0.534937, 0.089954, 0.837215)
90.17984, (-4.632111, -1.237313, 2.792707), (0.064940, -0.532401, 0.087806, 0.839418)
90.19363, (-4.642403, -1.230254, 2.779444), (0.063539, -0.527323, 0.086666, 0.842842)
90.2075, (-4.649350, -1.234449, 2.770010), (0.058367, -0.522021, 0.083421, 0.846834)
90.22142, (-4.653528, -1.233898, 2.758595), (0.052915, -0.519022, 0.082522, 0.849121)
90.23527, (-4.654712, -1.215478, 2.745243), (0.055306, -0.514610, 0.081436, 0.851755)
90.2496, (-4.656844, -1.212322, 2.727957), (0.055876, -0.510138, 0.082236, 0.854327)
90.26311, (-4.660561, -1.209366, 2.716279), (0.055455, -0.505859, 0.081240, 0.856990)
90.27695, (-4.663763, -1.207310, 2.700205), (0.053522, -0.502250, 0.080195, 0.859331)
90.29096, (-4.666090, -1.202886, 2.688205), (0.052853, -0.498363, 0.078641, 0.861775)
90.30486, (-4.670990, -1.197358, 2.676003), (0.053690, -0.494211, 0.077599, 0.864206)
90.31873, (-4.674170, -1.186990, 2.670784), (0.053827, -0.492753, 0.072938, 0.865435)
90.33266, (-4.680481, -1.178100, 2.661745), (0.053942, -0.488891, 0.070359, 0.867828)
90.34676, (-4.681386, -1.184645, 2.654168), (0.048659, -0.486900, 0.065567, 0.869633)
90.36034, (-4.685606, -1.184307, 2.644398), (0.047348, -0.483614, 0.066239, 0.871486)
90.37406, (-4.685485, -1.185921, 2.633066), (0.046253, -0.482650, 0.066858, 0.872032)
90.38802, (-4.682876, -1.180605, 2.620497), (0.047488, -0.483095, 0.066117, 0.871776)
90.40219, (-4.687020, -1.181227, 2.609688), (0.047457, -0.484589, 0.065358, 0.871005)
90.41575, (-4.699728, -1.178949, 2.604641), (0.048730, -0.483841, 0.063767, 0.871469)
90.4296, (-4.711375, -1.176112, 2.596750), (0.047781, -0.479341, 0.060225, 0.874255)
90.44349, (-4.722382, -1.177742, 2.595513), (0.047459, -0.474663, 0.056738, 0.877054)
90.45737, (-4.722988, -1.190928, 2.592911), (0.043166, -0.468104, 0.057266, 0.880759)
90.47131, (-4.718346, -1.188300, 2.595760), (0.041191, -0.466951, 0.057346, 0.881460)
90.48521, (-4.717975, -1.183211, 2.587051), (0.041531, -0.465549, 0.058478, 0.882111)
90.49899, (-4.724751, -1.180272, 2.589865), (0.040266, -0.465745, 0.058623, 0.882057)
90.51318, (-4.739720, -1.190614, 2.596092), (0.037017, -0.463489, 0.060094, 0.883287)
90.52733, (-4.754482, -1.190037, 2.603045), (0.032078, -0.463756, 0.058321, 0.883459)
90.54095, (-4.760329, -1.195798, 2.598404), (0.031176, -0.461963, 0.060843, 0.884260)
90.55525, (-4.763647, -1.194758, 2.598060), (0.032629, -0.462713, 0.062382, 0.883709)
90.56866, (-4.766576, -1.192713, 2.602953), (0.033168, -0.463915, 0.061499, 0.883120)
90.58251, (-4.771224, -1.200444, 2.612316), (0.033323, -0.463469, 0.059976, 0.883453)
90.59628, (-4.769013, -1.208340, 2.617737), (0.030875, -0.460721, 0.059463, 0.885012)
90.61024, (-4.766042, -1.209199, 2.623298), (0.031469, -0.458316, 0.060555, 0.886165)
90.62421, (-4.761811, -1.213868, 2.625598), (0.034897, -0.453185, 0.061865, 0.888582)
90.6379, (-4.764439, -1.208142, 2.621157), (0.038592, -0.450608, 0.060650, 0.889823)
90.65168, (-4.765543, -1.204736, 2.618481), (0.040286, -0.450681, 0.055989, 0.890016)
90.66554, (-4.770495, -1.206118, 2.623600), (0.040729, -0.450462, 0.050715, 0.890423)
90.67948, (-4.771939, -1.204376, 2.629007), (0.041129, -0.452234, 0.045419, 0.889792)
90.69347, (-4.770460, -1.198254, 2.657714), (0.039435, -0.450756, 0.043736, 0.890703)
90.70732, (-4.766671, -1.197448, 2.674732), (0.037427, -0.449467, 0.043059, 0.891473)
90.72123, (-4.760567, -1.191541, 2.689524), (0.036087, -0.448141, 0.044625, 0.892119)
90.73508, (-4.750758, -1.182458, 2.691791), (0.035453, -0.447941, 0.043550, 0.892298)
90.74898, (-4.752201, -1.167541, 2.699668), (0.038339, -0.447996, 0.042091, 0.892221)
90.7629, (-4.754872, -1.167551, 2.710600), (0.039466, -0.445825, 0.039231, 0.893389)
90.77679, (-4.758630, -1.159579, 2.724448), (0.037515, -0.440808, 0.037086, 0.896050)
90.79073, (-4.754273, -1.154230, 2.743238), (0.035201, -0.436728, 0.036568, 0.898161)
90.8046, (-4.747185, -1.142403, 2.749763), (0.030745, -0.431099, 0.036556, 0.901040)
90.81839, (-4.734371, -1.122499, 2.758930), (0.030434, -0.428919, 0.035123, 0.902147)
90.83241, (-4.727711, -1.096578, 2.767809), (0.034027, -0.426516, 0.035795, 0.903131)
90.84653, (-4.727342, -1.068552, 2.781347), (0.038077, -0.422596, 0.034992, 0.904842)
90.86067, (-4.731498, -1.047498, 2.804420), (0.040533, -0.418197, 0.035409, 0.906760)
90.87452, (-4.733606, -1.035180, 2.830855), (0.036452, -0.413065, 0.036840, 0.909226)
90.88803, (-4.730211, -1.018772, 2.864087), (0.026907, -0.408925, 0.036900, 0.911425)
90.90199, (-4.726679, -0.992862, 2.893907), (0.017985, -0.404192, 0.033806, 0.913872)
90.91577, (-4.720565, -0.967473, 2.924566), (0.013179, -0.400254, 0.033475, 0.915698)
90.92994, (-4.711731, -0.948966, 2.947323), (0.004826, -0.397803, 0.033888, 0.916832)
90.94376, (-4.703176, -0.937290, 2.971350), (-0.000302, -0.396050, 0.034129, 0.917594)
90.95725, (-4.696859, -0.920786, 2.997283), (-0.000330, -0.395808, 0.037981, 0.917548)
90.97112, (-4.688910, -0.914025, 3.016377), (-0.004642, -0.392769, 0.040277, 0.918743)
90.985, (-4.678689, -0.890676, 3.039852), (-0.002856, -0.391451, 0.042639, 0.919206)
90.99886, (-4.667339, -0.876621, 3.059032), (-0.003169, -0.390393, 0.043735, 0.919603)
91.01286, (-4.657597, -0.855475, 3.081116), (-0.002051, -0.390040, 0.043612, 0.919762)
91.02674, (-4.649406, -0.845000, 3.104493), (-0.001580, -0.390277, 0.045812, 0.919556)
91.04061, (-4.650707, -0.828395, 3.132414), (0.000802, -0.389592, 0.048755, 0.919696)
91.05447, (-4.642435, -0.815611, 3.155931), (0.000294, -0.390146, 0.051848, 0.919292)
91.0685, (-4.634199, -0.803531, 3.182517), (-0.002302, -0.390949, 0.053912, 0.918829)
91.08226, (-4.627181, -0.784404, 3.205752), (-0.004442, -0.391126, 0.058437, 0.918469)
91.09621, (-4.620213, -0.764333, 3.230959), (-0.006022, -0.391470, 0.063162, 0.918001)
91.11018, (-4.621517, -0.748015, 3.259706), (-0.007920, -0.392907, 0.065168, 0.917232)
91.12407, (-4.628273, -0.728395, 3.284013), (-0.009442, -0.392953, 0.067273, 0.917046)
91.13794, (-4.639993, -0.708464, 3.311640), (-0.012806, -0.393814, 0.067133, 0.916646)
91.15177, (-4.643897, -0.694189, 3.344212), (-0.018167, -0.395971, 0.067891, 0.915570)
91.16573, (-4.688112, -0.697660, 3.369102), (-0.024022, -0.391709, 0.047055, 0.918571)
91.17988, (-4.706347, -0.696210, 3.403903), (-0.033577, -0.395527, 0.040549, 0.916944)
91.19347, (-4.723142, -0.692959, 3.439717), (-0.042421, -0.400445, 0.037741, 0.914560)
91.20725, (-4.747437, -0.679519, 3.421883), (-0.043270, -0.388607, 0.045946, 0.919240)
91.22112, (-4.735709, -0.644877, 3.483477), (-0.037217, -0.391136, 0.043352, 0.918558)
91.23509, (-4.752261, -0.629958, 3.496966), (-0.035202, -0.388071, 0.043279, 0.919940)
91.2489, (-4.765687, -0.619592, 3.511653), (-0.031911, -0.388046, 0.048483, 0.919811)
91.26276, (-4.776151, -0.609772, 3.539011), (-0.031187, -0.391297, 0.053829, 0.918159)
91.27656, (-4.791933, -0.595435, 3.564296), (-0.029870, -0.393718, 0.056720, 0.916993)
91.29044, (-4.802429, -0.587307, 3.588600), (-0.031253, -0.396010, 0.058215, 0.915866)
91.30437, (-4.813792, -0.572286, 3.611904), (-0.030486, -0.396405, 0.062041, 0.915470)
91.31822, (-4.825094, -0.569762, 3.632677), (-0.031804, -0.393302, 0.068011, 0.916339)
91.33208, (-4.835886, -0.561917, 3.654077), (-0.032283, -0.392434, 0.070973, 0.916469)
91.34608, (-4.845190, -0.551838, 3.678498), (-0.031819, -0.391818, 0.074534, 0.916466)
91.36022, (-4.855142, -0.550479, 3.703782), (-0.027937, -0.388720, 0.076494, 0.917750)
91.37404, (-4.868152, -0.558684, 3.730898), (-0.027384, -0.386075, 0.079070, 0.918664)
91.38815, (-4.886758, -0.574307, 3.764110), (-0.027606, -0.386527, 0.078303, 0.918533)
91.40184, (-4.900583, -0.578126, 3.789932), (-0.024261, -0.387931, 0.077540, 0.918101)
91.4159, (-4.914847, -0.591927, 3.822732), (-0.019820, -0.390523, 0.074073, 0.917394)
91.42931, (-4.930570, -0.609002, 3.855715), (-0.019335, -0.391350, 0.071578, 0.917250)
91.44304, (-4.948046, -0.620991, 3.886440), (-0.017367, -0.390129, 0.068024, 0.918080)
91.45686, (-4.966173, -0.627604, 3.919323), (-0.013482, -0.388045, 0.064601, 0.919275)
91.47079, (-4.984552, -0.635169, 3.953389), (-0.009209, -0.386156, 0.062472, 0.920270)
91.4851, (-5.000411, -0.648725, 3.992435), (-0.006196, -0.385847, 0.059991, 0.920589)
91.4987, (-5.016972, -0.662743, 4.030548), (-0.003630, -0.386882, 0.058675, 0.920254)
91.51257, (-5.034314, -0.672962, 4.068191), (-0.001133, -0.388785, 0.057686, 0.919520)
91.5265, (-5.049200, -0.679437, 4.109235), (0.001696, -0.392634, 0.056019, 0.917986)
91.5404, (-5.064496, -0.690569, 4.149640), (0.003180, -0.396056, 0.055014, 0.916572)
91.55472, (-5.079919, -0.700386, 4.191283), (0.003290, -0.400760, 0.054934, 0.914529)
91.56852, (-5.095381, -0.709902, 4.227406), (0.002932, -0.403227, 0.053741, 0.913516)
91.58237, (-5.113026, -0.714678, 4.261128), (0.002737, -0.403942, 0.053368, 0.913223)
91.59638, (-5.128879, -0.720267, 4.298368), (0.002496, -0.404202, 0.052266, 0.913172)
91.61025, (-5.143476, -0.727934, 4.331176), (0.001073, -0.403338, 0.052290, 0.913555)
91.62409, (-5.157109, -0.732706, 4.360131), (0.000888, -0.404999, 0.052635, 0.912800)
91.63801, (-5.167997, -0.734870, 4.386171), (0.002531, -0.407991, 0.051062, 0.911553)
91.65176, (-5.180981, -0.733765, 4.410891), (0.005327, -0.410146, 0.050370, 0.910612)
91.66562, (-5.192991, -0.735917, 4.438272), (0.007458, -0.411374, 0.050342, 0.910045)
91.67953, (-5.203044, -0.740579, 4.466008), (0.006744, -0.411360, 0.050573, 0.910044)
91.69335, (-5.210485, -0.743084, 4.488244), (0.004314, -0.409958, 0.050678, 0.910685)
91.70773, (-5.218028, -0.743271, 4.507227), (0.003101, -0.409191, 0.051371, 0.910996)
91.7211, (-5.224103, -0.738905, 4.525606), (0.004384, -0.408557, 0.053464, 0.911155)
91.73518, (-5.226965, -0.736694, 4.545029), (0.006530, -0.408365, 0.055412, 0.911112)
91.7487, (-5.233047, -0.734164, 4.562749), (0.009110, -0.408261, 0.058659, 0.910933)
91.76263, (-5.236790, -0.735596, 4.582089), (0.009245, -0.408870, 0.059884, 0.910579)
91.77686, (-5.240608, -0.740107, 4.596897), (0.007494, -0.409334, 0.059691, 0.910399)
91.79041, (-5.248158, -0.733657, 4.612422), (0.009978, -0.409257, 0.060742, 0.910340)
91.80428, (-5.252065, -0.733969, 4.630951), (0.010658, -0.408698, 0.059153, 0.910688)
91.81823, (-5.255699, -0.735637, 4.649431), (0.009946, -0.407677, 0.058446, 0.911200)
91.83219, (-5.261095, -0.737312, 4.665624), (0.008474, -0.405834, 0.058924, 0.912006)
91.84599, (-5.266833, -0.736632, 4.679600), (0.008080, -0.405168, 0.059313, 0.912280)
91.86013, (-5.270018, -0.734198, 4.695297), (0.010254, -0.405681, 0.058167, 0.912105)
91.87385, (-5.272459, -0.730764, 4.712160), (0.012696, -0.406247, 0.057223, 0.911881)
91.88779, (-5.275440, -0.728667, 4.730007), (0.014387, -0.405966, 0.057671, 0.911953)
91.90163, (-5.278400, -0.729325, 4.749263), (0.013968, -0.405932, 0.058574, 0.911918)
91.91555, (-5.282936, -0.726488, 4.768120), (0.013221, -0.406599, 0.059783, 0.911553)
91.92959, (-5.285319, -0.727360, 4.787618), (0.010842, -0.408706, 0.059116, 0.910685)
91.94335, (-5.287724, -0.723707, 4.805927), (0.009808, -0.411032, 0.058377, 0.909697)
91.95727, (-5.291259, -0.717078, 4.822942), (0.009870, -0.413541, 0.057676, 0.908603)
91.97115, (-5.292540, -0.716858, 4.838764), (0.005700, -0.414982, 0.057507, 0.907992)
91.98505, (-5.295029, -0.715941, 4.852237), (0.002096, -0.415184, 0.058191, 0.907872)
91.99895, (-5.297456, -0.708380, 4.863182), (0.000311, -0.415768, 0.058824, 0.907567)
92.01291, (-5.298481, -0.703017, 4.875985), (0.000951, -0.416462, 0.058243, 0.907285)
92.02666, (-5.298291, -0.699948, 4.883957), (0.000960, -0.417649, 0.058860, 0.906700)
92.04057, (-5.295856, -0.694593, 4.892652), (0.002970, -0.417920, 0.058659, 0.906583)
92.05443, (-5.294979, -0.690310, 4.897539), (0.003746, -0.417647, 0.060188, 0.906606)
92.06831, (-5.293097, -0.685308, 4.905601), (0.004644, -0.417424, 0.061014, 0.906649)
92.08239, (-5.291183, -0.682102, 4.912539), (0.005864, -0.416774, 0.061672, 0.906897)
92.09605, (-5.288792, -0.680494, 4.918016), (0.006229, -0.417251, 0.062845, 0.906594)
92.11006, (-5.287864, -0.678661, 4.922550), (0.007501, -0.417591, 0.062959, 0.906420)
92.1245, (-5.286048, -0.677862, 4.927847), (0.007467, -0.418462, 0.062436, 0.906055)
92.13834, (-5.284945, -0.677710, 4.932811), (0.006758, -0.418695, 0.061336, 0.906028)
92.15225, (-5.283864, -0.676649, 4.936912), (0.004964, -0.418210, 0.060222, 0.906338)
92.16632, (-5.281669, -0.675521, 4.939174), (0.004217, -0.417413, 0.059694, 0.906745)
92.18003, (-5.279953, -0.672206, 4.942756), (0.005465, -0.417386, 0.059945, 0.906734)
92.194, (-5.277851, -0.672853, 4.947659), (0.006392, -0.418118, 0.059358, 0.906429)
92.20751, (-5.276417, -0.669435, 4.951304), (0.007131, -0.418850, 0.058740, 0.906126)
92.2217, (-5.273319, -0.670053, 4.957332), (0.006409, -0.419573, 0.057678, 0.905865)
92.23572, (-5.269341, -0.667599, 4.960117), (0.005096, -0.419651, 0.057870, 0.905825)
92.24947, (-5.266711, -0.662725, 4.961683), (0.005733, -0.419035, 0.058789, 0.906047)
92.26341, (-5.263439, -0.658068, 4.967567), (0.006505, -0.418811, 0.059589, 0.906093)
92.27751, (-5.261600, -0.659893, 4.976483), (0.004987, -0.419327, 0.060308, 0.905816)
92.29119, (-5.256702, -0.662320, 4.984194), (0.002611, -0.420460, 0.060007, 0.905321)
92.30508, (-5.251364, -0.664109, 4.988794), (-0.000996, -0.421884, 0.059649, 0.904685)
92.31896, (-5.249104, -0.661974, 4.988079), (-0.002018, -0.422380, 0.061372, 0.904337)
92.33283, (-5.246871, -0.660329, 4.987885), (-0.000926, -0.422919, 0.062214, 0.904029)
92.34676, (-5.244478, -0.659993, 4.987243), (0.000879, -0.422831, 0.061558, 0.904115)
92.36085, (-5.242272, -0.663132, 4.985768), (0.003115, -0.422028, 0.061128, 0.904514)
92.37463, (-5.240093, -0.667222, 4.983501), (0.003894, -0.421251, 0.060584, 0.904910)
92.38848, (-5.238123, -0.670846, 4.982704), (0.004179, -0.420662, 0.058732, 0.905305)
92.40251, (-5.236674, -0.674774, 4.983081), (0.003864, -0.419571, 0.056462, 0.905957)
92.41662, (-5.234187, -0.678890, 4.981361), (0.002650, -0.417835, 0.055485, 0.906823)
92.43027, (-5.231930, -0.679891, 4.978198), (0.002765, -0.415997, 0.055487, 0.907667)
92.44444, (-5.227466, -0.683478, 4.973965), (0.003295, -0.414366, 0.055430, 0.908415)
92.4582, (-5.223958, -0.683188, 4.972520), (0.005518, -0.413568, 0.055030, 0.908792)
92.47179, (-5.221039, -0.683554, 4.974115), (0.007625, -0.412300, 0.055207, 0.909342)
92.48572, (-5.217765, -0.688068, 4.973329), (0.008004, -0.410767, 0.055490, 0.910015)
92.4995, (-5.213109, -0.689185, 4.977514), (0.007985, -0.409229, 0.057012, 0.910614)
92.51328, (-5.208883, -0.690708, 4.978415), (0.006836, -0.408528, 0.059573, 0.910774)
92.52678, (-5.205693, -0.691847, 4.978386), (0.007513, -0.408356, 0.062458, 0.910653)
92.54083, (-5.201276, -0.694574, 4.981285), (0.008173, -0.409969, 0.063857, 0.909825)
92.5546, (-5.198899, -0.696816, 4.982378), (0.009372, -0.410833, 0.064715, 0.909363)
92.56898, (-5.198319, -0.700376, 4.984846), (0.009602, -0.412893, 0.063742, 0.908496)
92.58303, (-5.198217, -0.708106, 4.984420), (0.007576, -0.413015, 0.062320, 0.908558)
92.59681, (-5.199543, -0.710337, 4.983932), (0.007318, -0.412439, 0.061316, 0.908890)
92.61073, (-5.199139, -0.714238, 4.983682), (0.006617, -0.411057, 0.057951, 0.909742)
92.62539, (-5.199053, -0.715588, 4.982790), (0.007069, -0.410074, 0.056821, 0.910253)
92.63857, (-5.197324, -0.716465, 4.982715), (0.008130, -0.409659, 0.055019, 0.910542)
92.65262, (-5.195475, -0.718858, 4.984176), (0.010004, -0.409712, 0.053896, 0.910566)
92.66639, (-5.194259, -0.718830, 4.986311), (0.010890, -0.410656, 0.051821, 0.910251)
92.68034, (-5.192086, -0.719404, 4.988960), (0.009917, -0.411319, 0.050407, 0.910043)
92.69415, (-5.188708, -0.719647, 4.991032), (0.008633, -0.411277, 0.050330, 0.910079)
92.70795, (-5.184096, -0.718956, 4.993658), (0.007939, -0.410711, 0.051099, 0.910298)
92.7218, (-5.176235, -0.713649, 4.999148), (0.008169, -0.410431, 0.052233, 0.910358)
92.73551, (-5.170562, -0.715281, 5.003477), (0.008122, -0.410489, 0.053563, 0.910255)
92.74938, (-5.165637, -0.716639, 5.005769), (0.008098, -0.411881, 0.055954, 0.909482)
92.76326, (-5.160995, -0.717113, 5.006889), (0.008153, -0.413266, 0.057197, 0.908776)
92.77711, (-5.157290, -0.716988, 5.006099), (0.008287, -0.414422, 0.058035, 0.908195)
92.79092, (-5.154376, -0.717269, 5.004562), (0.008655, -0.414961, 0.058212, 0.907934)
92.80496, (-5.153264, -0.717869, 5.002606), (0.009555, -0.414191, 0.057996, 0.908290)
92.81933, (-5.151011, -0.721252, 5.001059), (0.008863, -0.413905, 0.057395, 0.908466)
92.83259, (-5.148367, -0.723163, 4.998768), (0.008632, -0.413782, 0.056894, 0.908555)
92.84656, (-5.145352, -0.724319, 4.997564), (0.008631, -0.413928, 0.056983, 0.908483)
92.86076, (-5.142338, -0.725477, 4.996359), (0.008629, -0.414075, 0.057072, 0.908411)
92.87451, (-5.139325, -0.726633, 4.995153), (0.008628, -0.414221, 0.057161, 0.908339)
92.88833, (-5.145887, -0.723341, 4.984819), (0.008049, -0.414621, 0.050509, 0.908556)
92.90244, (-5.143543, -0.720888, 4.980790), (0.008196, -0.414227, 0.051749, 0.908664)
92.91626, (-5.142360, -0.717901, 4.975265), (0.009628, -0.415368, 0.052766, 0.908071)
92.93018, (-5.143695, -0.714448, 4.970811), (0.012068, -0.416624, 0.053490, 0.907424)
92.94425, (-5.144683, -0.711924, 4.967190), (0.013512, -0.417674, 0.053606, 0.906914)
92.958, (-5.146617, -0.713202, 4.962993), (0.013715, -0.418528, 0.053467, 0.906525)
92.9724, (-5.149551, -0.712731, 4.959532), (0.013223, -0.418783, 0.053288, 0.906425)
92.98607, (-5.152808, -0.713595, 4.955486), (0.012339, -0.418957, 0.053397, 0.906351)
92.99989, (-5.155564, -0.713810, 4.951340), (0.011441, -0.419239, 0.053032, 0.906254)
93.01377, (-5.159069, -0.712798, 4.949106), (0.010720, -0.419834, 0.051860, 0.906055)
93.02769, (-5.161386, -0.712729, 4.944408), (0.008663, -0.420192, 0.051473, 0.905933)
93.04177, (-5.163713, -0.710683, 4.938929), (0.006875, -0.420242, 0.051876, 0.905902)
93.05518, (-5.165763, -0.707544, 4.933164), (0.005761, -0.420553, 0.052582, 0.905725)
93.0694, (-5.167765, -0.705162, 4.926109), (0.006570, -0.420772, 0.053761, 0.905548)
93.08347, (-5.168612, -0.703714, 4.919662), (0.007332, -0.421922, 0.054874, 0.904941)
93.0965, (-5.168404, -0.702411, 4.913813), (0.009148, -0.423364, 0.055109, 0.904236)
93.11069, (-5.169475, -0.702570, 4.906346), (0.009912, -0.424126, 0.055258, 0.903861)
93.12469, (-5.170297, -0.703646, 4.901633), (0.010080, -0.424040, 0.055518, 0.903884)
93.1388, (-5.170829, -0.707227, 4.895564), (0.008710, -0.423184, 0.056391, 0.904245)
93.15254, (-5.170327, -0.708122, 4.890030), (0.008242, -0.423153, 0.057068, 0.904222)
93.16641, (-5.170119, -0.705956, 4.882241), (0.009900, -0.422908, 0.057473, 0.904294)
93.18012, (-5.169220, -0.707376, 4.877126), (0.010675, -0.423395, 0.057452, 0.904059)
93.19389, (-5.168974, -0.708540, 4.871135), (0.010942, -0.423740, 0.057849, 0.903868)
93.20727, (-5.168804, -0.709112, 4.864904), (0.011222, -0.423953, 0.058222, 0.903741)
93.22118, (-5.167952, -0.714879, 4.858741), (0.010883, -0.425369, 0.056886, 0.903165)
93.23557, (-5.165923, -0.715814, 4.849058), (0.012244, -0.425715, 0.054658, 0.903122)
93.24962, (-5.164267, -0.715057, 4.839939), (0.013742, -0.425396, 0.053248, 0.903335)
93.26295, (-5.164069, -0.713183, 4.832577), (0.015959, -0.424378, 0.052443, 0.903824)
93.27738, (-5.163006, -0.713018, 4.828122), (0.017100, -0.423934, 0.051987, 0.904038)
93.29063, (-5.160265, -0.714811, 4.826286), (0.016916, -0.423736, 0.050558, 0.904216)
93.30471, (-5.160477, -0.716168, 4.821859), (0.015163, -0.424193, 0.051508, 0.903979)
93.31841, (-5.158492, -0.717024, 4.818031), (0.014362, -0.425435, 0.050505, 0.903465)
93.33239, (-5.157050, -0.714461, 4.814887), (0.014823, -0.426980, 0.048434, 0.902841)
93.3463, (-5.155740, -0.715480, 4.810465), (0.014054, -0.427539, 0.047453, 0.902641)
93.36015, (-5.155414, -0.715193, 4.805837), (0.012843, -0.427264, 0.048137, 0.902753)
93.37421, (-5.155018, -0.714924, 4.799098), (0.012004, -0.426222, 0.049703, 0.903172)
93.38831, (-5.154272, -0.713338, 4.791925), (0.012568, -0.426478, 0.050459, 0.903002)
93.40176, (-5.154935, -0.710607, 4.785183), (0.014226, -0.427735, 0.050508, 0.902380)
93.41578, (-5.156665, -0.708445, 4.778315), (0.015365, -0.428733, 0.050401, 0.901894)
93.42959, (-5.158624, -0.710429, 4.769766), (0.014054, -0.429889, 0.050608, 0.901353)
93.44348, (-5.160325, -0.711798, 4.762031), (0.012733, -0.430890, 0.049919, 0.900933)
93.45734, (-5.162950, -0.713369, 4.751701), (0.012261, -0.431227, 0.049815, 0.900784)
93.47126, (-5.165848, -0.712676, 4.740355), (0.012956, -0.431117, 0.049207, 0.900860)
93.48535, (-5.168723, -0.709987, 4.730157), (0.014487, -0.430528, 0.048079, 0.901180)
93.49949, (-5.172019, -0.712220, 4.719181), (0.014245, -0.429316, 0.048660, 0.901730)
93.51305, (-5.174180, -0.711173, 4.708185), (0.014115, -0.429120, 0.049219, 0.901795)
93.52711, (-5.176604, -0.710361, 4.700137), (0.014224, -0.429144, 0.049826, 0.901749)
93.54083, (-5.179315, -0.709416, 4.690933), (0.014049, -0.429843, 0.050532, 0.901379)
93.55454, (-5.181240, -0.708071, 4.681924), (0.014375, -0.430266, 0.050798, 0.901157)
93.56839, (-5.184693, -0.707121, 4.673048), (0.014216, -0.430308, 0.051548, 0.901097)
93.58234, (-5.187579, -0.705669, 4.663550), (0.013475, -0.430492, 0.053177, 0.900926)
93.59621, (-5.191740, -0.704491, 4.653615), (0.013040, -0.430337, 0.054442, 0.900931)
93.61012, (-5.195417, -0.703496, 4.644158), (0.013228, -0.430717, 0.054915, 0.900718)
93.62406, (-5.200226, -0.701164, 4.632420), (0.014174, -0.430809, 0.055311, 0.900635)
93.63791, (-5.204763, -0.699519, 4.622777), (0.015457, -0.430691, 0.055046, 0.900686)
93.65177, (-5.209449, -0.701007, 4.614586), (0.015176, -0.430377, 0.054493, 0.900875)
93.6658, (-5.214586, -0.703017, 4.607498), (0.013428, -0.429855, 0.054869, 0.901129)
93.68011, (-5.218747, -0.706629, 4.598995), (0.011789, -0.430105, 0.055059, 0.901021)
93.69383, (-5.222518, -0.706316, 4.586405), (0.011564, -0.431146, 0.054901, 0.900536)
93.70776, (-5.225804, -0.705205, 4.574181), (0.013586, -0.432411, 0.054045, 0.899953)
93.72152, (-5.228469, -0.704042, 4.563704), (0.016013, -0.433310, 0.052588, 0.899567)
93.73531, (-5.232334, -0.706177, 4.554750), (0.016206, -0.432202, 0.052243, 0.900117)
93.74934, (-5.236924, -0.707455, 4.544021), (0.014417, -0.430397, 0.054061, 0.900904)
93.76312, (-5.240028, -0.708474, 4.532556), (0.013749, -0.429004, 0.054448, 0.901556)
93.77674, (-5.242733, -0.706365, 4.522894), (0.014084, -0.428146, 0.054159, 0.901975)
93.79064, (-5.245718, -0.705408, 4.513378), (0.014002, -0.428094, 0.054504, 0.901981)
93.8046, (-5.248563, -0.703937, 4.503359), (0.013792, -0.427980, 0.054934, 0.902012)
93.81846, (-5.250970, -0.701908, 4.493336), (0.014110, -0.427887, 0.055989, 0.901986)
93.83288, (-5.254543, -0.697755, 4.481181), (0.015813, -0.427662, 0.058034, 0.901936)
93.84641, (-5.256573, -0.694839, 4.472270), (0.017414, -0.427889, 0.058607, 0.901761)
93.86016, (-5.259625, -0.694549, 4.465949), (0.017877, -0.427727, 0.058436, 0.901840)
93.87395, (-5.263723, -0.694027, 4.459985), (0.016877, -0.427491, 0.058909, 0.901940)
93.88786, (-5.267486, -0.692849, 4.453807), (0.015412, -0.427083, 0.059272, 0.902136)
93.90179, (-5.270650, -0.695195, 4.448207), (0.012851, -0.427275, 0.059368, 0.902079)
93.91571, (-5.273719, -0.695589, 4.442194), (0.010844, -0.427827, 0.058855, 0.901877)
93.92955, (-5.275686, -0.697333, 4.434728), (0.009573, -0.428302, 0.058005, 0.901721)
93.94349, (-5.278119, -0.695242, 4.425715), (0.010221, -0.428413, 0.058093, 0.901656)
93.95738, (-5.278902, -0.694506, 4.417346), (0.011440, -0.428244, 0.057327, 0.901770)
93.9713, (-5.280187, -0.695064, 4.407688), (0.011296, -0.427239, 0.057396, 0.902244)
93.98553, (-5.281541, -0.695092, 4.399702), (0.010998, -0.426555, 0.057708, 0.902552)
93.99911, (-5.282427, -0.697452, 4.393032), (0.010173, -0.425546, 0.058264, 0.903002)
94.01298, (-5.284058, -0.695853, 4.385371), (0.010203, -0.425017, 0.059115, 0.903196)
94.02694, (-5.283813, -0.695663, 4.377293), (0.010477, -0.424880, 0.060253, 0.903181)
94.04066, (-5.283667, -0.697173, 4.367315), (0.010647, -0.424840, 0.061272, 0.903130)
94.05459, (-5.283185, -0.698869, 4.358078), (0.010944, -0.425261, 0.060947, 0.902950)
94.06854, (-5.283298, -0.701804, 4.350800), (0.010373, -0.424671, 0.061071, 0.903226)
94.08256, (-5.285231, -0.704738, 4.339118), (0.008044, -0.423261, 0.063429, 0.903749)
94.09628, (-5.286107, -0.704341, 4.327093), (0.007951, -0.422655, 0.065481, 0.903887)
94.11021, (-5.286635, -0.704376, 4.312532), (0.009261, -0.423154, 0.066209, 0.903588)
94.12405, (-5.287656, -0.705127, 4.300107), (0.009870, -0.423268, 0.066858, 0.903480)
94.13802, (-5.292768, -0.706425, 4.287396), (0.012261, -0.425030, 0.066593, 0.902643)
94.15199, (-5.297539, -0.710868, 4.275185), (0.011479, -0.424834, 0.065852, 0.902800)
94.16586, (-5.301977, -0.711558, 4.261692), (0.011409, -0.423542, 0.065586, 0.903427)
94.17966, (-5.304928, -0.714979, 4.249047), (0.010620, -0.422569, 0.065427, 0.903904)
94.19364, (-5.308791, -0.718617, 4.236781), (0.009917, -0.421918, 0.065250, 0.904228)
94.2077, (-5.307069, -0.718128, 4.229849), (0.011468, -0.422414, 0.063045, 0.904135)
94.22143, (-5.306058, -0.717746, 4.224782), (0.012070, -0.421254, 0.061635, 0.904765)
94.23521, (-5.304255, -0.719525, 4.222906), (0.011684, -0.419551, 0.062449, 0.905506)
94.24915, (-5.301208, -0.720239, 4.219330), (0.011428, -0.417685, 0.063546, 0.906295)
94.26299, (-5.295638, -0.723103, 4.221879), (0.011997, -0.416642, 0.066421, 0.906562)
94.27692, (-5.288691, -0.727860, 4.223053), (0.012199, -0.417287, 0.067962, 0.906148)
94.29081, (-5.276549, -0.731372, 4.231528), (0.015027, -0.418435, 0.067757, 0.905591)
94.30479, (-5.269303, -0.737720, 4.234081), (0.015423, -0.418209, 0.069250, 0.905576)
94.31888, (-5.261733, -0.747119, 4.236958), (0.014550, -0.418227, 0.071967, 0.905370)
94.33256, (-5.252407, -0.756457, 4.238550), (0.014099, -0.418231, 0.072967, 0.905296)
94.34641, (-5.243030, -0.765219, 4.238511), (0.015068, -0.418748, 0.073686, 0.904983)
94.36033, (-5.233314, -0.773879, 4.236212), (0.016329, -0.419028, 0.074268, 0.904784)
94.37421, (-5.225742, -0.779864, 4.233045), (0.019711, -0.418912, 0.074488, 0.904752)
94.38811, (-5.218596, -0.790423, 4.228746), (0.020683, -0.418381, 0.074452, 0.904979)
94.40202, (-5.211427, -0.799050, 4.226089), (0.021213, -0.418015, 0.074694, 0.905116)
94.41589, (-5.205174, -0.810859, 4.218391), (0.020088, -0.415977, 0.072785, 0.906235)
94.42983, (-5.198561, -0.816828, 4.208273), (0.021047, -0.413817, 0.071266, 0.907323)
94.4437, (-5.193113, -0.817025, 4.199895), (0.024033, -0.411288, 0.069993, 0.908496)
94.45763, (-5.187543, -0.821573, 4.193427), (0.025625, -0.408556, 0.070442, 0.909650)
94.47158, (-5.182760, -0.825961, 4.187301), (0.026460, -0.406375, 0.071981, 0.910483)
94.48532, (-5.176809, -0.830932, 4.184280), (0.025737, -0.405687, 0.073291, 0.910705)
94.49924, (-5.173756, -0.834652, 4.177758), (0.024757, -0.406350, 0.075338, 0.910270)
94.51342, (-5.171570, -0.828117, 4.172436), (0.026667, -0.408406, 0.076394, 0.909207)
94.52737, (-5.171564, -0.827439, 4.167740), (0.027126, -0.410031, 0.076944, 0.908415)
94.54115, (-5.171535, -0.828226, 4.161807), (0.025383, -0.411084, 0.077803, 0.907917)
94.55524, (-5.173007, -0.825943, 4.154943), (0.022023, -0.411187, 0.078246, 0.907919)
94.56921, (-5.173105, -0.823257, 4.149085), (0.019258, -0.410802, 0.079279, 0.908067)
94.58279, (-5.173898, -0.819347, 4.142794), (0.017479, -0.410229, 0.081316, 0.908182)
94.59652, (-5.175821, -0.813242, 4.134872), (0.016349, -0.410768, 0.084710, 0.907649)
94.61066, (-5.177686, -0.810155, 4.126896), (0.016897, -0.412334, 0.087968, 0.906618)
94.62463, (-5.188025, -0.797869, 4.107211), (0.021282, -0.411338, 0.094506, 0.906320)
94.63828, (-5.185574, -0.802273, 4.098629), (0.020795, -0.409788, 0.094718, 0.907012)
94.65205, (-5.192013, -0.797496, 4.089746), (0.019760, -0.410253, 0.093870, 0.906912)
94.66596, (-5.201878, -0.793163, 4.077328), (0.019837, -0.411955, 0.095743, 0.905943)
94.67986, (-5.208818, -0.792776, 4.068024), (0.018897, -0.412779, 0.094499, 0.905719)
94.69394, (-5.215516, -0.796894, 4.057543), (0.017786, -0.412906, 0.091673, 0.905974)
94.70768, (-5.223670, -0.800705, 4.046648), (0.016515, -0.412903, 0.091349, 0.906032)
94.72157, (-5.230446, -0.807278, 4.039779), (0.013562, -0.412887, 0.089162, 0.906306)
94.7355, (-5.233193, -0.817782, 4.031892), (0.010021, -0.412297, 0.086313, 0.906896)
94.7494, (-5.233226, -0.816944, 4.018796), (0.014309, -0.411578, 0.084785, 0.907310)
94.76369, (-5.234675, -0.817016, 4.013393), (0.018427, -0.415513, 0.085737, 0.905350)
94.77743, (-5.233837, -0.817207, 4.019628), (0.022736, -0.420313, 0.086407, 0.902969)
94.79121, (-5.235264, -0.825371, 4.020343), (0.022006, -0.422068, 0.087327, 0.902080)
94.8052, (-5.240875, -0.829392, 4.018637), (0.019339, -0.422309, 0.092155, 0.901548)
94.81898, (-5.244950, -0.826129, 4.019378), (0.020256, -0.422882, 0.095133, 0.900950)
94.83294, (-5.250349, -0.829731, 4.014418), (0.019037, -0.423006, 0.096180, 0.900807)
94.84662, (-5.257148, -0.831996, 4.008836), (0.019108, -0.423597, 0.097392, 0.900397)
94.86079, (-5.266309, -0.834932, 4.001991), (0.019701, -0.424762, 0.097926, 0.899778)
94.87444, (-5.277616, -0.835098, 3.994890), (0.022134, -0.425624, 0.098003, 0.899305)
94.88815, (-5.288557, -0.835896, 3.994100), (0.024405, -0.426615, 0.095343, 0.899063)
94.90199, (-5.298466, -0.845207, 3.995955), (0.021118, -0.426409, 0.091676, 0.899625)
94.91611, (-5.309663, -0.848560, 3.993805), (0.016537, -0.424879, 0.092079, 0.900403)
94.92981, (-5.317921, -0.846371, 3.991409), (0.014885, -0.423812, 0.092309, 0.900911)
94.94379, (-5.324639, -0.846127, 3.989608), (0.014399, -0.424085, 0.091807, 0.900842)
94.95769, (-5.331064, -0.846061, 3.983065), (0.016025, -0.424834, 0.093793, 0.900257)
94.97151, (-5.336952, -0.848439, 3.979223), (0.017659, -0.425697, 0.094520, 0.899742)
94.98537, (-5.340870, -0.849525, 3.978144), (0.020628, -0.426288, 0.094908, 0.899359)
94.99934, (-5.343824, -0.853564, 3.977808), (0.020815, -0.427226, 0.095444, 0.898852)
95.01317, (-5.345609, -0.857790, 3.979198), (0.018972, -0.429495, 0.096324, 0.897717)
95.0271, (-5.345454, -0.865839, 3.977687), (0.016355, -0.431808, 0.095663, 0.896729)
95.04123, (-5.343635, -0.872573, 3.971219), (0.014844, -0.433220, 0.093785, 0.896273)
95.05492, (-5.341170, -0.872064, 3.965435), (0.016552, -0.433595, 0.092764, 0.896168)
95.06876, (-5.337774, -0.874468, 3.963823), (0.017492, -0.434267, 0.092059, 0.895897)
95.08299, (-5.326097, -0.871937, 3.958356), (0.018170, -0.434206, 0.094130, 0.895698)
95.09689, (-5.315879, -0.876167, 3.957590), (0.017825, -0.434469, 0.092898, 0.895706)
95.11063, (-5.304918, -0.874717, 3.950227), (0.018667, -0.433371, 0.094580, 0.896044)
95.12451, (-5.294349, -0.869418, 3.942393), (0.021473, -0.431699, 0.095496, 0.896691)
95.13842, (-5.282505, -0.867027, 3.932986), (0.024857, -0.429888, 0.094936, 0.897533)
95.15231, (-5.271978, -0.869036, 3.923166), (0.026783, -0.427243, 0.092616, 0.898982)
95.16614, (-5.256767, -0.876751, 3.914872), (0.025509, -0.425367, 0.088059, 0.900365)
95.18021, (-5.236595, -0.881095, 3.911700), (0.022245, -0.425472, 0.084799, 0.900715)
95.19407, (-5.216228, -0.882289, 3.904386), (0.020044, -0.425912, 0.083203, 0.900708)
95.20765, (-5.196771, -0.882449, 3.888538), (0.019013, -0.424932, 0.081928, 0.901310)
95.22173, (-5.177107, -0.881127, 3.872383), (0.020047, -0.424421, 0.080567, 0.901651)
95.23531, (-5.154620, -0.874310, 3.861206), (0.022878, -0.424560, 0.081752, 0.901411)
95.24925, (-5.132639, -0.879480, 3.850375), (0.022397, -0.425352, 0.081136, 0.901106)
95.26318, (-5.110620, -0.882430, 3.838997), (0.022555, -0.427264, 0.080980, 0.900210)
95.27709, (-5.086030, -0.884565, 3.823289), (0.022629, -0.428325, 0.080696, 0.899730)
95.29095, (-5.067270, -0.881684, 3.810310), (0.024644, -0.430366, 0.080515, 0.898719)
95.30494, (-5.055303, -0.883294, 3.792912), (0.027814, -0.430012, 0.079319, 0.898902)
95.3188, (-5.044723, -0.883231, 3.774027), (0.030869, -0.428403, 0.078984, 0.899600)
95.33269, (-5.031251, -0.886234, 3.766989), (0.030653, -0.427673, 0.078210, 0.900022)
95.34658, (-5.017291, -0.896213, 3.746751), (0.026066, -0.425071, 0.076880, 0.901512)
95.36054, (-5.009391, -0.898246, 3.729295), (0.022247, -0.423747, 0.076282, 0.902288)
95.37447, (-5.008478, -0.887129, 3.703235), (0.020789, -0.421523, 0.074940, 0.903477)
95.38832, (-5.003435, -0.872622, 3.684461), (0.019057, -0.418665, 0.072007, 0.905081)
95.40224, (-4.998469, -0.864383, 3.668043), (0.017853, -0.415422, 0.070140, 0.906745)
95.41617, (-4.987623, -0.862956, 3.647505), (0.011992, -0.413928, 0.067520, 0.907723)
95.42999, (-4.973756, -0.865392, 3.627710), (0.009466, -0.414599, 0.063649, 0.907726)
95.44402, (-4.975257, -0.865607, 3.602735), (0.009739, -0.411448, 0.059468, 0.909439)
95.45787, (-4.981833, -0.867060, 3.589756), (0.010805, -0.404260, 0.054170, 0.912975)
95.47171, (-4.987997, -0.877173, 3.573907), (0.006324, -0.395393, 0.050963, 0.917075)
95.48553, (-4.987432, -0.885134, 3.562150), (0.001046, -0.388336, 0.048592, 0.920235)
95.49946, (-4.985867, -0.884988, 3.542213), (0.001433, -0.386701, 0.046823, 0.921015)
95.51334, (-4.980021, -0.881404, 3.520393), (0.007299, -0.390445, 0.043852, 0.919552)
95.52731, (-4.969288, -0.882157, 3.515071), (0.017527, -0.400937, 0.037465, 0.915171)
95.54108, (-4.966689, -0.897131, 3.508488), (0.021082, -0.409642, 0.031776, 0.911449)
95.55501, (-4.970007, -0.904398, 3.512149), (0.022078, -0.420905, 0.030743, 0.906315)
95.56891, (-4.976381, -0.905602, 3.499113), (0.019791, -0.427485, 0.033820, 0.903173)
95.58315, (-4.977744, -0.890733, 3.489116), (0.023671, -0.432959, 0.036604, 0.900359)
95.5967, (-4.971789, -0.900525, 3.476610), (0.022688, -0.437528, 0.032399, 0.898334)
95.61088, (-4.963580, -0.887255, 3.473906), (0.029783, -0.441601, 0.034052, 0.896070)
95.62455, (-4.949650, -0.905188, 3.466609), (0.027582, -0.443851, 0.032226, 0.895096)
95.63867, (-4.933376, -0.902486, 3.470284), (0.026620, -0.446047, 0.038011, 0.893806)
95.65217, (-4.916424, -0.907593, 3.467757), (0.021005, -0.449166, 0.042992, 0.892166)
95.666, (-4.909630, -0.902084, 3.464451), (0.019577, -0.452592, 0.043467, 0.890442)
95.67993, (-4.904797, -0.908346, 3.456628), (0.019603, -0.456774, 0.038990, 0.888512)
95.69373, (-4.899426, -0.919360, 3.448764), (0.018809, -0.461858, 0.036101, 0.886019)
95.70759, (-4.894622, -0.915977, 3.435599), (0.021567, -0.464502, 0.036939, 0.884539)
95.7215, (-4.891086, -0.913369, 3.427591), (0.023630, -0.466182, 0.035138, 0.883675)
95.73572, (-4.890991, -0.913539, 3.406104), (0.026942, -0.466810, 0.032856, 0.883337)
95.74924, (-4.892682, -0.888114, 3.403391), (0.033334, -0.457504, 0.025629, 0.888213)
95.76309, (-4.891156, -0.892999, 3.398577), (0.031216, -0.456576, 0.021198, 0.888884)
95.77725, (-4.891964, -0.894104, 3.397072), (0.022203, -0.451500, 0.021320, 0.891740)
95.79118, (-4.889799, -0.892607, 3.390992), (0.021567, -0.450938, 0.019190, 0.892088)
95.80482, (-4.887636, -0.891110, 3.384914), (0.020931, -0.450373, 0.017060, 0.892432)
95.81879, (-4.885474, -0.889612, 3.378837), (0.020296, -0.449806, 0.014931, 0.892771)
95.83278, (-4.902207, -0.886686, 3.389735), (0.015011, -0.447626, 0.013536, 0.893992)
95.84657, (-4.906121, -0.885845, 3.384783), (0.013633, -0.446378, 0.011514, 0.894666)
95.86045, (-4.875212, -0.859942, 3.369354), (0.027876, -0.470780, 0.016119, 0.881663)
95.87483, (-4.871192, -0.850043, 3.366914), (0.028127, -0.473480, 0.015053, 0.880227)
95.88814, (-4.867710, -0.839047, 3.366709), (0.022371, -0.467022, 0.013975, 0.883852)
95.9017, (-4.850086, -0.826739, 3.366835), (0.016025, -0.465624, 0.007029, 0.884810)
95.91562, (-4.852346, -0.813384, 3.356787), (0.010981, -0.465924, 0.000759, 0.884756)
95.9297, (-4.867855, -0.813993, 3.345517), (0.011249, -0.464293, -0.000010, 0.885610)
95.94347, (-4.872510, -0.823478, 3.329682), (0.007248, -0.467631, 0.000709, 0.883894)
95.95739, (-4.865949, -0.821588, 3.323087), (0.004253, -0.475766, -0.001322, 0.879561)
95.97095, (-4.862100, -0.812033, 3.314565), (0.005048, -0.483620, -0.001031, 0.875263)
95.98456, (-4.861614, -0.818005, 3.306113), (0.006152, -0.489653, -0.004135, 0.871886)
95.99836, (-4.858480, -0.816536, 3.295220), (0.004967, -0.492933, -0.007783, 0.870018)
96.01217, (-4.859509, -0.810430, 3.285954), (0.004628, -0.494029, -0.011408, 0.869358)
96.02603, (-4.859349, -0.808966, 3.278540), (0.001060, -0.491991, -0.016765, 0.870438)
96.03982, (-4.855742, -0.817534, 3.273063), (-0.002908, -0.493437, -0.020703, 0.869530)
96.05368, (-4.854426, -0.823276, 3.267382), (-0.008901, -0.487454, -0.025851, 0.872721)
96.06757, (-4.844806, -0.822599, 3.252348), (-0.013052, -0.485808, -0.025149, 0.873606)
96.08148, (-4.837692, -0.819812, 3.230178), (-0.014723, -0.485878, -0.024415, 0.873562)
96.09532, (-4.835042, -0.825563, 3.208089), (-0.020376, -0.488759, -0.027971, 0.871732)
96.1092, (-4.833208, -0.818754, 3.195096), (-0.027363, -0.493447, -0.030627, 0.868806)
96.12306, (-4.826491, -0.808274, 3.184454), (-0.034752, -0.498607, -0.035702, 0.865395)
96.13682, (-4.825569, -0.779249, 3.175163), (-0.037092, -0.501727, -0.039586, 0.863323)
96.15055, (-4.847723, -0.748292, 3.158932), (-0.035088, -0.499003, -0.040408, 0.864947)
96.16465, (-4.861389, -0.743150, 3.189211), (-0.035008, -0.501678, -0.039703, 0.863434)
96.17872, (-4.855551, -0.740404, 3.179821), (-0.037686, -0.506481, -0.039084, 0.860540)
96.19231, (-4.847417, -0.740473, 3.156996), (-0.038332, -0.511046, -0.037743, 0.857868)
96.20595, (-4.841436, -0.740840, 3.133161), (-0.035263, -0.515546, -0.038516, 0.855269)
96.21994, (-4.831568, -0.741221, 3.112137), (-0.033173, -0.520059, -0.039943, 0.852551)
96.23346, (-4.823061, -0.737084, 3.096746), (-0.032105, -0.524597, -0.042719, 0.849672)
96.24734, (-4.822575, -0.728561, 3.083976), (-0.030011, -0.527631, -0.043091, 0.847849)
96.26128, (-4.826705, -0.731244, 3.074758), (-0.029541, -0.530480, -0.043912, 0.846044)
96.27514, (-4.827107, -0.728999, 3.063465), (-0.032232, -0.533555, -0.045458, 0.843928)
96.28903, (-4.826241, -0.723785, 3.043510), (-0.032668, -0.536842, -0.045858, 0.841802)
96.30286, (-4.823827, -0.720596, 3.023138), (-0.033397, -0.540085, -0.044606, 0.839764)
96.31674, (-4.822070, -0.713688, 3.004782), (-0.034964, -0.543228, -0.044043, 0.837700)
96.33094, (-4.825029, -0.707113, 2.985020), (-0.038196, -0.545382, -0.047507, 0.835968)
96.34441, (-4.827246, -0.698334, 2.968534), (-0.041123, -0.548014, -0.050958, 0.833902)
96.35824, (-4.828537, -0.693789, 2.948335), (-0.044285, -0.550396, -0.053552, 0.832007)
96.37211, (-4.829213, -0.692995, 2.920897), (-0.047331, -0.553405, -0.054945, 0.829749)
96.38593, (-4.833103, -0.692436, 2.896421), (-0.048926, -0.556393, -0.053382, 0.827758)
96.39991, (-4.833378, -0.691515, 2.871552), (-0.050291, -0.560215, -0.052118, 0.825175)
96.41368, (-4.837647, -0.689466, 2.842264), (-0.052050, -0.562532, -0.051209, 0.823545)
96.4275, (-4.841109, -0.688036, 2.815050), (-0.056094, -0.564786, -0.052026, 0.821683)
96.44144, (-4.847874, -0.679660, 2.787095), (-0.059586, -0.565829, -0.053018, 0.820656)
96.45539, (-4.851344, -0.669873, 2.758452), (-0.062240, -0.567655, -0.053982, 0.819134)
96.46927, (-4.855553, -0.667301, 2.726118), (-0.066819, -0.569067, -0.055145, 0.817714)
96.48298, (-4.859948, -0.669445, 2.694342), (-0.070744, -0.571071, -0.055230, 0.815980)
96.49683, (-4.864587, -0.665159, 2.656835), (-0.073765, -0.572758, -0.053892, 0.814618)
96.51079, (-4.871978, -0.658283, 2.624856), (-0.077033, -0.575049, -0.053069, 0.812754)
96.52451, (-4.877548, -0.654522, 2.588773), (-0.081588, -0.576662, -0.053139, 0.811160)
96.53835, (-4.883362, -0.646527, 2.553295), (-0.086382, -0.578228, -0.053393, 0.809531)
96.55232, (-4.885328, -0.642666, 2.516941), (-0.091281, -0.579505, -0.054816, 0.807983)
96.56615, (-4.886691, -0.636841, 2.480099), (-0.097442, -0.580150, -0.055011, 0.806787)
96.57986, (-4.894574, -0.628711, 2.442368), (-0.105142, -0.578052, -0.057022, 0.807186)
96.59376, (-4.902264, -0.617175, 2.408682), (-0.113432, -0.576151, -0.059644, 0.807233)
96.6075, (-4.908228, -0.608529, 2.374267), (-0.119172, -0.575518, -0.062509, 0.806641)
96.6214, (-4.913172, -0.603774, 2.335585), (-0.125101, -0.574082, -0.065082, 0.806563)
96.63525, (-4.912425, -0.601498, 2.298863), (-0.129900, -0.573550, -0.066650, 0.806055)
96.64979, (-4.913823, -0.598635, 2.263915), (-0.135092, -0.571985, -0.067883, 0.806211)
96.66325, (-4.918272, -0.594521, 2.227923), (-0.141692, -0.569579, -0.069382, 0.806654)
96.67714, (-4.923435, -0.582352, 2.195997), (-0.147971, -0.568538, -0.070724, 0.806144)
96.69086, (-4.928295, -0.576433, 2.158172), (-0.151547, -0.566807, -0.074171, 0.806388)
96.70492, (-4.927367, -0.574062, 2.120384), (-0.155375, -0.565583, -0.077493, 0.806207)
96.71896, (-4.928870, -0.561992, 2.084007), (-0.159066, -0.564084, -0.079991, 0.806293)
96.73241, (-4.931183, -0.550928, 2.053225), (-0.164749, -0.562895, -0.083002, 0.805679)
96.74637, (-4.933744, -0.537250, 2.022956), (-0.171103, -0.561726, -0.085930, 0.804862)
96.76015, (-4.935530, -0.528029, 1.989636), (-0.177526, -0.560424, -0.088078, 0.804146)
96.77405, (-4.935529, -0.530506, 1.955671), (-0.182043, -0.560384, -0.089180, 0.803043)
96.78802, (-4.936726, -0.532006, 1.914989), (-0.186230, -0.558826, -0.090550, 0.803014)
96.80186, (-4.939992, -0.527607, 1.880495), (-0.192489, -0.557608, -0.090872, 0.802349)
96.8158, (-4.944219, -0.522363, 1.852793), (-0.198205, -0.557162, -0.093301, 0.800987)
96.82974, (-4.950785, -0.519841, 1.818508), (-0.204410, -0.554601, -0.095167, 0.800985)
96.84357, (-4.954215, -0.515877, 1.785038), (-0.209883, -0.553234, -0.096995, 0.800296)
96.8576, (-4.957647, -0.511916, 1.751570), (-0.215349, -0.551846, -0.098821, 0.799578)
96.87148, (-4.962321, -0.514071, 1.724313), (-0.217778, -0.549112, -0.100437, 0.800601)
96.88593, (-4.969697, -0.528629, 1.701348), (-0.217026, -0.546663, -0.100076, 0.802524)
96.89958, (-4.983255, -0.544086, 1.667430), (-0.216327, -0.545291, -0.098334, 0.803860)
96.91325, (-5.005096, -0.555093, 1.636392), (-0.216349, -0.543846, -0.094882, 0.805247)
96.9272, (-5.021279, -0.560025, 1.606517), (-0.217605, -0.541937, -0.094243, 0.806270)
96.94104, (-5.035585, -0.566026, 1.580104), (-0.218883, -0.540942, -0.092894, 0.806748)
96.95504, (-5.056133, -0.576035, 1.555053), (-0.219899, -0.540136, -0.090095, 0.807329)
96.96865, (-5.077811, -0.585983, 1.529068), (-0.220192, -0.539578, -0.085733, 0.808097)
96.98277, (-5.096439, -0.592749, 1.502167), (-0.221190, -0.538972, -0.082531, 0.808562)
96.99654, (-5.124835, -0.604667, 1.475551), (-0.218448, -0.541857, -0.073040, 0.808293)
97.01027, (-5.157104, -0.621698, 1.449538), (-0.216029, -0.544095, -0.066588, 0.807997)
97.02444, (-5.184899, -0.635120, 1.421263), (-0.212944, -0.546233, -0.060758, 0.807832)
97.03805, (-5.214087, -0.658101, 1.393466), (-0.210329, -0.547731, -0.056368, 0.807821)
97.05196, (-5.245814, -0.677677, 1.365623), (-0.206358, -0.550071, -0.049433, 0.807710)
97.06583, (-5.281677, -0.699093, 1.336731), (-0.203034, -0.551630, -0.043241, 0.807844)
97.07971, (-5.311366, -0.716426, 1.308742), (-0.201319, -0.552606, -0.038332, 0.807854)
97.09377, (-5.346153, -0.740918, 1.286060), (-0.200478, -0.554747, -0.031723, 0.806882)
97.1076, (-5.376875, -0.759673, 1.258944), (-0.198881, -0.555857, -0.026560, 0.806699)
97.12133, (-5.411675, -0.778222, 1.231316), (-0.195687, -0.557231, -0.020224, 0.806716)
97.13526, (-5.463787, -0.808795, 1.201778), (-0.184909, -0.564178, -0.008357, 0.804638)
97.1492, (-5.498900, -0.824786, 1.182663), (-0.180896, -0.569823, -0.000256, 0.801610)
97.16316, (-5.532193, -0.837568, 1.163199), (-0.176863, -0.574311, 0.008027, 0.799264)
97.17724, (-5.561967, -0.844673, 1.153002), (-0.173110, -0.579410, 0.013314, 0.796329)
97.19078, (-5.595360, -0.846534, 1.143734), (-0.168108, -0.582314, 0.016936, 0.795213)
97.20496, (-5.625350, -0.853546, 1.132205), (-0.162982, -0.585214, 0.019331, 0.794095)
97.21887, (-5.652609, -0.861660, 1.123243), (-0.157889, -0.586745, 0.018125, 0.794024)
97.23266, (-5.681645, -0.869560, 1.110989), (-0.154077, -0.589111, 0.019961, 0.792976)
97.24657, (-5.712523, -0.879018, 1.097381), (-0.149956, -0.591739, 0.023705, 0.791705)
97.26035, (-5.737980, -0.881496, 1.093827), (-0.146844, -0.593234, 0.022983, 0.791190)
97.27428, (-5.765607, -0.887126, 1.086750), (-0.144896, -0.592594, 0.023487, 0.792014)
97.28804, (-5.792881, -0.894661, 1.077409), (-0.140304, -0.593044, 0.023463, 0.792505)
97.30215, (-5.820477, -0.906878, 1.068192), (-0.137926, -0.593495, 0.023717, 0.792577)
97.31598, (-5.848527, -0.915294, 1.057661), (-0.134427, -0.594228, 0.024886, 0.792593)
97.32961, (-5.875167, -0.926088, 1.048476), (-0.131895, -0.594173, 0.026159, 0.793019)
97.34322, (-5.900081, -0.939170, 1.040073), (-0.129495, -0.594347, 0.029621, 0.793162)
97.35711, (-5.926915, -0.948699, 1.032984), (-0.125938, -0.595281, 0.032336, 0.792928)
97.37115, (-5.954263, -0.958288, 1.024354), (-0.122656, -0.596182, 0.034393, 0.792679)
97.38492, (-5.980361, -0.973940, 1.015410), (-0.120742, -0.596477, 0.037331, 0.792618)
97.3987, (-6.005437, -0.980554, 1.017517), (-0.120928, -0.594979, 0.042121, 0.793475)
97.41269, (-6.028167, -0.981180, 1.021315), (-0.120562, -0.595303, 0.041897, 0.793300)
97.42661, (-6.051862, -0.985991, 1.024561), (-0.119170, -0.594820, 0.045148, 0.793693)
97.44043, (-6.073042, -0.991031, 1.024573), (-0.117276, -0.593449, 0.047686, 0.794853)
97.45436, (-6.094252, -0.997505, 1.027301), (-0.115478, -0.591829, 0.049464, 0.796214)
97.46807, (-6.115444, -1.002265, 1.030655), (-0.113077, -0.590922, 0.051167, 0.797124)
97.48198, (-6.131927, -1.004583, 1.035414), (-0.110734, -0.589680, 0.052522, 0.798284)
97.49578, (-6.150775, -1.008022, 1.039597), (-0.108394, -0.588231, 0.053326, 0.799620)
97.50973, (-6.168828, -1.011918, 1.047143), (-0.107003, -0.586955, 0.054124, 0.800691)
97.52333, (-6.185891, -1.014458, 1.054349), (-0.105997, -0.585781, 0.055385, 0.801597)
97.53726, (-6.199646, -1.018178, 1.062316), (-0.105004, -0.584271, 0.056382, 0.802760)
97.55098, (-6.214413, -1.020675, 1.070825), (-0.103852, -0.583091, 0.057576, 0.803682)
97.56512, (-6.228848, -1.021633, 1.081614), (-0.102895, -0.581639, 0.057984, 0.804827)
97.57874, (-6.242508, -1.022787, 1.095772), (-0.102532, -0.580532, 0.057221, 0.805727)
97.59267, (-6.255918, -1.020937, 1.109122), (-0.101473, -0.579174, 0.057230, 0.806837)
97.60651, (-6.267018, -1.020375, 1.125193), (-0.100829, -0.577788, 0.057114, 0.807918)
97.62044, (-6.276554, -1.020966, 1.140726), (-0.099885, -0.575555, 0.057366, 0.809610)
97.63425, (-6.285474, -1.021738, 1.159927), (-0.098200, -0.573742, 0.056845, 0.811139)
97.64815, (-6.294978, -1.020924, 1.177471), (-0.096349, -0.571354, 0.056425, 0.813073)
97.66225, (-6.301526, -1.021668, 1.197263), (-0.094521, -0.569513, 0.055365, 0.814651)
97.67599, (-6.307600, -1.020039, 1.216443), (-0.092858, -0.567053, 0.055013, 0.816579)
97.68991, (-6.312694, -1.020163, 1.239650), (-0.091676, -0.564995, 0.054282, 0.818187)
97.70374, (-6.318807, -1.016901, 1.260683), (-0.089590, -0.562402, 0.054036, 0.820218)
97.71763, (-6.322776, -1.013834, 1.285535), (-0.087990, -0.560109, 0.053594, 0.821988)
97.73215, (-6.323323, -1.012478, 1.309306), (-0.086771, -0.557931, 0.052767, 0.823650)
97.74564, (-6.325435, -1.007178, 1.332275), (-0.085012, -0.555225, 0.052139, 0.825700)
97.75967, (-6.327543, -1.005642, 1.358769), (-0.084264, -0.552824, 0.050906, 0.827462)
97.77327, (-6.326906, -1.003019, 1.386941), (-0.083546, -0.550296, 0.049982, 0.829275)
97.78705, (-6.325816, -1.002483, 1.415328), (-0.082355, -0.547649, 0.048264, 0.831245)
97.80096, (-6.322206, -0.996476, 1.440243), (-0.081232, -0.544460, 0.047150, 0.833512)
97.8149, (-6.317763, -0.990588, 1.471462), (-0.080247, -0.541983, 0.046482, 0.835257)
97.82875, (-6.314272, -0.984614, 1.504897), (-0.079666, -0.539218, 0.045735, 0.837141)
97.84265, (-6.307449, -0.978651, 1.539082), (-0.077976, -0.536261, 0.044493, 0.839264)
97.85673, (-6.300504, -0.975897, 1.566899), (-0.076679, -0.532339, 0.043065, 0.841951)
97.87049, (-6.289317, -0.968977, 1.601080), (-0.074744, -0.529115, 0.040831, 0.844265)
97.88474, (-6.277837, -0.961012, 1.636509), (-0.073187, -0.525973, 0.039354, 0.846432)
97.89858, (-6.268032, -0.954784, 1.669981), (-0.072292, -0.522397, 0.037544, 0.848803)
97.91244, (-6.256585, -0.948525, 1.705254), (-0.071953, -0.519226, 0.035927, 0.850845)
97.92638, (-6.242090, -0.939362, 1.741781), (-0.069784, -0.516578, 0.034514, 0.852694)
97.94021, (-6.225035, -0.932427, 1.776964), (-0.069052, -0.513588, 0.032566, 0.854634)
97.95403, (-6.210284, -0.924275, 1.814558), (-0.069451, -0.510170, 0.030605, 0.856719)
97.96803, (-6.190964, -0.912298, 1.851362), (-0.068285, -0.507053, 0.028482, 0.858734)
97.98164, (-6.177305, -0.909319, 1.894437), (-0.067576, -0.503425, 0.025356, 0.861019)
97.99569, (-6.159213, -0.905923, 1.928789), (-0.066357, -0.499322, 0.021993, 0.863592)
98.00936, (-6.144250, -0.906243, 1.965809), (-0.065856, -0.495454, 0.020508, 0.865891)
98.02351, (-6.132721, -0.913006, 2.001948), (-0.064989, -0.490145, 0.020574, 0.868971)
98.03718, (-6.121410, -0.912287, 2.046211), (-0.062657, -0.486432, 0.022355, 0.871182)
98.0512, (-6.111796, -0.914136, 2.087098), (-0.060552, -0.482584, 0.025777, 0.873373)
98.06525, (-6.099370, -0.913042, 2.130085), (-0.058654, -0.480460, 0.027285, 0.874628)
98.0794, (-6.085396, -0.908424, 2.170084), (-0.057325, -0.478560, 0.027997, 0.875734)
98.09302, (-6.070309, -0.903999, 2.215254), (-0.055845, -0.477683, 0.027318, 0.876330)
98.1068, (-6.055546, -0.898470, 2.262396), (-0.052982, -0.475818, 0.026189, 0.877556)
98.1207, (-6.035481, -0.899599, 2.305472), (-0.051406, -0.472709, 0.026392, 0.879322)
98.13466, (-6.014838, -0.900310, 2.348266), (-0.049576, -0.469842, 0.026597, 0.880956)
98.14883, (-5.994735, -0.898953, 2.389159), (-0.047266, -0.466294, 0.026071, 0.882981)
98.16262, (-5.973868, -0.894334, 2.432709), (-0.045053, -0.463557, 0.025100, 0.884565)
98.17672, (-5.951868, -0.887593, 2.473223), (-0.043294, -0.461125, 0.023441, 0.885968)
98.19033, (-5.931229, -0.883023, 2.513521), (-0.042600, -0.459317, 0.021887, 0.886981)
98.20433, (-5.908775, -0.878214, 2.548604), (-0.040844, -0.458445, 0.018467, 0.887592)
98.21819, (-5.885801, -0.874047, 2.585071), (-0.039934, -0.458324, 0.016543, 0.887734)
98.23204, (-5.862690, -0.871056, 2.621090), (-0.038192, -0.458567, 0.013722, 0.887733)
98.24602, (-5.839798, -0.866118, 2.658393), (-0.036332, -0.459528, 0.011978, 0.887339)
98.25991, (-5.816848, -0.863133, 2.689985), (-0.034623, -0.460553, 0.010328, 0.886897)
98.27386, (-5.793097, -0.860227, 2.724719), (-0.032492, -0.462615, 0.008106, 0.885927)
98.2877, (-5.771686, -0.858660, 2.755190), (-0.030780, -0.464742, 0.005787, 0.884892)
98.30179, (-5.751471, -0.856606, 2.785043), (-0.028449, -0.467490, 0.003179, 0.883535)
98.31568, (-5.731864, -0.855303, 2.814181), (-0.025868, -0.469387, 0.000355, 0.882614)
98.32959, (-5.710769, -0.854621, 2.842266), (-0.023407, -0.471262, -0.002527, 0.881679)
98.34377, (-5.689865, -0.851480, 2.868835), (-0.020199, -0.472453, -0.003896, 0.881116)
98.35731, (-5.670434, -0.849676, 2.898280), (-0.018766, -0.473530, -0.005642, 0.880560)
98.37143, (-5.650553, -0.849288, 2.931670), (-0.017878, -0.475013, -0.007900, 0.879762)
98.38508, (-5.633487, -0.847231, 2.957251), (-0.016760, -0.475096, -0.009572, 0.879722)
98.39896, (-5.615099, -0.844570, 2.981097), (-0.015177, -0.476116, -0.010998, 0.879183)
98.41293, (-5.597369, -0.842109, 3.000373), (-0.013963, -0.477161, -0.012508, 0.878616)
98.42686, (-5.580199, -0.842043, 3.023322), (-0.012890, -0.478815, -0.015177, 0.877690)
98.4407, (-5.564864, -0.839484, 3.044754), (-0.012171, -0.480461, -0.016508, 0.876776)
98.45467, (-5.549482, -0.835629, 3.064275), (-0.010999, -0.482151, -0.017929, 0.875836)
98.46859, (-5.533012, -0.828497, 3.081632), (-0.009309, -0.484426, -0.018797, 0.874581)
98.48257, (-5.516768, -0.825915, 3.094523), (-0.008993, -0.487102, -0.020537, 0.873057)
98.49657, (-5.500608, -0.824244, 3.107135), (-0.008123, -0.490953, -0.022407, 0.870860)
98.51057, (-5.485806, -0.823805, 3.116738), (-0.007582, -0.495592, -0.023480, 0.868205)
98.52422, (-5.470491, -0.821254, 3.125718), (-0.006567, -0.501096, -0.023920, 0.865036)
98.53799, (-5.456613, -0.820267, 3.127484), (-0.005441, -0.507396, -0.024058, 0.861360)
98.55192, (-5.443323, -0.818490, 3.129870), (-0.003790, -0.514097, -0.023791, 0.857394)
98.56591, (-5.432296, -0.820999, 3.124514), (-0.001835, -0.524243, -0.023251, 0.851250)
98.57974, (-5.420342, -0.821449, 3.119056), (0.000920, -0.534951, -0.022084, 0.844594)
98.59357, (-5.407242, -0.822033, 3.108331), (0.004468, -0.545558, -0.020856, 0.837801)
98.60744, (-5.393620, -0.821706, 3.093556), (0.007491, -0.558601, -0.019945, 0.829163)
98.62128, (-5.381790, -0.820384, 3.082410), (0.009203, -0.572101, -0.019299, 0.819904)
98.63522, (-5.368671, -0.822799, 3.075180), (0.010406, -0.584140, -0.019269, 0.811357)
98.64925, (-5.355988, -0.822893, 3.063094), (0.011370, -0.597709, -0.018222, 0.801426)
98.66299, (-5.342645, -0.823876, 3.051144), (0.013523, -0.610434, -0.018088, 0.791745)
98.67724, (-5.327473, -0.824301, 3.041337), (0.014940, -0.623123, -0.016658, 0.781804)
98.69083, (-5.314499, -0.822431, 3.028189), (0.017604, -0.634616, -0.015704, 0.772468)
98.7047, (-5.302096, -0.823586, 3.018615), (0.018727, -0.646274, -0.016076, 0.762706)
98.71857, (-5.290337, -0.825265, 3.007282), (0.019083, -0.656512, -0.016679, 0.753890)
98.73256, (-5.277606, -0.825017, 2.996181), (0.019190, -0.666928, -0.016945, 0.744682)
98.74651, (-5.265061, -0.826261, 2.987821), (0.020361, -0.676522, -0.017185, 0.735940)
98.76052, (-5.254655, -0.827075, 2.977459), (0.021546, -0.684684, -0.016598, 0.728333)
98.77455, (-5.242527, -0.833098, 2.969048), (0.021163, -0.692843, -0.016293, 0.720594)
98.78809, (-5.231626, -0.837683, 2.960867), (0.021350, -0.700241, -0.015780, 0.713413)
98.80193, (-5.219760, -0.840964, 2.950049), (0.021098, -0.706831, -0.014729, 0.706915)
98.81587, (-5.208285, -0.844619, 2.938827), (0.022066, -0.712719, -0.012915, 0.700984)
98.83006, (-5.197326, -0.848069, 2.931944), (0.022642, -0.720747, -0.012037, 0.692724)
98.84372, (-5.189667, -0.858191, 2.921628), (0.022993, -0.725251, -0.010015, 0.688028)
98.85772, (-5.185309, -0.866451, 2.912888), (0.024109, -0.729087, -0.007970, 0.683950)
98.87155, (-5.177888, -0.872109, 2.903328), (0.024730, -0.732319, -0.005722, 0.680488)
98.88557, (-5.169030, -0.878017, 2.894821), (0.025000, -0.736513, -0.003733, 0.675951)
98.89944, (-5.162135, -0.884941, 2.886689), (0.025150, -0.740151, 0.000604, 0.671970)
98.91339, (-5.155491, -0.892668, 2.878517), (0.025993, -0.743847, 0.005189, 0.667824)
98.92738, (-5.148720, -0.900698, 2.865503), (0.026917, -0.746549, 0.008378, 0.664733)
98.94125, (-5.145947, -0.901395, 2.857264), (0.027187, -0.749956, 0.010378, 0.660848)
98.95515, (-5.142607, -0.900561, 2.847708), (0.027863, -0.753014, 0.012756, 0.657291)
98.96912, (-5.136637, -0.907192, 2.840607), (0.027966, -0.755970, 0.014258, 0.653854)
98.98315, (-5.129791, -0.912207, 2.830073), (0.027770, -0.758696, 0.017203, 0.650626)
98.99754, (-5.124756, -0.915253, 2.824265), (0.027322, -0.761756, 0.020714, 0.646956)
99.01122, (-5.119359, -0.917192, 2.815766), (0.027405, -0.764174, 0.024104, 0.643977)
99.02516, (-5.112983, -0.919908, 2.808343), (0.027255, -0.766496, 0.026798, 0.641111)
99.03912, (-5.104439, -0.921264, 2.801730), (0.026557, -0.768172, 0.027101, 0.639119)
99.05294, (-5.096587, -0.917614, 2.798910), (0.026622, -0.770319, 0.025167, 0.636605)
99.06686, (-5.091660, -0.915790, 2.794042), (0.024975, -0.772252, 0.023160, 0.634402)
99.0806, (-5.086822, -0.912494, 2.789352), (0.023302, -0.773992, 0.023416, 0.632333)
99.09464, (-5.075573, -0.917887, 2.786417), (0.021364, -0.775813, 0.023994, 0.630145)
99.10833, (-5.065107, -0.923071, 2.785175), (0.019475, -0.778303, 0.024308, 0.627116)
99.12228, (-5.058971, -0.920093, 2.780599), (0.017864, -0.780032, 0.024371, 0.625010)
99.13618, (-5.050002, -0.915264, 2.773319), (0.015385, -0.781614, 0.023007, 0.623148)
99.15005, (-5.040950, -0.909077, 2.770836), (0.014751, -0.783108, 0.019999, 0.621389)
99.164, (-5.029625, -0.906943, 2.767163), (0.013681, -0.784264, 0.016742, 0.620050)
99.17791, (-5.018513, -0.906171, 2.762711), (0.012373, -0.785228, 0.014825, 0.618906)
99.19186, (-5.006462, -0.907265, 2.762512), (0.012229, -0.786818, 0.014263, 0.616899)
99.20596, (-4.991568, -0.907258, 2.764190), (0.010431, -0.787441, 0.013049, 0.616164)
99.21968, (-4.981699, -0.906742, 2.757626), (0.010727, -0.788045, 0.013669, 0.615373)
99.23354, (-4.967484, -0.897282, 2.758682), (0.010053, -0.788804, 0.011643, 0.614453)
99.24739, (-4.959158, -0.887600, 2.754739), (0.009650, -0.789345, 0.007596, 0.613827)
99.26131, (-4.949104, -0.878483, 2.752459), (0.009256, -0.789693, 0.002815, 0.613425)
99.27518, (-4.937227, -0.871176, 2.748895), (0.007612, -0.790423, 0.000020, 0.612514)
99.28901, (-4.925172, -0.864521, 2.748819), (0.005766, -0.791057, -0.000650, 0.611715)
99.30308, (-4.914766, -0.858309, 2.750713), (0.003040, -0.791082, -0.001621, 0.611701)
99.31712, (-4.903733, -0.849772, 2.752574), (-0.001363, -0.790840, -0.003447, 0.612012)
99.33113, (-4.896791, -0.837357, 2.754495), (-0.003784, -0.790446, -0.006277, 0.612488)
99.34506, (-4.888119, -0.827349, 2.756834), (-0.006510, -0.789953, -0.009073, 0.613065)
99.3588, (-4.876447, -0.818570, 2.759271), (-0.009789, -0.789290, -0.012761, 0.613810)
99.37248, (-4.868075, -0.807500, 2.761511), (-0.011249, -0.787989, -0.016437, 0.615368)
99.38636, (-4.860075, -0.796237, 2.763860), (-0.013624, -0.786805, -0.021488, 0.616677)
99.40012, (-4.851040, -0.787532, 2.764875), (-0.015430, -0.784892, -0.026741, 0.618863)
99.41422, (-4.840895, -0.783137, 2.769496), (-0.017302, -0.784048, -0.029419, 0.619761)
99.42799, (-4.830108, -0.776204, 2.774570), (-0.017292, -0.783032, -0.028419, 0.621091)
99.44148, (-4.817751, -0.781471, 2.779971), (-0.021855, -0.782116, -0.029791, 0.622037)
99.45559, (-4.810582, -0.776968, 2.785134), (-0.024017, -0.781315, -0.029856, 0.622960)
99.46923, (-4.804705, -0.771468, 2.790201), (-0.025508, -0.780396, -0.030565, 0.624017)
99.48309, (-4.798437, -0.766147, 2.794484), (-0.025995, -0.779447, -0.032221, 0.625099)
99.49702, (-4.789736, -0.760093, 2.797245), (-0.027029, -0.778183, -0.034745, 0.626493)
99.51098, (-4.782359, -0.752100, 2.801469), (-0.026242, -0.776913, -0.038009, 0.627912)
99.52486, (-4.776559, -0.751085, 2.809500), (-0.026496, -0.775138, -0.040282, 0.629950)
99.5386, (-4.771227, -0.747775, 2.817779), (-0.027820, -0.773341, -0.040683, 0.632071)
99.55255, (-4.765642, -0.744276, 2.825010), (-0.030170, -0.771150, -0.040635, 0.634639)
99.56646, (-4.760160, -0.743954, 2.837042), (-0.032500, -0.769158, -0.042578, 0.636810)
99.58033, (-4.751888, -0.735017, 2.841606), (-0.032392, -0.765929, -0.044491, 0.640565)
99.59408, (-4.746224, -0.730792, 2.847910), (-0.033885, -0.763049, -0.046693, 0.643761)
99.60822, (-4.739746, -0.725637, 2.856951), (-0.035856, -0.760620, -0.047986, 0.646428)
99.62177, (-4.732091, -0.720511, 2.865667), (-0.037820, -0.758431, -0.048173, 0.648870)
99.63567, (-4.724801, -0.714326, 2.872462), (-0.041143, -0.756392, -0.047101, 0.651123)
99.64959, (-4.723991, -0.708467, 2.882802), (-0.043203, -0.754519, -0.046474, 0.653204)
99.66333, (-4.722568, -0.702028, 2.891763), (-0.045913, -0.752542, -0.046192, 0.655316)
99.67725, (-4.719093, -0.692313, 2.898467), (-0.048602, -0.750655, -0.044697, 0.657386)
99.69112, (-4.714051, -0.688071, 2.908997), (-0.050730, -0.748998, -0.043120, 0.659219)
99.70493, (-4.706151, -0.684632, 2.918877), (-0.053588, -0.746343, -0.041820, 0.662081)
99.71884, (-4.693398, -0.682422, 2.931809), (-0.054250, -0.744138, -0.041853, 0.664503)
99.7327, (-4.685380, -0.677179, 2.944550), (-0.054466, -0.742173, -0.041909, 0.666675)
99.74662, (-4.678372, -0.677253, 2.958146), (-0.055954, -0.738755, -0.043309, 0.670250)
99.76044, (-4.670975, -0.673366, 2.969413), (-0.057590, -0.736420, -0.043308, 0.672677)
99.7744, (-4.659237, -0.676460, 2.985138), (-0.056194, -0.728674, -0.046390, 0.680973)
99.78819, (-4.643124, -0.680243, 3.002227), (-0.055334, -0.723280, -0.047718, 0.686678)
99.8022, (-4.630868, -0.677263, 3.013027), (-0.055764, -0.718286, -0.048076, 0.691841)
99.816, (-4.622697, -0.679412, 3.026929), (-0.057265, -0.713095, -0.050701, 0.696883)
99.82979, (-4.612206, -0.677843, 3.039588), (-0.057730, -0.708455, -0.052474, 0.701431)
99.84357, (-4.603431, -0.668438, 3.055914), (-0.060049, -0.703900, -0.055531, 0.705574)
99.85786, (-4.592966, -0.661528, 3.067075), (-0.061137, -0.698202, -0.057854, 0.710935)
99.8717, (-4.582887, -0.654557, 3.083125), (-0.061998, -0.693508, -0.059466, 0.715309)
99.88523, (-4.570776, -0.648929, 3.096268), (-0.064629, -0.688381, -0.060357, 0.719938)
99.89892, (-4.553160, -0.639491, 3.106246), (-0.068270, -0.684303, -0.060864, 0.723439)
99.91274, (-4.535397, -0.635335, 3.123071), (-0.070889, -0.680869, -0.062365, 0.726294)
99.9268, (-4.521957, -0.624698, 3.134423), (-0.073149, -0.676314, -0.062221, 0.730326)
99.94045, (-4.508941, -0.616573, 3.151762), (-0.076618, -0.671404, -0.062561, 0.734460)
99.95438, (-4.493855, -0.607295, 3.166075), (-0.080786, -0.665785, -0.064493, 0.738948)
99.96825, (-4.474083, -0.596986, 3.179169), (-0.086476, -0.660181, -0.068605, 0.742951)
99.98201, (-4.453611, -0.580334, 3.189449), (-0.090713, -0.654083, -0.073597, 0.747349)
99.99593, (-4.433505, -0.567608, 3.199438), (-0.095141, -0.647665, -0.078844, 0.751839)
100.01, (-4.414145, -0.547814, 3.211539), (-0.097993, -0.640572, -0.082091, 0.757183)
100.0239, (-4.394440, -0.532016, 3.229174), (-0.102627, -0.633583, -0.085912, 0.762010)
100.0379, (-4.368637, -0.528787, 3.240201), (-0.112118, -0.626454, -0.090675, 0.766005)
100.0515, (-4.341227, -0.513990, 3.249289), (-0.118955, -0.620227, -0.094145, 0.769614)
100.0655, (-4.318261, -0.494229, 3.257606), (-0.124091, -0.614323, -0.097601, 0.773099)
100.0796, (-4.296073, -0.482774, 3.268514), (-0.131262, -0.609423, -0.099902, 0.775496)
100.0933, (-4.277800, -0.471870, 3.278075), (-0.137854, -0.604105, -0.105865, 0.777719)
100.107, (-4.258573, -0.459573, 3.285339), (-0.143954, -0.599304, -0.112728, 0.779362)
100.1206, (-4.235591, -0.445806, 3.292341), (-0.150694, -0.593753, -0.117579, 0.781616)
100.1345, (-4.212775, -0.432295, 3.299350), (-0.156294, -0.588506, -0.121889, 0.783822)
100.1483, (-4.189306, -0.425645, 3.306633), (-0.160147, -0.584294, -0.124913, 0.785717)
100.1623, (-4.171790, -0.421337, 3.314425), (-0.165545, -0.579418, -0.128201, 0.787676)
100.1766, (-4.153215, -0.414373, 3.324847), (-0.170107, -0.574979, -0.131251, 0.789453)
100.1906, (-4.134806, -0.407320, 3.329975), (-0.174832, -0.569448, -0.134776, 0.791833)
100.2041, (-4.116822, -0.400338, 3.341973), (-0.179863, -0.565056, -0.137503, 0.793382)
100.2184, (-4.100659, -0.392494, 3.350174), (-0.182909, -0.560266, -0.139602, 0.795712)
100.2318, (-4.083371, -0.388546, 3.355733), (-0.186124, -0.555816, -0.142630, 0.797548)
100.2456, (-4.069342, -0.386269, 3.362642), (-0.187173, -0.552251, -0.145151, 0.799322)
100.2596, (-4.055494, -0.389744, 3.367689), (-0.186151, -0.549315, -0.145118, 0.801587)
100.2734, (-4.042510, -0.396954, 3.375500), (-0.186523, -0.546172, -0.144540, 0.803750)
100.2873, (-4.028798, -0.397785, 3.378670), (-0.187211, -0.541036, -0.143418, 0.807257)
100.3013, (-4.015823, -0.398307, 3.388261), (-0.189865, -0.537041, -0.143596, 0.809271)
100.3152, (-4.003500, -0.391251, 3.397928), (-0.190300, -0.533264, -0.145006, 0.811412)
100.3291, (-3.992711, -0.386446, 3.403408), (-0.191478, -0.529076, -0.147171, 0.813484)
100.343, (-3.980453, -0.384022, 3.408882), (-0.191305, -0.525930, -0.150747, 0.814908)
100.3569, (-3.967556, -0.381838, 3.415405), (-0.192725, -0.521821, -0.152478, 0.816891)
100.3711, (-3.956260, -0.387069, 3.424089), (-0.193270, -0.518589, -0.149836, 0.819306)
100.3847, (-3.943154, -0.384417, 3.431203), (-0.193899, -0.514257, -0.147292, 0.822343)
100.3986, (-3.932614, -0.385305, 3.440387), (-0.196102, -0.510636, -0.146703, 0.824180)
100.4125, (-3.923798, -0.381862, 3.445825), (-0.196080, -0.507501, -0.147973, 0.825893)
100.4264, (-3.914383, -0.377883, 3.450691), (-0.196152, -0.504772, -0.148244, 0.827498)
100.4403, (-3.905340, -0.380524, 3.457553), (-0.196294, -0.501800, -0.148916, 0.829150)
100.4542, (-3.895192, -0.378273, 3.460280), (-0.197098, -0.497630, -0.147792, 0.831669)
100.4681, (-3.884492, -0.377644, 3.466405), (-0.197989, -0.493678, -0.148030, 0.833769)
100.482, (-3.875119, -0.374168, 3.470614), (-0.199581, -0.489266, -0.149194, 0.835779)
100.4959, (-3.867065, -0.368369, 3.474101), (-0.201024, -0.485357, -0.149861, 0.837591)
100.5099, (-3.861088, -0.368016, 3.479030), (-0.203323, -0.481287, -0.151701, 0.839053)
100.5238, (-3.853540, -0.365815, 3.484138), (-0.203760, -0.478227, -0.151953, 0.840649)
100.5379, (-3.845304, -0.365282, 3.487302), (-0.204593, -0.474253, -0.151644, 0.842752)
100.5515, (-3.838397, -0.367230, 3.492254), (-0.207584, -0.469897, -0.151479, 0.844488)
100.5655, (-3.828449, -0.362278, 3.499517), (-0.208223, -0.466239, -0.150970, 0.846447)
100.5793, (-3.822669, -0.365909, 3.505367), (-0.209391, -0.462013, -0.150130, 0.848623)
100.5933, (-3.816066, -0.367135, 3.511551), (-0.209049, -0.457324, -0.149165, 0.851413)
100.6072, (-3.809190, -0.369151, 3.518790), (-0.208546, -0.453007, -0.146856, 0.854241)
100.621, (-3.802180, -0.375013, 3.524621), (-0.208312, -0.448132, -0.146472, 0.856930)
100.635, (-3.793859, -0.373044, 3.529546), (-0.207468, -0.443766, -0.145289, 0.859605)
100.649, (-3.786446, -0.375911, 3.537748), (-0.207871, -0.440001, -0.145084, 0.861475)
100.6628, (-3.781680, -0.377878, 3.540768), (-0.207249, -0.435443, -0.145128, 0.863930)
100.6768, (-3.782274, -0.383157, 3.554153), (-0.204903, -0.432516, -0.144488, 0.866065)
100.6908, (-3.776255, -0.389265, 3.560359), (-0.203995, -0.428535, -0.142788, 0.868537)
100.705, (-3.769378, -0.392238, 3.566212), (-0.202686, -0.424036, -0.141615, 0.871239)
100.7186, (-3.765242, -0.393568, 3.572753), (-0.202120, -0.419421, -0.140909, 0.873715)
100.7325, (-3.761165, -0.393969, 3.585581), (-0.201404, -0.415840, -0.139593, 0.875801)
100.7464, (-3.760263, -0.397481, 3.593562), (-0.199967, -0.410892, -0.138547, 0.878628)
100.7603, (-3.757625, -0.402050, 3.602256), (-0.198812, -0.406616, -0.136479, 0.881199)
100.7742, (-3.756044, -0.408524, 3.610371), (-0.198935, -0.401643, -0.135685, 0.883571)
100.7883, (-3.752561, -0.403996, 3.620652), (-0.198256, -0.397742, -0.133646, 0.885796)
100.8023, (-3.752249, -0.402653, 3.629025), (-0.196874, -0.393609, -0.133250, 0.888008)
100.8161, (-3.753403, -0.404930, 3.637793), (-0.196736, -0.390763, -0.132657, 0.889383)
100.83, (-3.758171, -0.405498, 3.646093), (-0.196518, -0.388774, -0.129572, 0.890756)
100.844, (-3.763375, -0.405638, 3.650904), (-0.195595, -0.388057, -0.126472, 0.891717)
100.8579, (-3.765990, -0.406399, 3.655789), (-0.195462, -0.386209, -0.123841, 0.892917)
100.8724, (-3.768202, -0.400699, 3.658903), (-0.194550, -0.387442, -0.119729, 0.893143)
100.886, (-3.772178, -0.404626, 3.667779), (-0.194867, -0.386649, -0.117244, 0.893747)
100.8998, (-3.776286, -0.406015, 3.676069), (-0.193912, -0.385460, -0.115775, 0.894659)
100.9135, (-3.777399, -0.407572, 3.683929), (-0.192218, -0.385167, -0.114824, 0.895273)
100.9273, (-3.780224, -0.408641, 3.687229), (-0.190810, -0.384161, -0.114185, 0.896088)
100.9412, (-3.781455, -0.412089, 3.689409), (-0.190321, -0.382648, -0.114011, 0.896861)
100.9552, (-3.781732, -0.414379, 3.693069), (-0.190668, -0.381421, -0.113535, 0.897371)
100.9691, (-3.779813, -0.413690, 3.698042), (-0.190293, -0.380609, -0.112290, 0.897952)
100.983, (-3.779908, -0.413293, 3.704003), (-0.190529, -0.380009, -0.111476, 0.898256)
100.9971, (-3.783413, -0.412377, 3.708909), (-0.190870, -0.378944, -0.111659, 0.898611)
101.0113, (-3.788832, -0.412231, 3.714890), (-0.191619, -0.378608, -0.112902, 0.898438)
101.0248, (-3.791354, -0.410848, 3.717295), (-0.191673, -0.378603, -0.112647, 0.898461)
101.0385, (-3.796097, -0.411243, 3.721488), (-0.191530, -0.379562, -0.112797, 0.898068)
101.0524, (-3.802712, -0.408961, 3.727643), (-0.191514, -0.381751, -0.112541, 0.897175)
101.0663, (-3.816101, -0.406514, 3.731956), (-0.192714, -0.384174, -0.110580, 0.896127)
101.0804, (-3.830416, -0.396208, 3.737625), (-0.191331, -0.390841, -0.107076, 0.893963)
101.0941, (-3.844534, -0.389850, 3.741125), (-0.188568, -0.395471, -0.103769, 0.892904)
101.1081, (-3.860183, -0.386775, 3.746666), (-0.183948, -0.401527, -0.097395, 0.891882)
101.1221, (-3.870726, -0.388755, 3.749907), (-0.178107, -0.406657, -0.091978, 0.891318)
101.136, (-3.879099, -0.377744, 3.758454), (-0.172166, -0.411292, -0.086761, 0.890882)
101.1498, (-3.906749, -0.387390, 3.784333), (-0.163819, -0.413193, -0.077437, 0.892434)
101.164, (-3.923237, -0.391834, 3.806877), (-0.162504, -0.414701, -0.072260, 0.892409)
101.1777, (-3.935989, -0.383441, 3.819789), (-0.158531, -0.416201, -0.066311, 0.892887)
101.1915, (-3.934835, -0.366925, 3.845549), (-0.152620, -0.414619, -0.063592, 0.894849)
101.2053, (-3.953502, -0.373850, 3.865738), (-0.151888, -0.413182, -0.063937, 0.895613)
101.2192, (-3.974105, -0.379541, 3.884821), (-0.149290, -0.411911, -0.059748, 0.896924)
101.2329, (-4.003113, -0.396185, 3.899431), (-0.147981, -0.408714, -0.050904, 0.899146)
101.2467, (-4.022203, -0.404650, 3.910833), (-0.146158, -0.407896, -0.047056, 0.900025)
101.2606, (-4.035245, -0.386553, 3.906940), (-0.139407, -0.408810, -0.047844, 0.900639)
101.2745, (-4.055959, -0.378041, 3.905258), (-0.132319, -0.412175, -0.048468, 0.900141)
101.2884, (-4.070871, -0.369335, 3.910051), (-0.134313, -0.413841, -0.061358, 0.898293)
101.3023, (-4.082188, -0.368183, 3.909752), (-0.134310, -0.418268, -0.061838, 0.896208)
101.3163, (-4.095382, -0.389626, 3.915380), (-0.133338, -0.415766, -0.055304, 0.897943)
101.3303, (-4.099238, -0.385556, 3.923537), (-0.132685, -0.412109, -0.052936, 0.899866)
101.3441, (-4.099074, -0.383145, 3.927278), (-0.131984, -0.409914, -0.054186, 0.900897)
101.3581, (-4.099213, -0.382015, 3.932187), (-0.132047, -0.409018, -0.054458, 0.901278)
101.3719, (-4.101434, -0.383387, 3.938032), (-0.130937, -0.409085, -0.053138, 0.901488)
101.3859, (-4.090714, -0.387068, 3.938886), (-0.132232, -0.412369, -0.054422, 0.899725)
101.3997, (-4.087270, -0.387112, 3.936274), (-0.130187, -0.417517, -0.055511, 0.897580)
101.4136, (-4.092574, -0.388495, 3.934684), (-0.127447, -0.419818, -0.054093, 0.896986)
101.4276, (-4.099858, -0.387005, 3.931880), (-0.123762, -0.419900, -0.053618, 0.897492)
101.4419, (-4.102143, -0.393555, 3.924684), (-0.122889, -0.421104, -0.053344, 0.897064)
101.4556, (-4.102783, -0.393925, 3.922122), (-0.121195, -0.423271, -0.053118, 0.896288)
101.4698, (-4.104741, -0.388899, 3.914347), (-0.119181, -0.423698, -0.058659, 0.896011)
101.4835, (-4.110736, -0.382968, 3.905885), (-0.113454, -0.421800, -0.062213, 0.897409)
101.4973, (-4.122678, -0.380462, 3.903378), (-0.108699, -0.420494, -0.063938, 0.898488)
101.5111, (-4.144173, -0.392928, 3.913100), (-0.103780, -0.418189, -0.062019, 0.900279)
101.5249, (-4.155190, -0.432750, 3.937342), (-0.108382, -0.412447, -0.053307, 0.902939)
101.5389, (-4.151140, -0.438162, 3.945265), (-0.114692, -0.410511, -0.053048, 0.903057)
101.5528, (-4.153225, -0.443736, 3.948309), (-0.115393, -0.409411, -0.053474, 0.903442)
101.5665, (-4.119164, -0.409685, 3.954392), (-0.099747, -0.412406, -0.060642, 0.903490)
101.5804, (-4.121859, -0.428690, 3.977331), (-0.097467, -0.411097, -0.058599, 0.904470)
101.5943, (-4.117317, -0.442243, 3.983546), (-0.100422, -0.411091, -0.055433, 0.904349)
101.6082, (-4.116195, -0.457658, 3.985965), (-0.101203, -0.415467, -0.047692, 0.902702)
101.6221, (-4.117991, -0.463698, 3.990093), (-0.094689, -0.419788, -0.035100, 0.901987)
101.6362, (-4.124723, -0.440015, 4.008358), (-0.082791, -0.421412, -0.023174, 0.902785)
101.65, (-4.128841, -0.433565, 4.025477), (-0.073888, -0.424372, -0.014640, 0.902349)
101.664, (-4.138755, -0.417016, 4.052948), (-0.053209, -0.426339, -0.002313, 0.902994)
101.6779, (-4.148227, -0.411742, 4.078504), (-0.041174, -0.427347, 0.005119, 0.903135)
101.6918, (-4.155984, -0.422854, 4.103491), (-0.041583, -0.430578, 0.008337, 0.901556)
101.7061, (-4.171254, -0.423393, 4.110811), (-0.048557, -0.437210, 0.016056, 0.897904)
101.7199, (-4.192265, -0.409260, 4.114442), (-0.050606, -0.444338, 0.026501, 0.894036)
101.7337, (-4.204917, -0.407885, 4.127113), (-0.049086, -0.448024, 0.033807, 0.892033)
101.7476, (-4.217325, -0.403640, 4.141304), (-0.046235, -0.451422, 0.041184, 0.890160)
101.7616, (-4.236553, -0.416482, 4.143759), (-0.064716, -0.456980, 0.043184, 0.886068)
101.7756, (-4.250413, -0.413818, 4.173873), (-0.081117, -0.465480, 0.033846, 0.880683)
101.7898, (-4.306436, -0.462818, 4.159973), (-0.106730, -0.465932, -0.000042, 0.878360)
101.8033, (-4.324687, -0.409501, 4.151712), (-0.104684, -0.450688, -0.009708, 0.886469)
101.8171, (-4.315015, -0.375336, 4.119211), (-0.101523, -0.414129, -0.002268, 0.904536)
101.8309, (-4.327897, -0.371915, 4.121648), (-0.106574, -0.407695, -0.001746, 0.906876)
101.8448, (-4.318396, -0.369055, 4.118542), (-0.102921, -0.405762, 0.002803, 0.908161)
101.8588, (-4.314646, -0.354987, 4.111436), (-0.101397, -0.408908, 0.007345, 0.906896)
101.8728, (-4.312892, -0.348650, 4.105361), (-0.098222, -0.409937, 0.011318, 0.906739)
101.8865, (-4.303331, -0.351639, 4.103569), (-0.092786, -0.414575, 0.018053, 0.905093)
101.9003, (-4.300667, -0.363739, 4.104101), (-0.089769, -0.415084, 0.025132, 0.904995)
101.9142, (-4.301254, -0.368236, 4.097190), (-0.084980, -0.413754, 0.033209, 0.905806)
101.9281, (-4.296842, -0.387828, 4.097708), (-0.082235, -0.409927, 0.035350, 0.907716)
101.9421, (-4.302132, -0.375589, 4.097952), (-0.075379, -0.406204, 0.037497, 0.909896)
101.9563, (-4.298906, -0.406959, 4.100190), (-0.070680, -0.402483, 0.038453, 0.911885)
101.97, (-4.305110, -0.418757, 4.103903), (-0.067075, -0.401042, 0.038501, 0.912789)
101.9842, (-4.309755, -0.429779, 4.110375), (-0.062465, -0.400890, 0.038280, 0.913193)
101.998, (-4.318233, -0.445992, 4.118093), (-0.061778, -0.402569, 0.034249, 0.912660)
102.0117, (-4.328604, -0.454193, 4.129251), (-0.060196, -0.402717, 0.030905, 0.912820)
102.0257, (-4.339235, -0.462291, 4.141939), (-0.060351, -0.401758, 0.028111, 0.913323)
102.0395, (-4.347135, -0.473948, 4.158813), (-0.062122, -0.401371, 0.025643, 0.913447)
102.0536, (-4.357178, -0.487413, 4.174045), (-0.066355, -0.401945, 0.022970, 0.912968)
102.0674, (-4.365416, -0.496361, 4.188600), (-0.069036, -0.404722, 0.021123, 0.911586)
102.0813, (-4.368710, -0.495079, 4.201115), (-0.067834, -0.408042, 0.016921, 0.910283)
102.0955, (-4.371987, -0.493044, 4.216001), (-0.066127, -0.409725, 0.011804, 0.909733)
102.1095, (-4.378676, -0.491167, 4.229922), (-0.066862, -0.407446, 0.008658, 0.910737)
102.1233, (-4.382005, -0.492779, 4.246965), (-0.070643, -0.404118, 0.007433, 0.911945)
102.1371, (-4.381899, -0.493022, 4.263788), (-0.074609, -0.400165, 0.007013, 0.913374)
102.151, (-4.377598, -0.487065, 4.282230), (-0.076914, -0.396830, 0.007823, 0.914631)
102.1649, (-4.370916, -0.481837, 4.297276), (-0.078523, -0.395049, 0.011201, 0.915229)
102.1788, (-4.365153, -0.478411, 4.308266), (-0.079239, -0.394247, 0.016069, 0.915441)
102.1926, (-4.357355, -0.474351, 4.317533), (-0.079317, -0.394883, 0.022542, 0.915023)
102.2062, (-4.346097, -0.473323, 4.330787), (-0.078869, -0.395333, 0.026271, 0.914769)
102.2203, (-4.338549, -0.470688, 4.337915), (-0.077344, -0.394931, 0.031356, 0.914912)
102.2344, (-4.331618, -0.468622, 4.343764), (-0.074844, -0.394127, 0.036429, 0.915279)
102.248, (-4.323917, -0.465976, 4.353204), (-0.073707, -0.393590, 0.039788, 0.915462)
102.2618, (-4.317388, -0.464143, 4.354717), (-0.068572, -0.393634, 0.040458, 0.915813)
102.2757, (-4.313712, -0.467954, 4.365576), (-0.069803, -0.394410, 0.042475, 0.915295)
102.2898, (-4.310799, -0.472336, 4.374228), (-0.072560, -0.395554, 0.044312, 0.914499)
102.3037, (-4.311097, -0.471588, 4.376612), (-0.072346, -0.397287, 0.045243, 0.913719)
102.3178, (-4.310922, -0.472198, 4.380477), (-0.071719, -0.399949, 0.043846, 0.912675)
102.3315, (-4.310962, -0.473671, 4.382007), (-0.071869, -0.402376, 0.040850, 0.911735)
102.3453, (-4.315275, -0.469306, 4.376503), (-0.068353, -0.402760, 0.038057, 0.911956)
102.3593, (-4.319324, -0.468054, 4.374499), (-0.066853, -0.402633, 0.033441, 0.912304)
102.3731, (-4.314175, -0.468391, 4.383333), (-0.066246, -0.403229, 0.029651, 0.912216)
102.3873, (-4.320525, -0.465666, 4.381656), (-0.066071, -0.405243, 0.026238, 0.911441)
102.4009, (-4.324256, -0.465224, 4.384352), (-0.069731, -0.407595, 0.021833, 0.910235)
102.4148, (-4.329619, -0.467252, 4.389064), (-0.074874, -0.408785, 0.019625, 0.909342)
102.4287, (-4.332623, -0.462446, 4.388155), (-0.077465, -0.409277, 0.020277, 0.908890)
102.4427, (-4.333881, -0.455653, 4.385802), (-0.079093, -0.409236, 0.020460, 0.908764)
102.4564, (-4.337406, -0.449358, 4.382847), (-0.080329, -0.410687, 0.020966, 0.907989)
102.4703, (-4.339490, -0.441121, 4.380359), (-0.081043, -0.414175, 0.021446, 0.906329)
102.4842, (-4.341585, -0.434511, 4.379177), (-0.082063, -0.417597, 0.021110, 0.904673)
102.498, (-4.343438, -0.429083, 4.379858), (-0.084210, -0.419529, 0.020510, 0.903595)
102.5119, (-4.348244, -0.421507, 4.376749), (-0.086177, -0.418949, 0.021409, 0.903658)
102.5259, (-4.353315, -0.417644, 4.374527), (-0.089424, -0.418581, 0.022861, 0.903477)
102.5398, (-4.354854, -0.411915, 4.375154), (-0.092100, -0.418815, 0.022630, 0.903106)
102.5541, (-4.357853, -0.408098, 4.376275), (-0.095873, -0.419518, 0.022256, 0.902396)
102.5676, (-4.361387, -0.405413, 4.374543), (-0.101348, -0.420834, 0.022136, 0.901187)
102.5813, (-4.365504, -0.398673, 4.369296), (-0.103633, -0.422596, 0.022984, 0.900080)
102.5952, (-4.368959, -0.395243, 4.363306), (-0.105155, -0.424646, 0.023266, 0.898931)
102.609, (-4.371562, -0.390697, 4.358475), (-0.104529, -0.427119, 0.022174, 0.897860)
102.6229, (-4.376298, -0.388124, 4.355398), (-0.105047, -0.428208, 0.019725, 0.897337)
102.6368, (-4.384796, -0.386082, 4.347764), (-0.107286, -0.427764, 0.019873, 0.897281)
102.6506, (-4.391995, -0.384212, 4.340434), (-0.109326, -0.427797, 0.020621, 0.897002)
102.6645, (-4.394321, -0.381726, 4.335350), (-0.108478, -0.429393, 0.019376, 0.896370)
102.6794, (-4.396297, -0.379356, 4.334116), (-0.105558, -0.431512, 0.018609, 0.895717)
102.6928, (-4.401389, -0.379102, 4.330463), (-0.105607, -0.433610, 0.019643, 0.894675)
102.7068, (-4.406862, -0.381182, 4.325897), (-0.106263, -0.435958, 0.022230, 0.893395)
102.7206, (-4.411300, -0.379424, 4.321930), (-0.105202, -0.438581, 0.023135, 0.892213)
102.7346, (-4.414846, -0.378311, 4.321006), (-0.102490, -0.441360, 0.022389, 0.891177)
102.7485, (-4.424797, -0.372280, 4.315617), (-0.099323, -0.443462, 0.022753, 0.890482)
102.7624, (-4.431879, -0.372912, 4.316177), (-0.099648, -0.445623, 0.020399, 0.889424)
102.7769, (-4.441001, -0.374347, 4.315748), (-0.102032, -0.446661, 0.018898, 0.888665)
102.7903, (-4.449929, -0.373521, 4.312319), (-0.103718, -0.447777, 0.019615, 0.887893)
102.8043, (-4.459054, -0.370820, 4.307825), (-0.103319, -0.450050, 0.020305, 0.886774)
102.8176, (-4.465752, -0.371755, 4.306116), (-0.103071, -0.454851, 0.018791, 0.884384)
102.8315, (-4.471452, -0.375776, 4.302569), (-0.102516, -0.459449, 0.015542, 0.882131)
102.8454, (-4.476577, -0.383003, 4.298311), (-0.104154, -0.462911, 0.011522, 0.880189)
102.8599, (-4.480347, -0.389106, 4.293355), (-0.107031, -0.463522, 0.007751, 0.879564)
102.8732, (-4.485291, -0.389515, 4.285529), (-0.107565, -0.462109, 0.005801, 0.880257)
102.8876, (-4.486699, -0.394982, 4.275240), (-0.108581, -0.461001, 0.005177, 0.880717)
102.9008, (-4.491110, -0.398539, 4.268582), (-0.109369, -0.462190, 0.003498, 0.880004)
102.9148, (-4.481730, -0.391530, 4.254308), (-0.099400, -0.464027, 0.003617, 0.880219)
102.9287, (-4.478937, -0.393775, 4.249297), (-0.096742, -0.465195, 0.001878, 0.879904)
102.9427, (-4.477576, -0.395063, 4.244499), (-0.096375, -0.464380, 0.000491, 0.880377)
102.9574, (-4.475256, -0.397009, 4.243632), (-0.099500, -0.461912, 0.000842, 0.881327)
102.9706, (-4.473468, -0.395535, 4.237975), (-0.102228, -0.460496, 0.002427, 0.881752)
102.9847, (-4.469095, -0.388459, 4.233275), (-0.102611, -0.460181, 0.006250, 0.881853)
102.9987, (-4.465860, -0.386128, 4.226741), (-0.102395, -0.460982, 0.008235, 0.881444)
103.0122, (-4.463151, -0.383234, 4.223520), (-0.102029, -0.462641, 0.010271, 0.880595)
103.0273, (-4.462956, -0.381355, 4.218506), (-0.103836, -0.463584, 0.011867, 0.879868)
103.0398, (-4.463357, -0.377550, 4.209921), (-0.105117, -0.462667, 0.012928, 0.880183)
103.0537, (-4.464589, -0.371426, 4.198975), (-0.105570, -0.461151, 0.013040, 0.880923)
103.0675, (-4.466636, -0.368246, 4.188900), (-0.105422, -0.460294, 0.013211, 0.881386)
103.0814, (-4.467477, -0.364893, 4.184146), (-0.105062, -0.460771, 0.012240, 0.881194)
103.0954, (-4.469241, -0.365690, 4.181910), (-0.107062, -0.461302, 0.010863, 0.880693)
103.1091, (-4.471781, -0.370311, 4.179231), (-0.111469, -0.460867, 0.010256, 0.880381)
103.123, (-4.472988, -0.367852, 4.173103), (-0.114837, -0.459966, 0.010809, 0.880413)
103.137, (-4.471476, -0.361090, 4.167073), (-0.114416, -0.460726, 0.011545, 0.880061)
103.1511, (-4.470225, -0.357267, 4.161329), (-0.113304, -0.462600, 0.012596, 0.879207)
103.165, (-4.469888, -0.355011, 4.155764), (-0.112967, -0.464066, 0.014380, 0.878450)
103.1786, (-4.470839, -0.352942, 4.147371), (-0.111910, -0.464955, 0.017899, 0.878051)
103.1922, (-4.472056, -0.352973, 4.143208), (-0.111548, -0.464961, 0.018963, 0.878071)
103.2063, (-4.474251, -0.351244, 4.136692), (-0.111227, -0.465221, 0.019270, 0.877968)
103.2205, (-4.476625, -0.348643, 4.130476), (-0.110732, -0.465307, 0.019488, 0.877980)
103.2345, (-4.479700, -0.348556, 4.128200), (-0.111061, -0.465866, 0.018169, 0.877670)
103.2487, (-4.482684, -0.348860, 4.122287), (-0.111680, -0.466041, 0.018557, 0.877490)
103.2622, (-4.485001, -0.349408, 4.117913), (-0.111648, -0.466504, 0.018548, 0.877248)
103.277, (-4.487290, -0.349754, 4.113180), (-0.111219, -0.467341, 0.018269, 0.876863)
103.2901, (-4.490119, -0.348841, 4.105305), (-0.110073, -0.468099, 0.017759, 0.876614)
103.3039, (-4.493609, -0.344977, 4.097132), (-0.108254, -0.469161, 0.017462, 0.876279)
103.3177, (-4.496324, -0.345054, 4.092317), (-0.106941, -0.470314, 0.016264, 0.875845)
103.3318, (-4.499507, -0.346716, 4.088456), (-0.106413, -0.470458, 0.015346, 0.875848)
103.3454, (-4.503172, -0.349844, 4.088681), (-0.107409, -0.469774, 0.013844, 0.876119)
103.3589, (-4.507075, -0.350519, 4.085387), (-0.108903, -0.469145, 0.013516, 0.876277)
103.3733, (-4.509867, -0.348135, 4.080637), (-0.109678, -0.468778, 0.013808, 0.876372)
103.387, (-4.511828, -0.345125, 4.074837), (-0.109268, -0.469517, 0.013883, 0.876026)
103.4008, (-4.512887, -0.342877, 4.070694), (-0.107483, -0.470957, 0.014374, 0.875466)
103.4147, (-4.514159, -0.345703, 4.070689), (-0.107193, -0.471542, 0.014010, 0.875192)
103.4287, (-4.517945, -0.345922, 4.067331), (-0.106381, -0.470623, 0.015079, 0.875768)
103.4425, (-4.521446, -0.346704, 4.068342), (-0.106308, -0.469432, 0.015939, 0.876401)
103.4564, (-4.523217, -0.344949, 4.069848), (-0.107508, -0.469278, 0.015435, 0.876346)
103.4704, (-4.525572, -0.343404, 4.070392), (-0.107398, -0.469167, 0.015196, 0.876423)
103.4842, (-4.527980, -0.340252, 4.073211), (-0.108078, -0.469454, 0.015289, 0.876184)
103.4982, (-4.532735, -0.338715, 4.074038), (-0.108133, -0.470090, 0.017776, 0.875789)
103.5119, (-4.534295, -0.338914, 4.071504), (-0.108474, -0.471555, 0.019171, 0.874929)
103.5259, (-4.538953, -0.339550, 4.086242), (-0.109562, -0.473376, 0.019096, 0.873812)
103.5401, (-4.542771, -0.344609, 4.089520), (-0.112689, -0.473639, 0.017993, 0.873294)
103.5538, (-4.547425, -0.342244, 4.085617), (-0.113684, -0.473282, 0.019414, 0.873329)
103.5679, (-4.549701, -0.340728, 4.086852), (-0.113345, -0.473802, 0.018745, 0.873106)
103.5814, (-4.554166, -0.344490, 4.086291), (-0.114234, -0.474414, 0.018151, 0.872670)
103.5956, (-4.559063, -0.346855, 4.086088), (-0.114583, -0.474935, 0.018320, 0.872337)
103.6095, (-4.562472, -0.351108, 4.085385), (-0.114582, -0.475430, 0.017506, 0.872084)
103.623, (-4.565560, -0.349823, 4.082140), (-0.113269, -0.475947, 0.016707, 0.871989)
103.6367, (-4.568711, -0.351559, 4.081881), (-0.113505, -0.476585, 0.016169, 0.871621)
103.6508, (-4.572485, -0.355964, 4.081595), (-0.114125, -0.477081, 0.015710, 0.871277)
103.665, (-4.577085, -0.360273, 4.079156), (-0.113602, -0.478655, 0.017122, 0.870454)
103.6787, (-4.580508, -0.361517, 4.076194), (-0.110798, -0.480413, 0.017284, 0.869844)
103.6924, (-4.584090, -0.364224, 4.072952), (-0.107414, -0.481178, 0.016198, 0.869867)
103.706, (-4.588786, -0.366674, 4.071042), (-0.105436, -0.481447, 0.015367, 0.869975)
103.72, (-4.593417, -0.369183, 4.068028), (-0.104495, -0.481669, 0.015049, 0.869971)
103.7342, (-4.598017, -0.375768, 4.068007), (-0.107265, -0.482214, 0.013266, 0.869361)
103.7481, (-4.600760, -0.377102, 4.065019), (-0.106628, -0.484013, 0.012693, 0.868448)
103.7619, (-4.603123, -0.377173, 4.061911), (-0.104054, -0.485824, 0.012586, 0.867750)
103.7759, (-4.606370, -0.379118, 4.059120), (-0.102864, -0.486857, 0.012222, 0.867318)
103.7898, (-4.609787, -0.381159, 4.056410), (-0.101920, -0.487892, 0.011767, 0.866854)
103.8038, (-4.613578, -0.389466, 4.051785), (-0.102324, -0.486967, 0.012412, 0.867317)
103.8176, (-4.618072, -0.393744, 4.043724), (-0.101484, -0.485934, 0.012137, 0.867999)
103.8316, (-4.621868, -0.397085, 4.039284), (-0.100735, -0.486369, 0.011847, 0.867847)
103.8454, (-4.625864, -0.398567, 4.031377), (-0.098512, -0.486888, 0.011639, 0.867813)
103.8591, (-4.630390, -0.400939, 4.028580), (-0.095806, -0.488541, 0.007889, 0.867229)
103.873, (-4.635349, -0.403959, 4.036892), (-0.099688, -0.486553, 0.004245, 0.867935)
103.8867, (-4.638700, -0.408003, 4.036511), (-0.100744, -0.485946, 0.002776, 0.868158)
103.9006, (-4.640779, -0.408349, 4.036600), (-0.105494, -0.482708, 0.005534, 0.869387)
103.9145, (-4.638636, -0.402576, 4.035045), (-0.103966, -0.483947, 0.010885, 0.868831)
103.9293, (-4.638131, -0.399003, 4.036427), (-0.101348, -0.486708, 0.012629, 0.867574)
103.9428, (-4.642886, -0.404434, 4.034748), (-0.099568, -0.489047, 0.012550, 0.866465)
103.9561, (-4.643186, -0.403312, 4.035768), (-0.101108, -0.489733, 0.012548, 0.865899)
103.9701, (-4.644184, -0.403401, 4.036642), (-0.103737, -0.488669, 0.012999, 0.866183)
103.9839, (-4.644589, -0.401470, 4.037334), (-0.104396, -0.486718, 0.014584, 0.867176)
103.9969, (-4.645004, -0.399989, 4.037017), (-0.103247, -0.486759, 0.015082, 0.867282)
104.0108, (-4.645729, -0.397372, 4.035122), (-0.101387, -0.487922, 0.015141, 0.866847)
104.0247, (-4.646767, -0.396017, 4.033894), (-0.102047, -0.488751, 0.012865, 0.866339)
104.0386, (-4.648076, -0.394369, 4.033413), (-0.103898, -0.488375, 0.010266, 0.866366)
104.0525, (-4.649316, -0.394471, 4.034240), (-0.107382, -0.486518, 0.009461, 0.866995)
104.0663, (-4.650066, -0.395281, 4.034609), (-0.109037, -0.485075, 0.010828, 0.867581)
104.0803, (-4.648942, -0.395783, 4.033383), (-0.107271, -0.485182, 0.012323, 0.867721)
104.0961, (-4.646987, -0.394670, 4.031206), (-0.104270, -0.486890, 0.013510, 0.867112)
104.1083, (-4.645821, -0.395626, 4.028908), (-0.103966, -0.488516, 0.014329, 0.866221)
104.1225, (-4.644904, -0.397120, 4.026944), (-0.103539, -0.489525, 0.013687, 0.865712)
104.1359, (-4.644453, -0.398160, 4.025167), (-0.103366, -0.489576, 0.013343, 0.865709)
104.1498, (-4.644951, -0.398638, 4.021439), (-0.103183, -0.488713, 0.013814, 0.866211)
104.1969, (-4.645634, -0.398186, 4.019814), (-0.102312, -0.487980, 0.013611, 0.866731)
