40.54649, (-0.128467, -0.378232, 4.426024), (-0.321606, 0.192841, 0.386785, 0.842484)
40.56036, (-0.132999, -0.366449, 4.405871), (-0.326628, 0.198620, 0.389392, 0.837997)
40.5743, (-0.145277, -0.357215, 4.387358), (-0.332027, 0.204506, 0.390555, 0.833908)
40.58832, (-0.154027, -0.347281, 4.364530), (-0.339539, 0.208080, 0.390011, 0.830246)
40.60225, (-0.164447, -0.341511, 4.344647), (-0.345371, 0.212637, 0.390341, 0.826522)
40.61621, (-0.173911, -0.339005, 4.327476), (-0.350434, 0.216923, 0.388881, 0.823961)
40.63013, (-0.181163, -0.334209, 4.312067), (-0.353903, 0.219398, 0.387136, 0.822644)
40.64412, (-0.189782, -0.334209, 4.298197), (-0.355988, 0.221697, 0.385983, 0.821669)
40.65816, (-0.193558, -0.332971, 4.280241), (-0.357262, 0.222494, 0.386697, 0.820564)
40.67197, (-0.203501, -0.329092, 4.263039), (-0.357723, 0.224966, 0.387453, 0.819332)
40.68607, (-0.214925, -0.320332, 4.246560), (-0.360175, 0.226681, 0.387391, 0.817813)
40.69988, (-0.228378, -0.311313, 4.235022), (-0.364307, 0.228795, 0.386424, 0.815849)
40.71375, (-0.239325, -0.308477, 4.222303), (-0.368381, 0.229721, 0.384862, 0.814497)
40.72775, (-0.249458, -0.310653, 4.209796), (-0.370665, 0.229911, 0.383792, 0.813912)
40.74179, (-0.258222, -0.314915, 4.198346), (-0.373409, 0.230720, 0.383613, 0.812512)
40.7561, (-0.266256, -0.316274, 4.189579), (-0.373227, 0.230098, 0.384763, 0.812228)
40.76985, (-0.278681, -0.318168, 4.183398), (-0.374583, 0.230459, 0.384666, 0.811547)
40.78377, (-0.290261, -0.323952, 4.178073), (-0.376610, 0.229630, 0.383762, 0.811272)
40.79765, (-0.300581, -0.331429, 4.173285), (-0.378028, 0.227698, 0.382712, 0.811653)
40.81158, (-0.309135, -0.339559, 4.170130), (-0.377802, 0.225598, 0.383472, 0.811986)
40.82544, (-0.315618, -0.343434, 4.167138), (-0.376458, 0.224033, 0.385087, 0.812279)
40.83908, (-0.323805, -0.345449, 4.166240), (-0.374791, 0.222619, 0.387143, 0.812461)
40.85307, (-0.331967, -0.348774, 4.166428), (-0.374110, 0.220373, 0.387990, 0.812983)
40.86704, (-0.341421, -0.353632, 4.167677), (-0.374431, 0.217787, 0.387772, 0.813636)
40.88081, (-0.347881, -0.361486, 4.171513), (-0.374328, 0.214910, 0.386668, 0.814972)
40.89469, (-0.351730, -0.367721, 4.174266), (-0.372581, 0.212898, 0.387214, 0.816041)
40.9085, (-0.346432, -0.370678, 4.180640), (-0.368862, 0.210963, 0.389294, 0.817242)
40.92247, (-0.344793, -0.369487, 4.185904), (-0.366916, 0.209559, 0.389903, 0.818189)
40.93635, (-0.341593, -0.366290, 4.192667), (-0.366076, 0.207902, 0.388654, 0.819581)
40.95032, (-0.338265, -0.363646, 4.201808), (-0.365483, 0.206996, 0.386803, 0.820949)
40.9644, (-0.329973, -0.362511, 4.211502), (-0.364331, 0.206161, 0.385008, 0.822514)
40.97806, (-0.320632, -0.361621, 4.222335), (-0.361745, 0.205958, 0.384528, 0.823930)
40.99199, (-0.307372, -0.357467, 4.236698), (-0.357642, 0.206037, 0.384420, 0.825750)
41.00585, (-0.294902, -0.352597, 4.249949), (-0.354107, 0.205098, 0.383766, 0.827808)
41.01984, (-0.276480, -0.345829, 4.269069), (-0.350489, 0.203840, 0.381561, 0.830673)
41.03424, (-0.253314, -0.337271, 4.288456), (-0.346645, 0.202769, 0.378427, 0.833975)
41.04779, (-0.231963, -0.329012, 4.306188), (-0.341947, 0.203190, 0.374971, 0.837367)
41.06161, (-0.205879, -0.318852, 4.324851), (-0.336609, 0.203349, 0.371119, 0.841198)
41.07536, (-0.174965, -0.308347, 4.346284), (-0.331525, 0.203036, 0.366778, 0.845187)
41.08929, (-0.146374, -0.295503, 4.367710), (-0.326271, 0.202354, 0.361974, 0.849455)
41.10302, (-0.114132, -0.277909, 4.389641), (-0.321461, 0.201527, 0.354959, 0.854432)
41.11695, (-0.083173, -0.263218, 4.413454), (-0.318150, 0.200639, 0.347558, 0.858911)
41.13094, (-0.046895, -0.249248, 4.435760), (-0.316621, 0.197164, 0.339255, 0.863588)
41.14452, (-0.011173, -0.238824, 4.458271), (-0.313156, 0.193759, 0.331526, 0.868609)
41.15826, (0.031137, -0.227296, 4.481878), (-0.307529, 0.190849, 0.323448, 0.874291)
41.17242, (0.078187, -0.213349, 4.502857), (-0.300446, 0.190228, 0.315825, 0.879659)
41.18604, (0.125194, -0.196227, 4.522504), (-0.295344, 0.188820, 0.307355, 0.884676)
41.19988, (0.174794, -0.179452, 4.540898), (-0.292001, 0.188178, 0.299096, 0.888744)
41.21364, (0.222771, -0.162551, 4.564661), (-0.289819, 0.186884, 0.290568, 0.892552)
41.22751, (0.271325, -0.142347, 4.586224), (-0.287445, 0.185090, 0.280177, 0.897005)
41.24137, (0.321949, -0.126156, 4.607966), (-0.284278, 0.184381, 0.269301, 0.901480)
41.25535, (0.380155, -0.108104, 4.626853), (-0.278953, 0.183097, 0.260528, 0.905972)
41.26908, (0.438573, -0.092620, 4.644341), (-0.274500, 0.181380, 0.253084, 0.909780)
41.28299, (0.494604, -0.077362, 4.665998), (-0.270697, 0.179819, 0.245668, 0.913256)
41.29678, (0.550597, -0.060879, 4.685786), (-0.266746, 0.177470, 0.237030, 0.917152)
41.31062, (0.607086, -0.049679, 4.706234), (-0.263786, 0.175078, 0.228639, 0.920592)
41.32452, (0.666090, -0.036014, 4.724794), (-0.259447, 0.172945, 0.219094, 0.924541)
41.33842, (0.729357, -0.021914, 4.742240), (-0.255016, 0.171491, 0.210821, 0.927962)
41.35225, (0.797414, -0.008985, 4.758909), (-0.250936, 0.169680, 0.202229, 0.931313)
41.3661, (0.862884, 0.000831, 4.776487), (-0.248292, 0.167758, 0.194409, 0.934031)
41.38004, (0.922797, 0.014101, 4.793481), (-0.245151, 0.166189, 0.186920, 0.936666)
41.39376, (0.987707, 0.027014, 4.809686), (-0.242541, 0.163783, 0.179255, 0.939264)
41.40763, (1.054575, 0.040933, 4.825382), (-0.238564, 0.161856, 0.172554, 0.941868)
41.42149, (1.122521, 0.053588, 4.838798), (-0.234026, 0.160483, 0.166091, 0.944400)
41.43538, (1.192694, 0.064081, 4.849343), (-0.231000, 0.159033, 0.158763, 0.946648)
41.44915, (1.263316, 0.076813, 4.859446), (-0.228297, 0.156960, 0.150637, 0.948975)
41.4631, (1.333508, 0.085751, 4.870568), (-0.226839, 0.154980, 0.142519, 0.950902)
41.47689, (1.404153, 0.096221, 4.882362), (-0.223905, 0.153423, 0.135442, 0.952882)
41.49089, (1.476865, 0.104628, 4.893515), (-0.220489, 0.151987, 0.128599, 0.954854)
41.50473, (1.549346, 0.117539, 4.899302), (-0.216445, 0.150822, 0.122013, 0.956827)
41.51847, (1.628335, 0.129883, 4.906924), (-0.213611, 0.148225, 0.114173, 0.958835)
41.53254, (1.699627, 0.140711, 4.911942), (-0.211591, 0.147204, 0.105995, 0.960378)
41.54596, (1.771588, 0.147961, 4.916000), (-0.208772, 0.145563, 0.097292, 0.962164)
41.55989, (1.840507, 0.156342, 4.914205), (-0.203831, 0.144160, 0.089683, 0.964172)
41.57376, (1.911333, 0.160188, 4.912216), (-0.198756, 0.142196, 0.082343, 0.966176)
41.58756, (1.977421, 0.165696, 4.909571), (-0.193540, 0.140864, 0.075561, 0.967983)
41.60152, (2.043481, 0.169803, 4.904871), (-0.193444, 0.138497, 0.068232, 0.968887)
41.61561, (2.098468, 0.183641, 4.899726), (-0.194927, 0.134944, 0.060910, 0.969579)
41.62946, (2.152531, 0.190224, 4.892707), (-0.197091, 0.129899, 0.054901, 0.970189)
41.64352, (2.193699, 0.202212, 4.875923), (-0.196293, 0.121462, 0.051197, 0.971646)
41.6573, (2.245242, 0.211031, 4.865527), (-0.194504, 0.113913, 0.048429, 0.973060)
41.67116, (2.293916, 0.218170, 4.848805), (-0.190979, 0.103259, 0.050617, 0.974835)
41.68517, (2.349375, 0.227416, 4.832637), (-0.188556, 0.093048, 0.053290, 0.976191)
41.6991, (2.396862, 0.235845, 4.817722), (-0.188812, 0.084416, 0.055472, 0.976804)
41.71265, (2.444275, 0.243686, 4.802222), (-0.189454, 0.075720, 0.054241, 0.977462)
41.72638, (2.488387, 0.251942, 4.785928), (-0.190016, 0.067466, 0.050270, 0.978169)
41.74053, (2.534952, 0.258820, 4.770040), (-0.189431, 0.059905, 0.047039, 0.978936)
41.75418, (2.579489, 0.257042, 4.752969), (-0.187420, 0.052607, 0.042502, 0.979949)
41.76793, (2.627589, 0.261452, 4.736068), (-0.183691, 0.045708, 0.041202, 0.981056)
41.78182, (2.676890, 0.263650, 4.721353), (-0.181081, 0.039273, 0.040914, 0.981832)
41.79562, (2.723384, 0.265489, 4.705770), (-0.178867, 0.033261, 0.039915, 0.982500)
41.80964, (2.764752, 0.270988, 4.688208), (-0.176154, 0.027833, 0.038946, 0.983198)
41.82354, (2.811000, 0.275585, 4.671721), (-0.174772, 0.021501, 0.036284, 0.983705)
41.83738, (2.862045, 0.278143, 4.654567), (-0.174414, 0.013948, 0.034915, 0.983954)
41.85122, (2.908521, 0.284721, 4.638796), (-0.172184, 0.007213, 0.033781, 0.984459)
41.8652, (2.958358, 0.279630, 4.621556), (-0.170489, -0.000043, 0.032584, 0.984821)
41.87902, (3.005521, 0.274658, 4.599500), (-0.165430, -0.008780, 0.034210, 0.985589)
41.89292, (3.049200, 0.268415, 4.572312), (-0.159502, -0.019752, 0.036015, 0.986343)
41.90684, (3.095921, 0.264003, 4.546222), (-0.154339, -0.032971, 0.037636, 0.986750)
41.9209, (3.137449, 0.255469, 4.517852), (-0.147232, -0.052142, 0.042123, 0.986828)
41.93466, (3.175170, 0.244887, 4.489339), (-0.141652, -0.072550, 0.046317, 0.986167)
41.9486, (3.212351, 0.230402, 4.454734), (-0.139753, -0.094789, 0.052625, 0.984233)
41.96223, (3.245001, 0.223725, 4.412941), (-0.139591, -0.119418, 0.056550, 0.981354)
41.97614, (3.280463, 0.214524, 4.373338), (-0.138765, -0.138974, 0.055863, 0.978933)
41.99007, (3.327590, 0.207837, 4.342930), (-0.142883, -0.156202, 0.052172, 0.975942)
42.00404, (3.370086, 0.204994, 4.313478), (-0.147866, -0.169907, 0.044934, 0.973267)
42.01819, (3.413109, 0.205619, 4.280479), (-0.151256, -0.180176, 0.033988, 0.971341)
42.03217, (3.453591, 0.199336, 4.246982), (-0.152608, -0.188811, 0.025641, 0.969744)
42.04609, (3.495246, 0.188215, 4.216995), (-0.148945, -0.192804, 0.021591, 0.969627)
42.06008, (3.537135, 0.177679, 4.188423), (-0.146188, -0.199089, 0.020879, 0.968791)
42.07401, (3.576660, 0.178728, 4.164537), (-0.143488, -0.207347, 0.018936, 0.967502)
42.08801, (3.611608, 0.178988, 4.137810), (-0.143689, -0.216957, 0.015482, 0.965424)
42.10192, (3.645804, 0.177324, 4.108529), (-0.146161, -0.224605, 0.011929, 0.963352)
42.11598, (3.681664, 0.180194, 4.084234), (-0.147103, -0.230565, 0.008693, 0.961834)
42.12996, (3.720909, 0.182446, 4.058496), (-0.146860, -0.233178, 0.006028, 0.961262)
42.14384, (3.758259, 0.181844, 4.026450), (-0.145809, -0.236135, 0.004906, 0.960706)
42.15781, (3.791184, 0.184428, 3.994062), (-0.144290, -0.240407, 0.003188, 0.959883)
42.17181, (3.820326, 0.195017, 3.955242), (-0.142102, -0.243987, 0.000743, 0.959311)
42.1857, (3.847963, 0.211860, 3.912568), (-0.140895, -0.246778, -0.004628, 0.958764)
42.19964, (3.875520, 0.224059, 3.872555), (-0.140714, -0.248930, -0.012122, 0.958168)
42.21387, (3.903569, 0.231528, 3.833670), (-0.143109, -0.250307, -0.018963, 0.957344)
42.2275, (3.932641, 0.224807, 3.790408), (-0.148768, -0.250698, -0.023224, 0.956284)
42.24141, (3.964664, 0.218587, 3.745219), (-0.154011, -0.252396, -0.023656, 0.954996)
42.25533, (3.995423, 0.213562, 3.705715), (-0.157536, -0.255930, -0.023378, 0.953486)
42.26927, (4.022154, 0.212363, 3.665371), (-0.158485, -0.259291, -0.021071, 0.952474)
42.28312, (4.051738, 0.212383, 3.625398), (-0.160352, -0.262437, -0.023172, 0.951250)
42.29723, (4.060784, 0.192866, 3.586096), (-0.165259, -0.265935, -0.012063, 0.949643)
42.31102, (4.085384, 0.195656, 3.551415), (-0.172701, -0.267274, -0.012304, 0.947939)
42.32484, (4.105613, 0.201261, 3.519219), (-0.179896, -0.269004, -0.012880, 0.946102)
42.33875, (4.123124, 0.202504, 3.483549), (-0.187029, -0.270969, -0.014601, 0.944131)
42.35269, (4.146084, 0.204207, 3.449652), (-0.192006, -0.274350, -0.015505, 0.942139)
42.36677, (4.158059, 0.205758, 3.417107), (-0.199082, -0.277260, -0.016014, 0.939807)
42.38057, (4.174511, 0.207434, 3.384087), (-0.205098, -0.280340, -0.015388, 0.937607)
42.39444, (4.192448, 0.215581, 3.355417), (-0.210491, -0.284883, -0.014557, 0.935053)
42.40839, (4.209104, 0.223849, 3.327224), (-0.216734, -0.289005, -0.014731, 0.932355)
42.42231, (4.224033, 0.231911, 3.294542), (-0.222297, -0.291855, -0.014581, 0.930157)
42.43629, (4.245572, 0.247695, 3.267572), (-0.230159, -0.295583, -0.016129, 0.927037)
42.4502, (4.263290, 0.263706, 3.240722), (-0.236731, -0.297774, -0.017871, 0.924646)
42.46413, (4.278589, 0.283465, 3.223781), (-0.247258, -0.296623, -0.022750, 0.922150)
42.47805, (4.291008, 0.291735, 3.211883), (-0.256645, -0.293902, -0.027690, 0.920320)
42.49215, (4.307241, 0.293527, 3.203573), (-0.259863, -0.292655, -0.028537, 0.919788)
42.50609, (4.318633, 0.296828, 3.189512), (-0.265257, -0.291114, -0.028039, 0.918752)
42.52006, (4.330646, 0.299652, 3.185057), (-0.268766, -0.287982, -0.027344, 0.918740)
42.53476, (4.337419, 0.303497, 3.185687), (-0.272086, -0.282989, -0.026458, 0.919340)
42.54775, (4.344902, 0.306659, 3.185295), (-0.274285, -0.279671, -0.027010, 0.919686)
42.56151, (4.352182, 0.305166, 3.188088), (-0.275876, -0.276855, -0.028428, 0.920019)
42.57542, (4.358312, 0.302130, 3.191364), (-0.275965, -0.274115, -0.029060, 0.920793)
42.58935, (4.366564, 0.298444, 3.200801), (-0.275132, -0.272425, -0.029351, 0.921534)
42.60324, (4.371804, 0.295225, 3.210012), (-0.275098, -0.270056, -0.028953, 0.922254)
42.61712, (4.378015, 0.293258, 3.223289), (-0.273644, -0.267773, -0.028390, 0.923369)
42.63104, (4.385552, 0.291326, 3.234357), (-0.271938, -0.265198, -0.027170, 0.924652)
42.64489, (4.390569, 0.290343, 3.247080), (-0.269397, -0.262845, -0.026510, 0.926086)
42.65883, (4.395900, 0.288211, 3.260890), (-0.267400, -0.261511, -0.026567, 0.927040)
42.6727, (4.395336, 0.285240, 3.275076), (-0.263994, -0.261551, -0.028272, 0.927954)
42.68648, (4.396048, 0.278301, 3.291481), (-0.260021, -0.263195, -0.029656, 0.928568)
42.70042, (4.396981, 0.271348, 3.308821), (-0.256199, -0.263921, -0.029690, 0.929423)
42.71428, (4.396402, 0.266110, 3.329116), (-0.251331, -0.264559, -0.028881, 0.930595)
42.7282, (4.396806, 0.262724, 3.348465), (-0.247620, -0.264725, -0.027887, 0.931573)
42.74197, (4.394467, 0.259677, 3.367221), (-0.244411, -0.265255, -0.028110, 0.932262)
42.75589, (4.391372, 0.254269, 3.389102), (-0.241088, -0.266633, -0.029368, 0.932695)
42.76976, (4.389861, 0.248233, 3.415502), (-0.237340, -0.268070, -0.030124, 0.933221)
42.78363, (4.388795, 0.238462, 3.447860), (-0.234867, -0.269121, -0.031634, 0.933494)
42.7975, (4.383627, 0.230392, 3.482334), (-0.232185, -0.268724, -0.032693, 0.934242)
42.81135, (4.378029, 0.219574, 3.519897), (-0.229008, -0.268713, -0.034882, 0.934950)
42.82534, (4.370160, 0.206486, 3.560323), (-0.225068, -0.268605, -0.036665, 0.935870)
42.83931, (4.361309, 0.192493, 3.602574), (-0.219645, -0.268895, -0.039094, 0.936976)
42.85369, (4.350995, 0.176508, 3.646021), (-0.213803, -0.269228, -0.041374, 0.938133)
42.86709, (4.339755, 0.160787, 3.691296), (-0.206621, -0.269836, -0.043344, 0.939477)
42.88101, (4.325699, 0.142565, 3.736095), (-0.197915, -0.270219, -0.045246, 0.941151)
42.89489, (4.309481, 0.124962, 3.781189), (-0.188782, -0.270274, -0.046233, 0.942961)
42.90874, (4.294214, 0.105246, 3.827969), (-0.181079, -0.270667, -0.047521, 0.944294)
42.92257, (4.278500, 0.088913, 3.874441), (-0.172675, -0.271148, -0.048591, 0.945675)
42.93646, (4.264142, 0.076343, 3.919372), (-0.165548, -0.271856, -0.049129, 0.946718)
42.9502, (4.251299, 0.067859, 3.965939), (-0.158222, -0.272916, -0.049834, 0.947628)
42.96375, (4.235570, 0.058968, 4.007716), (-0.154364, -0.273710, -0.051505, 0.947946)
42.97806, (4.221051, 0.047200, 4.055551), (-0.151156, -0.275435, -0.052850, 0.947890)
42.99155, (4.204847, 0.038004, 4.100965), (-0.148361, -0.277049, -0.053441, 0.947828)
43.00541, (4.190601, 0.028459, 4.145872), (-0.145141, -0.279325, -0.054474, 0.947599)
43.01929, (4.176651, 0.022800, 4.189789), (-0.141581, -0.281261, -0.056433, 0.947450)
43.03325, (4.160749, 0.018550, 4.234367), (-0.137942, -0.282585, -0.058667, 0.947458)
43.04712, (4.147702, 0.013316, 4.274392), (-0.134034, -0.283363, -0.061544, 0.947604)
43.06101, (4.134297, 0.006806, 4.314312), (-0.130172, -0.284133, -0.064285, 0.947730)
43.07518, (4.122995, 0.002749, 4.350024), (-0.126927, -0.285300, -0.067220, 0.947615)
43.08882, (4.109430, -0.003382, 4.391082), (-0.122855, -0.286416, -0.069307, 0.947665)
43.10275, (4.095114, -0.010359, 4.428396), (-0.120200, -0.287278, -0.072011, 0.947543)
43.11662, (4.078375, -0.011683, 4.466163), (-0.117136, -0.288842, -0.075206, 0.947203)
43.1306, (4.063496, -0.007846, 4.496420), (-0.117851, -0.289824, -0.076222, 0.946733)
43.14458, (4.050365, -0.008198, 4.531342), (-0.116842, -0.290649, -0.077502, 0.946501)
43.15876, (4.036385, -0.012524, 4.567437), (-0.115554, -0.291538, -0.078430, 0.946309)
43.17284, (4.021963, -0.020679, 4.602836), (-0.113929, -0.292325, -0.079378, 0.946185)
43.18655, (4.007693, -0.027567, 4.640093), (-0.111515, -0.293532, -0.080044, 0.946043)
43.20028, (3.991580, -0.032828, 4.672952), (-0.108789, -0.294350, -0.079724, 0.946133)
43.21402, (3.974169, -0.038167, 4.706085), (-0.106429, -0.295405, -0.079727, 0.946072)
43.22779, (3.955724, -0.043335, 4.737331), (-0.103478, -0.296773, -0.080254, 0.945927)
43.24126, (3.937373, -0.050812, 4.772652), (-0.101314, -0.298809, -0.081307, 0.945430)
43.2553, (3.913597, -0.060346, 4.805046), (-0.097828, -0.299992, -0.082856, 0.945288)
43.26884, (3.893855, -0.070480, 4.838538), (-0.094609, -0.301154, -0.084282, 0.945120)
43.28284, (3.868420, -0.081904, 4.866495), (-0.090563, -0.301893, -0.083399, 0.945359)
43.29664, (3.843785, -0.096442, 4.892293), (-0.086768, -0.302553, -0.081971, 0.945629)
43.31055, (3.818002, -0.110095, 4.915998), (-0.082578, -0.303370, -0.079902, 0.945919)
43.32481, (3.790203, -0.125164, 4.942140), (-0.078768, -0.304417, -0.077872, 0.946077)
43.33847, (3.759634, -0.139014, 4.966115), (-0.073836, -0.305123, -0.075137, 0.946469)
43.35226, (3.728904, -0.155358, 4.989314), (-0.069831, -0.305952, -0.072844, 0.946684)
43.36639, (3.697397, -0.168724, 5.010148), (-0.066768, -0.306336, -0.070129, 0.946986)
43.38013, (3.665215, -0.179613, 5.029445), (-0.063138, -0.306305, -0.068003, 0.947400)
43.39396, (3.634895, -0.191761, 5.044367), (-0.061096, -0.307304, -0.065382, 0.947395)
43.40793, (3.601220, -0.202186, 5.058074), (-0.058510, -0.307683, -0.061640, 0.947686)
43.42185, (3.569906, -0.218132, 5.073730), (-0.056613, -0.309089, -0.058984, 0.947512)
43.4361, (3.535917, -0.231143, 5.084506), (-0.054452, -0.310145, -0.055708, 0.947492)
43.44966, (3.502863, -0.245304, 5.093591), (-0.052874, -0.312079, -0.053113, 0.947096)
43.46349, (3.469737, -0.255688, 5.100211), (-0.050438, -0.313618, -0.049718, 0.946904)
43.47768, (3.436659, -0.264292, 5.108104), (-0.048788, -0.314606, -0.045893, 0.946856)
43.49163, (3.403704, -0.272174, 5.116327), (-0.047666, -0.315242, -0.043157, 0.946830)
43.50551, (3.368337, -0.279690, 5.122281), (-0.048720, -0.315447, -0.041934, 0.946763)
43.51917, (3.333257, -0.287244, 5.130688), (-0.048406, -0.315672, -0.040764, 0.946756)
43.53313, (3.298197, -0.295736, 5.135343), (-0.049089, -0.315189, -0.038560, 0.946974)
43.54689, (3.264983, -0.301505, 5.139509), (-0.049797, -0.314772, -0.035197, 0.947206)
43.56086, (3.232387, -0.304109, 5.142581), (-0.052260, -0.313117, -0.031209, 0.947762)
43.5747, (3.199313, -0.307946, 5.147682), (-0.054134, -0.311369, -0.028543, 0.948317)
43.58871, (3.164642, -0.311084, 5.149896), (-0.056868, -0.309547, -0.025560, 0.948838)
43.6026, (3.129433, -0.312882, 5.151770), (-0.058193, -0.307832, -0.023794, 0.949361)
43.61649, (3.095761, -0.314622, 5.155025), (-0.059390, -0.307232, -0.021695, 0.949532)
43.63061, (3.059754, -0.316670, 5.154179), (-0.060730, -0.305905, -0.019159, 0.949930)
43.64425, (3.024834, -0.321996, 5.153179), (-0.062521, -0.305080, -0.016301, 0.950132)
43.65815, (2.991047, -0.324707, 5.153016), (-0.063617, -0.304601, -0.012710, 0.950268)
43.67211, (2.956037, -0.326959, 5.153723), (-0.065091, -0.303690, -0.009451, 0.950498)
43.68607, (2.920125, -0.322177, 5.152464), (-0.067411, -0.302622, -0.005803, 0.950706)
43.69996, (2.884974, -0.323266, 5.153083), (-0.068817, -0.301723, -0.002819, 0.950905)
43.71407, (2.845931, -0.314467, 5.141570), (-0.072023, -0.301257, -0.000153, 0.950819)
43.72771, (2.809914, -0.311450, 5.137500), (-0.073250, -0.300966, 0.002233, 0.950815)
43.74198, (2.776129, -0.310428, 5.135640), (-0.075509, -0.300863, 0.005519, 0.950657)
43.75592, (2.740119, -0.310664, 5.130403), (-0.077028, -0.299609, 0.009097, 0.950904)
43.76969, (2.703796, -0.306599, 5.127917), (-0.077816, -0.298663, 0.011981, 0.951105)
43.78373, (2.664900, -0.304984, 5.125824), (-0.079317, -0.296994, 0.013024, 0.951490)
43.79731, (2.626868, -0.302907, 5.124600), (-0.081071, -0.295772, 0.014657, 0.951699)
43.81115, (2.588550, -0.301014, 5.127654), (-0.083668, -0.293629, 0.015498, 0.952125)
43.82496, (2.549599, -0.299898, 5.128068), (-0.085928, -0.290553, 0.017410, 0.952834)
43.83876, (2.509714, -0.300518, 5.129886), (-0.087970, -0.287375, 0.019853, 0.953563)
43.85284, (2.469594, -0.305951, 5.135016), (-0.090086, -0.284244, 0.022634, 0.954242)
43.86649, (2.427187, -0.311810, 5.138383), (-0.089747, -0.281101, 0.025870, 0.955122)
43.88008, (2.386519, -0.318637, 5.141804), (-0.090602, -0.278820, 0.028747, 0.955628)
43.89398, (2.342887, -0.333476, 5.149306), (-0.089828, -0.274901, 0.031259, 0.956757)
43.90781, (2.299839, -0.339621, 5.154624), (-0.088538, -0.270316, 0.034363, 0.958076)
43.92174, (2.260190, -0.343787, 5.165174), (-0.088017, -0.263774, 0.036047, 0.959884)
43.93561, (2.220619, -0.343882, 5.175455), (-0.087549, -0.257422, 0.038476, 0.961555)
43.94945, (2.180389, -0.355846, 5.183436), (-0.091226, -0.251213, 0.040224, 0.962783)
43.96337, (2.138303, -0.360632, 5.188675), (-0.091621, -0.245404, 0.042657, 0.964138)
43.9774, (2.098311, -0.368371, 5.197034), (-0.092426, -0.241081, 0.044755, 0.965057)
43.99099, (2.057019, -0.374628, 5.204691), (-0.093171, -0.236357, 0.047071, 0.966043)
44.00483, (2.016757, -0.383959, 5.211497), (-0.093700, -0.232134, 0.049194, 0.966910)
44.01915, (1.970761, -0.397183, 5.219357), (-0.092138, -0.227743, 0.052824, 0.967912)
44.0331, (1.932801, -0.392509, 5.241632), (-0.087596, -0.224849, 0.063621, 0.968361)
44.04669, (1.892333, -0.392735, 5.253015), (-0.087546, -0.221316, 0.066030, 0.969018)
44.06059, (1.850384, -0.388953, 5.265079), (-0.086781, -0.218768, 0.069262, 0.969439)
44.07419, (1.812257, -0.386304, 5.274809), (-0.086073, -0.216799, 0.071450, 0.969786)
44.08807, (1.776709, -0.380648, 5.284039), (-0.084899, -0.215310, 0.074756, 0.969972)
44.1019, (1.743550, -0.366364, 5.288117), (-0.080982, -0.213883, 0.078954, 0.970290)
44.11572, (1.715061, -0.349830, 5.286405), (-0.076879, -0.212799, 0.082868, 0.970536)
44.12962, (1.686307, -0.327194, 5.285131), (-0.073378, -0.211427, 0.085479, 0.970880)
44.14357, (1.657457, -0.302013, 5.288302), (-0.072998, -0.209723, 0.084911, 0.971328)
44.15736, (1.625415, -0.264919, 5.289936), (-0.074694, -0.207315, 0.082922, 0.971888)
44.17132, (1.593601, -0.218244, 5.288097), (-0.078165, -0.204617, 0.078601, 0.972545)
44.18518, (1.565817, -0.179405, 5.287993), (-0.079989, -0.202648, 0.076123, 0.973006)
44.19935, (1.543499, -0.140957, 5.285697), (-0.083716, -0.200643, 0.075752, 0.973137)
44.21309, (1.519452, -0.109831, 5.288621), (-0.088408, -0.197266, 0.076595, 0.973347)
44.22689, (1.495482, -0.074812, 5.290303), (-0.093306, -0.193494, 0.078696, 0.973479)
44.24071, (1.467954, -0.040548, 5.292138), (-0.096025, -0.190712, 0.079024, 0.973737)
44.25459, (1.443159, -0.000565, 5.289721), (-0.098594, -0.186371, 0.081034, 0.974155)
44.26843, (1.426788, 0.050759, 5.277639), (-0.104838, -0.183616, 0.083729, 0.973799)
44.28239, (1.406928, 0.090554, 5.269587), (-0.111467, -0.181162, 0.083060, 0.973579)
44.29617, (1.388742, 0.126292, 5.256432), (-0.118820, -0.178128, 0.081714, 0.973383)
44.31015, (1.376485, 0.161932, 5.236335), (-0.123998, -0.175707, 0.081734, 0.973176)
44.32404, (1.366853, 0.196639, 5.220734), (-0.127600, -0.173435, 0.082143, 0.973083)
44.33785, (1.356573, 0.229819, 5.199207), (-0.133699, -0.169600, 0.083543, 0.972821)
44.35175, (1.350145, 0.273154, 5.176530), (-0.139594, -0.167183, 0.085463, 0.972245)
44.36598, (1.342620, 0.315362, 5.153492), (-0.144616, -0.164586, 0.085689, 0.971934)
44.37975, (1.342535, 0.362616, 5.115646), (-0.150331, -0.163016, 0.086147, 0.971291)
44.39331, (1.335188, 0.408635, 5.075432), (-0.156322, -0.160251, 0.087235, 0.970708)
44.40721, (1.336884, 0.461713, 5.028800), (-0.162028, -0.158551, 0.087342, 0.970041)
44.42106, (1.341506, 0.502682, 4.981778), (-0.172139, -0.156972, 0.086490, 0.968632)
44.43503, (1.351591, 0.546821, 4.933538), (-0.185038, -0.156022, 0.084629, 0.966569)
44.44877, (1.353446, 0.589587, 4.888673), (-0.197786, -0.152848, 0.084835, 0.964532)
44.46272, (1.356168, 0.631936, 4.843600), (-0.208751, -0.149244, 0.084949, 0.962774)
44.47661, (1.357907, 0.668840, 4.797202), (-0.220310, -0.145428, 0.084167, 0.960849)
44.49063, (1.360795, 0.703907, 4.754067), (-0.231412, -0.142521, 0.083414, 0.958738)
44.50452, (1.362566, 0.744780, 4.709752), (-0.240995, -0.139671, 0.083140, 0.956818)
44.51816, (1.355870, 0.751342, 4.686279), (-0.252570, -0.137186, 0.082120, 0.954277)
44.53205, (1.348341, 0.760609, 4.656465), (-0.261387, -0.136615, 0.083329, 0.951877)
44.54616, (1.344553, 0.774984, 4.627671), (-0.268848, -0.136838, 0.084475, 0.949663)
44.55985, (1.340192, 0.787178, 4.602224), (-0.274891, -0.137492, 0.085420, 0.947752)
44.57372, (1.338928, 0.800304, 4.581182), (-0.279901, -0.138066, 0.085313, 0.946211)
44.58757, (1.339165, 0.811296, 4.566903), (-0.284374, -0.138365, 0.084537, 0.944902)
44.60157, (1.338977, 0.823000, 4.556903), (-0.287096, -0.139004, 0.083266, 0.944098)
44.61539, (1.337521, 0.830225, 4.548292), (-0.290163, -0.138726, 0.081452, 0.943359)
44.62956, (1.341738, 0.839480, 4.546989), (-0.288674, -0.139863, 0.078915, 0.943864)
44.64361, (1.348224, 0.854651, 4.542682), (-0.287675, -0.141401, 0.077602, 0.944048)
44.65728, (1.354216, 0.864773, 4.538761), (-0.287705, -0.142126, 0.074900, 0.944148)
44.67093, (1.358621, 0.878246, 4.535544), (-0.287543, -0.142667, 0.072701, 0.944288)
44.68476, (1.364156, 0.888492, 4.540210), (-0.286698, -0.142023, 0.068051, 0.944989)
44.69873, (1.368956, 0.897539, 4.542703), (-0.286618, -0.141878, 0.064701, 0.945270)
44.71265, (1.376386, 0.908337, 4.549490), (-0.283894, -0.142081, 0.062277, 0.946223)
44.72645, (1.384903, 0.918996, 4.553274), (-0.283460, -0.142894, 0.060606, 0.946340)
44.74033, (1.393216, 0.931518, 4.558275), (-0.282728, -0.144247, 0.060249, 0.946376)
44.7542, (1.401551, 0.940216, 4.565360), (-0.282744, -0.145004, 0.058034, 0.946394)
44.768, (1.409835, 0.946918, 4.577037), (-0.282540, -0.145332, 0.054225, 0.946631)
44.78184, (1.420996, 0.954462, 4.588453), (-0.281666, -0.145559, 0.051084, 0.947031)
44.79572, (1.432546, 0.957187, 4.601095), (-0.281422, -0.145584, 0.048804, 0.947220)
44.80972, (1.446165, 0.959258, 4.613770), (-0.279629, -0.145881, 0.048227, 0.947735)
44.82356, (1.460725, 0.961651, 4.626598), (-0.276226, -0.145852, 0.047556, 0.948770)
44.83737, (1.478485, 0.961404, 4.640254), (-0.273229, -0.145819, 0.046467, 0.949697)
44.85157, (1.496839, 0.959256, 4.658419), (-0.270792, -0.145072, 0.043139, 0.950665)
44.86533, (1.519387, 0.957476, 4.673314), (-0.267485, -0.144604, 0.040134, 0.951804)
44.87917, (1.540679, 0.951457, 4.683251), (-0.263692, -0.143604, 0.037287, 0.953129)
44.89298, (1.568500, 0.947672, 4.696454), (-0.258556, -0.143445, 0.034523, 0.954662)
44.90696, (1.598630, 0.943211, 4.711922), (-0.254283, -0.142222, 0.031304, 0.956103)
44.92086, (1.628020, 0.943540, 4.726580), (-0.250382, -0.141042, 0.027210, 0.957432)
44.93475, (1.655710, 0.938783, 4.737382), (-0.247707, -0.138908, 0.022943, 0.958551)
44.94871, (1.695413, 0.939101, 4.742226), (-0.245902, -0.136732, 0.016030, 0.959469)
44.96244, (1.734627, 0.942196, 4.752073), (-0.242595, -0.135334, 0.011684, 0.960571)
44.97637, (1.772105, 0.945262, 4.759922), (-0.239896, -0.133436, 0.008310, 0.961549)
44.99054, (1.805867, 0.945115, 4.769372), (-0.236968, -0.132130, 0.004501, 0.962480)
45.00439, (1.839642, 0.944970, 4.778820), (-0.234033, -0.130821, 0.000690, 0.963387)
45.01813, (1.897144, 0.958301, 4.788967), (-0.236489, -0.134705, -0.006950, 0.962226)
45.03226, (1.940289, 0.959300, 4.792412), (-0.234326, -0.135793, -0.011779, 0.962555)
45.04595, (1.988126, 0.955782, 4.799993), (-0.231960, -0.137635, -0.015177, 0.962819)
45.0598, (2.033596, 0.953971, 4.808379), (-0.227947, -0.139523, -0.018390, 0.963450)
45.07339, (2.079118, 0.944572, 4.817976), (-0.224764, -0.142701, -0.021861, 0.963660)
45.08768, (2.124953, 0.940032, 4.824584), (-0.220553, -0.146439, -0.025614, 0.963979)
45.1013, (2.171633, 0.933384, 4.828178), (-0.217294, -0.151163, -0.029944, 0.963865)
45.11512, (2.221428, 0.929163, 4.835163), (-0.213719, -0.155493, -0.034328, 0.963830)
45.12888, (2.272373, 0.921571, 4.843304), (-0.210721, -0.159339, -0.038120, 0.963719)
45.143, (2.328259, 0.916299, 4.853039), (-0.207139, -0.163926, -0.040801, 0.963617)
45.15661, (2.384401, 0.909288, 4.861385), (-0.204538, -0.167217, -0.043910, 0.963470)
45.17056, (2.443740, 0.903243, 4.871937), (-0.203073, -0.169653, -0.047746, 0.963172)
45.18438, (2.506301, 0.897472, 4.882891), (-0.201923, -0.172169, -0.051189, 0.962790)
45.19833, (2.571538, 0.893840, 4.894795), (-0.202065, -0.172395, -0.055213, 0.962497)
45.21223, (2.634583, 0.888599, 4.906283), (-0.201485, -0.173407, -0.058758, 0.962227)
45.22611, (2.699091, 0.880945, 4.918252), (-0.201372, -0.174227, -0.062246, 0.961884)
45.23998, (2.772584, 0.863562, 4.938988), (-0.202600, -0.169386, -0.064288, 0.962356)
45.25407, (2.842614, 0.852925, 4.955148), (-0.201759, -0.167272, -0.066576, 0.962747)
45.26804, (2.917102, 0.846348, 4.971770), (-0.200993, -0.164700, -0.068293, 0.963230)
45.28194, (2.991203, 0.835896, 4.988272), (-0.200764, -0.161695, -0.070995, 0.963591)
45.29563, (3.069392, 0.824497, 5.005355), (-0.199826, -0.160472, -0.074274, 0.963744)
45.30969, (3.140709, 0.814337, 5.019186), (-0.198889, -0.158898, -0.077574, 0.963938)
45.32349, (3.213133, 0.804445, 5.034495), (-0.198020, -0.157902, -0.080570, 0.964035)
45.33733, (3.295140, 0.799797, 5.056911), (-0.196809, -0.160661, -0.085596, 0.963394)
45.35093, (3.369651, 0.791429, 5.075605), (-0.196333, -0.161043, -0.089199, 0.963100)
45.36522, (3.447821, 0.780851, 5.096773), (-0.196850, -0.163047, -0.092080, 0.962386)
45.37883, (3.526119, 0.774239, 5.117251), (-0.196535, -0.164843, -0.093999, 0.961959)
45.3925, (3.602010, 0.767095, 5.134719), (-0.195853, -0.166136, -0.096046, 0.961673)
45.40636, (3.680612, 0.757151, 5.157829), (-0.196607, -0.169238, -0.098127, 0.960768)
45.42012, (3.757462, 0.748689, 5.177254), (-0.196267, -0.170255, -0.100848, 0.960376)
45.43422, (3.831579, 0.738580, 5.203228), (-0.196496, -0.173658, -0.103770, 0.959408)
45.44793, (3.902758, 0.728695, 5.226369), (-0.195575, -0.176007, -0.108177, 0.958681)
45.4618, (3.978626, 0.720685, 5.248708), (-0.194767, -0.178083, -0.111702, 0.958058)
45.47569, (4.049998, 0.708910, 5.269362), (-0.194622, -0.179093, -0.115338, 0.957468)
45.48965, (4.124688, 0.699433, 5.290566), (-0.194224, -0.180636, -0.118518, 0.956871)
45.50359, (4.171965, 0.705042, 5.327777), (-0.187908, -0.179425, -0.122059, 0.957914)
45.51749, (4.233969, 0.705254, 5.357022), (-0.187546, -0.179574, -0.123924, 0.957717)
45.53126, (4.291363, 0.705423, 5.386593), (-0.186860, -0.179714, -0.126275, 0.957518)
45.54497, (4.347489, 0.703888, 5.412474), (-0.185438, -0.180922, -0.127644, 0.957386)
45.55863, (4.401980, 0.701451, 5.437490), (-0.183339, -0.182358, -0.128418, 0.957414)
45.57243, (4.454525, 0.698808, 5.462563), (-0.181697, -0.183815, -0.128855, 0.957390)
45.58638, (4.502330, 0.696532, 5.486139), (-0.179539, -0.185524, -0.129276, 0.957410)
45.59986, (4.548415, 0.693770, 5.507802), (-0.177589, -0.187615, -0.130124, 0.957252)
45.6137, (4.595161, 0.690926, 5.530567), (-0.175898, -0.190522, -0.131660, 0.956780)
45.62757, (4.637741, 0.687331, 5.550481), (-0.174302, -0.194284, -0.133787, 0.956020)
45.64153, (4.679780, 0.683370, 5.570078), (-0.171989, -0.197211, -0.135732, 0.955565)
45.65535, (4.717687, 0.678551, 5.589200), (-0.169895, -0.200359, -0.136155, 0.955225)
45.66914, (4.753271, 0.677960, 5.607410), (-0.167734, -0.202580, -0.136594, 0.955075)
45.683, (4.786270, 0.674592, 5.624896), (-0.166977, -0.204580, -0.137829, 0.954604)
45.69701, (4.813599, 0.674615, 5.637012), (-0.165554, -0.205407, -0.139116, 0.954488)
45.71086, (4.839278, 0.672408, 5.648350), (-0.165049, -0.206686, -0.140460, 0.954102)
45.72474, (4.863317, 0.669684, 5.660715), (-0.164995, -0.207967, -0.140935, 0.953763)
45.73851, (4.884274, 0.665743, 5.673012), (-0.165500, -0.209685, -0.139474, 0.953514)
45.75278, (4.901568, 0.659195, 5.683002), (-0.165845, -0.211513, -0.138052, 0.953257)
45.76622, (4.916614, 0.653917, 5.691304), (-0.165374, -0.213207, -0.136846, 0.953136)
45.78006, (4.929049, 0.649843, 5.698344), (-0.164587, -0.214683, -0.135912, 0.953074)
45.79396, (4.935465, 0.647620, 5.702985), (-0.165224, -0.215354, -0.135721, 0.952840)
45.80791, (4.941527, 0.646375, 5.709533), (-0.164698, -0.215990, -0.137382, 0.952549)
45.82175, (4.948868, 0.642505, 5.716419), (-0.164912, -0.216963, -0.138140, 0.952181)
45.83584, (4.939849, 0.636271, 5.719275), (-0.163806, -0.217145, -0.140169, 0.952034)
45.84999, (4.929023, 0.628253, 5.719872), (-0.161243, -0.217350, -0.140638, 0.952355)
45.86383, (4.922057, 0.624951, 5.722313), (-0.158871, -0.217832, -0.139902, 0.952752)
45.87764, (4.907263, 0.623033, 5.724354), (-0.156882, -0.218074, -0.139324, 0.953111)
45.89158, (4.887122, 0.622360, 5.725779), (-0.155973, -0.217614, -0.138535, 0.953480)
45.9054, (4.861093, 0.623182, 5.725607), (-0.155375, -0.217569, -0.137226, 0.953777)
45.91911, (4.835624, 0.622610, 5.726013), (-0.154671, -0.218348, -0.135657, 0.953939)
45.933, (4.800285, 0.622184, 5.723786), (-0.153372, -0.219306, -0.132883, 0.954319)
45.94683, (4.764567, 0.618541, 5.720402), (-0.152168, -0.220957, -0.129331, 0.954619)
45.96066, (4.725587, 0.617333, 5.717298), (-0.149951, -0.223176, -0.125142, 0.955012)
45.97439, (4.684527, 0.616320, 5.713995), (-0.147992, -0.224740, -0.121180, 0.955461)
45.98823, (4.637671, 0.615975, 5.713064), (-0.145979, -0.226402, -0.117500, 0.955838)
46.00198, (4.588298, 0.615413, 5.709852), (-0.145507, -0.227147, -0.114572, 0.956089)
46.01595, (4.531822, 0.615459, 5.705257), (-0.143734, -0.227532, -0.112074, 0.956561)
46.0302, (4.472880, 0.607599, 5.703697), (-0.142860, -0.227990, -0.108584, 0.956986)
46.04372, (4.415662, 0.608057, 5.705858), (-0.139953, -0.228720, -0.103429, 0.957811)
46.05762, (4.352157, 0.601343, 5.706415), (-0.138605, -0.228773, -0.097946, 0.958571)
46.07154, (4.286630, 0.599898, 5.710466), (-0.136111, -0.228793, -0.092985, 0.959417)
46.08543, (4.218670, 0.599986, 5.716074), (-0.133782, -0.229586, -0.088826, 0.959949)
46.09948, (4.149622, 0.598522, 5.720133), (-0.131762, -0.229835, -0.084842, 0.960529)
46.11354, (4.071443, 0.593867, 5.731757), (-0.129758, -0.228913, -0.079825, 0.961452)
46.12721, (4.001530, 0.589852, 5.740579), (-0.127284, -0.228616, -0.076038, 0.962160)
46.14151, (3.920954, 0.582033, 5.759934), (-0.125577, -0.225668, -0.070315, 0.963514)
46.15508, (3.839419, 0.577363, 5.774758), (-0.122524, -0.221941, -0.064792, 0.965159)
46.16895, (3.762525, 0.569937, 5.794302), (-0.120939, -0.218336, -0.059231, 0.966538)
46.18313, (3.682490, 0.568296, 5.815824), (-0.119073, -0.211878, -0.053508, 0.968538)
46.19678, (3.602450, 0.565854, 5.840810), (-0.118110, -0.205408, -0.048822, 0.970296)
46.21068, (3.517862, 0.561540, 5.868850), (-0.118429, -0.197868, -0.044401, 0.972035)
46.22461, (3.430758, 0.556580, 5.896943), (-0.118666, -0.190384, -0.041057, 0.973646)
46.23843, (3.343563, 0.551454, 5.929409), (-0.119456, -0.184119, -0.037738, 0.974888)
46.25235, (3.253762, 0.543761, 5.957772), (-0.120193, -0.177108, -0.032936, 0.976269)
46.26617, (3.168603, 0.536563, 5.990599), (-0.119353, -0.171901, -0.027132, 0.977481)
46.28011, (3.080021, 0.526539, 6.021940), (-0.119211, -0.166019, -0.021058, 0.978664)
46.29399, (2.978914, 0.505502, 6.066195), (-0.118068, -0.159227, -0.013786, 0.980060)
46.30783, (2.877906, 0.488288, 6.105818), (-0.115434, -0.152589, -0.010016, 0.981474)
46.32172, (2.773524, 0.468199, 6.142676), (-0.112026, -0.145745, -0.007797, 0.982928)
46.3356, (2.665705, 0.453951, 6.179027), (-0.106795, -0.139239, -0.007445, 0.984455)
46.34962, (2.559657, 0.441787, 6.213073), (-0.101007, -0.134603, -0.006060, 0.985719)
46.36327, (2.450969, 0.421925, 6.247953), (-0.097364, -0.130094, -0.004449, 0.986700)
46.37716, (2.343146, 0.410535, 6.283366), (-0.093072, -0.124636, -0.001632, 0.987826)
46.39091, (2.237612, 0.397459, 6.320424), (-0.090728, -0.120670, 0.000442, 0.988538)
46.40478, (2.130714, 0.373970, 6.353717), (-0.092226, -0.115554, 0.000609, 0.989010)
46.41872, (2.020476, 0.372807, 6.379292), (-0.089118, -0.110596, 0.005170, 0.989848)
46.43253, (1.916978, 0.361257, 6.407533), (-0.088736, -0.106574, 0.009327, 0.990293)
46.44637, (1.816321, 0.347997, 6.435501), (-0.088529, -0.102759, 0.013326, 0.990669)
46.46022, (1.714012, 0.335238, 6.462872), (-0.087592, -0.097260, 0.017106, 0.991250)
46.47417, (1.621388, 0.326016, 6.483665), (-0.087260, -0.092377, 0.021956, 0.991650)
46.48798, (1.524490, 0.318914, 6.497264), (-0.086099, -0.087546, 0.025423, 0.992107)
46.50204, (1.434422, 0.313249, 6.510454), (-0.085287, -0.084944, 0.028394, 0.992323)
46.51593, (1.342259, 0.303648, 6.526955), (-0.085122, -0.081724, 0.031123, 0.992526)
46.52956, (1.263565, 0.302775, 6.533291), (-0.083634, -0.079537, 0.031142, 0.992829)
46.54344, (1.183291, 0.298125, 6.539754), (-0.083347, -0.076332, 0.033454, 0.993030)
46.55733, (1.105863, 0.293629, 6.548643), (-0.082468, -0.072199, 0.036822, 0.993293)
46.57121, (1.036860, 0.288431, 6.554364), (-0.082353, -0.068596, 0.040160, 0.993428)
46.58514, (0.966519, 0.285070, 6.563955), (-0.082682, -0.065397, 0.042338, 0.993526)
46.59895, (0.890705, 0.279630, 6.573636), (-0.083149, -0.061965, 0.045650, 0.993561)
46.61286, (0.829030, 0.269681, 6.577644), (-0.086698, -0.055901, 0.044684, 0.993661)
46.62671, (0.762371, 0.258473, 6.585374), (-0.089640, -0.049547, 0.044602, 0.993741)
46.64068, (0.691251, 0.240787, 6.591551), (-0.094875, -0.041386, 0.044614, 0.993628)
46.65457, (0.619954, 0.228918, 6.599234), (-0.097028, -0.035412, 0.046203, 0.993578)
46.66847, (0.549955, 0.201181, 6.606231), (-0.101030, -0.026815, 0.048697, 0.993329)
46.68253, (0.476251, 0.175608, 6.614204), (-0.101455, -0.019356, 0.050893, 0.993349)
46.69632, (0.406965, 0.154781, 6.620562), (-0.101113, -0.013901, 0.053571, 0.993334)
46.71002, (0.337272, 0.136014, 6.621881), (-0.100955, -0.009878, 0.056525, 0.993235)
46.72414, (0.268924, 0.121750, 6.621653), (-0.099156, -0.006780, 0.058219, 0.993344)
46.73814, (0.206492, 0.107824, 6.624355), (-0.098337, -0.004501, 0.060598, 0.993296)
46.75174, (0.152510, 0.099064, 6.620783), (-0.096995, -0.005144, 0.063908, 0.993218)
46.76584, (0.097835, 0.088328, 6.615641), (-0.094992, -0.005337, 0.067190, 0.993194)
46.77944, (0.046212, 0.081922, 6.610012), (-0.092151, -0.006693, 0.069243, 0.993312)
46.79334, (-0.004224, 0.079837, 6.598621), (-0.087588, -0.008322, 0.070231, 0.993643)
46.80723, (-0.049420, 0.079002, 6.589973), (-0.083650, -0.009852, 0.070180, 0.993972)
46.82104, (-0.098128, 0.076890, 6.583042), (-0.081164, -0.009788, 0.070835, 0.994132)
46.83488, (-0.125741, 0.084618, 6.573246), (-0.083915, -0.010194, 0.067334, 0.994143)
46.84877, (-0.169958, 0.083053, 6.564905), (-0.084040, -0.009325, 0.067092, 0.994158)
46.86274, (-0.195325, 0.088820, 6.548286), (-0.087826, -0.006097, 0.062257, 0.994170)
46.87657, (-0.236655, 0.088878, 6.538976), (-0.087616, -0.005010, 0.061890, 0.994217)
46.89045, (-0.277977, 0.088940, 6.529660), (-0.087407, -0.003923, 0.061523, 0.994263)
46.90451, (-0.319291, 0.089003, 6.520345), (-0.087197, -0.002836, 0.061156, 0.994308)
46.91833, (-0.358508, 0.090547, 6.510344), (-0.087261, -0.001697, 0.060487, 0.994346)
46.93216, (-0.386663, 0.090543, 6.492623), (-0.088366, 0.001633, 0.057903, 0.994402)
46.94626, (-0.371154, 0.096886, 6.463198), (-0.091510, 0.014707, 0.057141, 0.994055)
46.96003, (-0.393546, 0.097166, 6.447365), (-0.097265, 0.023407, 0.053925, 0.993521)
46.9739, (-0.423056, 0.098902, 6.433716), (-0.098397, 0.027050, 0.052877, 0.993373)
46.98792, (-0.445195, 0.096394, 6.418118), (-0.100597, 0.032907, 0.051654, 0.993040)
47.00175, (-0.470677, 0.094417, 6.403252), (-0.102056, 0.037960, 0.051514, 0.992719)
47.01558, (-0.498706, 0.095061, 6.389414), (-0.103362, 0.042086, 0.050577, 0.992465)
47.02933, (-0.525447, 0.096630, 6.374879), (-0.104382, 0.046679, 0.050540, 0.992155)
47.04323, (-0.547042, 0.097053, 6.364407), (-0.105255, 0.053439, 0.054331, 0.991521)
47.05711, (-0.573572, 0.099719, 6.358417), (-0.108454, 0.060137, 0.052521, 0.990890)
47.07092, (-0.601247, 0.101100, 6.346807), (-0.109971, 0.065018, 0.052054, 0.990439)
47.0849, (-0.628870, 0.100968, 6.336202), (-0.111850, 0.070589, 0.050400, 0.989933)
47.09882, (-0.656035, 0.103110, 6.328887), (-0.113045, 0.075533, 0.049515, 0.989477)
47.11304, (-0.688087, 0.105190, 6.323960), (-0.113569, 0.081561, 0.050082, 0.988909)
47.12679, (-0.726357, 0.105751, 6.322681), (-0.114432, 0.088340, 0.051157, 0.988172)
47.14053, (-0.763213, 0.108763, 6.316762), (-0.115495, 0.094435, 0.052257, 0.987427)
47.15453, (-0.798998, 0.110675, 6.312234), (-0.117279, 0.099347, 0.053166, 0.986686)
47.16832, (-0.838368, 0.109868, 6.307189), (-0.119290, 0.104341, 0.054130, 0.985877)
47.18206, (-0.876648, 0.112650, 6.302543), (-0.120844, 0.107927, 0.055194, 0.985242)
47.19576, (-0.921176, 0.113604, 6.298428), (-0.123266, 0.112108, 0.055759, 0.984443)
47.20994, (-0.963618, 0.115539, 6.295307), (-0.125637, 0.115969, 0.057261, 0.983610)
47.2236, (-1.006467, 0.118842, 6.292686), (-0.127915, 0.119345, 0.059125, 0.982802)
47.2373, (-1.048528, 0.118032, 6.289764), (-0.130155, 0.122756, 0.059607, 0.982058)
47.25118, (-1.092662, 0.120322, 6.287474), (-0.132058, 0.126357, 0.060345, 0.981302)
47.26508, (-1.141430, 0.125294, 6.286185), (-0.133834, 0.129892, 0.061532, 0.980526)
47.27919, (-1.187212, 0.130609, 6.286005), (-0.135835, 0.132926, 0.061660, 0.979836)
47.29286, (-1.233305, 0.135753, 6.287269), (-0.138639, 0.136416, 0.062105, 0.978935)
47.30677, (-1.277212, 0.137879, 6.289694), (-0.141803, 0.139082, 0.063318, 0.978028)
47.32075, (-1.325816, 0.142561, 6.293226), (-0.143419, 0.142433, 0.064329, 0.977244)
47.33461, (-1.373589, 0.142490, 6.295895), (-0.145653, 0.145226, 0.065790, 0.976405)
47.3485, (-1.422085, 0.148881, 6.298903), (-0.146531, 0.148261, 0.067297, 0.975714)
47.36245, (-1.466719, 0.153431, 6.303893), (-0.148167, 0.150918, 0.069134, 0.974931)
47.37637, (-1.508341, 0.156879, 6.311802), (-0.150661, 0.152690, 0.070170, 0.974199)
47.39054, (-1.557043, 0.160798, 6.318972), (-0.152315, 0.155678, 0.071497, 0.973372)
47.40448, (-1.604483, 0.162406, 6.327210), (-0.153576, 0.158649, 0.072675, 0.972606)
47.41845, (-1.646140, 0.167657, 6.334770), (-0.154240, 0.160018, 0.074903, 0.972108)
47.43233, (-1.691522, 0.162714, 6.343796), (-0.154587, 0.162687, 0.077156, 0.971434)
47.44606, (-1.735250, 0.162586, 6.351464), (-0.155105, 0.164929, 0.078243, 0.970886)
47.45996, (-1.782642, 0.161330, 6.359899), (-0.154837, 0.167672, 0.081275, 0.970209)
47.47363, (-1.824298, 0.158531, 6.370678), (-0.154605, 0.168608, 0.083877, 0.969863)
47.48782, (-1.869791, 0.154958, 6.381470), (-0.154901, 0.170826, 0.086464, 0.969200)
47.50159, (-1.913959, 0.151244, 6.391580), (-0.155947, 0.172799, 0.088636, 0.968486)
47.51534, (-1.953745, 0.147673, 6.403106), (-0.156151, 0.174285, 0.091292, 0.967940)
47.52945, (-1.997742, 0.145644, 6.412718), (-0.156799, 0.176406, 0.093405, 0.967249)
47.54315, (-2.034235, 0.143713, 6.422148), (-0.157394, 0.178357, 0.095392, 0.966600)
47.55701, (-2.069459, 0.137709, 6.431734), (-0.159681, 0.181107, 0.097100, 0.965543)
47.57101, (-2.105713, 0.131947, 6.441875), (-0.161512, 0.183660, 0.098392, 0.964625)
47.58479, (-2.142118, 0.129108, 6.451006), (-0.162268, 0.185875, 0.100049, 0.963903)
47.59866, (-2.172454, 0.126075, 6.458817), (-0.162627, 0.189104, 0.101474, 0.963066)
47.61255, (-2.203016, 0.122243, 6.467700), (-0.164292, 0.192983, 0.102864, 0.961865)
47.62646, (-2.228740, 0.119854, 6.476754), (-0.165182, 0.195355, 0.104414, 0.961067)
47.64045, (-2.255805, 0.118069, 6.487326), (-0.166006, 0.198762, 0.105931, 0.960060)
47.65444, (-2.275921, 0.119243, 6.496294), (-0.166821, 0.201458, 0.106030, 0.959345)
47.66815, (-2.298740, 0.119013, 6.505983), (-0.168735, 0.204232, 0.106413, 0.958381)
47.68204, (-2.323159, 0.117426, 6.515594), (-0.170577, 0.207054, 0.107319, 0.957348)
47.69613, (-2.332013, 0.124402, 6.525241), (-0.172670, 0.209434, 0.105894, 0.956613)
47.71006, (-2.342545, 0.129857, 6.533491), (-0.173435, 0.212293, 0.105353, 0.955904)
47.72401, (-2.352738, 0.136805, 6.542634), (-0.173768, 0.216097, 0.105630, 0.954960)
47.73764, (-2.362954, 0.139587, 6.552290), (-0.174653, 0.219574, 0.104998, 0.954075)
47.75158, (-2.368536, 0.146059, 6.561460), (-0.174989, 0.222151, 0.105544, 0.953356)
47.76544, (-2.376609, 0.153480, 6.570840), (-0.174969, 0.225328, 0.105187, 0.952654)
47.77931, (-2.377358, 0.163878, 6.578072), (-0.175256, 0.227661, 0.105110, 0.952055)
47.79325, (-2.380039, 0.167216, 6.584839), (-0.177504, 0.230486, 0.105409, 0.950925)
47.80727, (-2.381420, 0.173367, 6.592620), (-0.179690, 0.234193, 0.106093, 0.949531)
47.82107, (-2.381499, 0.177196, 6.599689), (-0.181967, 0.237572, 0.106903, 0.948166)
47.83503, (-2.379522, 0.175774, 6.606438), (-0.183996, 0.240460, 0.106940, 0.947042)
47.8489, (-2.380594, 0.173780, 6.612568), (-0.184110, 0.243393, 0.107787, 0.946174)
47.86285, (-2.382154, 0.173726, 6.618533), (-0.184068, 0.246711, 0.108454, 0.945247)
47.87672, (-2.376636, 0.169752, 6.623261), (-0.184357, 0.249365, 0.109448, 0.944379)
47.89065, (-2.370798, 0.170777, 6.629138), (-0.184441, 0.251963, 0.110135, 0.943592)
47.90464, (-2.366724, 0.167701, 6.636242), (-0.185280, 0.254579, 0.110429, 0.942691)
47.91886, (-2.365259, 0.165030, 6.642476), (-0.184258, 0.257047, 0.110689, 0.942191)
47.93237, (-2.359523, 0.159280, 6.647265), (-0.183635, 0.258545, 0.110689, 0.941903)
47.94621, (-2.354335, 0.153492, 6.654249), (-0.182779, 0.260368, 0.111472, 0.941475)
47.9601, (-2.348367, 0.148767, 6.660676), (-0.181622, 0.262272, 0.112447, 0.941054)
47.97449, (-2.343778, 0.143184, 6.666452), (-0.180473, 0.264170, 0.113480, 0.940620)
47.98811, (-2.340324, 0.135579, 6.672054), (-0.179556, 0.265867, 0.113959, 0.940259)
48.00228, (-2.333603, 0.130286, 6.675790), (-0.177886, 0.266890, 0.114481, 0.940224)
48.01623, (-2.325788, 0.128142, 6.678178), (-0.175136, 0.267946, 0.115675, 0.940294)
48.02983, (-2.315305, 0.126824, 6.680074), (-0.173047, 0.268844, 0.116089, 0.940373)
48.04369, (-2.303734, 0.129440, 6.678908), (-0.171909, 0.269682, 0.115934, 0.940361)
48.05765, (-2.291498, 0.133342, 6.676219), (-0.171050, 0.270179, 0.114695, 0.940527)
48.07151, (-2.277848, 0.136350, 6.668908), (-0.171259, 0.270485, 0.113128, 0.940590)
48.0853, (-2.258612, 0.142551, 6.663658), (-0.171303, 0.270780, 0.110598, 0.940798)
48.09923, (-2.238709, 0.151508, 6.656704), (-0.172885, 0.271380, 0.108053, 0.940632)
48.11284, (-2.218510, 0.161406, 6.648050), (-0.175091, 0.271352, 0.105222, 0.940553)
48.12673, (-2.194777, 0.173305, 6.637491), (-0.178096, 0.270757, 0.101791, 0.940538)
48.14068, (-2.168200, 0.183659, 6.626488), (-0.181203, 0.269854, 0.097706, 0.940637)
48.15532, (-2.140058, 0.189734, 6.615873), (-0.183779, 0.269167, 0.093678, 0.940744)
48.1689, (-2.107247, 0.191752, 6.605694), (-0.185222, 0.268444, 0.089303, 0.941093)
48.18256, (-2.076094, 0.192076, 6.595331), (-0.185458, 0.268209, 0.085007, 0.941511)
48.19653, (-2.040224, 0.195190, 6.584000), (-0.184256, 0.267689, 0.080344, 0.942304)
48.21051, (-2.003461, 0.197123, 6.572398), (-0.183249, 0.268047, 0.075010, 0.942838)
48.22431, (-1.960646, 0.197585, 6.558480), (-0.182808, 0.268524, 0.070249, 0.943155)
48.23839, (-1.920920, 0.199671, 6.545394), (-0.182645, 0.270055, 0.065366, 0.943101)
48.25244, (-1.881873, 0.200024, 6.533146), (-0.183049, 0.272090, 0.060872, 0.942738)
48.26623, (-1.836595, 0.201850, 6.522046), (-0.183648, 0.274040, 0.056517, 0.942328)
48.27985, (-1.797415, 0.200812, 6.511171), (-0.184516, 0.275651, 0.052625, 0.941913)
48.29373, (-1.753601, 0.199838, 6.500618), (-0.183910, 0.277674, 0.049153, 0.941625)
48.30762, (-1.708411, 0.199760, 6.487758), (-0.182700, 0.278461, 0.046255, 0.941775)
48.32151, (-1.663366, 0.202296, 6.476609), (-0.182115, 0.279936, 0.042323, 0.941636)
48.33533, (-1.614573, 0.205057, 6.464760), (-0.181771, 0.280846, 0.038700, 0.941588)
48.34919, (-1.569899, 0.210577, 6.453584), (-0.181207, 0.282883, 0.034932, 0.941234)
48.36348, (-1.520028, 0.209776, 6.442220), (-0.182038, 0.283756, 0.031810, 0.940921)
48.37716, (-1.471170, 0.216764, 6.431989), (-0.180957, 0.285195, 0.029035, 0.940785)
48.39102, (-1.424422, 0.219823, 6.420748), (-0.180727, 0.286427, 0.025517, 0.940557)
48.40491, (-1.377673, 0.222882, 6.409508), (-0.180494, 0.287655, 0.021998, 0.940315)
48.41887, (-1.330921, 0.225942, 6.398267), (-0.180258, 0.288879, 0.018480, 0.940061)
48.4328, (-1.270684, 0.226785, 6.388450), (-0.179698, 0.288784, 0.014126, 0.940273)
48.44678, (-1.207644, 0.245148, 6.375159), (-0.178419, 0.286276, 0.012201, 0.941310)
48.46069, (-1.147408, 0.255040, 6.365933), (-0.180862, 0.286560, 0.008375, 0.940799)
48.47464, (-1.093805, 0.263174, 6.354192), (-0.183232, 0.287543, 0.004404, 0.940067)
48.48851, (-1.041773, 0.265055, 6.340938), (-0.183761, 0.286849, 0.002297, 0.940183)
48.50249, (-0.993080, 0.263195, 6.328724), (-0.181534, 0.285617, 0.000022, 0.940994)
48.51654, (-0.941366, 0.264343, 6.317300), (-0.179276, 0.284694, -0.002521, 0.941702)
48.53027, (-0.888509, 0.268545, 6.306822), (-0.177353, 0.283035, -0.003342, 0.942564)
48.54414, (-0.839776, 0.275347, 6.296753), (-0.176466, 0.281634, -0.005807, 0.943138)
48.55808, (-0.789995, 0.282095, 6.283376), (-0.177164, 0.279548, -0.009390, 0.943598)
48.57197, (-0.742109, 0.289452, 6.271827), (-0.178915, 0.277788, -0.013252, 0.943741)
48.58598, (-0.687022, 0.294572, 6.260765), (-0.180647, 0.275468, -0.016937, 0.944032)
48.59977, (-0.638918, 0.299389, 6.253591), (-0.181635, 0.274768, -0.019166, 0.944004)
48.61375, (-0.587450, 0.302028, 6.243870), (-0.181424, 0.272749, -0.022528, 0.944556)
48.62761, (-0.539602, 0.306577, 6.235300), (-0.180432, 0.271660, -0.025252, 0.944991)
48.64153, (-0.487649, 0.309601, 6.226282), (-0.179949, 0.270224, -0.027742, 0.945425)
48.65545, (-0.432600, 0.314169, 6.217285), (-0.179055, 0.268877, -0.030058, 0.945908)
48.66945, (-0.379954, 0.315825, 6.210245), (-0.178748, 0.268056, -0.031513, 0.946151)
48.68319, (-0.325530, 0.318918, 6.202786), (-0.177565, 0.266709, -0.033876, 0.946673)
48.6971, (-0.270541, 0.321150, 6.194511), (-0.176283, 0.265593, -0.036608, 0.947124)
48.71104, (-0.215895, 0.326089, 6.186888), (-0.175461, 0.264607, -0.039092, 0.947454)
48.7249, (-0.158552, 0.332725, 6.177711), (-0.175138, 0.263861, -0.041123, 0.947636)
48.73881, (-0.097951, 0.337333, 6.168801), (-0.175858, 0.262344, -0.042318, 0.947871)
48.75274, (-0.036736, 0.340203, 6.160162), (-0.175720, 0.260085, -0.043955, 0.948444)
48.76665, (0.023136, 0.341626, 6.150822), (-0.175132, 0.257759, -0.045387, 0.949120)
48.7806, (0.083332, 0.342628, 6.139304), (-0.173678, 0.254867, -0.047753, 0.950052)
48.79433, (0.146959, 0.343028, 6.127615), (-0.173177, 0.252095, -0.051321, 0.950697)
48.80836, (0.215173, 0.344819, 6.116585), (-0.172833, 0.249221, -0.054675, 0.951330)
48.82251, (0.283419, 0.345175, 6.107425), (-0.172327, 0.247257, -0.058671, 0.951696)
48.83652, (0.354618, 0.343614, 6.098340), (-0.171512, 0.245280, -0.063044, 0.952075)
48.85003, (0.425763, 0.343206, 6.090297), (-0.171035, 0.242849, -0.067784, 0.952458)
48.8643, (0.500368, 0.342816, 6.082220), (-0.170676, 0.239930, -0.071998, 0.952953)
48.87788, (0.579828, 0.340458, 6.075953), (-0.171140, 0.236641, -0.075491, 0.953422)
48.89202, (0.661974, 0.334834, 6.069379), (-0.171990, 0.233856, -0.078016, 0.953753)
48.90549, (0.744966, 0.332859, 6.064445), (-0.173434, 0.232290, -0.079716, 0.953733)
48.91941, (0.837850, 0.326707, 6.058516), (-0.177119, 0.229152, -0.081204, 0.953690)
48.93339, (0.939907, 0.323843, 6.055234), (-0.181940, 0.226501, -0.082327, 0.953319)
48.94719, (1.041827, 0.325580, 6.056939), (-0.186432, 0.224274, -0.083116, 0.952909)
48.95981, (1.136606, 0.318816, 6.059901), (-0.192281, 0.222155, -0.086198, 0.951969)
48.97376, (1.243702, 0.309405, 6.067912), (-0.199256, 0.220341, -0.091605, 0.950450)
48.98789, (1.349617, 0.297211, 6.081713), (-0.204376, 0.220430, -0.098245, 0.948678)
49.0016, (1.448871, 0.277932, 6.094613), (-0.206868, 0.221071, -0.105605, 0.947196)
49.01558, (1.541371, 0.258241, 6.111235), (-0.204466, 0.223626, -0.113814, 0.946167)
49.02947, (1.635033, 0.237334, 6.127728), (-0.199596, 0.226012, -0.119120, 0.945987)
49.04336, (1.732144, 0.223111, 6.143692), (-0.194420, 0.227228, -0.121971, 0.946410)
49.05725, (1.825826, 0.217592, 6.165974), (-0.189740, 0.228825, -0.124303, 0.946672)
49.07116, (1.917140, 0.217234, 6.187436), (-0.189087, 0.229896, -0.127538, 0.946112)
49.08521, (2.005101, 0.219593, 6.205768), (-0.191075, 0.229937, -0.129178, 0.945480)
49.09897, (2.091290, 0.229188, 6.222312), (-0.191486, 0.229925, -0.129583, 0.945344)
49.11286, (2.183921, 0.237188, 6.240157), (-0.192427, 0.229612, -0.129182, 0.945284)
49.12683, (2.272047, 0.246666, 6.259870), (-0.194140, 0.230357, -0.126648, 0.945096)
49.14071, (2.351787, 0.254962, 6.278522), (-0.195224, 0.230818, -0.125519, 0.944911)
49.15481, (2.425255, 0.263611, 6.294979), (-0.195981, 0.230212, -0.123432, 0.945176)
49.16847, (2.494744, 0.273273, 6.314967), (-0.197555, 0.229549, -0.119965, 0.945456)
49.18265, (2.573143, 0.280895, 6.333261), (-0.198611, 0.229202, -0.118730, 0.945475)
49.19655, (2.637062, 0.293005, 6.355121), (-0.200873, 0.228668, -0.115520, 0.945524)
49.21025, (2.693721, 0.305557, 6.372531), (-0.201327, 0.228057, -0.115216, 0.945612)
49.22412, (2.753659, 0.315571, 6.389444), (-0.202586, 0.227247, -0.115783, 0.945469)
49.23837, (2.803140, 0.324980, 6.410613), (-0.203792, 0.227036, -0.118718, 0.944897)
49.25218, (2.856210, 0.330529, 6.431436), (-0.204173, 0.227209, -0.120120, 0.944596)
49.26606, (2.909143, 0.336282, 6.452628), (-0.204079, 0.227661, -0.120443, 0.944466)
49.27986, (2.947812, 0.340953, 6.470228), (-0.201566, 0.229019, -0.118000, 0.944986)
49.29398, (2.987174, 0.353957, 6.490327), (-0.201499, 0.229439, -0.114784, 0.945294)
49.30757, (3.030909, 0.367996, 6.512393), (-0.201970, 0.228582, -0.113914, 0.945506)
49.32116, (3.068731, 0.379481, 6.533679), (-0.203409, 0.227314, -0.113778, 0.945520)
49.3354, (3.101878, 0.388330, 6.552810), (-0.205148, 0.225026, -0.114518, 0.945602)
49.34893, (3.126868, 0.396541, 6.567368), (-0.206133, 0.222908, -0.113941, 0.945959)
49.36286, (3.151688, 0.402496, 6.581081), (-0.206317, 0.220300, -0.112531, 0.946698)
49.37694, (3.174767, 0.407287, 6.596403), (-0.206182, 0.218040, -0.109677, 0.947586)
49.39075, (3.193190, 0.410043, 6.609813), (-0.205118, 0.215122, -0.106959, 0.948793)
49.40461, (3.205348, 0.411401, 6.621347), (-0.203952, 0.211847, -0.105525, 0.949942)
49.41851, (3.215703, 0.418233, 6.630689), (-0.202150, 0.208193, -0.104929, 0.951200)
49.43227, (3.228731, 0.422694, 6.641109), (-0.201771, 0.205538, -0.103895, 0.951971)
49.44649, (3.223041, 0.430880, 6.637435), (-0.201023, 0.200155, -0.102417, 0.953435)
49.46001, (3.237075, 0.436370, 6.646680), (-0.200586, 0.197337, -0.101185, 0.954246)
49.47399, (3.219294, 0.445993, 6.636924), (-0.201461, 0.190979, -0.096158, 0.955874)
49.48775, (3.226864, 0.452162, 6.642407), (-0.201193, 0.187664, -0.094358, 0.956766)
49.50191, (3.203051, 0.459915, 6.625619), (-0.201203, 0.183863, -0.091198, 0.957807)
49.51592, (3.204063, 0.466452, 6.626519), (-0.200952, 0.180505, -0.089200, 0.958687)
49.52971, (3.205072, 0.472988, 6.627417), (-0.200698, 0.177143, -0.087201, 0.959550)
49.54361, (3.160065, 0.509878, 6.590178), (-0.207787, 0.178137, -0.075688, 0.958834)
49.55742, (3.149228, 0.522031, 6.582216), (-0.209076, 0.176135, -0.071689, 0.959231)
49.57138, (3.118002, 0.543221, 6.559015), (-0.211060, 0.174484, -0.061921, 0.959779)
49.58532, (3.101541, 0.557571, 6.541725), (-0.211686, 0.172468, -0.056841, 0.960319)
49.59905, (3.085713, 0.578967, 6.517650), (-0.214249, 0.170241, -0.051159, 0.960468)
49.61301, (3.065974, 0.603916, 6.494987), (-0.216526, 0.168422, -0.046279, 0.960525)
49.62658, (3.043513, 0.622649, 6.469636), (-0.221707, 0.166116, -0.042714, 0.959910)
49.64048, (3.023115, 0.638825, 6.445763), (-0.225105, 0.163839, -0.037820, 0.959716)
49.65439, (3.002303, 0.652797, 6.421313), (-0.227295, 0.162758, -0.031446, 0.959613)
49.6683, (2.984896, 0.669695, 6.393022), (-0.227858, 0.162020, -0.024270, 0.959813)
49.68224, (2.964382, 0.689941, 6.362303), (-0.230879, 0.161404, -0.018220, 0.959329)
49.69645, (2.941209, 0.714892, 6.331869), (-0.236807, 0.160195, -0.011928, 0.958185)
49.7104, (2.914831, 0.739077, 6.303571), (-0.244048, 0.158760, -0.008293, 0.956644)
49.72406, (2.890303, 0.752842, 6.270302), (-0.250026, 0.156505, -0.003899, 0.955499)
49.73795, (2.866710, 0.762748, 6.239094), (-0.253644, 0.154387, 0.000762, 0.954897)
49.75206, (2.839846, 0.773984, 6.206334), (-0.255575, 0.152994, 0.005644, 0.954590)
49.76591, (2.816544, 0.782466, 6.170614), (-0.258217, 0.151735, 0.009970, 0.954045)
49.77985, (2.791286, 0.798099, 6.135191), (-0.261799, 0.151651, 0.013222, 0.953042)
49.79418, (2.765275, 0.810355, 6.101924), (-0.267402, 0.151864, 0.016708, 0.951396)
49.80784, (2.743779, 0.824916, 6.068927), (-0.272403, 0.150839, 0.020073, 0.950075)
49.82218, (2.720177, 0.835190, 6.035877), (-0.276834, 0.149236, 0.022530, 0.948991)
49.83571, (2.699074, 0.846059, 6.002215), (-0.280594, 0.147333, 0.025222, 0.948116)
49.84975, (2.676464, 0.852147, 5.971606), (-0.285498, 0.147725, 0.029199, 0.946475)
49.86349, (2.654683, 0.860944, 5.940207), (-0.290824, 0.147904, 0.032976, 0.944700)
49.87788, (2.634123, 0.872845, 5.907922), (-0.295955, 0.148231, 0.035394, 0.942966)
49.89145, (2.614128, 0.880292, 5.875325), (-0.301533, 0.147947, 0.037871, 0.941146)
49.9056, (2.592356, 0.884870, 5.845464), (-0.306858, 0.148453, 0.038579, 0.939314)
49.91939, (2.572876, 0.886787, 5.818460), (-0.312111, 0.148472, 0.040056, 0.937517)
49.93378, (2.554022, 0.882148, 5.791643), (-0.317332, 0.148424, 0.041932, 0.935688)
49.94771, (2.531884, 0.882363, 5.767220), (-0.319827, 0.149065, 0.043885, 0.934647)
49.96182, (2.511156, 0.880656, 5.742171), (-0.322767, 0.148751, 0.044765, 0.933644)
49.9755, (2.488563, 0.878149, 5.720548), (-0.325699, 0.148513, 0.046335, 0.932586)
49.98975, (2.464414, 0.876447, 5.702589), (-0.327721, 0.148893, 0.046367, 0.931816)
50.00342, (2.441863, 0.871666, 5.687008), (-0.330225, 0.148630, 0.045774, 0.931002)
50.01734, (2.418598, 0.871005, 5.670777), (-0.331409, 0.149075, 0.045697, 0.930514)
50.03144, (2.396961, 0.866331, 5.659800), (-0.333058, 0.149558, 0.045713, 0.929847)
50.0457, (2.371026, 0.862193, 5.650486), (-0.334497, 0.149832, 0.046306, 0.929257)
50.0592, (2.345372, 0.859134, 5.642566), (-0.334655, 0.150300, 0.047327, 0.929073)
50.07348, (2.322518, 0.856459, 5.633495), (-0.333996, 0.150059, 0.049157, 0.929254)
50.08714, (2.298474, 0.852449, 5.629118), (-0.333687, 0.149546, 0.051780, 0.929305)
50.10175, (2.274323, 0.850121, 5.622611), (-0.333697, 0.148863, 0.054288, 0.929268)
50.11537, (2.249703, 0.848165, 5.615410), (-0.334640, 0.147286, 0.056169, 0.929068)
50.12927, (2.222005, 0.849079, 5.610023), (-0.335758, 0.144324, 0.057099, 0.929073)
50.14288, (2.193364, 0.851573, 5.602689), (-0.335313, 0.140248, 0.056053, 0.929922)
50.15739, (2.167137, 0.858461, 5.591245), (-0.333926, 0.134988, 0.054085, 0.931314)
50.1707, (2.144416, 0.865701, 5.579398), (-0.333571, 0.130118, 0.052516, 0.932224)
50.18467, (2.119903, 0.872510, 5.567632), (-0.333137, 0.126973, 0.051934, 0.932846)
50.19823, (2.101099, 0.879002, 5.553750), (-0.332601, 0.124139, 0.051184, 0.933460)
50.21254, (2.081449, 0.881767, 5.540025), (-0.333762, 0.124582, 0.051805, 0.932952)
50.22592, (2.065783, 0.885693, 5.525168), (-0.334547, 0.125203, 0.052376, 0.932555)
50.23995, (2.048726, 0.889554, 5.510684), (-0.336316, 0.126734, 0.052418, 0.931709)
50.25376, (2.032636, 0.893827, 5.496462), (-0.337877, 0.127715, 0.051275, 0.931074)
50.26806, (2.017187, 0.893818, 5.481814), (-0.339288, 0.129147, 0.050486, 0.930406)
50.28168, (2.001686, 0.893062, 5.468935), (-0.339633, 0.130499, 0.048745, 0.930185)
50.29559, (1.986082, 0.888504, 5.457067), (-0.339221, 0.132572, 0.047848, 0.930089)
50.30974, (1.967848, 0.883358, 5.445397), (-0.338400, 0.134377, 0.047170, 0.930163)
50.3237, (1.947799, 0.877903, 5.435614), (-0.337736, 0.135356, 0.046611, 0.930291)
50.33735, (1.923075, 0.872321, 5.426088), (-0.336473, 0.136212, 0.046227, 0.930643)
50.35162, (1.896479, 0.865711, 5.416682), (-0.335936, 0.136129, 0.046218, 0.930849)
50.36559, (1.870223, 0.859680, 5.409744), (-0.334883, 0.135810, 0.046150, 0.931278)
50.37947, (1.841735, 0.853506, 5.404659), (-0.333783, 0.134279, 0.048286, 0.931787)
50.39316, (1.810278, 0.846534, 5.396933), (-0.331983, 0.131754, 0.050605, 0.932667)
50.40679, (1.781324, 0.838691, 5.390009), (-0.330577, 0.129917, 0.052536, 0.933317)
50.42057, (1.748436, 0.830232, 5.387676), (-0.328842, 0.127467, 0.055909, 0.934072)
50.43486, (1.713195, 0.822101, 5.385077), (-0.327280, 0.125603, 0.057703, 0.934763)
50.44844, (1.679216, 0.813654, 5.380194), (-0.325851, 0.123964, 0.058600, 0.935425)
50.4624, (1.645422, 0.806850, 5.374992), (-0.324226, 0.123539, 0.060037, 0.935955)
50.47614, (1.614283, 0.796419, 5.372410), (-0.324705, 0.123305, 0.062223, 0.935677)
50.49074, (1.585685, 0.787746, 5.374354), (-0.325151, 0.123429, 0.064748, 0.935334)
50.50425, (1.551910, 0.781800, 5.374975), (-0.325137, 0.124155, 0.066636, 0.935110)
50.51783, (1.519819, 0.775192, 5.374733), (-0.325807, 0.124044, 0.067691, 0.934816)
50.53153, (1.487399, 0.767824, 5.372795), (-0.325534, 0.123757, 0.069403, 0.934824)
50.54588, (1.464712, 0.758435, 5.380512), (-0.326233, 0.127549, 0.071154, 0.933938)
50.55934, (1.438624, 0.748105, 5.387305), (-0.324919, 0.130598, 0.073520, 0.933792)
50.57338, (1.413141, 0.735588, 5.395835), (-0.322715, 0.133443, 0.076465, 0.933917)
50.58715, (1.386797, 0.725563, 5.405574), (-0.319904, 0.136312, 0.079198, 0.934242)
50.60156, (1.364055, 0.715780, 5.418627), (-0.317607, 0.139650, 0.081500, 0.934335)
50.61496, (1.343659, 0.706567, 5.433521), (-0.315788, 0.143197, 0.085012, 0.934102)
50.62884, (1.320966, 0.694047, 5.448275), (-0.313097, 0.147226, 0.087677, 0.934135)
50.64266, (1.297404, 0.682823, 5.463924), (-0.304891, 0.152756, 0.093017, 0.935444)
50.65694, (1.276602, 0.665829, 5.482438), (-0.295345, 0.158813, 0.099723, 0.936806)
50.67055, (1.254720, 0.649670, 5.501608), (-0.285158, 0.166316, 0.106543, 0.937909)
50.68434, (1.238052, 0.633003, 5.524349), (-0.274882, 0.174179, 0.114416, 0.938622)
50.69814, (1.220903, 0.624998, 5.543183), (-0.265974, 0.181958, 0.122656, 0.938672)
50.71236, (1.194414, 0.619513, 5.565964), (-0.260531, 0.188915, 0.128153, 0.938090)
50.7258, (1.167107, 0.611651, 5.589832), (-0.262074, 0.192659, 0.131249, 0.936469)
50.73967, (1.133143, 0.610485, 5.614744), (-0.266082, 0.194507, 0.134798, 0.934450)
50.75346, (1.104270, 0.600168, 5.642986), (-0.266320, 0.196765, 0.138957, 0.933300)
50.76773, (1.071729, 0.586023, 5.669426), (-0.265018, 0.199952, 0.144234, 0.932192)
50.78123, (1.040920, 0.573322, 5.695169), (-0.262446, 0.203106, 0.149540, 0.931401)
50.7951, (1.008253, 0.558773, 5.723204), (-0.258720, 0.205306, 0.154846, 0.931094)
50.80902, (0.961571, 0.532812, 5.759819), (-0.250530, 0.205709, 0.161023, 0.932197)
50.82331, (0.924275, 0.518885, 5.788284), (-0.246776, 0.208252, 0.167122, 0.931559)
50.83684, (0.886200, 0.505055, 5.818033), (-0.243476, 0.211386, 0.171023, 0.931014)
50.85075, (0.830434, 0.503690, 5.856138), (-0.241864, 0.210311, 0.174203, 0.931088)
50.8647, (0.783662, 0.495107, 5.888941), (-0.238347, 0.211160, 0.177531, 0.931174)
50.87861, (0.732548, 0.488464, 5.920126), (-0.235109, 0.211840, 0.181953, 0.930989)
50.89217, (0.682227, 0.475385, 5.952094), (-0.233941, 0.212686, 0.186550, 0.930180)
50.90603, (0.629919, 0.463711, 5.983989), (-0.232202, 0.212278, 0.191593, 0.929684)
50.91988, (0.572877, 0.449095, 6.014059), (-0.230232, 0.211502, 0.197243, 0.929169)
50.93403, (0.516978, 0.440569, 6.046064), (-0.227673, 0.210285, 0.201883, 0.929079)
50.94767, (0.459724, 0.431448, 6.079872), (-0.227111, 0.208510, 0.206606, 0.928579)
50.96153, (0.406723, 0.427322, 6.111151), (-0.226663, 0.205474, 0.211022, 0.928372)
50.97572, (0.346492, 0.418732, 6.144168), (-0.226811, 0.203753, 0.215759, 0.927626)
50.98965, (0.288570, 0.411276, 6.176891), (-0.225955, 0.201320, 0.219679, 0.927446)
51.00337, (0.234914, 0.401262, 6.207027), (-0.224937, 0.199669, 0.224171, 0.926975)
51.01703, (0.181671, 0.392492, 6.237571), (-0.223594, 0.198710, 0.227794, 0.926623)
51.03064, (0.125864, 0.383766, 6.269126), (-0.222254, 0.197552, 0.232142, 0.926114)
51.04489, (0.078216, 0.385253, 6.298235), (-0.221110, 0.197401, 0.233703, 0.926027)
51.0583, (0.031377, 0.391167, 6.328509), (-0.220143, 0.195696, 0.235944, 0.926051)
51.07221, (-0.011023, 0.404847, 6.359797), (-0.221588, 0.193206, 0.236406, 0.926112)
51.08599, (-0.054057, 0.417222, 6.391871), (-0.223638, 0.191452, 0.235383, 0.926244)
51.10023, (-0.092756, 0.423418, 6.422417), (-0.225336, 0.189497, 0.232487, 0.926965)
51.11375, (-0.133224, 0.428218, 6.452814), (-0.225140, 0.188333, 0.229163, 0.928077)
51.12763, (-0.166753, 0.426892, 6.483054), (-0.223020, 0.188399, 0.226255, 0.929288)
51.14141, (-0.198782, 0.427728, 6.512981), (-0.220557, 0.189306, 0.225345, 0.929913)
51.15597, (-0.226213, 0.430033, 6.546335), (-0.218187, 0.192153, 0.225504, 0.929849)
51.1692, (-0.255405, 0.435461, 6.577573), (-0.217129, 0.194621, 0.225862, 0.929497)
51.18316, (-0.286764, 0.442240, 6.607321), (-0.216990, 0.196813, 0.225196, 0.929229)
51.19691, (-0.314554, 0.448774, 6.634199), (-0.217203, 0.198137, 0.224488, 0.929069)
51.21117, (-0.337962, 0.453442, 6.662304), (-0.216935, 0.198859, 0.223426, 0.929234)
51.22466, (-0.361394, 0.455428, 6.689154), (-0.216188, 0.199385, 0.222604, 0.929493)
51.23851, (-0.377774, 0.455782, 6.710170), (-0.213827, 0.199260, 0.220601, 0.930542)
51.25231, (-0.394512, 0.458403, 6.728180), (-0.211619, 0.198701, 0.218563, 0.931647)
51.26661, (-0.408205, 0.462610, 6.744330), (-0.209004, 0.198819, 0.215363, 0.932956)
51.28009, (-0.421384, 0.468383, 6.758296), (-0.205992, 0.199348, 0.211939, 0.934296)
51.294, (-0.431463, 0.472773, 6.767501), (-0.203946, 0.199937, 0.207707, 0.935569)
51.30779, (-0.441541, 0.476331, 6.775952), (-0.203128, 0.200646, 0.202915, 0.936646)
51.32206, (-0.446394, 0.482284, 6.781268), (-0.203257, 0.201111, 0.196511, 0.937883)
51.33554, (-0.456848, 0.485704, 6.788509), (-0.203237, 0.202598, 0.192314, 0.938437)
51.34961, (-0.463915, 0.487043, 6.792697), (-0.203628, 0.203770, 0.187340, 0.939104)
51.36359, (-0.468851, 0.499901, 6.783767), (-0.202969, 0.205563, 0.182477, 0.939814)
51.37778, (-0.475737, 0.508301, 6.781166), (-0.202680, 0.206954, 0.177174, 0.940585)
51.39145, (-0.480469, 0.521282, 6.764431), (-0.205441, 0.208692, 0.170126, 0.940903)
51.40523, (-0.492392, 0.534567, 6.759887), (-0.204844, 0.211166, 0.163627, 0.941634)
51.41907, (-0.494656, 0.554512, 6.741446), (-0.207955, 0.211534, 0.154027, 0.942488)
51.43306, (-0.501978, 0.566080, 6.734918), (-0.208320, 0.212714, 0.148229, 0.943072)
51.44682, (-0.509297, 0.577649, 6.728385), (-0.208677, 0.213886, 0.142425, 0.943622)
51.4608, (-0.515676, 0.593337, 6.706709), (-0.211877, 0.214072, 0.134002, 0.944100)
51.47432, (-0.521422, 0.609338, 6.679094), (-0.215209, 0.212936, 0.126755, 0.944604)
51.48854, (-0.528525, 0.622166, 6.667589), (-0.216197, 0.213709, 0.120482, 0.945025)
51.5022, (-0.535629, 0.634995, 6.656084), (-0.217175, 0.214473, 0.114204, 0.945407)
51.51613, (-0.547130, 0.654607, 6.634686), (-0.218454, 0.215474, 0.106747, 0.945756)
51.53009, (-0.549457, 0.675148, 6.591315), (-0.221931, 0.212722, 0.098626, 0.946451)
51.54443, (-0.547611, 0.706142, 6.520057), (-0.225658, 0.209625, 0.094222, 0.946709)
51.55793, (-0.526156, 0.748059, 6.428777), (-0.240654, 0.211498, 0.088015, 0.943190)
51.57187, (-0.532714, 0.747838, 6.388193), (-0.246017, 0.214811, 0.082596, 0.941547)
51.58602, (-0.539120, 0.756475, 6.352298), (-0.249042, 0.214713, 0.077295, 0.941224)
51.60011, (-0.543012, 0.761142, 6.318101), (-0.252922, 0.214106, 0.072612, 0.940700)
51.6137, (-0.550583, 0.766928, 6.287608), (-0.256021, 0.214622, 0.068981, 0.940017)
51.62806, (-0.563334, 0.766670, 6.260077), (-0.259100, 0.215081, 0.064247, 0.939404)
51.64199, (-0.582525, 0.761154, 6.235271), (-0.260050, 0.215565, 0.058544, 0.939403)
51.65629, (-0.600164, 0.757587, 6.209713), (-0.261099, 0.216277, 0.054138, 0.939213)
51.66984, (-0.620453, 0.752101, 6.193021), (-0.260582, 0.217084, 0.052758, 0.939249)
51.68393, (-0.648069, 0.744617, 6.179125), (-0.260011, 0.219167, 0.051893, 0.938971)
51.69793, (-0.672914, 0.738012, 6.164165), (-0.258939, 0.220053, 0.052265, 0.939040)
51.71207, (-0.702421, 0.734025, 6.151874), (-0.257474, 0.221952, 0.052340, 0.938992)
51.72524, (-0.731532, 0.727755, 6.141767), (-0.257531, 0.223773, 0.054487, 0.938421)
51.7425, (-0.764308, 0.724509, 6.133485), (-0.257704, 0.226186, 0.056982, 0.937647)
51.75617, (-0.796882, 0.721194, 6.125829), (-0.257344, 0.228641, 0.058093, 0.937082)
51.77052, (-0.832163, 0.714854, 6.119139), (-0.256250, 0.231669, 0.059534, 0.936548)
51.78414, (-0.868710, 0.707496, 6.114521), (-0.254057, 0.234874, 0.060714, 0.936271)
51.80532, (-0.907607, 0.700969, 6.112020), (-0.251293, 0.237980, 0.061806, 0.936161)
51.80976, (-0.943775, 0.697633, 6.106271), (-0.249168, 0.240305, 0.062941, 0.936060)
51.82515, (-0.985275, 0.693144, 6.103711), (-0.247415, 0.242297, 0.064709, 0.935890)
51.8368, (-1.025766, 0.689728, 6.101365), (-0.245867, 0.244022, 0.066657, 0.935713)
51.85044, (-1.069416, 0.687596, 6.098166), (-0.244036, 0.245625, 0.068626, 0.935631)
51.8641, (-1.115910, 0.685636, 6.096415), (-0.242597, 0.247229, 0.070734, 0.935426)
51.8783, (-1.162551, 0.682043, 6.092000), (-0.241345, 0.248434, 0.072782, 0.935273)
51.89186, (-1.212816, 0.678160, 6.088725), (-0.239760, 0.250373, 0.074795, 0.935005)
51.90591, (-1.266618, 0.669018, 6.085549), (-0.238517, 0.252861, 0.077956, 0.934395)
51.91977, (-1.321596, 0.660482, 6.081186), (-0.236845, 0.254930, 0.081073, 0.933993)
51.93422, (-1.377575, 0.653887, 6.078414), (-0.235921, 0.256309, 0.085151, 0.933486)
51.94761, (-1.437768, 0.647843, 6.075987), (-0.236411, 0.256673, 0.088669, 0.932934)
51.96173, (-1.496627, 0.640754, 6.074636), (-0.237526, 0.255838, 0.092001, 0.932558)
51.97556, (-1.559236, 0.632817, 6.075135), (-0.238544, 0.254838, 0.095352, 0.932235)
51.98972, (-1.621800, 0.622820, 6.074800), (-0.238797, 0.253804, 0.098930, 0.932080)
52.00329, (-1.681205, 0.612044, 6.074210), (-0.238509, 0.253309, 0.102006, 0.931956)
52.01721, (-1.743659, 0.601112, 6.077154), (-0.238539, 0.254161, 0.105533, 0.931324)
52.03102, (-1.804264, 0.589076, 6.080698), (-0.239481, 0.254388, 0.108247, 0.930709)
52.0452, (-1.868468, 0.579077, 6.086853), (-0.240380, 0.255458, 0.110531, 0.929915)
52.05876, (-1.928070, 0.569612, 6.093168), (-0.241360, 0.255500, 0.112157, 0.929455)
52.07282, (-1.986993, 0.558960, 6.101609), (-0.241767, 0.256002, 0.114291, 0.928951)
52.08658, (-2.046023, 0.549575, 6.109163), (-0.242008, 0.256779, 0.117467, 0.928277)
52.10103, (-2.102782, 0.540298, 6.118281), (-0.242663, 0.258068, 0.121711, 0.927201)
52.11444, (-2.161882, 0.533013, 6.128107), (-0.242257, 0.259563, 0.125144, 0.926433)
52.12835, (-2.220393, 0.522486, 6.139047), (-0.242832, 0.260062, 0.128212, 0.925722)
52.14231, (-2.283486, 0.513350, 6.151361), (-0.243166, 0.260355, 0.131257, 0.925126)
52.15646, (-2.340842, 0.504862, 6.163347), (-0.243461, 0.258587, 0.134804, 0.925034)
52.17006, (-2.399744, 0.495631, 6.175313), (-0.243427, 0.257915, 0.138338, 0.924708)
52.18407, (-2.455896, 0.484020, 6.188133), (-0.244079, 0.256364, 0.142474, 0.924340)
52.19781, (-2.511230, 0.474031, 6.201177), (-0.244177, 0.255185, 0.146109, 0.924073)
52.21249, (-2.567805, 0.461328, 6.215391), (-0.244324, 0.254373, 0.148559, 0.923867)
52.22585, (-2.619384, 0.446504, 6.229060), (-0.244069, 0.253270, 0.150836, 0.923868)
52.23981, (-2.670741, 0.430001, 6.242667), (-0.243931, 0.253346, 0.153090, 0.923513)
52.25354, (-2.716074, 0.415561, 6.258211), (-0.243218, 0.253932, 0.155703, 0.923103)
52.26772, (-2.761404, 0.401236, 6.274855), (-0.242352, 0.255434, 0.158041, 0.922519)
52.28118, (-2.805568, 0.386710, 6.292751), (-0.241195, 0.257671, 0.160528, 0.921771)
52.29518, (-2.848450, 0.370559, 6.310053), (-0.239863, 0.259616, 0.163323, 0.921081)
52.30899, (-2.889987, 0.353340, 6.330987), (-0.238761, 0.262763, 0.166818, 0.919848)
52.3232, (-2.936102, 0.333414, 6.352629), (-0.238164, 0.267884, 0.170731, 0.917806)
52.33675, (-2.981572, 0.314827, 6.372308), (-0.236965, 0.271115, 0.175562, 0.916255)
52.35033, (-3.026037, 0.292304, 6.393415), (-0.235891, 0.273818, 0.181084, 0.914652)
52.36429, (-3.068724, 0.270935, 6.414163), (-0.232716, 0.276599, 0.186053, 0.913630)
52.37839, (-3.110039, 0.251629, 6.435393), (-0.230096, 0.277998, 0.192003, 0.912638)
52.39212, (-3.147903, 0.239518, 6.450643), (-0.227390, 0.277261, 0.196650, 0.912551)
52.40599, (-3.189967, 0.224431, 6.467345), (-0.225999, 0.277569, 0.200637, 0.911935)
52.41978, (-3.225565, 0.211793, 6.480673), (-0.223697, 0.277719, 0.203875, 0.911739)
52.43406, (-3.259182, 0.196098, 6.493717), (-0.220693, 0.279259, 0.207772, 0.911120)
52.44759, (-3.289392, 0.179075, 6.504362), (-0.217583, 0.281435, 0.211563, 0.910326)
52.46151, (-3.316143, 0.165961, 6.514328), (-0.215063, 0.283705, 0.215312, 0.909341)
52.47576, (-3.342651, 0.159851, 6.523249), (-0.214582, 0.286149, 0.218663, 0.907888)
52.49015, (-3.367297, 0.157985, 6.530473), (-0.215610, 0.287165, 0.220059, 0.906986)
52.50379, (-3.392077, 0.158730, 6.535788), (-0.217747, 0.287579, 0.221487, 0.905996)
52.51701, (-3.413040, 0.152992, 6.540591), (-0.220502, 0.288525, 0.222842, 0.904695)
52.53098, (-3.434282, 0.147275, 6.546848), (-0.220863, 0.290259, 0.224777, 0.903573)
52.54515, (-3.449213, 0.137730, 6.550032), (-0.220892, 0.291567, 0.225895, 0.902866)
52.55861, (-3.467905, 0.128808, 6.554527), (-0.220114, 0.293675, 0.227380, 0.901999)
52.57258, (-3.482217, 0.120772, 6.557911), (-0.221009, 0.294491, 0.228377, 0.901262)
52.58644, (-3.499632, 0.116512, 6.562664), (-0.222105, 0.295171, 0.229660, 0.900444)
52.60074, (-3.516564, 0.107629, 6.564642), (-0.223175, 0.295543, 0.230400, 0.899869)
52.61428, (-3.533708, 0.099353, 6.566593), (-0.222363, 0.296644, 0.231364, 0.899460)
52.62825, (-3.546544, 0.090164, 6.567268), (-0.221839, 0.297303, 0.233126, 0.898917)
52.64201, (-3.559441, 0.081215, 6.569278), (-0.221997, 0.298304, 0.234949, 0.898071)
52.65636, (-3.571598, 0.075594, 6.569582), (-0.222377, 0.299043, 0.236281, 0.897381)
52.66981, (-3.583543, 0.071533, 6.569678), (-0.222641, 0.300096, 0.237745, 0.896578)
52.68381, (-3.591496, 0.066597, 6.569771), (-0.224086, 0.301242, 0.238939, 0.895515)
52.69759, (-3.599583, 0.063795, 6.569945), (-0.224941, 0.302548, 0.240036, 0.894566)
52.71194, (-3.607819, 0.060207, 6.568765), (-0.225306, 0.303808, 0.240501, 0.893922)
52.72541, (-3.613357, 0.056883, 6.567801), (-0.225685, 0.304614, 0.241013, 0.893414)
52.7394, (-3.617983, 0.054605, 6.567933), (-0.225577, 0.305445, 0.241964, 0.892901)
52.75333, (-3.619779, 0.054135, 6.564195), (-0.225174, 0.306174, 0.243296, 0.892391)
52.76748, (-3.621189, 0.054073, 6.562224), (-0.224754, 0.307444, 0.243811, 0.891919)
52.78108, (-3.623099, 0.054017, 6.558390), (-0.224855, 0.308240, 0.244204, 0.891512)
52.79505, (-3.624008, 0.054799, 6.555570), (-0.225528, 0.308970, 0.244001, 0.891144)
52.80882, (-3.625653, 0.054284, 6.553016), (-0.225923, 0.309797, 0.244191, 0.890705)
52.82313, (-3.618515, 0.056342, 6.550448), (-0.226178, 0.309835, 0.242594, 0.891063)
52.83653, (-3.613634, 0.057878, 6.546617), (-0.226122, 0.309683, 0.241917, 0.891315)
52.85052, (-3.619718, 0.055518, 6.545206), (-0.225832, 0.309752, 0.240667, 0.891702)
52.8644, (-3.615695, 0.056729, 6.541929), (-0.226024, 0.309992, 0.239934, 0.891768)
52.87865, (-3.591590, 0.062947, 6.534883), (-0.225099, 0.310181, 0.238240, 0.892390)
52.8923, (-3.581604, 0.066270, 6.529972), (-0.224709, 0.310770, 0.236804, 0.892665)
52.90623, (-3.569095, 0.071404, 6.525681), (-0.224425, 0.311376, 0.234894, 0.893030)
52.91999, (-3.556220, 0.074359, 6.521914), (-0.224832, 0.311656, 0.233208, 0.893272)
52.9343, (-3.542042, 0.080315, 6.516737), (-0.224269, 0.312071, 0.231618, 0.893683)
52.94781, (-3.526618, 0.086120, 6.510497), (-0.223823, 0.312594, 0.229530, 0.894150)
52.96175, (-3.510895, 0.093136, 6.503360), (-0.223765, 0.313006, 0.227884, 0.894441)
52.97546, (-3.491884, 0.100280, 6.495907), (-0.224534, 0.313587, 0.225963, 0.894533)
52.98996, (-3.473190, 0.106790, 6.488043), (-0.225275, 0.314410, 0.223914, 0.894573)
53.00334, (-3.453837, 0.111468, 6.479771), (-0.225701, 0.315783, 0.221324, 0.894626)
53.01729, (-3.434873, 0.117739, 6.471005), (-0.225746, 0.316804, 0.219112, 0.894799)
53.03111, (-3.408737, 0.124792, 6.457134), (-0.225844, 0.319335, 0.216233, 0.894574)
53.04541, (-3.383013, 0.133039, 6.444932), (-0.227853, 0.323949, 0.213544, 0.893051)
53.059, (-3.357988, 0.138527, 6.434021), (-0.229531, 0.328706, 0.210635, 0.891572)
53.0732, (-3.326746, 0.138516, 6.420432), (-0.232628, 0.332474, 0.209115, 0.889728)
53.08707, (-3.304260, 0.143969, 6.415245), (-0.233290, 0.339953, 0.206563, 0.887321)
53.10151, (-3.275304, 0.144429, 6.407395), (-0.235046, 0.347978, 0.205791, 0.883920)
53.1151, (-3.248353, 0.145406, 6.401468), (-0.235656, 0.355008, 0.205188, 0.881098)
53.12876, (-3.221175, 0.139238, 6.403468), (-0.235409, 0.362975, 0.205673, 0.877799)
53.14264, (-3.196241, 0.134524, 6.406713), (-0.234446, 0.370688, 0.205744, 0.874811)
53.15678, (-3.168049, 0.126494, 6.410383), (-0.233136, 0.378014, 0.205825, 0.872003)
53.1704, (-3.139721, 0.116997, 6.416201), (-0.230978, 0.384898, 0.206242, 0.869464)
53.18443, (-3.115079, 0.105000, 6.423785), (-0.225579, 0.391721, 0.206860, 0.867686)
53.19836, (-3.093235, 0.088232, 6.433782), (-0.220921, 0.398583, 0.207169, 0.865682)
53.21268, (-3.071837, 0.075206, 6.447427), (-0.215439, 0.404494, 0.207225, 0.864308)
53.22622, (-3.050459, 0.057476, 6.462793), (-0.211999, 0.409575, 0.208102, 0.862553)
53.24026, (-3.031635, 0.043569, 6.478099), (-0.208058, 0.415419, 0.207671, 0.860820)
53.25408, (-3.010994, 0.025398, 6.497764), (-0.202839, 0.420799, 0.208246, 0.859313)
53.26836, (-2.995500, 0.008330, 6.518390), (-0.197487, 0.427092, 0.209825, 0.857068)
53.28194, (-2.981462, -0.004398, 6.539795), (-0.191949, 0.432997, 0.210647, 0.855159)
53.29594, (-2.967856, -0.021725, 6.560441), (-0.187946, 0.438477, 0.213582, 0.852524)
53.30976, (-2.955979, -0.030501, 6.583680), (-0.182921, 0.443972, 0.215170, 0.850371)
53.32413, (-2.948767, -0.043879, 6.607856), (-0.178593, 0.449582, 0.218344, 0.847530)
53.33759, (-2.942078, -0.056146, 6.632399), (-0.174325, 0.455240, 0.221572, 0.844555)
53.35155, (-2.940420, -0.058305, 6.658788), (-0.172008, 0.459905, 0.226613, 0.841158)
53.36557, (-2.940232, -0.063553, 6.685277), (-0.172154, 0.463833, 0.232282, 0.837417)
53.37975, (-2.934952, -0.069388, 6.709819), (-0.168605, 0.468805, 0.235515, 0.834462)
53.39318, (-2.941530, -0.067319, 6.737363), (-0.170218, 0.471478, 0.241735, 0.830842)
53.40714, (-2.941994, -0.072211, 6.761219), (-0.168977, 0.475916, 0.245032, 0.827593)
53.42105, (-2.946507, -0.076339, 6.785470), (-0.167765, 0.480348, 0.250050, 0.823770)
53.43523, (-2.954033, -0.082856, 6.810471), (-0.166526, 0.485049, 0.254458, 0.819907)
53.44889, (-2.964419, -0.093011, 6.837122), (-0.164794, 0.489712, 0.259157, 0.816004)
53.46289, (-2.973555, -0.099201, 6.862355), (-0.162553, 0.493114, 0.263427, 0.813032)
53.47699, (-2.982582, -0.105317, 6.888972), (-0.161420, 0.494449, 0.268352, 0.810834)
53.49126, (-2.998062, -0.105343, 6.913968), (-0.159556, 0.495460, 0.272271, 0.809278)
53.50472, (-3.013146, -0.111511, 6.944503), (-0.160186, 0.495582, 0.276064, 0.807792)
53.51884, (-3.030787, -0.118057, 6.973674), (-0.160754, 0.494956, 0.278653, 0.807174)
53.53246, (-3.048486, -0.126795, 7.003081), (-0.160482, 0.494217, 0.280724, 0.806963)
53.54661, (-3.066139, -0.135512, 7.031761), (-0.159520, 0.493760, 0.283175, 0.806577)
53.55989, (-3.083289, -0.147089, 7.058259), (-0.158042, 0.493105, 0.285451, 0.806466)
53.57419, (-3.099340, -0.156426, 7.082884), (-0.156274, 0.492726, 0.288043, 0.806121)
53.58777, (-3.115666, -0.165219, 7.108123), (-0.154927, 0.492656, 0.290928, 0.805387)
53.60192, (-3.136266, -0.175250, 7.137101), (-0.154384, 0.492545, 0.294034, 0.804431)
53.61552, (-3.155660, -0.184104, 7.165171), (-0.154769, 0.491971, 0.296210, 0.803910)
53.62943, (-3.178890, -0.192410, 7.193175), (-0.155078, 0.491313, 0.298363, 0.803456)
53.6432, (-3.198290, -0.202178, 7.219360), (-0.155228, 0.490319, 0.301426, 0.802891)
53.6577, (-3.220484, -0.211521, 7.245870), (-0.153980, 0.490450, 0.304476, 0.801900)
53.67115, (-3.242174, -0.221756, 7.270377), (-0.152873, 0.490537, 0.308167, 0.800648)
53.68488, (-3.263157, -0.228357, 7.288550), (-0.151842, 0.491243, 0.311562, 0.799096)
53.69875, (-3.285308, -0.228633, 7.308211), (-0.150858, 0.492925, 0.314942, 0.796918)
53.71305, (-3.303993, -0.230943, 7.325329), (-0.151940, 0.494146, 0.318881, 0.794385)
53.72681, (-3.322925, -0.229611, 7.345194), (-0.154531, 0.495766, 0.322267, 0.791505)
53.74099, (-3.346185, -0.238048, 7.370414), (-0.156991, 0.497511, 0.325985, 0.788398)
53.75463, (-3.366195, -0.244483, 7.388625), (-0.158609, 0.498023, 0.328446, 0.786727)
53.76894, (-3.386148, -0.254662, 7.409643), (-0.158892, 0.498703, 0.331490, 0.784961)
53.78235, (-3.404589, -0.263480, 7.429343), (-0.157921, 0.499542, 0.334961, 0.783147)
53.7964, (-3.424675, -0.271200, 7.447768), (-0.155362, 0.499613, 0.339129, 0.781819)
53.81002, (-3.445183, -0.281732, 7.468609), (-0.154027, 0.498847, 0.342406, 0.781144)
53.82464, (-3.465251, -0.292478, 7.488067), (-0.152107, 0.498125, 0.345329, 0.780694)
53.83783, (-3.483337, -0.305519, 7.506052), (-0.151804, 0.497003, 0.348710, 0.779965)
53.85153, (-3.502174, -0.316373, 7.524479), (-0.151936, 0.496802, 0.351364, 0.778875)
53.86543, (-3.520539, -0.329751, 7.542720), (-0.151729, 0.496799, 0.354515, 0.777488)
53.87962, (-3.539094, -0.339884, 7.559795), (-0.150030, 0.496486, 0.358580, 0.776153)
53.89346, (-3.557056, -0.349081, 7.575264), (-0.149468, 0.496331, 0.361166, 0.775161)
53.90717, (-3.573386, -0.358342, 7.588079), (-0.149927, 0.495601, 0.365669, 0.773426)
53.92099, (-3.590368, -0.363988, 7.601302), (-0.150851, 0.494976, 0.368861, 0.772130)
53.93519, (-3.607679, -0.370640, 7.615079), (-0.152823, 0.494121, 0.371658, 0.770948)
53.94876, (-3.624098, -0.378877, 7.628251), (-0.154984, 0.492893, 0.374478, 0.769937)
53.9627, (-3.641719, -0.383740, 7.638724), (-0.154868, 0.492334, 0.377242, 0.768969)
53.97653, (-3.654061, -0.390877, 7.644844), (-0.156147, 0.491185, 0.379893, 0.768139)
53.99078, (-3.668800, -0.393366, 7.653654), (-0.156121, 0.490506, 0.382810, 0.767129)
54.00452, (-3.681037, -0.397431, 7.663906), (-0.158045, 0.489768, 0.384606, 0.766308)
54.01835, (-3.694436, -0.399705, 7.673365), (-0.160062, 0.488651, 0.385629, 0.766088)
54.03224, (-3.705275, -0.403359, 7.681414), (-0.161869, 0.487061, 0.387308, 0.765874)
54.04612, (-3.717110, -0.407817, 7.689150), (-0.162979, 0.486344, 0.388126, 0.765680)
54.05965, (-3.723901, -0.411332, 7.693045), (-0.163258, 0.485259, 0.389008, 0.765861)
54.07362, (-3.731719, -0.416288, 7.700398), (-0.162849, 0.484837, 0.390616, 0.765397)
54.08747, (-3.740057, -0.420334, 7.707324), (-0.162889, 0.483838, 0.391538, 0.765550)
54.10206, (-3.746377, -0.421379, 7.712207), (-0.162257, 0.482373, 0.392101, 0.766320)
54.11512, (-3.751887, -0.421257, 7.715830), (-0.162235, 0.481413, 0.392716, 0.766613)
54.12909, (-3.756715, -0.420758, 7.718666), (-0.162815, 0.480448, 0.393522, 0.766682)
54.14276, (-3.758820, -0.420373, 7.723106), (-0.163308, 0.479577, 0.393617, 0.767074)
54.15695, (-3.758510, -0.418079, 7.726526), (-0.163703, 0.478338, 0.392847, 0.768157)
54.17048, (-3.756458, -0.417405, 7.728930), (-0.164228, 0.477371, 0.391785, 0.769188)
54.18441, (-3.753391, -0.416237, 7.730128), (-0.163932, 0.476267, 0.390916, 0.770377)
54.19845, (-3.747847, -0.414935, 7.728689), (-0.162628, 0.476137, 0.389025, 0.771690)
54.21255, (-3.741328, -0.413175, 7.726524), (-0.161630, 0.476031, 0.387736, 0.772613)
54.22607, (-3.747437, -0.414172, 7.732272), (-0.160830, 0.476252, 0.385823, 0.773601)
54.23999, (-3.736136, -0.409310, 7.729359), (-0.160096, 0.476039, 0.383074, 0.775249)
54.25379, (-3.711781, -0.397282, 7.720650), (-0.159682, 0.474971, 0.380484, 0.777262)
54.26802, (-3.697596, -0.391104, 7.715358), (-0.158466, 0.473941, 0.377867, 0.779413)
54.2816, (-3.681432, -0.382100, 7.709653), (-0.156807, 0.473275, 0.374882, 0.781592)
54.2956, (-3.666597, -0.372950, 7.702988), (-0.155074, 0.472391, 0.372162, 0.783770)
54.30949, (-3.645809, -0.360694, 7.692022), (-0.153602, 0.470895, 0.367095, 0.787341)
54.32363, (-3.625663, -0.349340, 7.679830), (-0.153095, 0.468877, 0.362390, 0.790816)
54.33755, (-3.605360, -0.337318, 7.667318), (-0.152782, 0.467000, 0.356397, 0.794701)
54.35164, (-3.578279, -0.318955, 7.652525), (-0.153197, 0.465416, 0.349591, 0.798564)
54.36525, (-3.551028, -0.303009, 7.636825), (-0.153916, 0.463441, 0.344330, 0.801854)
54.37958, (-3.522855, -0.283374, 7.619181), (-0.155063, 0.461958, 0.337567, 0.805356)
54.39325, (-3.496332, -0.266978, 7.603731), (-0.155635, 0.461093, 0.331349, 0.808319)
54.40711, (-3.471952, -0.251430, 7.589496), (-0.155663, 0.459676, 0.326222, 0.811201)
54.42082, (-3.440202, -0.232546, 7.568449), (-0.156932, 0.458921, 0.318352, 0.814503)
54.4352, (-3.409652, -0.214319, 7.547779), (-0.157014, 0.457126, 0.312818, 0.817635)
54.44857, (-3.384394, -0.197480, 7.532197), (-0.156943, 0.456617, 0.306865, 0.820185)
54.46271, (-3.310365, -0.166341, 7.488038), (-0.160620, 0.455483, 0.299780, 0.822720)
54.47612, (-3.273170, -0.144444, 7.463768), (-0.161404, 0.454188, 0.293573, 0.825516)
54.49086, (-3.231918, -0.124910, 7.438495), (-0.162462, 0.452642, 0.286499, 0.828637)
54.50397, (-3.189096, -0.106432, 7.409372), (-0.163401, 0.450349, 0.280652, 0.831697)
54.5179, (-3.147201, -0.091146, 7.382236), (-0.164959, 0.449142, 0.273666, 0.834367)
54.53175, (-3.103287, -0.070082, 7.352624), (-0.166374, 0.447192, 0.266784, 0.837357)
54.54605, (-3.058329, -0.049669, 7.324838), (-0.169092, 0.444617, 0.260040, 0.840299)
54.55959, (-3.017531, -0.029112, 7.298925), (-0.171659, 0.442229, 0.253129, 0.843145)
54.5736, (-2.971724, -0.010873, 7.272573), (-0.174848, 0.438461, 0.246343, 0.846461)
54.58746, (-2.927717, 0.006065, 7.246408), (-0.175324, 0.435802, 0.240634, 0.849372)
54.60196, (-2.884917, 0.020932, 7.219833), (-0.176176, 0.433647, 0.235204, 0.851817)
54.61544, (-2.838112, 0.040017, 7.193301), (-0.176742, 0.430587, 0.229780, 0.854727)
54.62966, (-2.794135, 0.058476, 7.169691), (-0.179515, 0.427596, 0.224137, 0.857146)
54.64315, (-2.749378, 0.079302, 7.145481), (-0.182473, 0.424130, 0.218990, 0.859571)
54.6573, (-2.704299, 0.101391, 7.118471), (-0.183008, 0.421779, 0.213653, 0.861953)
54.67085, (-2.654441, 0.117594, 7.090810), (-0.184255, 0.418591, 0.208748, 0.864440)
54.68481, (-2.606369, 0.134609, 7.064892), (-0.184283, 0.416123, 0.204570, 0.866621)
54.69862, (-2.559527, 0.153407, 7.038207), (-0.184072, 0.414336, 0.199176, 0.868776)
54.71291, (-2.508580, 0.167825, 7.009445), (-0.184802, 0.411658, 0.195147, 0.870806)
54.72644, (-2.462075, 0.185890, 6.986991), (-0.187008, 0.410797, 0.190027, 0.871874)
54.74044, (-2.409521, 0.202020, 6.957493), (-0.189862, 0.408798, 0.183909, 0.873507)
54.75435, (-2.357341, 0.218674, 6.932017), (-0.191789, 0.407476, 0.178793, 0.874765)
54.76862, (-2.305560, 0.231437, 6.907825), (-0.194548, 0.407110, 0.173645, 0.875363)
54.78212, (-2.255199, 0.248085, 6.882586), (-0.198245, 0.406429, 0.168016, 0.875948)
54.796, (-2.207309, 0.264759, 6.859524), (-0.203824, 0.406386, 0.161316, 0.875947)
54.80994, (-2.161093, 0.281390, 6.838119), (-0.207655, 0.406313, 0.156008, 0.876043)
54.8242, (-2.112332, 0.285391, 6.816268), (-0.211827, 0.405842, 0.151258, 0.876095)
54.83778, (-2.060982, 0.288972, 6.796025), (-0.210760, 0.405241, 0.148903, 0.877034)
54.85175, (-2.009498, 0.288999, 6.775935), (-0.209126, 0.404571, 0.146337, 0.878165)
54.86592, (-1.960313, 0.295762, 6.756066), (-0.205406, 0.403758, 0.144954, 0.879646)
54.88012, (-1.909672, 0.302883, 6.736408), (-0.203083, 0.400927, 0.144019, 0.881631)
54.8937, (-1.864969, 0.309396, 6.721637), (-0.201404, 0.398758, 0.142152, 0.883302)
54.90747, (-1.822414, 0.314450, 6.704059), (-0.199317, 0.395603, 0.140455, 0.885462)
54.92131, (-1.777236, 0.319725, 6.684143), (-0.196653, 0.391725, 0.138251, 0.888125)
54.93547, (-1.729959, 0.323197, 6.663525), (-0.194877, 0.387515, 0.134360, 0.890956)
54.94901, (-1.684981, 0.332481, 6.644372), (-0.193535, 0.383679, 0.130804, 0.893435)
54.9631, (-1.640697, 0.337251, 6.626657), (-0.194282, 0.379543, 0.126423, 0.895667)
54.977, (-1.593175, 0.343719, 6.605372), (-0.194598, 0.374032, 0.122537, 0.898452)
54.99115, (-1.547184, 0.347476, 6.585839), (-0.194613, 0.369747, 0.117762, 0.900858)
55.00467, (-1.501959, 0.353798, 6.565580), (-0.193142, 0.365640, 0.113835, 0.903352)
55.01864, (-1.452693, 0.359814, 6.541376), (-0.191075, 0.360132, 0.110172, 0.906453)
55.0326, (-1.405446, 0.368880, 6.516562), (-0.189102, 0.354469, 0.106351, 0.909550)
55.04668, (-1.356424, 0.375330, 6.494595), (-0.188542, 0.348100, 0.102710, 0.912540)
55.0601, (-1.312217, 0.383724, 6.473305), (-0.187674, 0.342207, 0.098916, 0.915363)
55.07411, (-1.270408, 0.397973, 6.449125), (-0.187096, 0.334463, 0.095019, 0.918750)
55.08786, (-1.227622, 0.409298, 6.426963), (-0.187940, 0.329386, 0.090544, 0.920861)
55.1021, (-1.176452, 0.418559, 6.403944), (-0.189709, 0.323636, 0.086068, 0.922964)
55.11569, (-1.126032, 0.427783, 6.383273), (-0.191447, 0.318474, 0.081676, 0.924798)
55.12959, (-1.079188, 0.429194, 6.365394), (-0.194025, 0.314125, 0.078560, 0.926018)
55.14334, (-1.031571, 0.436703, 6.345375), (-0.194595, 0.309618, 0.074103, 0.927781)
55.1576, (-0.980072, 0.434567, 6.326573), (-0.193746, 0.305730, 0.068885, 0.929649)
55.17114, (-0.930919, 0.438043, 6.306458), (-0.191768, 0.302239, 0.065632, 0.931434)
55.18507, (-0.875191, 0.444686, 6.289239), (-0.188782, 0.301333, 0.063844, 0.932461)
55.19919, (-0.821074, 0.451161, 6.271349), (-0.188694, 0.299409, 0.060662, 0.933311)
55.21336, (-0.765019, 0.459055, 6.257330), (-0.191272, 0.297993, 0.058666, 0.933367)
55.22718, (-0.714239, 0.465084, 6.246195), (-0.192337, 0.296183, 0.055135, 0.933939)
55.24067, (-0.659309, 0.465529, 6.232968), (-0.192786, 0.293160, 0.052447, 0.934955)
55.25437, (-0.605024, 0.472546, 6.220890), (-0.191384, 0.290727, 0.049195, 0.936178)
55.26857, (-0.550040, 0.477234, 6.207922), (-0.190080, 0.288848, 0.047604, 0.937107)
55.28216, (-0.493307, 0.482880, 6.197790), (-0.190074, 0.287774, 0.043439, 0.937641)
55.29599, (-0.438310, 0.488471, 6.190700), (-0.192041, 0.287563, 0.039652, 0.937473)
55.30992, (-0.384556, 0.495825, 6.184702), (-0.193409, 0.286586, 0.035590, 0.937654)
55.32381, (-0.330808, 0.499401, 6.177063), (-0.194192, 0.284723, 0.032145, 0.938184)
55.33768, (-0.284697, 0.500642, 6.179257), (-0.191197, 0.283458, 0.029628, 0.939264)
55.35171, (-0.233535, 0.503892, 6.180781), (-0.189115, 0.282370, 0.026939, 0.940094)
55.36552, (-0.177659, 0.512432, 6.176050), (-0.187106, 0.278980, 0.024903, 0.941563)
55.37938, (-0.127309, 0.519317, 6.182200), (-0.186993, 0.276369, 0.022604, 0.942413)
55.39329, (-0.078413, 0.527748, 6.185837), (-0.187024, 0.273863, 0.021656, 0.943161)
55.40717, (-0.034830, 0.539478, 6.201186), (-0.189221, 0.269003, 0.020655, 0.944143)
55.42113, (0.005037, 0.548905, 6.213254), (-0.189061, 0.265773, 0.019330, 0.945118)
55.43493, (0.045561, 0.549377, 6.230235), (-0.190037, 0.262151, 0.017780, 0.945963)
55.44884, (0.087993, 0.555781, 6.248348), (-0.189555, 0.258650, 0.017047, 0.947037)
55.46268, (0.125368, 0.558100, 6.268548), (-0.190295, 0.255998, 0.016030, 0.947627)
55.47664, (0.156423, 0.561049, 6.294003), (-0.191333, 0.254061, 0.015229, 0.947952)
55.49065, (0.187975, 0.563066, 6.321397), (-0.192260, 0.251895, 0.015460, 0.948339)
55.50454, (0.215103, 0.566617, 6.353688), (-0.192309, 0.251304, 0.015565, 0.948484)
55.51825, (0.241182, 0.566179, 6.382676), (-0.192073, 0.248495, 0.017326, 0.949241)
55.53223, (0.262990, 0.567410, 6.416944), (-0.191058, 0.246806, 0.018909, 0.949856)
55.54597, (0.282601, 0.568107, 6.453395), (-0.190184, 0.245292, 0.022197, 0.950352)
55.55978, (0.298657, 0.571642, 6.493628), (-0.189785, 0.243722, 0.025600, 0.950750)
55.57373, (0.315587, 0.578126, 6.531568), (-0.190015, 0.241708, 0.027416, 0.951168)
55.58768, (0.326008, 0.584867, 6.571634), (-0.190994, 0.239575, 0.029830, 0.951439)
55.60181, (0.340211, 0.591093, 6.609330), (-0.191619, 0.237660, 0.031444, 0.951741)
55.6158, (0.346743, 0.603669, 6.646963), (-0.193744, 0.234579, 0.032735, 0.952032)
55.62955, (0.354778, 0.609072, 6.687466), (-0.195445, 0.232859, 0.032491, 0.952115)
55.64327, (0.359472, 0.611607, 6.728752), (-0.197046, 0.231454, 0.034427, 0.952059)
55.65725, (0.364238, 0.618304, 6.768826), (-0.196938, 0.230333, 0.037936, 0.952220)
55.67088, (0.366849, 0.629782, 6.808377), (-0.197038, 0.229037, 0.040862, 0.952391)
55.68452, (0.369588, 0.638011, 6.849485), (-0.198295, 0.227960, 0.043433, 0.952275)
55.69843, (0.374504, 0.644913, 6.893476), (-0.200292, 0.227269, 0.045506, 0.951925)
55.71221, (0.377092, 0.648315, 6.939434), (-0.202094, 0.228050, 0.047795, 0.951245)
55.7261, (0.379720, 0.649262, 6.986192), (-0.203431, 0.228966, 0.049332, 0.950661)
55.74008, (0.381372, 0.647824, 7.036645), (-0.203791, 0.230313, 0.052274, 0.950102)
55.75388, (0.385721, 0.645837, 7.088396), (-0.204027, 0.230837, 0.054833, 0.949779)
55.7677, (0.389409, 0.644118, 7.142164), (-0.204345, 0.231773, 0.057586, 0.949320)
55.78153, (0.392689, 0.641075, 7.200001), (-0.203678, 0.233549, 0.058907, 0.948947)
55.79539, (0.396055, 0.635924, 7.258079), (-0.202983, 0.235023, 0.060278, 0.948646)
55.80947, (0.398115, 0.632507, 7.313815), (-0.202880, 0.236231, 0.061830, 0.948268)
55.82314, (0.401518, 0.630546, 7.367665), (-0.203085, 0.236923, 0.063759, 0.947924)
55.83739, (0.404920, 0.628585, 7.421517), (-0.203290, 0.237613, 0.065687, 0.947575)
55.85131, (0.408322, 0.626622, 7.475369), (-0.203494, 0.238302, 0.067615, 0.947223)
55.86538, (0.399276, 0.602602, 7.552710), (-0.189972, 0.241625, 0.072451, 0.948830)
55.87893, (0.398278, 0.600350, 7.610170), (-0.188406, 0.241936, 0.074181, 0.948930)
55.89306, (0.396969, 0.595640, 7.666228), (-0.187269, 0.243224, 0.075669, 0.948708)
55.90664, (0.398676, 0.592437, 7.719769), (-0.184763, 0.244713, 0.077972, 0.948630)
55.92031, (0.398159, 0.588317, 7.772393), (-0.182215, 0.246612, 0.079574, 0.948498)
55.93421, (0.397079, 0.583918, 7.825554), (-0.179983, 0.247238, 0.081196, 0.948624)
55.94806, (0.394194, 0.579846, 7.876791), (-0.177649, 0.247520, 0.083109, 0.948825)
55.96159, (0.393259, 0.575486, 7.930960), (-0.175660, 0.248481, 0.085075, 0.948769)
55.97536, (0.392323, 0.571126, 7.985120), (-0.173670, 0.249439, 0.087039, 0.948706)
55.98924, (0.391386, 0.566768, 8.039280), (-0.171679, 0.250396, 0.089003, 0.948634)
56.00307, (0.384175, 0.566211, 8.055255), (-0.172168, 0.247543, 0.087450, 0.949439)
56.01694, (0.380835, 0.564148, 8.094038), (-0.170707, 0.248405, 0.088191, 0.949409)
56.03088, (0.376514, 0.561103, 8.132978), (-0.168677, 0.248709, 0.088870, 0.949628)
56.0447, (0.372281, 0.558212, 8.173243), (-0.167001, 0.248964, 0.090038, 0.949748)
56.05838, (0.366709, 0.554308, 8.200440), (-0.167357, 0.247215, 0.091277, 0.950024)
56.07211, (0.362177, 0.551305, 8.230848), (-0.168025, 0.246407, 0.092635, 0.949984)
56.08595, (0.358059, 0.549083, 8.261987), (-0.167809, 0.246544, 0.093338, 0.949918)
56.09973, (0.353806, 0.546281, 8.296804), (-0.167002, 0.246491, 0.094489, 0.949960)
56.11368, (0.349551, 0.543481, 8.331615), (-0.166195, 0.246439, 0.095639, 0.950000)
56.12744, (0.345297, 0.540681, 8.366425), (-0.165388, 0.246385, 0.096790, 0.950038)
56.14135, (0.342061, 0.539123, 8.361025), (-0.169933, 0.246420, 0.095148, 0.949393)
56.1552, (0.336145, 0.532360, 8.379509), (-0.171664, 0.244992, 0.094866, 0.949479)
56.16901, (0.332951, 0.527647, 8.399670), (-0.171363, 0.244185, 0.095340, 0.949694)
56.18286, (0.328867, 0.523944, 8.418814), (-0.169931, 0.244075, 0.095449, 0.949969)
56.19668, (0.325033, 0.519601, 8.434437), (-0.168372, 0.243778, 0.096044, 0.950262)
56.21057, (0.323438, 0.519943, 8.447808), (-0.166781, 0.243505, 0.095294, 0.950688)
56.22448, (0.319295, 0.518032, 8.459948), (-0.166977, 0.242805, 0.094638, 0.950898)
56.2382, (0.315737, 0.516329, 8.471538), (-0.167050, 0.241712, 0.094001, 0.951227)
56.25203, (0.312347, 0.513815, 8.480845), (-0.166952, 0.241389, 0.093011, 0.951424)
56.2659, (0.308608, 0.511351, 8.494664), (-0.166647, 0.240895, 0.092797, 0.951623)
56.27967, (0.304871, 0.508888, 8.508474), (-0.166343, 0.240400, 0.092583, 0.951823)
56.29357, (0.301133, 0.506426, 8.522285), (-0.166039, 0.239905, 0.092369, 0.952021)
56.30766, (0.302507, 0.515374, 8.497056), (-0.162003, 0.242149, 0.095033, 0.951887)
56.32135, (0.299377, 0.518547, 8.493909), (-0.164560, 0.241153, 0.096397, 0.951563)
56.33519, (0.294592, 0.522140, 8.491736), (-0.166521, 0.240636, 0.096206, 0.951373)
56.34897, (0.291273, 0.520749, 8.486267), (-0.168793, 0.239869, 0.095512, 0.951236)
56.36313, (0.288052, 0.522440, 8.479713), (-0.169203, 0.239890, 0.094584, 0.951250)
56.37674, (0.287221, 0.522348, 8.471107), (-0.169431, 0.240345, 0.094019, 0.951151)
56.39061, (0.283573, 0.522840, 8.465186), (-0.170277, 0.240697, 0.093893, 0.950923)
56.40449, (0.279476, 0.523741, 8.459846), (-0.171069, 0.240740, 0.094002, 0.950760)
56.4184, (0.276083, 0.524830, 8.455488), (-0.171676, 0.240677, 0.093894, 0.950677)
56.43254, (0.272690, 0.525918, 8.451129), (-0.172283, 0.240614, 0.093786, 0.950593)
56.44635, (0.267600, 0.525029, 8.440122), (-0.173355, 0.240368, 0.092741, 0.950563)
56.46029, (0.265573, 0.527608, 8.417034), (-0.172977, 0.239904, 0.091224, 0.950896)
56.47432, (0.261294, 0.530222, 8.408183), (-0.174741, 0.239541, 0.091330, 0.950655)
56.48822, (0.257607, 0.531277, 8.395557), (-0.176306, 0.238754, 0.090648, 0.950629)
56.50201, (0.254894, 0.532308, 8.381769), (-0.176368, 0.238118, 0.089782, 0.950859)
56.51603, (0.251356, 0.535622, 8.364393), (-0.175152, 0.237870, 0.089741, 0.951150)
56.52961, (0.249631, 0.542734, 8.346082), (-0.174446, 0.237705, 0.089844, 0.951311)
56.54337, (0.246920, 0.547242, 8.331201), (-0.175003, 0.237854, 0.089330, 0.951220)
56.5572, (0.243959, 0.550952, 8.317262), (-0.175251, 0.237630, 0.089005, 0.951261)
56.57119, (0.240997, 0.554663, 8.303320), (-0.175499, 0.237406, 0.088679, 0.951302)
56.58514, (0.238036, 0.558375, 8.289379), (-0.175746, 0.237182, 0.088354, 0.951342)
56.59853, (0.230494, 0.571414, 8.243704), (-0.181182, 0.236782, 0.085388, 0.950692)
56.61239, (0.226981, 0.580200, 8.215673), (-0.181647, 0.236196, 0.085483, 0.950741)
56.62635, (0.222610, 0.590395, 8.188807), (-0.183229, 0.235690, 0.086061, 0.950511)
56.64038, (0.219116, 0.601156, 8.161489), (-0.185061, 0.234805, 0.086606, 0.950325)
56.65453, (0.215882, 0.610054, 8.133988), (-0.187886, 0.234189, 0.086647, 0.949919)
56.66823, (0.214315, 0.618333, 8.105372), (-0.190871, 0.233719, 0.086105, 0.949489)
56.68219, (0.212332, 0.625709, 8.073531), (-0.194010, 0.233956, 0.085994, 0.948804)
56.69629, (0.209501, 0.633756, 8.045752), (-0.196238, 0.233701, 0.085596, 0.948445)
56.71032, (0.206574, 0.642154, 8.018482), (-0.198242, 0.233358, 0.085347, 0.948135)
56.72425, (0.203648, 0.650553, 7.991210), (-0.200244, 0.233014, 0.085099, 0.947821)
56.73834, (0.221568, 0.656856, 7.951603), (-0.206867, 0.233362, 0.084551, 0.946361)
56.75201, (0.227408, 0.663658, 7.918001), (-0.208569, 0.233631, 0.082909, 0.946066)
56.76585, (0.232716, 0.669717, 7.883614), (-0.209483, 0.234304, 0.080937, 0.945869)
56.77978, (0.238922, 0.674985, 7.849508), (-0.210651, 0.234240, 0.080113, 0.945695)
56.79376, (0.244037, 0.684773, 7.815575), (-0.211088, 0.234062, 0.078902, 0.945744)
56.80793, (0.250775, 0.693597, 7.780063), (-0.213025, 0.233301, 0.077227, 0.945636)
56.82152, (0.258767, 0.702337, 7.744226), (-0.214341, 0.232693, 0.075581, 0.945621)
56.83534, (0.264755, 0.709865, 7.709398), (-0.216090, 0.232595, 0.073987, 0.945373)
56.84912, (0.270567, 0.717886, 7.675320), (-0.217761, 0.232378, 0.072783, 0.945137)
56.86302, (0.276380, 0.725905, 7.641244), (-0.219431, 0.232161, 0.071579, 0.944896)
56.87726, (0.299230, 0.739663, 7.584089), (-0.220996, 0.233805, 0.071765, 0.944111)
56.8911, (0.309172, 0.749399, 7.541348), (-0.223524, 0.234202, 0.070819, 0.943489)
56.90496, (0.320572, 0.755421, 7.496381), (-0.226123, 0.234286, 0.070151, 0.942898)
56.91885, (0.331039, 0.763198, 7.452610), (-0.227565, 0.234798, 0.069191, 0.942495)
56.93265, (0.343560, 0.770865, 7.405914), (-0.229365, 0.235458, 0.068630, 0.941935)
56.9465, (0.357625, 0.777836, 7.359509), (-0.231928, 0.236191, 0.067658, 0.941194)
56.96035, (0.370057, 0.785600, 7.312998), (-0.234663, 0.237578, 0.066546, 0.940246)
56.97447, (0.383546, 0.792575, 7.268605), (-0.237215, 0.238141, 0.064974, 0.939572)
56.98808, (0.395682, 0.800406, 7.224192), (-0.239414, 0.238681, 0.063954, 0.938948)
57.00195, (0.410278, 0.804765, 7.176501), (-0.241876, 0.239886, 0.062444, 0.938111)
57.01578, (0.422840, 0.812024, 7.131555), (-0.244107, 0.240515, 0.061354, 0.937443)
57.02982, (0.440965, 0.808909, 7.089458), (-0.246223, 0.243391, 0.060097, 0.936228)
57.04359, (0.467197, 0.810490, 7.054273), (-0.246373, 0.244055, 0.059861, 0.936031)
57.05757, (0.487470, 0.811255, 7.015738), (-0.248228, 0.243314, 0.059725, 0.935743)
57.07131, (0.512416, 0.807753, 6.978771), (-0.251016, 0.241855, 0.058974, 0.935425)
57.08511, (0.544297, 0.804762, 6.946308), (-0.254468, 0.239825, 0.057636, 0.935098)
57.09898, (0.582490, 0.802571, 6.916284), (-0.257619, 0.236934, 0.054248, 0.935175)
57.1128, (0.617458, 0.802326, 6.886668), (-0.259789, 0.235303, 0.051058, 0.935166)
57.12664, (0.645783, 0.802035, 6.852415), (-0.262180, 0.234433, 0.049389, 0.934807)
57.14051, (0.674116, 0.801743, 6.818161), (-0.264568, 0.233561, 0.047720, 0.934439)
57.15434, (0.702449, 0.801452, 6.783910), (-0.266954, 0.232687, 0.046051, 0.934062)
57.16819, (0.805310, 0.788324, 6.825979), (-0.267558, 0.230662, 0.027089, 0.935133)
57.18205, (0.852430, 0.785024, 6.814701), (-0.268023, 0.230119, 0.022816, 0.935248)
57.19582, (0.902520, 0.780598, 6.811108), (-0.266513, 0.230173, 0.019955, 0.935731)
57.20969, (0.955921, 0.775791, 6.805925), (-0.265697, 0.229850, 0.018836, 0.936066)
57.22349, (1.009763, 0.773734, 6.802993), (-0.264941, 0.230359, 0.016196, 0.936205)
57.23729, (1.064341, 0.773255, 6.800808), (-0.264559, 0.230852, 0.013671, 0.936231)
57.25117, (1.116246, 0.775378, 6.797228), (-0.263782, 0.232015, 0.010218, 0.936207)
57.26491, (1.167916, 0.773825, 6.791403), (-0.263928, 0.231957, 0.007083, 0.936209)
57.2789, (1.222028, 0.784040, 6.788557), (-0.260727, 0.233411, 0.003283, 0.936766)
57.29274, (1.278760, 0.795950, 6.783230), (-0.259399, 0.232989, 0.000163, 0.937245)
57.30625, (1.333374, 0.795234, 6.779531), (-0.259899, 0.232929, -0.002816, 0.937117)
57.32005, (1.387103, 0.798113, 6.774917), (-0.259485, 0.232967, -0.005991, 0.937208)
57.33433, (1.451127, 0.826275, 6.776414), (-0.265057, 0.233448, -0.005738, 0.935529)
57.34804, (1.508932, 0.833576, 6.774936), (-0.265768, 0.233651, -0.007144, 0.935267)
57.36157, (1.563427, 0.836352, 6.774369), (-0.266012, 0.233661, -0.008253, 0.935186)
57.37533, (1.616633, 0.841783, 6.773401), (-0.265868, 0.233548, -0.009195, 0.935246)
57.38906, (1.672426, 0.847865, 6.772850), (-0.266155, 0.232509, -0.010601, 0.935408)
57.40283, (1.728046, 0.853345, 6.772121), (-0.266584, 0.232015, -0.011471, 0.935399)
57.41666, (1.783991, 0.856761, 6.772810), (-0.265987, 0.231654, -0.013412, 0.935632)
57.43053, (1.839596, 0.862572, 6.771750), (-0.266189, 0.231425, -0.015122, 0.935605)
57.44452, (1.895199, 0.868384, 6.770692), (-0.266390, 0.231195, -0.016832, 0.935576)
57.45811, (1.950805, 0.874194, 6.769633), (-0.266590, 0.230965, -0.018542, 0.935544)
57.472, (1.996742, 0.880828, 6.758104), (-0.262155, 0.233600, -0.021128, 0.936087)
57.48576, (2.041672, 0.886656, 6.756572), (-0.261862, 0.234690, -0.022892, 0.935855)
57.4996, (2.087943, 0.889237, 6.752963), (-0.260767, 0.234709, -0.024269, 0.936121)
57.51334, (2.133785, 0.893194, 6.749412), (-0.258094, 0.234779, -0.024644, 0.936835)
57.52737, (2.180834, 0.901797, 6.744385), (-0.255705, 0.234091, -0.025496, 0.937639)
57.54098, (2.227095, 0.909337, 6.741702), (-0.255837, 0.234689, -0.025180, 0.937462)
57.55472, (2.272043, 0.913969, 6.736469), (-0.256685, 0.233977, -0.025342, 0.937403)
57.56852, (2.319291, 0.919973, 6.732470), (-0.256079, 0.233997, -0.026256, 0.937539)
57.58231, (2.366559, 0.925980, 6.728469), (-0.255472, 0.234015, -0.027171, 0.937674)
57.59613, (2.413847, 0.931990, 6.724466), (-0.254865, 0.234034, -0.028087, 0.937808)
57.60993, (2.439025, 0.920686, 6.706546), (-0.253283, 0.232807, -0.024751, 0.938635)
57.62372, (2.475276, 0.918870, 6.696543), (-0.252169, 0.232545, -0.024179, 0.939015)
57.63759, (2.513112, 0.917907, 6.686432), (-0.251411, 0.231566, -0.024026, 0.939464)
57.6514, (2.552325, 0.918313, 6.677557), (-0.250629, 0.231304, -0.024253, 0.939732)
57.66512, (2.583628, 0.911677, 6.660830), (-0.249965, 0.230347, -0.025627, 0.940107)
57.67892, (2.617313, 0.907055, 6.646632), (-0.248692, 0.229522, -0.026625, 0.940619)
57.69272, (2.647110, 0.903319, 6.630530), (-0.247353, 0.229093, -0.026277, 0.941086)
57.70679, (2.682482, 0.901003, 6.618071), (-0.246396, 0.228614, -0.026575, 0.941445)
57.72058, (2.717852, 0.898684, 6.605610), (-0.245439, 0.228134, -0.026872, 0.941803)
57.73431, (2.753217, 0.896366, 6.593149), (-0.244482, 0.227654, -0.027169, 0.942159)
57.74826, (2.788584, 0.894047, 6.580688), (-0.243524, 0.227173, -0.027467, 0.942515)
57.76184, (2.814278, 0.891466, 6.554973), (-0.243807, 0.224810, -0.022898, 0.943130)
57.77567, (2.849040, 0.897787, 6.539072), (-0.248098, 0.222229, -0.020680, 0.942674)
57.78928, (2.885820, 0.898144, 6.525106), (-0.247898, 0.221509, -0.019932, 0.942912)
57.80357, (2.926585, 0.893537, 6.511078), (-0.246513, 0.221128, -0.015776, 0.943443)
57.8173, (2.964283, 0.889629, 6.497764), (-0.243611, 0.220081, -0.013309, 0.944479)
57.83092, (3.002971, 0.885508, 6.484695), (-0.240866, 0.218724, -0.011496, 0.945522)
57.84473, (3.043429, 0.881921, 6.467848), (-0.238813, 0.216990, -0.009484, 0.946464)
57.85868, (3.081379, 0.879353, 6.453289), (-0.237552, 0.215907, -0.007922, 0.947043)
57.87256, (3.119328, 0.876786, 6.438730), (-0.236290, 0.214822, -0.006360, 0.947617)
57.88679, (3.157284, 0.874217, 6.424168), (-0.235026, 0.213736, -0.004798, 0.948186)
57.90044, (3.228378, 0.888168, 6.405215), (-0.236166, 0.213413, -0.006667, 0.947964)
57.91428, (3.280463, 0.889002, 6.387235), (-0.235780, 0.213888, -0.005996, 0.947958)
57.92823, (3.326982, 0.891229, 6.367346), (-0.235078, 0.214617, -0.005121, 0.947972)
57.94219, (3.378639, 0.892900, 6.343528), (-0.233609, 0.214879, -0.004048, 0.948281)
57.95648, (3.431024, 0.895184, 6.323609), (-0.232193, 0.215090, -0.003374, 0.948584)
57.97032, (3.481024, 0.895280, 6.303696), (-0.232631, 0.215154, -0.002898, 0.948464)
57.98418, (3.528510, 0.895774, 6.279634), (-0.232893, 0.214629, -0.003179, 0.948517)
57.998, (3.577835, 0.896907, 6.259110), (-0.232330, 0.214373, -0.002522, 0.948715)
58.01199, (3.627156, 0.898039, 6.238586), (-0.231767, 0.214117, -0.001865, 0.948912)
58.02573, (3.676484, 0.899173, 6.218060), (-0.231204, 0.213861, -0.001208, 0.949109)
58.03934, (3.699506, 0.872213, 6.178819), (-0.227467, 0.209719, -0.006484, 0.950913)
58.05339, (3.736963, 0.865489, 6.152597), (-0.225442, 0.207335, -0.008410, 0.951902)
58.06713, (3.774432, 0.859801, 6.122117), (-0.223425, 0.203980, -0.009876, 0.953088)
58.08096, (3.810823, 0.855702, 6.090663), (-0.221880, 0.201149, -0.010385, 0.954044)
58.09492, (3.846237, 0.852410, 6.058383), (-0.221651, 0.198341, -0.010787, 0.954681)
58.1087, (3.883303, 0.851648, 6.025653), (-0.221972, 0.194975, -0.010539, 0.955302)
58.12271, (3.917228, 0.852265, 5.991044), (-0.222251, 0.191615, -0.010260, 0.955920)
58.13653, (3.953429, 0.848867, 5.958455), (-0.222306, 0.188811, -0.010487, 0.956462)
58.15039, (3.990546, 0.845985, 5.927169), (-0.221716, 0.186362, -0.010797, 0.957076)
58.16441, (4.027664, 0.843103, 5.895881), (-0.221125, 0.183911, -0.011106, 0.957683)
58.17863, (4.058053, 0.844628, 5.842176), (-0.225480, 0.176422, -0.006813, 0.958117)
58.19229, (4.093375, 0.843391, 5.802531), (-0.225960, 0.172720, -0.006531, 0.958680)
58.20607, (4.127229, 0.841457, 5.762875), (-0.227647, 0.169046, -0.006265, 0.958938)
58.22009, (4.165121, 0.841169, 5.723816), (-0.228616, 0.165440, -0.007346, 0.959328)
58.23404, (4.202785, 0.836896, 5.684693), (-0.229716, 0.162743, -0.007826, 0.959523)
58.24802, (4.242721, 0.830793, 5.642961), (-0.230238, 0.160530, -0.008022, 0.959769)
58.26174, (4.277472, 0.827919, 5.602041), (-0.229324, 0.159392, -0.009233, 0.960166)
58.27557, (4.315288, 0.823661, 5.560481), (-0.229560, 0.156795, -0.010027, 0.960530)
58.28942, (4.352120, 0.820345, 5.520333), (-0.229854, 0.154084, -0.010375, 0.960894)
58.30336, (4.388958, 0.817027, 5.480179), (-0.230147, 0.151372, -0.010724, 0.961251)
58.3174, (4.419868, 0.819770, 5.444364), (-0.234887, 0.152258, -0.014501, 0.959914)
58.33133, (4.453463, 0.816870, 5.405300), (-0.234690, 0.150729, -0.015749, 0.960184)
58.34505, (4.487011, 0.814205, 5.367918), (-0.235215, 0.148916, -0.016841, 0.960320)
58.35917, (4.519058, 0.813474, 5.333596), (-0.236766, 0.147744, -0.017622, 0.960106)
58.37289, (4.551855, 0.813206, 5.301561), (-0.237776, 0.146317, -0.019102, 0.960046)
58.38677, (4.581733, 0.812548, 5.270153), (-0.239408, 0.145790, -0.020260, 0.959697)
58.40064, (4.609105, 0.813081, 5.241313), (-0.241486, 0.144787, -0.021559, 0.959300)
58.41449, (4.640380, 0.811862, 5.207339), (-0.242690, 0.143300, -0.022617, 0.959195)
58.42842, (4.671652, 0.810643, 5.173371), (-0.243893, 0.141812, -0.023675, 0.959085)
58.44233, (4.702924, 0.809425, 5.139402), (-0.245096, 0.140324, -0.024733, 0.958971)
58.45638, (4.708623, 0.807900, 5.135022), (-0.244389, 0.137681, -0.023459, 0.959567)
58.47026, (4.729537, 0.804449, 5.112297), (-0.244935, 0.136077, -0.024118, 0.959640)
58.48412, (4.750224, 0.802383, 5.090604), (-0.245135, 0.134377, -0.025297, 0.959798)
58.49862, (4.770108, 0.799799, 5.069559), (-0.245924, 0.132559, -0.026998, 0.959803)
58.51211, (4.791245, 0.798217, 5.052443), (-0.246748, 0.130272, -0.028195, 0.959870)
58.52581, (4.810294, 0.795306, 5.034265), (-0.247799, 0.128409, -0.028950, 0.959828)
58.53968, (4.826609, 0.794464, 5.018346), (-0.247586, 0.126592, -0.029705, 0.960101)
58.5537, (4.846613, 0.792704, 4.998794), (-0.247970, 0.124751, -0.030818, 0.960208)
58.56783, (4.866739, 0.790664, 4.978890), (-0.248544, 0.122930, -0.031754, 0.960264)
58.58202, (4.876772, 0.787323, 4.974099), (-0.247121, 0.121959, -0.032210, 0.960739)
58.59552, (4.890233, 0.784580, 4.962788), (-0.247345, 0.120400, -0.033220, 0.960844)
58.60947, (4.901894, 0.781963, 4.951431), (-0.246577, 0.118806, -0.034589, 0.961191)
58.6233, (4.915165, 0.778111, 4.939244), (-0.246371, 0.117111, -0.036137, 0.961395)
58.63752, (4.924977, 0.776273, 4.929886), (-0.245794, 0.116156, -0.037462, 0.961608)
58.65119, (4.935035, 0.775228, 4.919383), (-0.244952, 0.115502, -0.038644, 0.961855)
58.66507, (4.944066, 0.772028, 4.910424), (-0.245322, 0.114360, -0.040246, 0.961831)
58.67875, (4.949553, 0.769627, 4.902042), (-0.244680, 0.113574, -0.041657, 0.962028)
58.69236, (4.956786, 0.766436, 4.892197), (-0.244331, 0.112632, -0.042625, 0.962185)
58.70662, (4.966417, 0.763789, 4.881880), (-0.244099, 0.111436, -0.043822, 0.962329)
58.72018, (4.974823, 0.760793, 4.872304), (-0.243905, 0.110296, -0.044949, 0.962458)
58.73408, (4.956530, 0.763421, 4.875738), (-0.242615, 0.111569, -0.043942, 0.962684)
58.74797, (4.953651, 0.763093, 4.873367), (-0.242862, 0.111920, -0.044497, 0.962555)
58.76191, (4.949687, 0.758728, 4.870227), (-0.242836, 0.112370, -0.044609, 0.962504)
58.77612, (4.944248, 0.757035, 4.869205), (-0.241339, 0.112456, -0.044317, 0.962884)
58.78966, (4.936764, 0.754567, 4.868992), (-0.240488, 0.112987, -0.044126, 0.963043)
58.80398, (4.929112, 0.753317, 4.866841), (-0.239274, 0.113415, -0.043988, 0.963302)
58.81766, (4.919054, 0.750101, 4.868227), (-0.237967, 0.114264, -0.042923, 0.963573)
58.83158, (4.906927, 0.747203, 4.869278), (-0.236603, 0.115418, -0.042279, 0.963800)
58.84563, (4.889894, 0.745866, 4.870797), (-0.234548, 0.117040, -0.042012, 0.964118)
58.85926, (4.873244, 0.744274, 4.871063), (-0.232440, 0.118189, -0.041500, 0.964511)
58.8729, (4.855307, 0.743287, 4.872055), (-0.230357, 0.119255, -0.040212, 0.964934)
58.88681, (4.842357, 0.741627, 4.872066), (-0.228957, 0.119956, -0.039844, 0.965195)
58.90077, (4.829404, 0.739969, 4.872078), (-0.227556, 0.120657, -0.039476, 0.965454)
58.91468, (4.816450, 0.738310, 4.872090), (-0.226154, 0.121357, -0.039107, 0.965711)
58.92853, (4.757926, 0.744389, 4.880966), (-0.221068, 0.122757, -0.033440, 0.966924)
58.9424, (4.722146, 0.745400, 4.884985), (-0.218730, 0.123851, -0.030687, 0.967407)
58.95628, (4.693933, 0.743763, 4.888630), (-0.217042, 0.123765, -0.027466, 0.967895)
58.97038, (4.658631, 0.744678, 4.894700), (-0.214414, 0.125166, -0.024426, 0.968382)
58.98415, (4.626364, 0.742170, 4.899371), (-0.212113, 0.126066, -0.020901, 0.968854)
58.99799, (4.584626, 0.738463, 4.905813), (-0.206823, 0.127421, -0.013914, 0.969946)
59.01191, (4.545940, 0.731679, 4.915290), (-0.204542, 0.128036, -0.007834, 0.970417)
59.02571, (4.502738, 0.733826, 4.923852), (-0.203153, 0.127715, -0.002806, 0.970778)
59.03964, (4.456251, 0.733810, 4.932956), (-0.201970, 0.127515, 0.001906, 0.971053)
59.05337, (4.417478, 0.732979, 4.940074), (-0.199822, 0.127989, 0.005853, 0.971420)
59.06725, (4.378707, 0.732149, 4.947193), (-0.197671, 0.128460, 0.009800, 0.971766)
59.08161, (4.306288, 0.698774, 4.960259), (-0.187236, 0.123179, 0.027258, 0.974180)
59.09512, (4.255079, 0.686431, 4.971062), (-0.178511, 0.121167, 0.038626, 0.975685)
59.10888, (4.204965, 0.672600, 4.980574), (-0.172875, 0.118887, 0.047931, 0.976567)
59.12267, (4.150294, 0.665737, 4.991661), (-0.165594, 0.115898, 0.057556, 0.977668)
59.13654, (4.098238, 0.658257, 5.002561), (-0.159351, 0.113412, 0.065211, 0.978516)
59.15042, (4.045065, 0.649849, 5.011346), (-0.154018, 0.111941, 0.071918, 0.979069)
59.1643, (3.996832, 0.647728, 5.020806), (-0.149404, 0.111028, 0.074768, 0.979674)
59.17809, (3.949710, 0.635688, 5.029032), (-0.149163, 0.111175, 0.078252, 0.979422)
59.19212, (3.899184, 0.627068, 5.038386), (-0.144818, 0.109991, 0.084414, 0.979696)
59.20571, (3.848667, 0.618449, 5.047739), (-0.140464, 0.108801, 0.090570, 0.979913)
59.21959, (3.798155, 0.609831, 5.057091), (-0.136103, 0.107605, 0.096721, 0.980073)
59.23349, (3.767295, 0.610204, 5.068228), (-0.136711, 0.115461, 0.093346, 0.979421)
59.24779, (3.678820, 0.582080, 5.084048), (-0.126526, 0.118227, 0.100978, 0.979703)
59.26134, (3.643188, 0.564143, 5.091529), (-0.117860, 0.119900, 0.103152, 0.980353)
59.27502, (3.602540, 0.545602, 5.103003), (-0.108865, 0.122585, 0.106921, 0.980658)
59.2887, (3.567473, 0.530489, 5.112337), (-0.102951, 0.122718, 0.110893, 0.980839)
59.30268, (3.531810, 0.519959, 5.126255), (-0.098223, 0.123992, 0.112058, 0.981031)
59.31665, (3.499453, 0.514160, 5.137039), (-0.093722, 0.124529, 0.113540, 0.981233)
59.33045, (3.460602, 0.498351, 5.147141), (-0.090074, 0.125544, 0.117069, 0.981030)
59.34425, (3.421636, 0.485786, 5.157601), (-0.085012, 0.126361, 0.120455, 0.980967)
59.3581, (3.382667, 0.473219, 5.168062), (-0.079945, 0.127174, 0.123836, 0.980867)
59.37194, (3.343700, 0.460655, 5.178523), (-0.074877, 0.127982, 0.127213, 0.980730)
59.3859, (3.378136, 0.468617, 5.185087), (-0.082766, 0.130047, 0.109803, 0.981927)
59.39972, (3.357928, 0.454005, 5.193413), (-0.078907, 0.133296, 0.107787, 0.982033)
59.41381, (3.341578, 0.437963, 5.199438), (-0.075265, 0.135569, 0.106090, 0.982192)
59.42753, (3.331438, 0.423824, 5.204085), (-0.072434, 0.137771, 0.103108, 0.982416)
59.44141, (3.319745, 0.407018, 5.207423), (-0.070727, 0.140971, 0.099167, 0.982492)
59.45562, (3.314616, 0.396457, 5.207061), (-0.068974, 0.144032, 0.092803, 0.982794)
59.46968, (3.300141, 0.381914, 5.210564), (-0.066530, 0.147720, 0.088764, 0.982789)
59.48322, (3.283538, 0.368702, 5.216412), (-0.063602, 0.149905, 0.086870, 0.982821)
59.49699, (3.266935, 0.355490, 5.222260), (-0.060674, 0.152086, 0.084974, 0.982837)
59.51078, (3.250332, 0.342277, 5.228107), (-0.057744, 0.154265, 0.083077, 0.982836)
59.52486, (3.281106, 0.327005, 5.192720), (-0.059059, 0.159312, 0.069873, 0.982980)
59.53877, (3.276690, 0.316488, 5.187446), (-0.056780, 0.162184, 0.064841, 0.982989)
59.55259, (3.275761, 0.304723, 5.180957), (-0.056197, 0.165306, 0.060490, 0.982780)
59.5665, (3.274630, 0.301623, 5.175757), (-0.054924, 0.167898, 0.056137, 0.982671)
59.58039, (3.271472, 0.295147, 5.171466), (-0.055813, 0.171658, 0.049802, 0.982313)
59.59425, (3.268461, 0.289599, 5.166925), (-0.055918, 0.175668, 0.045273, 0.981817)
59.60837, (3.271046, 0.286702, 5.163896), (-0.054705, 0.179118, 0.041303, 0.981437)
59.62217, (3.270913, 0.276390, 5.157837), (-0.054964, 0.183744, 0.038022, 0.980700)
59.63604, (3.271658, 0.273553, 5.154624), (-0.053294, 0.187568, 0.035208, 0.980173)
59.64997, (3.269426, 0.266092, 5.151310), (-0.052132, 0.190901, 0.031354, 0.979722)
59.66388, (3.267193, 0.258632, 5.147998), (-0.050968, 0.194229, 0.027501, 0.979245)
59.67773, (3.264961, 0.251170, 5.144685), (-0.049803, 0.197551, 0.023646, 0.978741)
59.69185, (3.266921, 0.262566, 5.143586), (-0.049981, 0.198910, 0.030065, 0.978281)
59.70565, (3.268250, 0.258725, 5.138957), (-0.049298, 0.200754, 0.029228, 0.977964)
59.71955, (3.267246, 0.259351, 5.137438), (-0.048585, 0.202572, 0.029172, 0.977626)
59.73352, (3.266320, 0.255860, 5.135281), (-0.049215, 0.203459, 0.028159, 0.977440)
59.74741, (3.263409, 0.255557, 5.129642), (-0.048900, 0.204997, 0.027598, 0.977151)
59.76138, (3.264724, 0.251553, 5.123222), (-0.050235, 0.205749, 0.026912, 0.976944)
59.77546, (3.265095, 0.252129, 5.119996), (-0.049202, 0.207550, 0.024990, 0.976667)
59.78916, (3.264661, 0.249569, 5.116819), (-0.048739, 0.209563, 0.023449, 0.976298)
59.80315, (3.264226, 0.247011, 5.113643), (-0.048276, 0.211575, 0.021908, 0.975923)
59.81702, (3.263791, 0.244453, 5.110466), (-0.047812, 0.213585, 0.020366, 0.975541)
59.83129, (3.266328, 0.245142, 5.102664), (-0.053490, 0.211612, 0.024540, 0.975580)
59.84537, (3.268845, 0.243874, 5.100116), (-0.053492, 0.212114, 0.023789, 0.975490)
59.85893, (3.270368, 0.242075, 5.099268), (-0.054139, 0.212761, 0.023277, 0.975326)
59.87291, (3.270699, 0.242195, 5.098414), (-0.054999, 0.213127, 0.022741, 0.975210)
59.88678, (3.272518, 0.240504, 5.096038), (-0.056683, 0.213253, 0.021619, 0.975112)
59.90057, (3.270778, 0.240604, 5.093033), (-0.057601, 0.213417, 0.021588, 0.975023)
59.91465, (3.271070, 0.241743, 5.093122), (-0.058430, 0.213331, 0.021723, 0.974989)
59.92821, (3.271802, 0.240986, 5.091455), (-0.059068, 0.214046, 0.021131, 0.974807)
59.94201, (3.272534, 0.240228, 5.089788), (-0.059705, 0.214762, 0.020539, 0.974623)
59.95626, (3.274439, 0.240572, 5.091492), (-0.062182, 0.212771, 0.020729, 0.974901)
59.96991, (3.275223, 0.243182, 5.094656), (-0.063659, 0.214282, 0.019576, 0.974499)
59.9841, (3.276196, 0.242932, 5.094143), (-0.064631, 0.214813, 0.018987, 0.974329)
59.99771, (3.274054, 0.248857, 5.099082), (-0.065394, 0.216308, 0.018230, 0.973962)
60.01149, (3.264655, 0.256394, 5.101940), (-0.062899, 0.218861, 0.020895, 0.973503)
60.02566, (3.257853, 0.259672, 5.104425), (-0.063212, 0.221663, 0.022393, 0.972815)
60.03938, (3.229148, 0.269533, 5.120377), (-0.065466, 0.225343, 0.023585, 0.971791)
60.05325, (3.208608, 0.277630, 5.129182), (-0.067834, 0.227643, 0.024665, 0.971066)
60.06726, (3.188434, 0.282543, 5.134512), (-0.069397, 0.229770, 0.026479, 0.970407)
60.08146, (3.167616, 0.289255, 5.140790), (-0.070327, 0.231455, 0.028629, 0.969878)
60.09522, (3.154875, 0.293895, 5.145930), (-0.071351, 0.233189, 0.029430, 0.969364)
60.10952, (3.115745, 0.301276, 5.161931), (-0.070859, 0.236401, 0.037170, 0.968356)
60.12311, (3.057678, 0.295334, 5.190847), (-0.072362, 0.242413, 0.048016, 0.966279)
60.13702, (3.013831, 0.296450, 5.209403), (-0.073691, 0.246003, 0.054529, 0.964924)
60.15071, (2.966806, 0.299013, 5.228879), (-0.074398, 0.248701, 0.059349, 0.963893)
60.16478, (2.920928, 0.300015, 5.249248), (-0.073818, 0.251139, 0.064016, 0.963007)
60.17829, (2.868385, 0.292292, 5.271514), (-0.074773, 0.252709, 0.069476, 0.962144)
60.19229, (2.812805, 0.287163, 5.295098), (-0.075632, 0.254349, 0.075533, 0.961187)
60.20612, (2.775879, 0.284054, 5.312339), (-0.075037, 0.255390, 0.077549, 0.960797)
60.21999, (2.734822, 0.282990, 5.330339), (-0.075619, 0.257532, 0.081540, 0.959849)
60.23404, (2.643571, 0.278148, 5.366543), (-0.071280, 0.256516, 0.089917, 0.959705)
60.24834, (2.582764, 0.278974, 5.394196), (-0.071440, 0.257592, 0.093995, 0.959014)
60.26183, (2.524666, 0.280346, 5.421756), (-0.071850, 0.258683, 0.098668, 0.958220)
60.2757, (2.469263, 0.277898, 5.447183), (-0.072972, 0.260086, 0.102275, 0.957377)
60.28958, (2.414925, 0.277882, 5.474398), (-0.073709, 0.262728, 0.105956, 0.956198)
60.30346, (2.365743, 0.272013, 5.505648), (-0.076627, 0.265347, 0.111128, 0.954657)
60.31736, (2.309307, 0.270588, 5.536701), (-0.078084, 0.268473, 0.115433, 0.953153)
60.3313, (2.257662, 0.264230, 5.565403), (-0.077669, 0.271057, 0.117960, 0.952146)
60.3452, (2.208976, 0.249550, 5.591215), (-0.077549, 0.272779, 0.120740, 0.951315)
60.35915, (2.157730, 0.238899, 5.619756), (-0.074391, 0.275558, 0.123259, 0.950443)
60.37301, (2.123104, 0.231816, 5.646641), (-0.073001, 0.275950, 0.125279, 0.950172)
60.38693, (2.081521, 0.228581, 5.678291), (-0.072104, 0.278056, 0.128701, 0.949169)
60.40088, (2.047302, 0.229417, 5.702009), (-0.070426, 0.278635, 0.131059, 0.948803)
60.41501, (2.007439, 0.226213, 5.725279), (-0.068997, 0.279744, 0.133710, 0.948211)
60.42854, (1.963356, 0.221796, 5.752038), (-0.068315, 0.281353, 0.136897, 0.947329)
60.44242, (1.919279, 0.217379, 5.778794), (-0.067633, 0.282958, 0.140081, 0.946434)
60.45626, (1.875196, 0.212963, 5.805552), (-0.066949, 0.284559, 0.143264, 0.945526)
60.47045, (1.879077, 0.224822, 5.810783), (-0.066680, 0.283761, 0.138811, 0.946449)
60.48443, (1.847339, 0.222622, 5.831413), (-0.066811, 0.285566, 0.138656, 0.945919)
60.49828, (1.820367, 0.221516, 5.849908), (-0.066789, 0.287285, 0.138393, 0.945439)
60.512, (1.795954, 0.221348, 5.868161), (-0.067001, 0.288684, 0.139486, 0.944836)
60.52583, (1.771076, 0.221955, 5.886139), (-0.067326, 0.290878, 0.140344, 0.944013)
60.53973, (1.747130, 0.224240, 5.903697), (-0.067358, 0.292249, 0.141058, 0.943481)
60.55376, (1.724021, 0.224021, 5.922231), (-0.067991, 0.294083, 0.141753, 0.942761)
60.56782, (1.695874, 0.223824, 5.941927), (-0.067949, 0.295680, 0.142950, 0.942084)
60.58139, (1.667728, 0.223627, 5.961623), (-0.067907, 0.297276, 0.144147, 0.941402)
60.59526, (1.639585, 0.223430, 5.981317), (-0.067865, 0.298870, 0.145343, 0.940716)
60.60916, (1.649774, 0.222919, 5.987351), (-0.066372, 0.300581, 0.149169, 0.939678)
60.62299, (1.633579, 0.218587, 6.003414), (-0.066792, 0.302549, 0.150832, 0.938751)
60.63696, (1.617757, 0.218935, 6.019086), (-0.066793, 0.303893, 0.151923, 0.938140)
60.65085, (1.604200, 0.216379, 6.030783), (-0.066826, 0.304876, 0.152150, 0.937782)
60.66474, (1.587759, 0.213871, 6.043738), (-0.066872, 0.306015, 0.153621, 0.937168)
60.67869, (1.575506, 0.207146, 6.052728), (-0.067277, 0.307173, 0.155712, 0.936415)
60.69303, (1.563684, 0.202427, 6.062541), (-0.066973, 0.308730, 0.158096, 0.935525)
60.70671, (1.547397, 0.199775, 6.075863), (-0.066910, 0.310156, 0.159662, 0.934791)
60.72075, (1.531112, 0.197123, 6.089182), (-0.066846, 0.311581, 0.161228, 0.934053)
60.73477, (1.514826, 0.194471, 6.102504), (-0.066782, 0.313004, 0.162793, 0.933310)
60.74849, (1.522396, 0.190176, 6.092492), (-0.066568, 0.307774, 0.161772, 0.935240)
60.76222, (1.509688, 0.187260, 6.102275), (-0.066523, 0.308385, 0.162994, 0.934830)
60.77612, (1.516487, 0.183504, 6.100950), (-0.066806, 0.306911, 0.162390, 0.935399)
60.79006, (1.512921, 0.179709, 6.107113), (-0.065557, 0.307465, 0.163072, 0.935187)
60.80382, (1.512641, 0.174111, 6.104920), (-0.063170, 0.307495, 0.163928, 0.935192)
60.81779, (1.512586, 0.170164, 6.107471), (-0.061438, 0.307736, 0.164348, 0.935154)
60.83151, (1.518255, 0.167166, 6.109223), (-0.060170, 0.307411, 0.164244, 0.935362)
60.84538, (1.521980, 0.169791, 6.108505), (-0.059551, 0.307415, 0.163642, 0.935506)
60.85946, (1.524126, 0.166562, 6.108590), (-0.059887, 0.307495, 0.163628, 0.935460)
60.87312, (1.523249, 0.163952, 6.111139), (-0.059294, 0.307671, 0.164062, 0.935364)
60.88696, (1.522372, 0.161343, 6.113688), (-0.058702, 0.307846, 0.164496, 0.935268)
60.90082, (1.521495, 0.158733, 6.116237), (-0.058109, 0.308021, 0.164930, 0.935171)
60.91486, (1.548144, 0.168470, 6.098396), (-0.060699, 0.306424, 0.161828, 0.936073)
60.92869, (1.585332, 0.176324, 6.070700), (-0.061288, 0.305905, 0.159946, 0.936527)
60.943, (1.601542, 0.177460, 6.061402), (-0.061703, 0.306495, 0.157693, 0.936689)
60.95701, (1.617066, 0.178548, 6.051672), (-0.062173, 0.307333, 0.155578, 0.936737)
60.97062, (1.629947, 0.179514, 6.042616), (-0.063860, 0.308116, 0.153068, 0.936780)
60.98426, (1.637268, 0.181319, 6.033833), (-0.065716, 0.309026, 0.149457, 0.936935)
60.99818, (1.642406, 0.178154, 6.023319), (-0.068209, 0.309143, 0.146956, 0.937114)
61.01202, (1.653012, 0.178001, 6.014402), (-0.069344, 0.309358, 0.145247, 0.937226)
61.02634, (1.663290, 0.178195, 6.006002), (-0.070216, 0.309622, 0.143618, 0.937325)
61.04019, (1.673568, 0.178388, 5.997601), (-0.071087, 0.309886, 0.141989, 0.937420)
61.05379, (1.653498, 0.192598, 5.981402), (-0.071848, 0.301355, 0.146947, 0.939377)
61.06768, (1.664745, 0.199900, 5.961867), (-0.076027, 0.292911, 0.150322, 0.941183)
61.0816, (1.675699, 0.215828, 5.948936), (-0.076085, 0.287650, 0.150743, 0.942733)
61.09544, (1.697497, 0.226623, 5.926850), (-0.078401, 0.282626, 0.154911, 0.943387)
61.1095, (1.720374, 0.234830, 5.907830), (-0.080211, 0.279001, 0.156702, 0.944018)
61.12327, (1.749955, 0.242034, 5.886224), (-0.082134, 0.279257, 0.158618, 0.943456)
61.13716, (1.782342, 0.247309, 5.859118), (-0.081522, 0.278354, 0.158374, 0.943817)
61.15108, (1.803367, 0.248700, 5.838659), (-0.083415, 0.277379, 0.158177, 0.943972)
61.16496, (1.823001, 0.254716, 5.819888), (-0.084676, 0.275301, 0.158756, 0.944371)
61.17881, (1.842636, 0.260730, 5.801115), (-0.085936, 0.273222, 0.159333, 0.944764)
61.19275, (1.877012, 0.260179, 5.772987), (-0.086259, 0.273381, 0.159318, 0.944691)
61.20661, (1.965998, 0.264927, 5.740879), (-0.094146, 0.273585, 0.144207, 0.946305)
61.22051, (2.007299, 0.273773, 5.715674), (-0.095556, 0.270345, 0.139231, 0.947838)
61.23444, (2.056169, 0.280646, 5.686459), (-0.097219, 0.265583, 0.137050, 0.949332)
61.24838, (2.110343, 0.292479, 5.659080), (-0.099868, 0.259553, 0.134551, 0.951081)
61.26238, (2.164478, 0.306865, 5.635278), (-0.104048, 0.252814, 0.131257, 0.952906)
61.27617, (2.216304, 0.319650, 5.609592), (-0.111053, 0.245241, 0.124679, 0.954976)
61.29008, (2.270022, 0.339402, 5.584280), (-0.117259, 0.236881, 0.116645, 0.957357)
61.30404, (2.336339, 0.349634, 5.550025), (-0.121527, 0.228705, 0.109097, 0.959700)
61.31782, (2.411445, 0.361017, 5.516508), (-0.122738, 0.221643, 0.100883, 0.962098)
61.33196, (2.484811, 0.379255, 5.478121), (-0.122118, 0.214506, 0.095028, 0.964388)
61.34563, (2.544154, 0.392081, 5.448075), (-0.124768, 0.208687, 0.089993, 0.965808)
61.35938, (2.603501, 0.404906, 5.418028), (-0.127408, 0.202853, 0.084951, 0.967161)
61.37325, (2.662848, 0.417732, 5.387981), (-0.130040, 0.197005, 0.079904, 0.968449)
61.38726, (2.776080, 0.403589, 5.330300), (-0.132113, 0.193065, 0.060693, 0.970355)
61.40106, (2.844100, 0.396649, 5.298785), (-0.135385, 0.189378, 0.049336, 0.971274)
61.415, (2.911114, 0.398562, 5.273742), (-0.137365, 0.187607, 0.039867, 0.971774)
61.42888, (2.979840, 0.396050, 5.253869), (-0.140629, 0.186179, 0.028413, 0.971984)
61.44275, (3.036829, 0.400719, 5.234262), (-0.141971, 0.185723, 0.018967, 0.972107)
61.45679, (3.097987, 0.405062, 5.211687), (-0.142048, 0.182828, 0.010326, 0.972774)
61.47049, (3.157700, 0.410706, 5.191576), (-0.139903, 0.179139, 0.004833, 0.973814)
61.48441, (3.224201, 0.415684, 5.166424), (-0.140701, 0.174837, -0.002438, 0.974489)
61.49847, (3.288645, 0.419669, 5.141122), (-0.142022, 0.171105, -0.010398, 0.974908)
61.51217, (3.353081, 0.423654, 5.115824), (-0.143332, 0.167361, -0.018356, 0.975248)
61.52604, (3.413599, 0.423343, 5.094700), (-0.144378, 0.163749, -0.024425, 0.975574)
61.54, (3.454515, 0.441660, 5.102430), (-0.120699, 0.160949, -0.000588, 0.979554)
61.55394, (3.503578, 0.449617, 5.087514), (-0.120988, 0.159349, -0.000941, 0.979780)
61.56792, (3.556233, 0.452192, 5.068845), (-0.121100, 0.157004, -0.002189, 0.980143)
61.58174, (3.601872, 0.454485, 5.047711), (-0.119481, 0.155144, -0.002424, 0.980637)
61.59573, (3.647916, 0.446388, 5.021071), (-0.118466, 0.152011, -0.003991, 0.981246)
61.60955, (3.686567, 0.441054, 4.994886), (-0.115849, 0.149343, -0.004494, 0.981965)
61.62299, (3.724153, 0.437242, 4.972120), (-0.114018, 0.148302, -0.007170, 0.982321)
61.63675, (3.772478, 0.437374, 4.950267), (-0.112725, 0.145617, -0.009502, 0.982852)
61.65065, (3.820807, 0.437505, 4.928412), (-0.111430, 0.142929, -0.011835, 0.983369)
61.6645, (3.869135, 0.437638, 4.906557), (-0.110134, 0.140240, -0.014167, 0.983871)
61.67857, (3.823406, 0.413652, 4.873419), (-0.107802, 0.132045, -0.016881, 0.985220)
61.69265, (3.847651, 0.418458, 4.849495), (-0.106395, 0.127618, -0.018011, 0.985936)
61.70633, (3.871002, 0.425926, 4.828858), (-0.105393, 0.124160, -0.018007, 0.986485)
61.72023, (3.900623, 0.427049, 4.811667), (-0.103427, 0.119696, -0.019847, 0.987209)
61.7341, (3.923155, 0.428668, 4.787678), (-0.097963, 0.115384, -0.019731, 0.988282)
61.74801, (3.948988, 0.427164, 4.762167), (-0.091449, 0.110617, -0.018049, 0.989482)
61.76184, (3.963946, 0.415815, 4.751185), (-0.091203, 0.107014, -0.019499, 0.989874)
61.77564, (3.975538, 0.419725, 4.741501), (-0.089324, 0.105459, -0.021056, 0.990180)
61.7895, (3.999683, 0.419433, 4.723713), (-0.086991, 0.101700, -0.022271, 0.990754)
61.80336, (4.023163, 0.418557, 4.705317), (-0.084756, 0.098132, -0.023432, 0.991281)
61.81709, (4.046642, 0.417681, 4.686921), (-0.082520, 0.094561, -0.024593, 0.991788)
61.83118, (4.056650, 0.431378, 4.721280), (-0.088378, 0.091492, -0.018758, 0.991699)
61.84483, (4.064303, 0.434845, 4.726271), (-0.093387, 0.091902, -0.018633, 0.991204)
61.85875, (4.080442, 0.435218, 4.713968), (-0.093553, 0.091040, -0.015991, 0.991314)
61.87263, (4.097866, 0.442184, 4.704983), (-0.090722, 0.090616, -0.012960, 0.991660)
61.88655, (4.113646, 0.449929, 4.705685), (-0.089068, 0.090946, -0.009640, 0.991818)
61.90037, (4.130370, 0.458179, 4.710597), (-0.092997, 0.090087, -0.006899, 0.991559)
61.91431, (4.147394, 0.470016, 4.718990), (-0.095851, 0.089464, -0.006504, 0.991346)
61.92838, (4.163821, 0.476307, 4.721060), (-0.096252, 0.088267, -0.006442, 0.991415)
61.94234, (4.181432, 0.482267, 4.719874), (-0.096588, 0.086718, -0.005451, 0.991525)
61.95605, (4.199046, 0.488228, 4.718689), (-0.096923, 0.085169, -0.004459, 0.991631)
61.97004, (4.216660, 0.494188, 4.717503), (-0.097258, 0.083619, -0.003468, 0.991734)
61.98399, (4.218430, 0.469317, 4.740915), (-0.097657, 0.076872, -0.009406, 0.992202)
61.99788, (4.232604, 0.468886, 4.746573), (-0.098708, 0.074105, -0.009442, 0.992309)
62.01163, (4.243917, 0.470923, 4.754263), (-0.100080, 0.071364, -0.013472, 0.992325)
62.02549, (4.257725, 0.472995, 4.759904), (-0.100219, 0.068255, -0.016901, 0.992478)
62.03938, (4.266083, 0.471965, 4.764707), (-0.099303, 0.065688, -0.018424, 0.992716)
62.05294, (4.276199, 0.471642, 4.768442), (-0.098730, 0.062721, -0.019100, 0.992952)
62.06683, (4.284157, 0.471554, 4.771474), (-0.099444, 0.060560, -0.019340, 0.993010)
62.08068, (4.296037, 0.472187, 4.775338), (-0.099680, 0.058051, -0.020163, 0.993120)
62.09451, (4.307916, 0.472819, 4.779201), (-0.099915, 0.055541, -0.020986, 0.993223)
62.10837, (4.319796, 0.473450, 4.783064), (-0.100149, 0.053030, -0.021808, 0.993319)
62.12246, (4.337228, 0.493733, 4.800337), (-0.101784, 0.051251, -0.023704, 0.993203)
62.13638, (4.346200, 0.497690, 4.805911), (-0.104906, 0.047654, -0.025640, 0.993009)
62.15018, (4.342951, 0.512508, 4.801801), (-0.115531, 0.035059, -0.030604, 0.992213)
62.16425, (4.338924, 0.544698, 4.803532), (-0.125457, 0.022987, -0.027901, 0.991440)
62.17837, (4.343353, 0.552377, 4.811348), (-0.129765, 0.016154, -0.029987, 0.990960)
62.19234, (4.335408, 0.560260, 4.812029), (-0.131927, 0.011324, -0.027848, 0.990804)
62.20602, (4.329869, 0.571778, 4.808510), (-0.132562, 0.006059, -0.028259, 0.990753)
62.21997, (4.321657, 0.577235, 4.795968), (-0.136606, -0.001491, -0.027209, 0.990251)
62.23367, (4.316441, 0.587113, 4.788509), (-0.143515, -0.011343, -0.031867, 0.989070)
62.24743, (4.315686, 0.608221, 4.798254), (-0.141766, -0.016100, -0.035118, 0.989146)
62.26135, (4.305163, 0.619589, 4.799312), (-0.146080, -0.019803, -0.035799, 0.988427)
62.27512, (4.302530, 0.631007, 4.799586), (-0.148963, -0.025420, -0.037030, 0.987822)
62.2887, (4.299898, 0.642422, 4.799860), (-0.151839, -0.031035, -0.038260, 0.987177)
62.3026, (4.302758, 0.652908, 4.806973), (-0.157936, -0.036347, -0.041628, 0.985902)
62.31652, (4.254704, 0.638675, 4.751497), (-0.168455, -0.056451, -0.034141, 0.983499)
62.33047, (4.240067, 0.645324, 4.747146), (-0.164621, -0.068039, -0.029265, 0.983572)
62.3444, (4.225789, 0.642558, 4.733259), (-0.162736, -0.082017, -0.025923, 0.982913)
62.35831, (4.209270, 0.652257, 4.721587), (-0.159695, -0.093889, -0.021685, 0.982452)
62.37219, (4.193978, 0.645027, 4.708279), (-0.159503, -0.103947, -0.021147, 0.981482)
62.38588, (4.186430, 0.645545, 4.692652), (-0.161268, -0.114119, -0.020975, 0.980066)
62.39972, (4.173425, 0.652880, 4.677494), (-0.166141, -0.124221, -0.022074, 0.977998)
62.41355, (4.161131, 0.656327, 4.665712), (-0.167692, -0.133839, -0.021220, 0.976482)
62.42742, (4.148841, 0.659771, 4.653934), (-0.169226, -0.143440, -0.020365, 0.974871)
62.44136, (4.136549, 0.663217, 4.642153), (-0.170744, -0.153029, -0.019507, 0.973164)
62.45539, (4.125663, 0.672296, 4.628636), (-0.168249, -0.159112, -0.032398, 0.972279)
62.46931, (4.112403, 0.669311, 4.612391), (-0.169636, -0.170292, -0.030603, 0.970200)
62.48328, (4.098927, 0.667132, 4.598380), (-0.169742, -0.180779, -0.031114, 0.968266)
62.49727, (4.082849, 0.668445, 4.585443), (-0.171722, -0.191410, -0.029789, 0.965912)
62.51112, (4.066920, 0.658851, 4.581919), (-0.173581, -0.201462, -0.027937, 0.963588)
62.52529, (4.049790, 0.665594, 4.573101), (-0.173910, -0.211531, -0.025475, 0.961437)
62.5391, (4.028362, 0.661169, 4.559369), (-0.175804, -0.219744, -0.025322, 0.959252)
62.55292, (4.012539, 0.661329, 4.547686), (-0.176865, -0.229294, -0.024733, 0.956834)
62.56687, (3.996718, 0.661488, 4.536004), (-0.177909, -0.238821, -0.024142, 0.954322)
62.58078, (3.980896, 0.661647, 4.524321), (-0.178935, -0.248324, -0.023548, 0.951716)
62.59476, (3.969861, 0.669904, 4.511403), (-0.174880, -0.247695, -0.029976, 0.952453)
62.60875, (3.957932, 0.661964, 4.510643), (-0.177185, -0.251178, -0.032496, 0.951031)
62.62274, (3.945935, 0.665118, 4.499231), (-0.177633, -0.256130, -0.032699, 0.949618)
62.63669, (3.936611, 0.664383, 4.495429), (-0.178824, -0.261544, -0.034133, 0.947867)
62.65065, (3.917270, 0.671481, 4.490271), (-0.178166, -0.262175, -0.033646, 0.947834)
62.66457, (3.904477, 0.668552, 4.484905), (-0.180661, -0.265062, -0.035408, 0.946494)
62.6785, (3.886684, 0.668397, 4.479670), (-0.181072, -0.268948, -0.038315, 0.945205)
62.69241, (3.868945, 0.670157, 4.469072), (-0.182054, -0.271187, -0.040395, 0.944289)
62.70634, (3.850923, 0.673879, 4.465414), (-0.183403, -0.275832, -0.043307, 0.942552)
62.7202, (3.834996, 0.674571, 4.458527), (-0.184317, -0.280600, -0.044753, 0.940897)
62.73409, (3.819070, 0.675262, 4.451639), (-0.185226, -0.285360, -0.046199, 0.939216)
62.74806, (3.803141, 0.675952, 4.444751), (-0.186130, -0.290113, -0.047643, 0.937507)
62.76205, (3.773360, 0.685198, 4.434048), (-0.180048, -0.296414, -0.056533, 0.936229)
62.77596, (3.760530, 0.684141, 4.427561), (-0.177863, -0.302228, -0.057452, 0.934731)
62.79008, (3.748180, 0.685191, 4.424966), (-0.175470, -0.306521, -0.055591, 0.933898)
62.80398, (3.725127, 0.676960, 4.420763), (-0.176974, -0.308303, -0.052021, 0.933233)
62.81807, (3.700755, 0.682681, 4.417180), (-0.176721, -0.311696, -0.046326, 0.932454)
62.83207, (3.677088, 0.683336, 4.410501), (-0.175086, -0.316245, -0.044386, 0.931324)
62.84594, (3.657686, 0.688850, 4.404702), (-0.173515, -0.321693, -0.043713, 0.929783)
62.85954, (3.637994, 0.690211, 4.398716), (-0.172824, -0.326224, -0.043233, 0.928354)
62.87349, (3.618303, 0.691571, 4.392731), (-0.172129, -0.330748, -0.042752, 0.926904)
62.88744, (3.598612, 0.692931, 4.386745), (-0.171429, -0.335264, -0.042270, 0.925432)
62.90139, (3.560431, 0.703508, 4.403904), (-0.176353, -0.329861, -0.048249, 0.926155)
62.91536, (3.538027, 0.691102, 4.403554), (-0.174572, -0.328684, -0.047478, 0.926951)
62.92945, (3.509198, 0.687822, 4.403629), (-0.172546, -0.327126, -0.046067, 0.927952)
62.94289, (3.483987, 0.684556, 4.409022), (-0.174243, -0.327383, -0.043888, 0.927650)
62.95672, (3.453308, 0.691259, 4.414915), (-0.175057, -0.327654, -0.043094, 0.927438)
62.97064, (3.419185, 0.698577, 4.419346), (-0.174408, -0.328110, -0.044050, 0.927354)
62.9846, (3.390021, 0.700340, 4.422029), (-0.173724, -0.329935, -0.045409, 0.926769)
62.99844, (3.362632, 0.702097, 4.423705), (-0.173479, -0.331361, -0.045382, 0.926308)
63.01234, (3.335238, 0.703856, 4.425380), (-0.173232, -0.332785, -0.045356, 0.925844)
63.02628, (3.307848, 0.705613, 4.427056), (-0.172986, -0.334209, -0.045329, 0.925379)
63.04059, (3.245651, 0.714728, 4.459399), (-0.173235, -0.335339, -0.041903, 0.925085)
63.05458, (3.202647, 0.713236, 4.471002), (-0.173188, -0.336933, -0.039877, 0.924604)
63.0682, (3.162251, 0.710598, 4.483742), (-0.172324, -0.337639, -0.038197, 0.924578)
63.08233, (3.120018, 0.709144, 4.496526), (-0.171292, -0.337318, -0.037253, 0.924926)
63.09585, (3.075550, 0.709835, 4.511256), (-0.169060, -0.336523, -0.036544, 0.925654)
63.10946, (3.026978, 0.710864, 4.528151), (-0.170186, -0.335409, -0.036028, 0.925873)
63.12323, (2.981890, 0.714089, 4.543336), (-0.169395, -0.334583, -0.034891, 0.926360)
63.13726, (2.932410, 0.710508, 4.561604), (-0.169543, -0.332815, -0.032290, 0.927063)
63.15118, (2.883841, 0.704004, 4.574522), (-0.168937, -0.332036, -0.030058, 0.927528)
63.16504, (2.835729, 0.701804, 4.590764), (-0.167772, -0.331717, -0.027838, 0.927923)
63.17891, (2.784242, 0.699869, 4.606847), (-0.167674, -0.330933, -0.025820, 0.928279)
63.19281, (2.737956, 0.698555, 4.620963), (-0.167230, -0.330692, -0.024323, 0.928486)
63.20708, (2.691639, 0.697240, 4.635089), (-0.166786, -0.330449, -0.022825, 0.928690)
63.22078, (2.645339, 0.695925, 4.649209), (-0.166342, -0.330205, -0.021327, 0.928892)
63.23479, (2.580967, 0.679390, 4.681393), (-0.167385, -0.330932, -0.017843, 0.928519)
63.24861, (2.532742, 0.675422, 4.699193), (-0.167352, -0.331491, -0.015425, 0.928369)
63.26257, (2.485480, 0.675353, 4.718457), (-0.166518, -0.333082, -0.013707, 0.927977)
63.27643, (2.440899, 0.675147, 4.738772), (-0.165399, -0.334976, -0.012625, 0.927510)
63.29051, (2.400036, 0.674944, 4.759249), (-0.163920, -0.335779, -0.009876, 0.927516)
63.30436, (2.362559, 0.674107, 4.781478), (-0.162527, -0.335276, -0.007451, 0.927965)
63.3183, (2.326504, 0.670600, 4.805695), (-0.161340, -0.333384, -0.004092, 0.928874)
63.33221, (2.283408, 0.668523, 4.825460), (-0.160564, -0.333405, -0.001918, 0.929008)
63.34613, (2.240330, 0.666449, 4.845218), (-0.159788, -0.333425, 0.000254, 0.929137)
63.36026, (2.197236, 0.664374, 4.864984), (-0.159010, -0.333443, 0.002428, 0.929261)
63.3741, (2.187072, 0.667768, 4.884491), (-0.152808, -0.327026, -0.000069, 0.932579)
63.3879, (2.153615, 0.667081, 4.900249), (-0.150750, -0.325659, 0.000971, 0.933392)
63.40176, (2.116228, 0.665969, 4.919223), (-0.149223, -0.324857, 0.002423, 0.933914)
63.41563, (2.078837, 0.664858, 4.938199), (-0.147695, -0.324052, 0.003875, 0.934431)
63.4295, (2.052083, 0.666868, 4.954556), (-0.146347, -0.323625, 0.005026, 0.934785)
63.44353, (2.027840, 0.676361, 4.971393), (-0.141974, -0.325572, 0.007754, 0.934765)
63.45739, (1.990405, 0.674864, 4.990183), (-0.139739, -0.326202, 0.010018, 0.934861)
63.47132, (1.955609, 0.675218, 5.008541), (-0.137873, -0.325830, 0.011648, 0.935249)
63.48509, (1.920825, 0.675573, 5.026894), (-0.136008, -0.325455, 0.013277, 0.935631)
63.49911, (1.886035, 0.675927, 5.045249), (-0.134141, -0.325078, 0.014906, 0.936007)
63.51299, (1.974479, 0.697268, 5.043898), (-0.139767, -0.322611, 0.023495, 0.935861)
63.52687, (2.028028, 0.665780, 5.079658), (-0.136754, -0.309664, 0.011866, 0.940886)
63.54067, (2.027196, 0.657398, 5.094942), (-0.134647, -0.307618, 0.010147, 0.941880)
63.55459, (2.027349, 0.642697, 5.116949), (-0.133302, -0.303333, 0.011770, 0.943441)
63.56837, (2.030048, 0.641335, 5.128426), (-0.131973, -0.300821, 0.014906, 0.944388)
63.58216, (2.037127, 0.638217, 5.133712), (-0.129784, -0.299746, 0.016403, 0.945008)
63.59604, (2.035924, 0.635834, 5.140985), (-0.124825, -0.297209, 0.021912, 0.946364)
63.60986, (2.039592, 0.627247, 5.151201), (-0.124865, -0.295271, 0.024208, 0.946910)
63.62371, (2.049946, 0.627016, 5.154339), (-0.122663, -0.292911, 0.026478, 0.947869)
63.63759, (2.051969, 0.622649, 5.165184), (-0.120844, -0.290572, 0.028198, 0.948773)
63.65144, (2.053992, 0.618281, 5.176030), (-0.119022, -0.288230, 0.029918, 0.949664)
63.66534, (2.056015, 0.613915, 5.186875), (-0.117200, -0.285884, 0.031638, 0.950544)
63.67951, (2.117982, 0.623567, 5.199036), (-0.120276, -0.280494, 0.024676, 0.951971)
63.69352, (2.146608, 0.631299, 5.209981), (-0.120728, -0.272701, 0.022645, 0.954225)
63.70721, (2.176045, 0.629028, 5.225073), (-0.121599, -0.266353, 0.019173, 0.955983)
63.72095, (2.205528, 0.628396, 5.239154), (-0.123288, -0.259311, 0.016909, 0.957743)
63.73501, (2.232685, 0.622054, 5.254787), (-0.123178, -0.251047, 0.014597, 0.959995)
63.74862, (2.236302, 0.646600, 5.258375), (-0.121209, -0.246108, 0.016495, 0.961492)
63.76227, (2.263947, 0.630597, 5.251782), (-0.124335, -0.241941, 0.009695, 0.962243)
63.77609, (2.283855, 0.617724, 5.262198), (-0.126992, -0.238245, 0.006874, 0.962842)
63.78995, (2.303763, 0.616211, 5.270385), (-0.127217, -0.233517, 0.005393, 0.963980)
63.80394, (2.323663, 0.614698, 5.278569), (-0.127439, -0.228785, 0.003913, 0.965091)
63.81773, (2.341510, 0.612600, 5.271389), (-0.117452, -0.237482, 0.009219, 0.964221)
63.83176, (2.363555, 0.612413, 5.282996), (-0.113244, -0.232161, 0.016239, 0.965926)
63.846, (2.385959, 0.609469, 5.294060), (-0.115615, -0.226218, 0.018164, 0.967021)
63.85939, (2.410758, 0.619791, 5.302258), (-0.117439, -0.220545, 0.019162, 0.968091)
63.87321, (2.431808, 0.612620, 5.312938), (-0.121280, -0.213031, 0.018613, 0.969310)
63.88704, (2.467535, 0.615574, 5.315434), (-0.120814, -0.208025, 0.016944, 0.970486)
63.90103, (2.497056, 0.602315, 5.321933), (-0.119464, -0.201892, 0.014948, 0.971980)
63.91476, (2.513339, 0.603176, 5.332413), (-0.118128, -0.195413, 0.016695, 0.973438)
63.9286, (2.537065, 0.601134, 5.340474), (-0.117847, -0.190243, 0.016885, 0.974492)
63.94248, (2.560791, 0.599092, 5.348534), (-0.117562, -0.185068, 0.017075, 0.975519)
63.95637, (2.584516, 0.597050, 5.356594), (-0.117275, -0.179889, 0.017265, 0.976519)
63.97034, (2.608861, 0.592743, 5.287553), (-0.105053, -0.193040, 0.010204, 0.975497)
63.98407, (2.632083, 0.610210, 5.280876), (-0.103451, -0.196880, 0.003421, 0.974949)
63.9979, (2.656261, 0.617033, 5.294215), (-0.105679, -0.196540, 0.000698, 0.974784)
64.0118, (2.680743, 0.614826, 5.307926), (-0.111125, -0.190790, 0.001205, 0.975320)
64.02567, (2.701483, 0.612499, 5.318249), (-0.116006, -0.184499, 0.003763, 0.975955)
64.03946, (2.714466, 0.608149, 5.325960), (-0.117916, -0.175645, 0.009374, 0.977321)
64.05367, (2.730083, 0.606048, 5.324226), (-0.118667, -0.172812, 0.013820, 0.977683)
64.06763, (2.739988, 0.608789, 5.313687), (-0.116429, -0.175295, 0.017967, 0.977442)
64.08147, (2.744823, 0.606532, 5.309280), (-0.114376, -0.177092, 0.020436, 0.977312)
64.09528, (2.757840, 0.596355, 5.306305), (-0.112221, -0.181275, 0.025083, 0.976687)
64.10902, (2.773142, 0.594887, 5.305715), (-0.111856, -0.180228, 0.026952, 0.976872)
64.12299, (2.788443, 0.593418, 5.305123), (-0.111491, -0.179180, 0.028821, 0.977054)
64.13663, (2.803743, 0.591949, 5.304532), (-0.111125, -0.178131, 0.030690, 0.977230)
64.15076, (2.801075, 0.679621, 5.318809), (-0.098849, -0.190272, 0.019326, 0.976551)
64.16467, (2.808032, 0.686793, 5.335262), (-0.098709, -0.186374, 0.019607, 0.977311)
64.17822, (2.805310, 0.714915, 5.368033), (-0.090453, -0.178459, 0.021316, 0.979549)
64.1923, (2.807945, 0.733411, 5.393556), (-0.098716, -0.170075, 0.017223, 0.980323)
64.20596, (2.818861, 0.754775, 5.412926), (-0.107174, -0.166405, 0.011482, 0.980149)
64.21981, (2.825025, 0.784321, 5.431480), (-0.110332, -0.163043, 0.007079, 0.980405)
64.23385, (2.824021, 0.814304, 5.451682), (-0.108400, -0.157233, -0.000928, 0.981594)
64.24779, (2.829547, 0.834581, 5.468717), (-0.109342, -0.153740, -0.003798, 0.982036)
64.26172, (2.835557, 0.855739, 5.485671), (-0.109832, -0.150499, -0.006317, 0.982470)
64.27531, (2.841568, 0.876894, 5.502621), (-0.110321, -0.147257, -0.008836, 0.982887)
64.28929, (2.847577, 0.898051, 5.519573), (-0.110808, -0.144012, -0.011354, 0.983287)
64.30334, (2.896197, 0.885930, 5.500360), (-0.104516, -0.158047, -0.014704, 0.981775)
64.31716, (2.908273, 0.873479, 5.507961), (-0.098990, -0.156553, -0.009030, 0.982655)
64.33102, (2.917341, 0.858928, 5.507436), (-0.096793, -0.155054, -0.001273, 0.983152)
64.34476, (2.931117, 0.842120, 5.500023), (-0.096220, -0.155580, 0.006209, 0.983106)
64.35859, (2.939635, 0.837388, 5.497010), (-0.092057, -0.153959, 0.010485, 0.983724)
64.37251, (2.951887, 0.827925, 5.502973), (-0.083111, -0.150350, 0.016807, 0.984990)
64.38625, (2.966486, 0.810620, 5.503792), (-0.079850, -0.147255, 0.020620, 0.985655)
64.4002, (2.978790, 0.805080, 5.507183), (-0.077113, -0.145532, 0.023191, 0.986071)
64.41428, (2.991094, 0.799542, 5.510573), (-0.074375, -0.143807, 0.025761, 0.986471)
64.42788, (3.003398, 0.794003, 5.513963), (-0.071636, -0.142079, 0.028331, 0.986853)
64.44152, (3.017235, 0.792577, 5.498575), (-0.077954, -0.124281, 0.016568, 0.989041)
64.45535, (3.038954, 0.797237, 5.501037), (-0.076453, -0.119147, 0.016121, 0.989798)
64.46928, (3.060035, 0.802530, 5.502088), (-0.073051, -0.114216, 0.018067, 0.990602)
64.48322, (3.081794, 0.805230, 5.509373), (-0.072305, -0.107675, 0.019803, 0.991356)
64.49717, (3.105409, 0.813605, 5.518441), (-0.069248, -0.101608, 0.021787, 0.992172)
64.51096, (3.123956, 0.820744, 5.529279), (-0.069166, -0.094076, 0.023064, 0.992892)
64.52475, (3.147271, 0.834259, 5.549796), (-0.069245, -0.087087, 0.023223, 0.993520)
64.53854, (3.159375, 0.839659, 5.572300), (-0.074881, -0.079653, 0.022521, 0.993751)
64.55239, (3.178912, 0.841538, 5.584980), (-0.077196, -0.073505, 0.022089, 0.994057)
64.56623, (3.197226, 0.846019, 5.595986), (-0.077191, -0.067732, 0.022673, 0.994455)
64.58006, (3.215540, 0.850501, 5.606993), (-0.077183, -0.061958, 0.023257, 0.994818)
64.59402, (3.233855, 0.854983, 5.618000), (-0.077173, -0.056181, 0.023839, 0.995148)
64.60786, (3.238282, 0.833641, 5.623773), (-0.085145, -0.047150, 0.026992, 0.994886)
64.6217, (3.261101, 0.845965, 5.631795), (-0.079450, -0.044485, 0.027836, 0.995457)
64.63556, (3.263420, 0.850809, 5.639955), (-0.073066, -0.037845, 0.026996, 0.996243)
64.64938, (3.275435, 0.851111, 5.652061), (-0.075680, -0.031979, 0.028004, 0.996226)
64.66331, (3.290408, 0.851018, 5.663962), (-0.075134, -0.025900, 0.029179, 0.996410)
64.67714, (3.300905, 0.853343, 5.668721), (-0.073994, -0.020000, 0.032792, 0.996519)
64.69089, (3.313481, 0.856570, 5.672357), (-0.072843, -0.014435, 0.034825, 0.996631)
64.70489, (3.326771, 0.858735, 5.680515), (-0.072050, -0.008658, 0.036133, 0.996709)
64.71862, (3.340063, 0.860900, 5.688673), (-0.071255, -0.002881, 0.037440, 0.996751)
64.73242, (3.353354, 0.863065, 5.696831), (-0.070458, 0.002896, 0.038746, 0.996758)
64.74642, (3.324244, 0.872175, 5.646056), (-0.058241, -0.007972, 0.033697, 0.997702)
64.76016, (3.328402, 0.866358, 5.652524), (-0.059334, -0.007631, 0.031896, 0.997699)
64.77405, (3.322997, 0.862750, 5.655649), (-0.061566, -0.004223, 0.030298, 0.997634)
64.78808, (3.328077, 0.867558, 5.668241), (-0.066280, -0.000347, 0.027667, 0.997417)
64.80189, (3.331576, 0.866926, 5.685463), (-0.070211, 0.003995, 0.026264, 0.997178)
64.81577, (3.331076, 0.859193, 5.696583), (-0.073955, 0.006816, 0.027019, 0.996872)
64.82964, (3.335806, 0.853019, 5.705486), (-0.075615, 0.007855, 0.027832, 0.996718)
64.84348, (3.339101, 0.851439, 5.712954), (-0.076580, 0.011004, 0.027598, 0.996621)
64.85728, (3.342395, 0.849859, 5.720421), (-0.077544, 0.014153, 0.027363, 0.996513)
64.87127, (3.345690, 0.848279, 5.727888), (-0.078508, 0.017302, 0.027128, 0.996394)
64.88522, (3.340014, 0.862433, 5.743304), (-0.071556, 0.007517, 0.021837, 0.997169)
64.89914, (3.341579, 0.844214, 5.764312), (-0.077354, 0.007590, 0.022108, 0.996730)
64.91296, (3.338893, 0.843029, 5.768387), (-0.075869, 0.005725, 0.022830, 0.996840)
64.92705, (3.327976, 0.844590, 5.772596), (-0.073599, 0.004147, 0.020588, 0.997067)
64.94096, (3.320451, 0.867465, 5.777753), (-0.067821, 0.000600, 0.013147, 0.997611)
64.95491, (3.314054, 0.874081, 5.787170), (-0.068683, -0.003688, 0.006301, 0.997612)
64.96881, (3.314630, 0.881859, 5.801672), (-0.068757, -0.004834, 0.001953, 0.997620)
64.98257, (3.306784, 0.877066, 5.820439), (-0.072615, -0.005823, -0.000058, 0.997343)
64.99677, (3.302797, 0.880100, 5.831160), (-0.072794, -0.006560, -0.002702, 0.997322)
65.01034, (3.298811, 0.883133, 5.841879), (-0.072972, -0.007296, -0.005345, 0.997293)
65.02442, (3.330148, 0.879623, 5.865032), (-0.103025, -0.007569, 0.016425, 0.994514)
65.03779, (3.320420, 0.899320, 5.868452), (-0.098040, -0.009457, 0.018549, 0.994965)
65.0519, (3.313369, 0.908860, 5.877995), (-0.093389, -0.011884, 0.019504, 0.995368)
65.06562, (3.310714, 0.926567, 5.894207), (-0.088948, -0.013497, 0.022745, 0.995685)
65.07957, (3.317636, 0.948862, 5.895531), (-0.083299, -0.006601, 0.032479, 0.995973)
65.09335, (3.329608, 0.954709, 5.912385), (-0.087175, -0.002304, 0.040947, 0.995349)
65.10732, (3.314204, 0.966392, 5.916472), (-0.086189, 0.005397, 0.048024, 0.995106)
65.12119, (3.312693, 0.977207, 5.925808), (-0.086252, 0.007108, 0.051776, 0.994902)
65.13505, (3.311182, 0.988023, 5.935144), (-0.086313, 0.008818, 0.055526, 0.994680)
65.14897, (3.320093, 0.969206, 5.930083), (-0.074591, -0.003400, 0.053384, 0.995779)
65.16334, (3.314804, 0.975977, 5.935972), (-0.070330, -0.005643, 0.055689, 0.995952)
65.17712, (3.305138, 0.961030, 5.949002), (-0.068753, -0.004041, 0.050840, 0.996329)
65.19096, (3.288534, 0.938677, 5.972519), (-0.073425, 0.004505, 0.044463, 0.996299)
65.20454, (3.285323, 0.916607, 5.993089), (-0.081143, 0.011806, 0.039174, 0.995862)
65.21832, (3.281200, 0.904620, 6.007275), (-0.084358, 0.015672, 0.035223, 0.995690)
65.23219, (3.275854, 0.902634, 6.018237), (-0.079592, 0.016927, 0.030411, 0.996220)
65.24615, (3.271883, 0.893180, 6.029449), (-0.078681, 0.018352, 0.027969, 0.996338)
65.26006, (3.266709, 0.886519, 6.041512), (-0.078551, 0.020337, 0.026528, 0.996350)
65.27403, (3.266325, 0.871300, 6.053525), (-0.077051, 0.019695, 0.023473, 0.996556)
65.28787, (3.266652, 0.875280, 6.067289), (-0.066416, 0.018362, 0.018472, 0.997452)
65.30179, (3.263991, 0.871780, 6.083410), (-0.064129, 0.020960, 0.016691, 0.997582)
65.3159, (3.262105, 0.867958, 6.104865), (-0.063364, 0.021834, 0.020677, 0.997537)
65.32948, (3.262323, 0.869712, 6.123261), (-0.060156, 0.017350, 0.023234, 0.997768)
65.34342, (3.253447, 0.872580, 6.139683), (-0.056899, 0.012620, 0.023467, 0.998024)
65.35731, (3.250487, 0.882655, 6.162064), (-0.057384, 0.007870, 0.020283, 0.998115)
65.3712, (3.249809, 0.887990, 6.187387), (-0.061866, 0.006020, 0.016372, 0.997932)
65.38509, (3.245156, 0.891722, 6.211428), (-0.069665, 0.007016, 0.016529, 0.997409)
65.39893, (3.240495, 0.894778, 6.231011), (-0.071010, 0.006515, 0.016465, 0.997318)
65.41277, (3.236659, 0.896660, 6.250350), (-0.071607, 0.005822, 0.015483, 0.997296)
65.42683, (3.240962, 0.916677, 6.256874), (-0.076897, 0.001099, 0.020185, 0.996834)
65.44064, (3.243065, 0.916941, 6.270404), (-0.078449, -0.000424, 0.021424, 0.996688)
65.45446, (3.244893, 0.916729, 6.280761), (-0.078501, -0.000586, 0.022538, 0.996659)
65.46836, (3.249145, 0.913289, 6.288532), (-0.078242, -0.000665, 0.024104, 0.996643)
65.48258, (3.249982, 0.914159, 6.292267), (-0.076032, 0.000905, 0.024611, 0.996801)
65.49634, (3.256546, 0.916356, 6.298592), (-0.075221, 0.002989, 0.023826, 0.996878)
65.51012, (3.265415, 0.913340, 6.306477), (-0.074866, 0.006346, 0.024824, 0.996864)
65.52395, (3.268906, 0.912496, 6.314836), (-0.074086, 0.008212, 0.026681, 0.996861)
65.53787, (3.271742, 0.912868, 6.324502), (-0.074098, 0.008751, 0.027207, 0.996841)
65.55166, (3.274579, 0.913240, 6.334166), (-0.074109, 0.009290, 0.027733, 0.996821)
65.56564, (3.285323, 0.894300, 6.320936), (-0.064419, 0.004747, 0.025157, 0.997595)
65.57952, (3.287192, 0.892438, 6.326065), (-0.063310, 0.004329, 0.022906, 0.997722)
65.59332, (3.293302, 0.880969, 6.330321), (-0.066904, 0.006329, 0.018556, 0.997567)
65.6072, (3.298984, 0.876524, 6.333574), (-0.068190, 0.009117, 0.016052, 0.997502)
65.62115, (3.306826, 0.872827, 6.337186), (-0.067269, 0.010522, 0.013621, 0.997586)
65.63506, (3.313469, 0.868450, 6.338326), (-0.065772, 0.010013, 0.012249, 0.997709)
65.64934, (3.317436, 0.867575, 6.339460), (-0.064468, 0.009018, 0.010357, 0.997825)
65.66277, (3.322277, 0.863801, 6.342738), (-0.063862, 0.009275, 0.008913, 0.997876)
65.67657, (3.327117, 0.860027, 6.346015), (-0.063255, 0.009531, 0.007468, 0.997924)
65.69218, (3.331958, 0.856253, 6.349292), (-0.062649, 0.009788, 0.006024, 0.997970)
65.70605, (3.351853, 0.889038, 6.358020), (-0.076879, 0.015212, 0.003151, 0.996919)
65.7196, (3.356045, 0.901418, 6.355593), (-0.078777, 0.015917, 0.007311, 0.996738)
65.73331, (3.360562, 0.907636, 6.349373), (-0.079864, 0.014526, 0.009656, 0.996653)
65.74683, (3.361517, 0.915462, 6.342769), (-0.080049, 0.014798, 0.010042, 0.996631)
65.7606, (3.357126, 0.922500, 6.333719), (-0.080114, 0.019505, 0.008762, 0.996556)
65.7742, (3.355804, 0.938238, 6.327477), (-0.075729, 0.023288, 0.007891, 0.996825)
65.78799, (3.366747, 0.946230, 6.327514), (-0.074356, 0.024295, 0.007561, 0.996907)
65.80211, (3.370465, 0.953598, 6.324996), (-0.074343, 0.025774, 0.007241, 0.996873)
65.81615, (3.374182, 0.960966, 6.322479), (-0.074329, 0.027253, 0.006921, 0.996837)
65.82954, (3.377899, 0.968335, 6.319961), (-0.074316, 0.028732, 0.006601, 0.996799)
65.84361, (3.398891, 0.951538, 6.308367), (-0.090013, 0.014844, 0.021526, 0.995597)
65.85765, (3.395604, 0.957220, 6.295534), (-0.084872, 0.015797, 0.022074, 0.996022)
65.87105, (3.397784, 0.953795, 6.285357), (-0.080772, 0.016799, 0.021361, 0.996362)
65.88477, (3.398517, 0.953854, 6.278999), (-0.075695, 0.018310, 0.020135, 0.996760)
65.89859, (3.400562, 0.948790, 6.274594), (-0.074296, 0.019358, 0.018157, 0.996883)
65.91254, (3.398983, 0.955044, 6.271273), (-0.072264, 0.020547, 0.016180, 0.997043)
65.92646, (3.405202, 0.949516, 6.269122), (-0.073894, 0.020429, 0.013581, 0.996964)
65.94024, (3.407730, 0.950018, 6.263752), (-0.073242, 0.020844, 0.013159, 0.997010)
65.95425, (3.410256, 0.950519, 6.258384), (-0.072590, 0.021260, 0.012736, 0.997054)
65.96816, (3.412784, 0.951020, 6.253014), (-0.071938, 0.021675, 0.012314, 0.997098)
65.98211, (3.427963, 0.928028, 6.259527), (-0.079965, 0.023241, 0.010558, 0.996471)
65.99597, (3.431990, 0.932297, 6.255282), (-0.077096, 0.025426, 0.010546, 0.996644)
66.00987, (3.435729, 0.930868, 6.251227), (-0.076914, 0.026132, 0.010034, 0.996645)
66.02375, (3.448139, 0.914483, 6.254812), (-0.077858, 0.024282, 0.006265, 0.996649)
66.03759, (3.453865, 0.918787, 6.253030), (-0.076462, 0.024994, 0.003639, 0.996753)
66.05151, (3.458756, 0.916417, 6.251338), (-0.078699, 0.025801, 0.001644, 0.996563)
66.06541, (3.461181, 0.916063, 6.246007), (-0.080854, 0.026519, 0.001401, 0.996372)
66.07927, (3.463614, 0.915016, 6.240085), (-0.080710, 0.027367, 0.000781, 0.996362)
66.09317, (3.467344, 0.916826, 6.234619), (-0.078408, 0.027421, -0.000105, 0.996544)
66.10709, (3.472023, 0.916226, 6.230283), (-0.077315, 0.027500, -0.001078, 0.996627)
66.12095, (3.475931, 0.915178, 6.226092), (-0.077124, 0.027943, -0.002077, 0.996628)
66.13483, (3.479840, 0.914130, 6.221900), (-0.076933, 0.028385, -0.003076, 0.996627)
66.14883, (3.485112, 0.923795, 6.222105), (-0.083500, 0.029667, -0.000358, 0.996066)
66.1627, (3.487376, 0.932035, 6.215566), (-0.083279, 0.031311, -0.000284, 0.996034)
66.17702, (3.492560, 0.934418, 6.211716), (-0.083327, 0.032568, -0.000522, 0.995990)
66.19092, (3.504561, 0.933404, 6.212582), (-0.083736, 0.034051, 0.003484, 0.995900)
66.20464, (3.506937, 0.933790, 6.207293), (-0.084847, 0.034097, 0.007712, 0.995781)
66.21851, (3.509244, 0.937321, 6.199674), (-0.084097, 0.033588, 0.009559, 0.995846)
66.23243, (3.507462, 0.949103, 6.190729), (-0.080208, 0.033449, 0.008259, 0.996183)
66.2463, (3.509514, 0.952892, 6.189569), (-0.078198, 0.034284, 0.006592, 0.996326)
66.26017, (3.511346, 0.949081, 6.188705), (-0.079179, 0.035921, 0.006919, 0.996189)
66.27386, (3.513194, 0.946825, 6.185541), (-0.080617, 0.037521, 0.007805, 0.996008)
66.28759, (3.521096, 0.938849, 6.182471), (-0.083122, 0.037393, 0.009464, 0.995793)
66.3016, (3.527884, 0.938051, 6.180659), (-0.083177, 0.037484, 0.009626, 0.995783)
66.31577, (3.532815, 0.942780, 6.177639), (-0.082919, 0.036598, 0.008612, 0.995847)
66.32944, (3.538506, 0.947399, 6.177825), (-0.085470, 0.037110, 0.006530, 0.995628)
66.34334, (3.536854, 0.951189, 6.178017), (-0.091648, 0.039212, 0.008063, 0.994987)
66.35721, (3.533876, 0.951840, 6.173423), (-0.098505, 0.039695, 0.010592, 0.994288)
66.3711, (3.527000, 0.962249, 6.162923), (-0.099636, 0.037467, 0.011003, 0.994258)
66.38499, (3.521130, 0.974844, 6.151571), (-0.096272, 0.034667, 0.007521, 0.994723)
66.39902, (3.519139, 0.980876, 6.146338), (-0.094356, 0.033718, 0.003511, 0.994961)
66.41291, (3.511410, 0.981529, 6.143901), (-0.091226, 0.034837, 0.001576, 0.995220)
66.4271, (3.505190, 0.983049, 6.138060), (-0.090296, 0.035406, 0.000463, 0.995285)
66.44087, (3.508524, 0.971788, 6.133012), (-0.088153, 0.033797, -0.001515, 0.995532)
66.45473, (3.510026, 0.963999, 6.131632), (-0.085054, 0.031867, -0.002361, 0.995864)
66.46868, (3.515094, 0.955142, 6.133700), (-0.080695, 0.030242, -0.003046, 0.996275)
66.48267, (3.514298, 0.948335, 6.132690), (-0.078580, 0.029636, -0.003520, 0.996461)
66.49649, (3.518857, 0.935179, 6.139368), (-0.079989, 0.028648, -0.004291, 0.996375)
66.51015, (3.520703, 0.919881, 6.142302), (-0.082022, 0.029540, -0.005155, 0.996179)
66.52424, (3.517066, 0.914705, 6.140163), (-0.080415, 0.030184, -0.004843, 0.996293)
66.53817, (3.518534, 0.906771, 6.138777), (-0.078325, 0.030264, -0.006170, 0.996449)
66.55176, (3.517068, 0.908545, 6.139341), (-0.073424, 0.030550, -0.006201, 0.996814)
66.56562, (3.520692, 0.900744, 6.142234), (-0.073009, 0.030844, -0.006506, 0.996833)
66.57967, (3.525234, 0.896934, 6.145729), (-0.074570, 0.030830, -0.004985, 0.996727)
66.59341, (3.530750, 0.898336, 6.148912), (-0.081023, 0.031023, -0.002919, 0.996225)
66.60734, (3.529048, 0.910581, 6.146547), (-0.083657, 0.033751, -0.000962, 0.995922)
66.62124, (3.527068, 0.903180, 6.145901), (-0.081924, 0.035728, 0.002469, 0.995995)
66.63521, (3.526742, 0.912274, 6.145975), (-0.079566, 0.036261, 0.003136, 0.996165)
66.6492, (3.525545, 0.924040, 6.145728), (-0.078528, 0.034564, 0.002150, 0.996310)
66.66303, (3.524137, 0.932409, 6.146107), (-0.081299, 0.032589, 0.000984, 0.996156)
66.67693, (3.522730, 0.939368, 6.148112), (-0.086896, 0.032054, 0.001632, 0.995700)
66.69102, (3.516507, 0.951155, 6.150456), (-0.091981, 0.032293, 0.001917, 0.995235)
66.7051, (3.513710, 0.954809, 6.148089), (-0.093955, 0.032963, 0.000881, 0.995030)
66.71965, (3.512342, 0.957279, 6.143394), (-0.092903, 0.033117, 0.000232, 0.995124)
66.73253, (3.516803, 0.953145, 6.142532), (-0.091147, 0.032198, -0.000327, 0.995317)
66.74632, (3.517056, 0.953088, 6.141269), (-0.090694, 0.032036, 0.000001, 0.995363)
66.76028, (3.517530, 0.954481, 6.142614), (-0.093823, 0.032216, 0.001043, 0.995067)
66.77423, (3.519446, 0.952421, 6.141034), (-0.094427, 0.033533, 0.002215, 0.994964)
66.78809, (3.521188, 0.950270, 6.137612), (-0.093226, 0.034499, 0.003143, 0.995042)
66.80208, (3.523411, 0.945793, 6.131005), (-0.090030, 0.034928, 0.004064, 0.995318)
66.81584, (3.525144, 0.939900, 6.125267), (-0.087442, 0.034592, 0.005398, 0.995554)
66.82983, (3.530753, 0.915357, 6.114120), (-0.081834, 0.034189, 0.004873, 0.996048)
66.8437, (3.533683, 0.903263, 6.111621), (-0.077416, 0.035131, 0.003790, 0.996373)
66.8586, (3.540056, 0.879566, 6.111966), (-0.077365, 0.036517, 0.003737, 0.996327)
66.87202, (3.539141, 0.854842, 6.108768), (-0.077374, 0.038065, 0.006131, 0.996256)
66.88596, (3.537244, 0.832197, 6.103186), (-0.075338, 0.038676, 0.006383, 0.996387)
66.89982, (3.540637, 0.819246, 6.099281), (-0.071108, 0.038231, 0.005463, 0.996721)
66.9138, (3.539466, 0.816658, 6.104672), (-0.066336, 0.038669, 0.000169, 0.997048)
66.9277, (3.531977, 0.812163, 6.109871), (-0.066239, 0.038082, -0.000596, 0.997077)
66.94159, (3.525506, 0.810771, 6.111443), (-0.069761, 0.033588, -0.000658, 0.996998)
66.95504, (3.517430, 0.830907, 6.110874), (-0.069104, 0.030113, -0.003030, 0.997150)
66.96887, (3.520837, 0.841534, 6.115107), (-0.070929, 0.028972, -0.004133, 0.997052)
66.98328, (3.517405, 0.861739, 6.122795), (-0.069101, 0.030389, -0.000024, 0.997147)
66.9969, (3.517799, 0.839227, 6.118332), (-0.068029, 0.031660, 0.004744, 0.997170)
67.01065, (3.517270, 0.849725, 6.128080), (-0.074451, 0.031900, 0.008744, 0.996676)
67.02477, (3.512219, 0.851036, 6.155010), (-0.082592, 0.033047, 0.009537, 0.995990)
67.03834, (3.508841, 0.837516, 6.171638), (-0.092485, 0.036270, 0.006626, 0.995031)
67.05251, (3.505017, 0.817639, 6.190691), (-0.104934, 0.040755, 0.006216, 0.993624)
67.06612, (3.508329, 0.802870, 6.202379), (-0.108392, 0.039792, 0.005893, 0.993294)
67.08041, (3.498268, 0.781685, 6.209760), (-0.108036, 0.036066, -0.001380, 0.993492)
67.094, (3.487430, 0.756577, 6.215014), (-0.106858, 0.029634, -0.010103, 0.993781)
67.10791, (3.467137, 0.723625, 6.210789), (-0.107642, 0.022841, -0.019374, 0.993738)
67.12176, (3.460346, 0.693976, 6.204686), (-0.109183, 0.019661, -0.031441, 0.993330)
67.13571, (3.444540, 0.661062, 6.181270), (-0.107769, 0.022819, -0.036980, 0.993226)
67.14948, (3.444626, 0.628824, 6.150341), (-0.101852, 0.027370, -0.041015, 0.993577)
67.16343, (3.439553, 0.607629, 6.122488), (-0.095121, 0.033662, -0.044361, 0.993907)
67.17749, (3.447969, 0.611296, 6.081048), (-0.080318, 0.038304, -0.043845, 0.995068)
67.19173, (3.458124, 0.594314, 6.042352), (-0.070501, 0.035732, -0.041102, 0.996024)
67.20522, (3.490562, 0.594409, 6.010392), (-0.060739, 0.028330, -0.035683, 0.997113)
67.21954, (3.493461, 0.580103, 5.975008), (-0.056711, 0.027203, -0.025143, 0.997703)
67.23346, (3.504224, 0.569772, 5.947150), (-0.052979, 0.032271, -0.021245, 0.997848)
67.24722, (3.493046, 0.577072, 5.914827), (-0.046455, 0.043232, -0.017197, 0.997836)
67.26144, (3.489237, 0.582442, 5.883988), (-0.038643, 0.054921, -0.017361, 0.997592)
67.27484, (3.492612, 0.575082, 5.852633), (-0.034630, 0.056908, -0.016620, 0.997640)
67.28838, (3.501697, 0.578605, 5.821270), (-0.029872, 0.053317, -0.019533, 0.997940)
67.30225, (3.501798, 0.583878, 5.793085), (-0.025367, 0.053212, -0.019600, 0.998069)
67.31611, (3.494232, 0.590229, 5.780671), (-0.026935, 0.056808, -0.020514, 0.997811)
67.32992, (3.493094, 0.611242, 5.778467), (-0.023892, 0.061732, -0.022396, 0.997555)
67.34422, (3.497229, 0.613288, 5.782346), (-0.023864, 0.062041, -0.023167, 0.997519)
67.35774, (3.505295, 0.602788, 5.791747), (-0.027088, 0.060281, -0.023034, 0.997548)
67.37157, (3.510294, 0.610433, 5.848839), (-0.025058, 0.054367, -0.018907, 0.998028)
67.38554, (3.496763, 0.624409, 5.907290), (-0.030454, 0.049194, -0.014527, 0.998219)
67.39942, (3.498633, 0.615860, 5.850925), (-0.041167, 0.048052, -0.019360, 0.997808)
67.41381, (3.486823, 0.606290, 5.878957), (-0.044669, 0.048138, -0.023746, 0.997559)
67.42727, (3.487251, 0.606500, 5.851212), (-0.041399, 0.048114, -0.025546, 0.997657)
67.44118, (3.490191, 0.612925, 5.852739), (-0.034869, 0.049489, -0.026943, 0.997802)
67.45512, (3.506608, 0.599347, 5.787222), (-0.022237, 0.051104, -0.025300, 0.998125)
67.46898, (3.509390, 0.597113, 5.773106), (-0.019463, 0.051314, -0.025758, 0.998161)
67.48286, (3.512175, 0.594877, 5.758981), (-0.016688, 0.051522, -0.026216, 0.998188)
67.49712, (3.519266, 0.588589, 5.780949), (0.000801, 0.054446, -0.023542, 0.998239)
67.51071, (3.521494, 0.583829, 5.798428), (-0.000766, 0.055420, -0.022161, 0.998217)
67.52481, (3.525463, 0.591151, 5.801641), (0.000036, 0.054822, -0.025801, 0.998163)
67.53866, (3.529433, 0.591602, 5.801056), (-0.004572, 0.054800, -0.031542, 0.997989)
67.55251, (3.535122, 0.596772, 5.793612), (-0.008476, 0.059154, -0.035697, 0.997574)
67.56634, (3.547846, 0.608853, 5.774091), (-0.012297, 0.065355, -0.038832, 0.997030)
67.58022, (3.571830, 0.618391, 5.759804), (-0.017451, 0.072928, -0.040928, 0.996344)
67.59411, (3.586735, 0.622708, 5.744920), (-0.024608, 0.081585, -0.040055, 0.995557)
67.60802, (3.610182, 0.632618, 5.732512), (-0.029382, 0.090098, -0.039028, 0.994734)
67.62193, (3.632895, 0.636507, 5.716558), (-0.033916, 0.097038, -0.036475, 0.994034)
67.63649, (3.657090, 0.644137, 5.706951), (-0.032887, 0.101743, -0.036505, 0.993597)
67.64974, (3.677129, 0.642312, 5.693439), (-0.036690, 0.107074, -0.037096, 0.992881)
67.66422, (3.709184, 0.634158, 5.672750), (-0.040973, 0.110724, -0.041256, 0.992149)
67.67822, (3.735364, 0.638732, 5.646175), (-0.040188, 0.114947, -0.043047, 0.991625)
67.69157, (3.765913, 0.640254, 5.624649), (-0.035437, 0.119011, -0.045282, 0.991227)
67.70544, (3.799500, 0.632757, 5.608345), (-0.035862, 0.124781, -0.047303, 0.990407)
67.71938, (3.834310, 0.627818, 5.591698), (-0.036132, 0.130495, -0.049213, 0.989568)
67.73347, (3.868228, 0.621060, 5.571382), (-0.037831, 0.137211, -0.051799, 0.988463)
67.74723, (3.902690, 0.621127, 5.546060), (-0.037821, 0.141714, -0.052845, 0.987772)
67.76132, (3.935760, 0.623131, 5.523729), (-0.036240, 0.145451, -0.055504, 0.987142)
67.77506, (3.971117, 0.626355, 5.511747), (-0.036833, 0.148070, -0.057923, 0.986592)
67.78893, (4.014543, 0.626105, 5.501280), (-0.043155, 0.151089, -0.062269, 0.985613)
67.8029, (4.051288, 0.621004, 5.482282), (-0.047754, 0.155763, -0.063399, 0.984600)
67.81688, (4.087001, 0.615737, 5.459058), (-0.051147, 0.159622, -0.064322, 0.983752)
67.83084, (4.117020, 0.620699, 5.430990), (-0.049547, 0.161743, -0.065353, 0.983419)
67.8448, (4.149505, 0.617349, 5.416135), (-0.051915, 0.163273, -0.068258, 0.982847)
67.85872, (4.189893, 0.618105, 5.407723), (-0.054282, 0.165315, -0.072274, 0.982090)
67.87273, (4.227261, 0.610235, 5.396559), (-0.057601, 0.166857, -0.073390, 0.981557)
67.88663, (4.254066, 0.608296, 5.379299), (-0.057374, 0.166206, -0.073021, 0.981709)
67.90055, (4.273877, 0.607727, 5.360129), (-0.058609, 0.164305, -0.074577, 0.981839)
67.91503, (4.303755, 0.610975, 5.344543), (-0.060219, 0.160116, -0.079335, 0.982060)
67.92859, (4.329188, 0.612682, 5.337794), (-0.060978, 0.156393, -0.082413, 0.982360)
67.94279, (4.361189, 0.612494, 5.329716), (-0.062512, 0.152460, -0.084066, 0.982742)
67.9563, (4.393696, 0.609840, 5.318479), (-0.065159, 0.150700, -0.086931, 0.982592)
67.97054, (4.415206, 0.611039, 5.306170), (-0.069541, 0.147929, -0.090024, 0.982434)
67.98415, (4.443022, 0.614359, 5.290251), (-0.071335, 0.143020, -0.090945, 0.982947)
67.99799, (4.474638, 0.616844, 5.278069), (-0.075056, 0.139792, -0.092660, 0.982975)
68.01193, (4.503304, 0.615194, 5.270223), (-0.077862, 0.138247, -0.091623, 0.983072)
68.02581, (4.528741, 0.614979, 5.258354), (-0.080849, 0.136157, -0.091087, 0.983172)
68.03968, (4.554495, 0.611504, 5.243347), (-0.083165, 0.132463, -0.092152, 0.983385)
68.05357, (4.572451, 0.608932, 5.232121), (-0.084339, 0.128013, -0.094709, 0.983631)
68.06757, (4.599311, 0.609168, 5.224777), (-0.086659, 0.121694, -0.098653, 0.983844)
68.08138, (4.620231, 0.613035, 5.216143), (-0.089498, 0.117935, -0.101944, 0.983712)
68.09528, (4.650723, 0.614090, 5.207071), (-0.093085, 0.114218, -0.104934, 0.983503)
68.10914, (4.678202, 0.607034, 5.196701), (-0.097756, 0.113169, -0.103949, 0.983276)
68.12299, (4.698590, 0.605764, 5.176973), (-0.098757, 0.110522, -0.104149, 0.983456)
68.13693, (4.720331, 0.602905, 5.165899), (-0.099474, 0.106240, -0.107298, 0.983517)
68.15088, (4.743088, 0.600991, 5.163250), (-0.102502, 0.103248, -0.111096, 0.983103)
68.16476, (4.767920, 0.601373, 5.158645), (-0.106251, 0.101365, -0.114376, 0.982524)
68.17866, (4.784091, 0.602608, 5.148394), (-0.108401, 0.100932, -0.114682, 0.982298)
68.1925, (4.799479, 0.601194, 5.131418), (-0.107778, 0.096978, -0.115465, 0.982673)
68.20631, (4.813175, 0.598428, 5.121406), (-0.107764, 0.092856, -0.118530, 0.982708)
68.22033, (4.826344, 0.598216, 5.118967), (-0.108220, 0.089163, -0.121348, 0.982656)
68.23412, (4.842344, 0.594683, 5.118084), (-0.110471, 0.086988, -0.123885, 0.982284)
68.24799, (4.855742, 0.595313, 5.110549), (-0.112282, 0.084396, -0.125376, 0.982116)
68.26189, (4.868927, 0.594347, 5.099823), (-0.112904, 0.081496, -0.127463, 0.982021)
68.27595, (4.877546, 0.588721, 5.092795), (-0.113768, 0.079609, -0.130003, 0.981743)
68.28996, (4.883910, 0.588100, 5.089659), (-0.114136, 0.077965, -0.130011, 0.981831)
68.30376, (4.891293, 0.585753, 5.084929), (-0.115979, 0.076053, -0.130457, 0.981706)
68.31767, (4.900559, 0.585007, 5.077279), (-0.117750, 0.074047, -0.131350, 0.981529)
68.33158, (4.906157, 0.587999, 5.071089), (-0.118516, 0.073089, -0.131090, 0.981543)
68.3454, (4.915963, 0.588626, 5.067575), (-0.118810, 0.070951, -0.130566, 0.981735)
68.35931, (4.919435, 0.588850, 5.066431), (-0.119011, 0.069898, -0.129720, 0.981898)
68.37304, (4.924679, 0.587233, 5.064294), (-0.120303, 0.068505, -0.130299, 0.981762)
68.38703, (4.926550, 0.586028, 5.057391), (-0.121914, 0.068452, -0.130642, 0.981521)
68.40065, (4.929794, 0.588058, 5.050927), (-0.123924, 0.068117, -0.129899, 0.981392)
68.41448, (4.934339, 0.589167, 5.046022), (-0.125155, 0.067696, -0.129297, 0.981344)
68.42836, (4.927533, 0.594032, 5.042281), (-0.125143, 0.069029, -0.126546, 0.981611)
68.44234, (4.925318, 0.594115, 5.041659), (-0.125647, 0.068234, -0.125811, 0.981697)
68.45616, (4.922095, 0.594668, 5.038081), (-0.126021, 0.067820, -0.125291, 0.981744)
68.47015, (4.913865, 0.595626, 5.033903), (-0.126061, 0.066703, -0.124220, 0.981952)
68.48441, (4.892104, 0.596471, 5.033247), (-0.125819, 0.062208, -0.127793, 0.981819)
68.49807, (4.882993, 0.596806, 5.031780), (-0.126132, 0.063044, -0.127761, 0.981730)
68.5118, (4.873995, 0.597227, 5.026779), (-0.124160, 0.063391, -0.126541, 0.982117)
68.52576, (4.861999, 0.594943, 5.019834), (-0.121277, 0.063357, -0.126104, 0.982535)
68.53999, (4.849897, 0.593553, 5.016227), (-0.119066, 0.063350, -0.126499, 0.982755)
68.55385, (4.832409, 0.591880, 5.017715), (-0.115766, 0.064284, -0.129921, 0.982643)
68.56772, (4.815114, 0.589285, 5.014274), (-0.112298, 0.062693, -0.130272, 0.983101)
68.58147, (4.803406, 0.587312, 5.010225), (-0.111188, 0.059355, -0.129492, 0.983538)
68.5955, (4.789059, 0.579438, 5.006738), (-0.113347, 0.058605, -0.129327, 0.983358)
68.60931, (4.777996, 0.585347, 5.003159), (-0.114466, 0.059589, -0.128142, 0.983324)
68.62336, (4.767130, 0.589923, 5.003278), (-0.114004, 0.059657, -0.126443, 0.983594)
68.63696, (4.748310, 0.596465, 5.003178), (-0.112097, 0.059361, -0.123020, 0.984265)
68.65068, (4.732384, 0.603989, 5.002037), (-0.108936, 0.058180, -0.122095, 0.984805)
68.66454, (4.717397, 0.605000, 4.999142), (-0.107393, 0.056209, -0.124212, 0.984824)
68.67837, (4.701892, 0.600888, 5.000676), (-0.109865, 0.056758, -0.125363, 0.984374)
68.69228, (4.689490, 0.605794, 4.998158), (-0.109380, 0.058870, -0.125016, 0.984348)
68.7062, (4.677053, 0.617482, 4.998363), (-0.108511, 0.060096, -0.122279, 0.984714)
68.72011, (4.667387, 0.633457, 4.999826), (-0.105756, 0.061216, -0.121883, 0.984994)
68.73392, (4.660698, 0.650487, 5.005600), (-0.103416, 0.062346, -0.121996, 0.985158)
68.74789, (4.657975, 0.655627, 5.022346), (-0.107675, 0.067891, -0.119262, 0.984669)
68.76178, (4.656198, 0.654589, 5.039987), (-0.114330, 0.072355, -0.113055, 0.984333)
68.77602, (4.646809, 0.659927, 5.051671), (-0.124330, 0.075575, -0.100984, 0.984192)
68.78959, (4.626945, 0.656465, 5.060616), (-0.134654, 0.076246, -0.093737, 0.983498)
68.80353, (4.608052, 0.683876, 5.069703), (-0.138251, 0.074081, -0.092157, 0.983314)
68.81809, (4.583216, 0.693228, 5.087008), (-0.143374, 0.072528, -0.094031, 0.982518)
68.83198, (4.566216, 0.700796, 5.098127), (-0.149209, 0.072366, -0.095071, 0.981561)
68.84595, (4.551022, 0.713140, 5.104179), (-0.147580, 0.073927, -0.092265, 0.981958)
68.85976, (4.538664, 0.723296, 5.114948), (-0.146089, 0.075002, -0.087069, 0.982574)
68.87386, (4.530905, 0.731109, 5.132083), (-0.147711, 0.076942, -0.083229, 0.982514)
68.88692, (4.521866, 0.732611, 5.153782), (-0.150088, 0.078617, -0.077086, 0.982523)
68.90093, (4.506020, 0.737619, 5.177122), (-0.152067, 0.078316, -0.067456, 0.982951)
68.91475, (4.485370, 0.744129, 5.194808), (-0.155102, 0.076662, -0.064578, 0.982800)
68.92862, (4.463030, 0.758401, 5.215056), (-0.156998, 0.073630, -0.063471, 0.982803)
68.94259, (4.434603, 0.770713, 5.235537), (-0.157877, 0.070936, -0.065457, 0.982730)
68.95686, (4.408939, 0.774511, 5.263210), (-0.160300, 0.068431, -0.067831, 0.982354)
68.97041, (4.385496, 0.784460, 5.285863), (-0.162231, 0.066237, -0.070909, 0.981970)
68.98418, (4.366638, 0.799055, 5.308051), (-0.162678, 0.064069, -0.074539, 0.981772)
68.99817, (4.351459, 0.814664, 5.335527), (-0.165732, 0.062760, -0.074256, 0.981367)
69.01193, (4.341703, 0.825429, 5.358744), (-0.167305, 0.060731, -0.070313, 0.981518)
69.02586, (4.329793, 0.833890, 5.386415), (-0.171441, 0.058716, -0.061904, 0.981493)
69.03976, (4.326623, 0.853719, 5.412802), (-0.170053, 0.055925, -0.053791, 0.982375)
69.0536, (4.310383, 0.867233, 5.438319), (-0.169929, 0.053521, -0.044484, 0.982996)
69.0675, (4.292732, 0.882012, 5.462122), (-0.167722, 0.050133, -0.036483, 0.983883)
69.0814, (4.270088, 0.894883, 5.483098), (-0.166889, 0.045767, -0.031864, 0.984397)
69.09544, (4.247513, 0.909271, 5.504234), (-0.167063, 0.044055, -0.033230, 0.984401)
69.10912, (4.218427, 0.927831, 5.524463), (-0.165503, 0.045544, -0.032326, 0.984627)
69.12329, (4.198447, 0.945467, 5.548396), (-0.165604, 0.047035, -0.031564, 0.984564)
69.13719, (4.183328, 0.964875, 5.571691), (-0.164859, 0.047167, -0.030897, 0.984704)
69.15105, (4.167473, 0.983068, 5.586878), (-0.163282, 0.045390, -0.029295, 0.985099)
69.16485, (4.157005, 0.999305, 5.599570), (-0.160790, 0.040778, -0.025613, 0.985813)
69.17873, (4.143848, 0.999583, 5.612999), (-0.161575, 0.036846, -0.017155, 0.986023)
69.19352, (4.127930, 1.012882, 5.630526), (-0.161074, 0.034830, -0.013608, 0.986234)
69.20683, (4.117592, 1.017714, 5.640945), (-0.161414, 0.040135, -0.010784, 0.986011)
69.22056, (4.104514, 1.021076, 5.657959), (-0.162917, 0.042968, -0.006050, 0.985685)
69.23452, (4.091910, 1.021112, 5.670812), (-0.163481, 0.046017, -0.000356, 0.985473)
69.24836, (4.080093, 1.023997, 5.682837), (-0.162656, 0.047089, 0.001729, 0.985557)
69.26241, (4.061842, 1.029963, 5.690459), (-0.158485, 0.045871, 0.002088, 0.986293)
69.2767, (4.045547, 1.029083, 5.704334), (-0.156946, 0.044960, 0.000515, 0.986583)
69.29071, (4.034497, 1.022884, 5.723523), (-0.159738, 0.044428, -0.000579, 0.986159)
69.30452, (4.018810, 1.016710, 5.739776), (-0.161482, 0.046444, -0.000211, 0.985782)
69.3186, (4.000530, 1.019083, 5.753150), (-0.160245, 0.048501, 0.000140, 0.985885)
69.33192, (3.985083, 1.032569, 5.765441), (-0.154763, 0.049341, -0.001974, 0.986717)
69.34583, (3.972474, 1.034672, 5.784111), (-0.150677, 0.049431, -0.003828, 0.987339)
69.35976, (3.959938, 1.033214, 5.803985), (-0.150055, 0.048793, -0.003711, 0.987466)
69.37362, (3.950580, 1.027113, 5.828852), (-0.151715, 0.047408, -0.002910, 0.987282)
69.38789, (3.938303, 1.023070, 5.851486), (-0.153819, 0.046022, -0.002010, 0.987025)
69.40208, (3.924660, 1.025964, 5.873880), (-0.155576, 0.043820, -0.001196, 0.986851)
69.41553, (3.914469, 1.021446, 5.896542), (-0.158588, 0.041926, -0.001118, 0.986454)
69.42993, (3.898853, 1.019055, 5.916500), (-0.161272, 0.040650, -0.000255, 0.986072)
69.44316, (3.882737, 1.017668, 5.934443), (-0.162663, 0.039427, 0.000247, 0.985894)
69.45699, (3.865791, 1.018298, 5.950525), (-0.161443, 0.037771, 0.000077, 0.986159)
69.47079, (3.850462, 1.014904, 5.967152), (-0.161409, 0.036452, 0.000066, 0.986214)
69.48479, (3.835474, 1.012038, 5.984089), (-0.160806, 0.034951, -0.000035, 0.986367)
69.49861, (3.820356, 1.009930, 5.997308), (-0.159637, 0.033117, 0.000836, 0.986620)
69.51244, (3.805268, 1.008008, 6.014882), (-0.159734, 0.031844, 0.001166, 0.986646)
69.52612, (3.788438, 1.008041, 6.022811), (-0.156945, 0.032449, 0.000724, 0.987074)
69.54022, (3.776119, 1.007446, 6.028081), (-0.151180, 0.034021, 0.004731, 0.987909)
69.55345, (3.761117, 1.005890, 6.041903), (-0.150077, 0.033382, 0.005553, 0.988095)
69.56741, (3.746770, 1.009613, 6.042467), (-0.143092, 0.029830, 0.006800, 0.989236)
69.58147, (3.732074, 1.005429, 6.052786), (-0.142440, 0.028666, 0.006502, 0.989367)
69.59513, (3.718984, 1.000228, 6.063723), (-0.143734, 0.028311, 0.006753, 0.989188)
69.60902, (3.702936, 0.997596, 6.071320), (-0.143861, 0.029267, 0.007202, 0.989139)
69.62297, (3.690379, 1.001840, 6.076246), (-0.142017, 0.030343, 0.006089, 0.989380)
69.63678, (3.680105, 1.001778, 6.083551), (-0.140998, 0.031200, 0.005205, 0.989504)
69.65069, (3.669793, 1.002216, 6.093987), (-0.141387, 0.031523, 0.006205, 0.989433)
69.66456, (3.663605, 1.001332, 6.104394), (-0.144309, 0.031446, 0.006997, 0.989008)
69.67842, (3.656031, 0.999779, 6.111849), (-0.147771, 0.031951, 0.008461, 0.988469)
69.69344, (3.644693, 1.003329, 6.114594), (-0.146960, 0.031997, 0.010602, 0.988568)
69.70679, (3.633795, 1.007152, 6.115315), (-0.144203, 0.031579, 0.011274, 0.988980)
69.72074, (3.623904, 1.008699, 6.119335), (-0.141201, 0.030617, 0.011379, 0.989442)
69.7346, (3.612914, 1.009111, 6.124489), (-0.139331, 0.030483, 0.011744, 0.989707)
69.74867, (3.607367, 1.010422, 6.131432), (-0.138881, 0.030110, 0.011764, 0.989781)
69.76258, (3.601448, 1.010983, 6.138411), (-0.139015, 0.029828, 0.012066, 0.989767)
69.77656, (3.595349, 1.011823, 6.144156), (-0.141326, 0.030808, 0.013500, 0.989391)
69.79015, (3.589869, 1.013242, 6.150488), (-0.142501, 0.030592, 0.015140, 0.989206)
69.80431, (3.583599, 1.013150, 6.155106), (-0.143154, 0.030040, 0.016173, 0.989112)
69.81847, (3.575094, 1.015937, 6.154932), (-0.142210, 0.028223, 0.016598, 0.989295)
69.83188, (3.567410, 1.016454, 6.155705), (-0.141247, 0.026250, 0.015771, 0.989501)
69.84583, (3.561191, 1.016217, 6.158328), (-0.141551, 0.024973, 0.014485, 0.989510)
69.85972, (3.556012, 1.012927, 6.162424), (-0.143434, 0.025339, 0.013706, 0.989241)
69.87354, (3.548141, 1.011841, 6.163168), (-0.145397, 0.026817, 0.014423, 0.988905)
69.88746, (3.542377, 1.012691, 6.162873), (-0.145450, 0.027680, 0.014482, 0.988872)
69.90127, (3.536604, 1.012225, 6.161425), (-0.145344, 0.027740, 0.015020, 0.988878)
69.91521, (3.530926, 1.012667, 6.160208), (-0.144432, 0.027908, 0.015168, 0.989005)
69.92948, (3.521146, 1.013638, 6.157302), (-0.142609, 0.027805, 0.016239, 0.989255)
69.94305, (3.512849, 1.014401, 6.155257), (-0.140574, 0.026660, 0.016814, 0.989568)
69.95694, (3.506140, 1.015607, 6.154191), (-0.139003, 0.025417, 0.016284, 0.989832)
69.97074, (3.497267, 1.016854, 6.153500), (-0.137993, 0.025040, 0.016108, 0.989986)
69.98477, (3.491254, 1.011674, 6.158778), (-0.139644, 0.025960, 0.016514, 0.989724)
69.99854, (3.482206, 1.010513, 6.160046), (-0.139952, 0.027106, 0.017266, 0.989637)
70.01279, (3.472029, 1.010668, 6.159051), (-0.139498, 0.027401, 0.017545, 0.989688)
70.02665, (3.462057, 1.013383, 6.157143), (-0.137890, 0.026764, 0.016811, 0.989943)
70.04046, (3.451360, 1.014349, 6.156790), (-0.136218, 0.026233, 0.015532, 0.990210)
70.05421, (3.444051, 1.015972, 6.161446), (-0.135559, 0.026192, 0.014750, 0.990313)
70.06857, (3.438218, 1.015217, 6.165882), (-0.136143, 0.026831, 0.015276, 0.990208)
70.08286, (3.434809, 1.010805, 6.172958), (-0.139758, 0.028547, 0.017765, 0.989615)
70.09608, (3.431792, 1.009896, 6.175211), (-0.142981, 0.029367, 0.019550, 0.989096)
70.1095, (3.425536, 1.012830, 6.173945), (-0.143302, 0.030565, 0.021273, 0.988978)
70.12346, (3.415418, 1.017483, 6.170685), (-0.140424, 0.030945, 0.023924, 0.989319)
70.13873, (3.406359, 1.017929, 6.168075), (-0.135608, 0.029180, 0.026428, 0.989980)
70.1523, (3.399547, 1.016657, 6.169076), (-0.132621, 0.027228, 0.027474, 0.990412)
70.16592, (3.392191, 1.011821, 6.173252), (-0.132304, 0.026121, 0.028109, 0.990466)
70.17942, (3.383315, 1.003029, 6.176963), (-0.134945, 0.025652, 0.028708, 0.990105)
70.19318, (3.373749, 0.999081, 6.178553), (-0.137262, 0.026090, 0.028507, 0.989781)
70.20722, (3.358007, 0.998449, 6.175433), (-0.137573, 0.027425, 0.027957, 0.989717)
70.22091, (3.346882, 0.992948, 6.172431), (-0.137620, 0.028033, 0.027281, 0.989713)
70.23472, (3.339054, 0.987729, 6.170206), (-0.137395, 0.027822, 0.025991, 0.989784)
70.24912, (3.327689, 0.982925, 6.168473), (-0.136463, 0.028404, 0.025251, 0.989916)
70.26229, (3.316741, 0.978993, 6.166203), (-0.135333, 0.029007, 0.024736, 0.990067)
70.27613, (3.308250, 0.978637, 6.163492), (-0.133784, 0.029000, 0.022775, 0.990324)
70.28985, (3.301243, 0.976919, 6.163207), (-0.132124, 0.029148, 0.021297, 0.990576)
70.30383, (3.293954, 0.974580, 6.164496), (-0.129710, 0.029719, 0.021619, 0.990871)
70.31767, (3.292032, 0.971285, 6.167613), (-0.129311, 0.029351, 0.021531, 0.990936)
70.33173, (3.290523, 0.969020, 6.171413), (-0.130464, 0.028915, 0.021245, 0.990804)
70.34549, (3.288703, 0.969658, 6.175476), (-0.132627, 0.029399, 0.020988, 0.990508)
70.35934, (3.286649, 0.971637, 6.178517), (-0.134690, 0.030675, 0.021051, 0.990189)
70.37315, (3.284824, 0.973730, 6.179716), (-0.136325, 0.031558, 0.021407, 0.989930)
70.38727, (3.287947, 0.978508, 6.179926), (-0.136995, 0.031616, 0.020827, 0.989848)
70.40143, (3.290062, 0.983064, 6.179674), (-0.136460, 0.031480, 0.020523, 0.989933)
70.41535, (3.291734, 0.988693, 6.180313), (-0.135976, 0.031224, 0.021326, 0.989990)
70.42902, (3.286099, 0.984725, 6.182195), (-0.137287, 0.030302, 0.022188, 0.989819)
70.44286, (3.291586, 0.989976, 6.182870), (-0.137603, 0.029043, 0.023365, 0.989786)
70.45676, (3.302032, 1.001034, 6.181575), (-0.137409, 0.028772, 0.023216, 0.989824)
70.47051, (3.301517, 1.008455, 6.180203), (-0.135890, 0.029106, 0.023945, 0.990007)
70.48467, (3.304123, 1.012750, 6.181340), (-0.134567, 0.029995, 0.024729, 0.990142)
70.49855, (3.307802, 1.012797, 6.183717), (-0.135502, 0.030560, 0.024815, 0.989995)
70.51218, (3.312235, 1.011219, 6.186769), (-0.137453, 0.030575, 0.024916, 0.989723)
70.52587, (3.314695, 1.006733, 6.187036), (-0.140447, 0.030454, 0.025608, 0.989288)
70.53982, (3.312510, 1.008459, 6.183364), (-0.140619, 0.030032, 0.025384, 0.989283)
70.5537, (3.314924, 1.013597, 6.184945), (-0.139909, 0.029595, 0.024014, 0.989431)
70.56757, (3.313978, 1.011676, 6.180619), (-0.138701, 0.028888, 0.021671, 0.989676)
70.58168, (3.313011, 1.008728, 6.177204), (-0.138314, 0.029306, 0.020373, 0.989745)
70.59531, (3.311407, 1.005523, 6.173982), (-0.138688, 0.030612, 0.018994, 0.989681)
70.60921, (3.310867, 1.000829, 6.170202), (-0.140116, 0.031596, 0.017464, 0.989477)
70.6233, (3.310301, 0.997889, 6.165512), (-0.138901, 0.032250, 0.016696, 0.989640)
70.63718, (3.310113, 0.996418, 6.160774), (-0.137787, 0.032440, 0.016639, 0.989791)
70.65126, (3.310177, 0.997187, 6.153082), (-0.135306, 0.031833, 0.017619, 0.990136)
70.66525, (3.314426, 0.994629, 6.151508), (-0.134667, 0.030932, 0.018759, 0.990230)
70.67923, (3.317455, 0.992639, 6.150017), (-0.134488, 0.030272, 0.019962, 0.990252)
70.69287, (3.317955, 0.993192, 6.148748), (-0.133841, 0.030151, 0.021713, 0.990306)
70.70675, (3.317199, 0.994304, 6.146243), (-0.132652, 0.029891, 0.022910, 0.990447)
70.72074, (3.316729, 0.996939, 6.143756), (-0.131756, 0.029396, 0.021976, 0.990602)
70.73436, (3.317458, 0.995176, 6.141425), (-0.131971, 0.029126, 0.021210, 0.990599)
70.74841, (3.317609, 0.996139, 6.141018), (-0.133202, 0.028267, 0.021176, 0.990459)
70.76209, (3.318356, 0.996465, 6.141592), (-0.134892, 0.027647, 0.021161, 0.990248)
70.77602, (3.320165, 0.996194, 6.142685), (-0.136468, 0.026404, 0.021240, 0.990065)
70.78987, (3.321178, 0.996858, 6.142358), (-0.136360, 0.025563, 0.021239, 0.990102)
70.80389, (3.320961, 0.998823, 6.140929), (-0.135778, 0.024624, 0.020776, 0.990215)
70.81767, (3.320568, 1.000987, 6.138670), (-0.134888, 0.023472, 0.020139, 0.990378)
70.83156, (3.320058, 1.002789, 6.136164), (-0.134778, 0.022532, 0.020147, 0.990415)
70.84556, (3.320336, 1.003780, 6.134029), (-0.135295, 0.022048, 0.020606, 0.990346)
70.85923, (3.321225, 1.004511, 6.132434), (-0.135320, 0.021538, 0.021767, 0.990329)
70.87295, (3.322397, 1.004908, 6.130867), (-0.135678, 0.020789, 0.022212, 0.990286)
70.88685, (3.323479, 1.005446, 6.129174), (-0.136316, 0.019768, 0.022478, 0.990213)
70.90076, (3.324352, 1.004866, 6.125743), (-0.136619, 0.019295, 0.022339, 0.990184)
70.91466, (3.323666, 1.005152, 6.122110), (-0.135278, 0.019759, 0.022378, 0.990358)
70.92857, (3.322784, 1.004227, 6.118095), (-0.134747, 0.020703, 0.022174, 0.990416)
70.94238, (3.321170, 1.002802, 6.114054), (-0.134089, 0.021422, 0.022927, 0.990473)
70.95628, (3.320700, 0.999349, 6.109152), (-0.133501, 0.021151, 0.022325, 0.990571)
70.97018, (3.319186, 0.998238, 6.105878), (-0.132552, 0.021351, 0.022449, 0.990692)
70.98417, (3.319058, 0.996673, 6.103759), (-0.131562, 0.020947, 0.023356, 0.990811)
70.99802, (3.322286, 0.995715, 6.103874), (-0.130536, 0.020558, 0.023390, 0.990954)
71.01158, (3.321651, 0.993700, 6.100965), (-0.130942, 0.020467, 0.024332, 0.990880)
71.02579, (3.323770, 0.989593, 6.101181), (-0.132179, 0.020138, 0.024820, 0.990711)
71.03957, (3.325133, 0.986409, 6.100433), (-0.132919, 0.020062, 0.024550, 0.990620)
71.05322, (3.326517, 0.983511, 6.099864), (-0.133482, 0.020297, 0.023490, 0.990565)
71.06704, (3.326199, 0.981823, 6.098068), (-0.132812, 0.020631, 0.022929, 0.990661)
71.08107, (3.324955, 0.982422, 6.094762), (-0.131059, 0.021354, 0.019613, 0.990951)
71.09484, (3.325529, 0.981534, 6.092913), (-0.131254, 0.021182, 0.019191, 0.990937)
71.1088, (3.330672, 0.981538, 6.093525), (-0.134581, 0.021423, 0.019663, 0.990476)
71.1242, (3.335848, 0.981773, 6.093825), (-0.135469, 0.021882, 0.021722, 0.990302)
71.13674, (3.338721, 0.982111, 6.091998), (-0.134732, 0.021270, 0.022866, 0.990390)
71.15092, (3.340845, 0.983138, 6.088789), (-0.132695, 0.020274, 0.022427, 0.990696)
71.16472, (3.342248, 0.983760, 6.084507), (-0.131936, 0.019112, 0.021055, 0.990850)
71.21412, (3.340730, 0.985912, 6.082258), (-0.131887, 0.019776, 0.020320, 0.990859)