180.2433, (-1.280731, 0.308803, 6.162352), (0.058690, -0.151267, 0.011978, 0.986677)
180.2714, (-1.286592, 0.309393, 6.163022), (0.052301, -0.162578, 0.010550, 0.985252)
180.2996, (-1.291601, 0.309974, 6.163976), (0.046626, -0.174399, 0.011985, 0.983498)
180.3278, (-1.297066, 0.311510, 6.165511), (0.046944, -0.186104, 0.013759, 0.981312)
180.3558, (-1.302569, 0.313186, 6.166902), (0.040250, -0.193635, 0.010103, 0.980196)
180.384, (-1.307227, 0.314450, 6.168122), (0.035895, -0.199952, 0.008122, 0.979114)
180.4117, (-1.312161, 0.315353, 6.169199), (0.031645, -0.208174, 0.007361, 0.977552)
180.44, (-1.316014, 0.316071, 6.171410), (0.026610, -0.208868, 0.009787, 0.977533)
180.4678, (-1.320963, 0.316638, 6.173057), (0.024725, -0.214068, 0.009878, 0.976456)
180.4957, (-1.325278, 0.316432, 6.173989), (0.022246, -0.221054, 0.009769, 0.974959)
180.5233, (-1.328781, 0.316407, 6.174964), (0.024108, -0.229263, 0.010890, 0.973005)
180.5512, (-1.332383, 0.316849, 6.177016), (0.025560, -0.231780, 0.012167, 0.972356)
180.5791, (-1.335255, 0.317938, 6.178211), (0.023921, -0.235322, 0.013427, 0.971530)
180.6071, (-1.338130, 0.319280, 6.179539), (0.020127, -0.239712, 0.009881, 0.970585)
180.635, (-1.340386, 0.319529, 6.180558), (0.015220, -0.242137, 0.005305, 0.970108)
180.6629, (-1.341595, 0.320588, 6.180968), (0.013835, -0.246052, 0.008231, 0.969123)
180.6909, (-1.342083, 0.321495, 6.181731), (0.008922, -0.246887, 0.006078, 0.968984)
180.7189, (-1.340092, 0.322848, 6.182052), (0.009828, -0.241769, 0.005706, 0.970268)
180.7469, (-1.337469, 0.323397, 6.181658), (0.005564, -0.234175, -0.000428, 0.972179)
180.7745, (-1.334674, 0.324133, 6.181788), (0.006530, -0.228969, -0.003729, 0.973405)
180.8019, (-1.329669, 0.322383, 6.180789), (0.019174, -0.211115, 0.002081, 0.977271)
180.8297, (-1.322410, 0.322777, 6.178935), (0.022673, -0.194785, 0.004445, 0.980574)
180.8573, (-1.315025, 0.322849, 6.175875), (0.018297, -0.178436, -0.000089, 0.983782)
180.8851, (-1.307051, 0.323171, 6.172769), (0.019863, -0.164895, -0.002991, 0.986107)
180.9125, (-1.298493, 0.322817, 6.168520), (0.016694, -0.149885, -0.006745, 0.988540)
180.9402, (-1.289012, 0.322171, 6.163715), (0.012159, -0.138671, -0.010689, 0.990206)
180.9678, (-1.278222, 0.320512, 6.157248), (0.008503, -0.131017, -0.012409, 0.991266)
180.9958, (-1.267178, 0.318472, 6.150268), (0.005931, -0.125295, -0.012064, 0.992029)
181.0232, (-1.255324, 0.314969, 6.142587), (0.006397, -0.119500, -0.012570, 0.992734)
181.0509, (-1.241721, 0.311123, 6.134670), (0.005496, -0.113802, -0.011992, 0.993416)
181.0784, (-1.226959, 0.307486, 6.126081), (0.011088, -0.108830, -0.010745, 0.993941)
181.106, (-1.212025, 0.303533, 6.117256), (0.013553, -0.104139, -0.009534, 0.994425)
181.1337, (-1.196759, 0.299726, 6.107996), (0.015948, -0.099270, -0.009294, 0.994890)
181.1615, (-1.176228, 0.296038, 6.096218), (0.011382, -0.097334, -0.010999, 0.995126)
181.1891, (-1.158984, 0.292103, 6.086236), (0.009231, -0.092249, -0.012406, 0.995616)
181.2168, (-1.135646, 0.286624, 6.074741), (-0.005099, -0.088199, -0.017043, 0.995944)
181.2444, (-1.114405, 0.281729, 6.063661), (-0.002714, -0.083610, -0.016604, 0.996357)
181.2722, (-1.094494, 0.276704, 6.052622), (-0.003484, -0.078084, -0.016398, 0.996806)
181.2999, (-1.072160, 0.273785, 6.041141), (0.012401, -0.075676, -0.004498, 0.997045)
181.3278, (-1.051465, 0.275118, 6.030526), (0.032535, -0.071911, 0.003549, 0.996874)
181.3555, (-1.033039, 0.282107, 6.023365), (0.043844, -0.065337, 0.003134, 0.996895)
181.3833, (-1.016260, 0.290217, 6.016390), (0.037936, -0.062005, -0.004357, 0.997345)
181.4111, (-1.002763, 0.295700, 6.007041), (0.018459, -0.060289, -0.007997, 0.997978)
181.4389, (-0.990174, 0.301348, 5.998243), (0.021856, -0.067474, -0.000288, 0.997482)
181.4667, (-0.978647, 0.305316, 5.989844), (0.023711, -0.075229, 0.006904, 0.996861)
181.4948, (-0.966908, 0.311726, 5.983092), (0.039508, -0.082649, 0.012194, 0.995721)
181.5226, (-0.955488, 0.316621, 5.974900), (0.032060, -0.081293, 0.014194, 0.996074)
181.5504, (-0.945912, 0.321658, 5.965870), (0.024180, -0.089475, 0.014010, 0.995597)
181.5782, (-0.935846, 0.324976, 5.957276), (0.014092, -0.100963, 0.010526, 0.994735)
181.6058, (-0.926334, 0.326886, 5.949896), (0.007275, -0.108046, 0.005686, 0.994103)
181.6338, (-0.916603, 0.327283, 5.942997), (0.008834, -0.106781, 0.004404, 0.994234)
181.6617, (-0.907542, 0.327208, 5.934510), (0.012539, -0.101196, 0.007561, 0.994759)
181.6894, (-0.899199, 0.327286, 5.924904), (0.009394, -0.097863, 0.007180, 0.995130)
181.7175, (-0.891469, 0.327687, 5.916381), (0.002194, -0.095836, 0.003497, 0.995389)
181.745, (-0.884161, 0.327126, 5.908251), (-0.007230, -0.091464, -0.001946, 0.995780)
181.7728, (-0.876810, 0.325984, 5.899483), (-0.013809, -0.088570, -0.000561, 0.995974)
181.8005, (-0.869644, 0.325132, 5.890500), (-0.014214, -0.082823, 0.003253, 0.996458)
181.8285, (-0.862995, 0.326137, 5.880982), (-0.011023, -0.077555, 0.002961, 0.996923)
181.8562, (-0.857624, 0.326291, 5.872375), (-0.018191, -0.080189, -0.005407, 0.996599)
181.884, (-0.852482, 0.326330, 5.864328), (-0.021503, -0.081840, -0.009078, 0.996372)
181.9119, (-0.847091, 0.325677, 5.856606), (-0.017947, -0.081403, -0.006075, 0.996501)
181.94, (-0.842095, 0.324477, 5.849253), (-0.016131, -0.079578, -0.009317, 0.996655)
181.9677, (-0.836571, 0.323124, 5.840670), (-0.015304, -0.074191, -0.009764, 0.997079)
181.9956, (-0.831418, 0.321680, 5.831469), (-0.015900, -0.069839, -0.008994, 0.997391)
182.0234, (-0.826217, 0.320415, 5.822714), (-0.019200, -0.067752, -0.009784, 0.997470)
182.0513, (-0.820921, 0.319416, 5.814241), (-0.021851, -0.065761, -0.010429, 0.997542)
182.0791, (-0.815769, 0.318791, 5.805545), (-0.023944, -0.063162, -0.010789, 0.997658)
182.1069, (-0.810709, 0.318358, 5.797100), (-0.026962, -0.060570, -0.010842, 0.997741)
182.1349, (-0.805597, 0.319164, 5.789488), (-0.029307, -0.056850, -0.015556, 0.997831)
182.1628, (-0.800768, 0.319884, 5.783484), (-0.035975, -0.055906, -0.025636, 0.997459)
182.1904, (-0.800798, 0.319293, 5.777265), (-0.013219, -0.059797, -0.031747, 0.997618)
182.2183, (-0.797909, 0.317792, 5.768786), (-0.008931, -0.059339, -0.021592, 0.997965)
182.2461, (-0.794113, 0.317855, 5.760896), (-0.007124, -0.057453, -0.019102, 0.998140)
182.2741, (-0.789905, 0.318811, 5.754498), (-0.011084, -0.053781, -0.022027, 0.998248)
182.3017, (-0.786774, 0.319469, 5.748054), (-0.011655, -0.046067, -0.025161, 0.998554)
182.3297, (-0.784250, 0.320453, 5.740998), (-0.002872, -0.041154, -0.026209, 0.998805)
182.3574, (-0.781687, 0.321478, 5.734278), (0.002702, -0.038271, -0.026363, 0.998916)
182.3853, (-0.779613, 0.322930, 5.727712), (0.001835, -0.036705, -0.027286, 0.998952)
182.4131, (-0.777320, 0.322698, 5.721261), (-0.000132, -0.038935, -0.023988, 0.998954)
182.4412, (-0.774026, 0.323204, 5.714980), (0.005630, -0.042044, -0.015496, 0.998980)
182.4688, (-0.770704, 0.324027, 5.708779), (0.008608, -0.042249, -0.011057, 0.999009)
182.4967, (-0.765932, 0.326456, 5.702995), (0.009531, -0.042113, -0.011870, 0.998997)
182.5248, (-0.761371, 0.327187, 5.696237), (0.007101, -0.040797, -0.009456, 0.999098)
182.5525, (-0.756525, 0.328376, 5.689834), (0.005612, -0.041239, -0.007545, 0.999105)
182.5801, (-0.750871, 0.329404, 5.683993), (0.006215, -0.043190, -0.006477, 0.999027)
182.6079, (-0.745324, 0.330295, 5.678178), (0.001694, -0.045163, -0.008188, 0.998945)
182.6357, (-0.739417, 0.330629, 5.672329), (-0.002059, -0.048994, -0.008601, 0.998760)
182.6634, (-0.733305, 0.330938, 5.667079), (-0.005594, -0.051650, -0.009446, 0.998605)
182.6912, (-0.727242, 0.331066, 5.662929), (-0.008603, -0.055710, -0.012488, 0.998332)
182.7193, (-0.721101, 0.330470, 5.658685), (-0.008195, -0.061247, -0.014350, 0.997986)
182.7469, (-0.714553, 0.330058, 5.654914), (-0.007306, -0.067097, -0.015867, 0.997594)
182.7748, (-0.708140, 0.329808, 5.651746), (-0.006681, -0.072006, -0.016345, 0.997248)
182.8027, (-0.701850, 0.329564, 5.648534), (-0.007298, -0.077073, -0.016204, 0.996867)
182.8307, (-0.694727, 0.328758, 5.645649), (-0.010872, -0.084591, -0.014884, 0.996245)
182.8582, (-0.688279, 0.328205, 5.642556), (-0.012684, -0.091067, -0.013338, 0.995675)
182.8862, (-0.681519, 0.328108, 5.639691), (-0.014781, -0.104299, -0.008934, 0.994396)
182.9137, (-0.674443, 0.327265, 5.637091), (-0.014152, -0.114179, -0.006273, 0.993340)
182.9415, (-0.667372, 0.327353, 5.634912), (-0.011450, -0.118711, -0.002352, 0.992860)
182.9691, (-0.660844, 0.327838, 5.632555), (-0.016797, -0.125499, -0.001671, 0.991950)
182.9971, (-0.654691, 0.327677, 5.630169), (-0.019041, -0.135894, -0.000671, 0.990540)
183.0246, (-0.649061, 0.326967, 5.627948), (-0.017124, -0.148718, 0.002048, 0.988729)
183.0525, (-0.643665, 0.326590, 5.626311), (-0.011859, -0.162822, 0.004739, 0.986573)
183.0802, (-0.637733, 0.325480, 5.623937), (-0.008976, -0.173113, 0.007303, 0.984834)
183.108, (-0.632159, 0.324933, 5.621230), (-0.008966, -0.181373, 0.008846, 0.983334)
183.1358, (-0.627018, 0.324076, 5.619564), (-0.008158, -0.188116, 0.010708, 0.982055)
183.1639, (-0.621470, 0.323688, 5.617283), (-0.006169, -0.194350, 0.011923, 0.980841)
183.1915, (-0.616952, 0.323396, 5.615747), (-0.005131, -0.199812, 0.012526, 0.979741)
183.2194, (-0.611970, 0.322876, 5.613510), (-0.004436, -0.205298, 0.016630, 0.978548)
183.2472, (-0.607486, 0.322998, 5.611310), (-0.006501, -0.212558, 0.018256, 0.976956)
183.2752, (-0.603580, 0.322733, 5.609187), (-0.007890, -0.218420, 0.016743, 0.975680)
183.3029, (-0.600102, 0.322382, 5.606626), (-0.009249, -0.224544, 0.014257, 0.974316)
183.3309, (-0.595758, 0.322103, 5.604841), (-0.008760, -0.229661, 0.012129, 0.973156)
183.3587, (-0.591883, 0.321623, 5.603395), (-0.008308, -0.231232, 0.009101, 0.972821)
183.3866, (-0.588421, 0.321610, 5.601554), (-0.007803, -0.231920, 0.009215, 0.972660)
183.4147, (-0.585280, 0.321836, 5.599849), (-0.009225, -0.233242, 0.007652, 0.972345)
183.4425, (-0.582932, 0.322348, 5.598037), (-0.011952, -0.235452, 0.004862, 0.971801)
183.47, (-0.580892, 0.322386, 5.596272), (-0.013802, -0.240411, 0.004594, 0.970562)
183.498, (-0.579727, 0.322102, 5.594481), (-0.016260, -0.248456, 0.002314, 0.968504)
183.5257, (-0.578641, 0.321348, 5.592603), (-0.016365, -0.258106, -0.001004, 0.965978)
183.5537, (-0.578129, 0.320060, 5.590265), (-0.013170, -0.268085, 0.001014, 0.963305)
183.5813, (-0.577973, 0.319300, 5.588701), (-0.008925, -0.278352, 0.004829, 0.960426)
183.6092, (-0.577768, 0.319112, 5.587532), (-0.006262, -0.287100, 0.006207, 0.957860)
183.637, (-0.578062, 0.318714, 5.585572), (-0.006281, -0.296114, 0.006568, 0.955110)
183.6652, (-0.578481, 0.318429, 5.584327), (-0.006827, -0.306010, 0.005807, 0.951986)
183.693, (-0.579191, 0.318189, 5.582595), (-0.005905, -0.317253, 0.007215, 0.948295)
183.7206, (-0.579929, 0.317990, 5.581221), (-0.005602, -0.328884, 0.006592, 0.944331)
183.7488, (-0.580850, 0.317419, 5.579952), (-0.004651, -0.341098, 0.007804, 0.939984)
183.7765, (-0.581727, 0.317049, 5.578515), (-0.003127, -0.352720, 0.009928, 0.935671)
183.8044, (-0.582737, 0.317217, 5.577292), (-0.002867, -0.365696, 0.010889, 0.930666)
183.8324, (-0.583787, 0.317028, 5.575870), (-0.002383, -0.375858, 0.010182, 0.926619)
183.8602, (-0.584934, 0.317037, 5.575125), (-0.002530, -0.384390, 0.008281, 0.923130)
183.888, (-0.585659, 0.316938, 5.574509), (-0.002327, -0.392760, 0.008895, 0.919595)
183.9159, (-0.586670, 0.316731, 5.574621), (-0.001563, -0.400450, 0.009424, 0.916269)
183.944, (-0.588178, 0.316542, 5.574620), (-0.000018, -0.404718, 0.009779, 0.914390)
183.972, (-0.589412, 0.316658, 5.574785), (0.001042, -0.408392, 0.010983, 0.912740)
184.0001, (-0.590723, 0.316612, 5.575595), (0.001520, -0.408657, 0.009522, 0.912637)
184.0279, (-0.591820, 0.316222, 5.576735), (0.001904, -0.407804, 0.010312, 0.913009)
184.0559, (-0.593148, 0.316084, 5.578165), (0.003794, -0.406348, 0.011580, 0.913637)
184.0837, (-0.594500, 0.316101, 5.579442), (0.006045, -0.403312, 0.010864, 0.914978)
184.1116, (-0.595821, 0.316147, 5.580171), (0.007377, -0.400418, 0.011620, 0.916230)
184.1393, (-0.597257, 0.316075, 5.581184), (0.008403, -0.398342, 0.011324, 0.917129)
184.1673, (-0.598835, 0.316088, 5.582094), (0.009154, -0.395496, 0.011060, 0.918356)
184.1949, (-0.600422, 0.316197, 5.583224), (0.009580, -0.392820, 0.011937, 0.919488)
184.2227, (-0.602094, 0.316386, 5.583809), (0.009088, -0.388279, 0.011565, 0.921425)
184.2504, (-0.603679, 0.316605, 5.584879), (0.009276, -0.384605, 0.010851, 0.922971)
184.2782, (-0.605812, 0.316771, 5.586027), (0.009357, -0.379853, 0.010637, 0.924939)
184.3058, (-0.608020, 0.317034, 5.586916), (0.009067, -0.374896, 0.009320, 0.926976)
184.3338, (-0.610343, 0.317286, 5.587963), (0.008764, -0.370212, 0.009644, 0.928856)
184.3614, (-0.613709, 0.317418, 5.589131), (0.009700, -0.366067, 0.007966, 0.930504)
184.3891, (-0.616689, 0.317338, 5.589992), (0.009954, -0.361764, 0.008429, 0.932179)
184.4169, (-0.620142, 0.317486, 5.591084), (0.009809, -0.357711, 0.007884, 0.933748)
184.4445, (-0.623946, 0.317488, 5.592122), (0.009301, -0.354368, 0.006164, 0.935040)
184.4722, (-0.628065, 0.317194, 5.593020), (0.009337, -0.352222, 0.006250, 0.935849)
184.5001, (-0.632787, 0.317174, 5.594030), (0.010578, -0.349877, 0.006516, 0.936713)
184.5277, (-0.637357, 0.317098, 5.595164), (0.011303, -0.346270, 0.006428, 0.938045)
184.5556, (-0.642052, 0.317504, 5.596186), (0.012414, -0.342585, 0.008133, 0.939370)
184.5831, (-0.647052, 0.318507, 5.597711), (0.012383, -0.337891, 0.008316, 0.941067)
184.611, (-0.651971, 0.319060, 5.599444), (0.009559, -0.332158, 0.006706, 0.943152)
184.6389, (-0.657235, 0.319908, 5.601389), (0.006898, -0.327288, 0.006181, 0.944880)
184.6668, (-0.662587, 0.320620, 5.603426), (0.003578, -0.321724, 0.003939, 0.946819)
184.6941, (-0.668138, 0.320318, 5.605835), (0.001278, -0.315277, 0.003623, 0.948992)
184.7216, (-0.673342, 0.320304, 5.608091), (0.001826, -0.307966, 0.004153, 0.951387)
184.7493, (-0.679225, 0.320637, 5.611107), (0.003592, -0.298763, 0.003494, 0.954315)
184.777, (-0.684524, 0.320667, 5.614356), (0.004353, -0.289968, 0.002567, 0.957023)
184.8044, (-0.689892, 0.320866, 5.617261), (0.004871, -0.279086, 0.003710, 0.960247)
184.8326, (-0.694859, 0.321629, 5.620820), (0.005335, -0.266784, 0.003457, 0.963735)
184.8602, (-0.700674, 0.321639, 5.624389), (0.005437, -0.253030, 0.000839, 0.967443)
184.8876, (-0.705933, 0.321214, 5.627820), (0.006356, -0.240649, 0.000448, 0.970591)
184.9155, (-0.710749, 0.320891, 5.631386), (0.007032, -0.227809, 0.000535, 0.973681)
184.9431, (-0.715843, 0.320640, 5.634376), (0.008085, -0.213422, -0.000187, 0.976927)
184.9709, (-0.720378, 0.320595, 5.637569), (0.009075, -0.201193, -0.002478, 0.979507)
184.9987, (-0.724701, 0.320354, 5.640811), (0.009000, -0.188056, -0.006094, 0.982098)
185.026, (-0.728600, 0.320416, 5.644373), (0.011306, -0.172585, -0.008058, 0.984897)
185.0537, (-0.732986, 0.320394, 5.647565), (0.011863, -0.158976, -0.009160, 0.987169)
185.0812, (-0.736232, 0.321354, 5.650864), (0.012947, -0.140813, -0.012869, 0.989868)
185.109, (-0.739563, 0.321908, 5.654387), (0.016063, -0.124694, -0.013476, 0.991974)
185.1363, (-0.743055, 0.322685, 5.657966), (0.018164, -0.108762, -0.013295, 0.993813)
185.1641, (-0.745849, 0.322916, 5.662014), (0.016175, -0.091320, -0.013829, 0.995594)
185.1918, (-0.748539, 0.323014, 5.665696), (0.015941, -0.074964, -0.012365, 0.996982)
185.2197, (-0.750882, 0.322994, 5.669532), (0.015143, -0.059845, -0.012440, 0.998015)
185.2474, (-0.752960, 0.322250, 5.673587), (0.016021, -0.045301, -0.010667, 0.998788)
185.2754, (-0.754840, 0.321625, 5.676884), (0.019798, -0.030214, -0.006845, 0.999324)
185.3031, (-0.756576, 0.321660, 5.680654), (0.021645, -0.017414, -0.004104, 0.999606)
185.3312, (-0.757978, 0.321984, 5.684684), (0.022179, -0.007168, -0.003251, 0.999723)
185.359, (-0.759042, 0.322561, 5.689048), (0.022074, 0.002436, -0.002639, 0.999750)
185.3869, (-0.759741, 0.322931, 5.694085), (0.019712, 0.012739, -0.002807, 0.999721)
185.4148, (-0.760562, 0.323439, 5.699141), (0.018979, 0.022510, -0.002186, 0.999564)
185.4426, (-0.760940, 0.323183, 5.704373), (0.017484, 0.030996, -0.001954, 0.999365)
185.4707, (-0.760863, 0.322635, 5.710386), (0.017576, 0.039738, -0.000421, 0.999056)
185.4987, (-0.760600, 0.322214, 5.716592), (0.017912, 0.048855, 0.001282, 0.998645)
185.5263, (-0.759879, 0.321521, 5.723061), (0.018150, 0.055037, 0.002668, 0.998316)
185.5542, (-0.758866, 0.320570, 5.729540), (0.018959, 0.059478, 0.004537, 0.998039)
185.582, (-0.757227, 0.319878, 5.736322), (0.020559, 0.063798, 0.004912, 0.997739)
185.61, (-0.754719, 0.319107, 5.742737), (0.019579, 0.066326, 0.005590, 0.997590)
185.6376, (-0.751761, 0.318453, 5.749085), (0.018910, 0.069294, 0.005730, 0.997401)
185.6656, (-0.748182, 0.318067, 5.755538), (0.015645, 0.072731, 0.005665, 0.997213)
185.6932, (-0.744164, 0.317697, 5.761998), (0.008729, 0.073618, 0.005710, 0.997232)
185.7211, (-0.740200, 0.317446, 5.767929), (0.000406, 0.074418, 0.007908, 0.997196)
185.7487, (-0.735964, 0.317115, 5.774126), (-0.009360, 0.074050, 0.008867, 0.997171)
185.7771, (-0.731475, 0.317468, 5.780159), (-0.011624, 0.074772, 0.008855, 0.997094)
185.8047, (-0.727427, 0.319316, 5.786902), (-0.006698, 0.075699, 0.005429, 0.997094)
185.8324, (-0.723849, 0.320987, 5.793815), (-0.007304, 0.077268, 0.001669, 0.996982)
185.8601, (-0.720393, 0.322756, 5.799505), (-0.010083, 0.076696, 0.001851, 0.997002)
185.8882, (-0.716542, 0.324090, 5.805578), (-0.015270, 0.074959, 0.002276, 0.997067)
185.9156, (-0.712494, 0.325983, 5.812089), (-0.020148, 0.073684, 0.002149, 0.997076)
185.9435, (-0.708541, 0.327021, 5.818517), (-0.035716, 0.072401, -0.000176, 0.996736)
185.9712, (-0.704883, 0.327695, 5.825274), (-0.043834, 0.072946, -0.002448, 0.996369)
185.9992, (-0.701755, 0.327457, 5.832549), (-0.044008, 0.073363, -0.003886, 0.996326)
186.0266, (-0.699475, 0.326953, 5.839112), (-0.044078, 0.072644, -0.000978, 0.996383)
186.0545, (-0.697614, 0.326598, 5.846461), (-0.043624, 0.068714, 0.000605, 0.996682)
186.0822, (-0.695943, 0.326883, 5.854651), (-0.039309, 0.066871, 0.001233, 0.996986)
186.1101, (-0.694747, 0.327983, 5.862825), (-0.036235, 0.065452, -0.001700, 0.997196)
186.1379, (-0.694337, 0.328985, 5.871186), (-0.031562, 0.064624, -0.006293, 0.997391)
186.1658, (-0.694333, 0.329110, 5.879392), (-0.027900, 0.062074, -0.008404, 0.997646)
186.1935, (-0.694955, 0.328721, 5.888537), (-0.022981, 0.058994, -0.006553, 0.997972)
186.2213, (-0.695837, 0.327611, 5.897013), (-0.016892, 0.055267, -0.005009, 0.998316)
186.249, (-0.697650, 0.325802, 5.905667), (-0.010379, 0.050451, -0.002439, 0.998670)
186.2766, (-0.700256, 0.324046, 5.913971), (-0.002740, 0.045742, 0.000350, 0.998950)
186.3041, (-0.702983, 0.322628, 5.922438), (0.004224, 0.041060, 0.002877, 0.999144)
186.3319, (-0.705582, 0.321430, 5.930444), (0.009228, 0.038357, 0.003678, 0.999215)
186.3595, (-0.710289, 0.321151, 5.937927), (0.010973, 0.033934, 0.001605, 0.999363)
186.3878, (-0.715159, 0.320604, 5.945413), (0.012533, 0.026102, 0.000700, 0.999581)
186.4147, (-0.720704, 0.320682, 5.952467), (0.014953, 0.019991, 0.002465, 0.999685)
186.4422, (-0.727221, 0.321151, 5.959176), (0.012002, 0.012915, 0.001954, 0.999843)
186.47, (-0.734243, 0.320919, 5.965947), (0.008532, 0.004152, 0.000707, 0.999955)
186.4979, (-0.742182, 0.320343, 5.972710), (0.007551, -0.005248, 0.001540, 0.999957)
186.5255, (-0.750845, 0.319504, 5.979372), (0.006375, -0.015770, 0.001549, 0.999854)
186.5532, (-0.760521, 0.318146, 5.985322), (0.003873, -0.026756, 0.000556, 0.999634)
186.5808, (-0.770630, 0.316543, 5.991404), (0.003216, -0.039198, 0.002189, 0.999224)
186.6086, (-0.781232, 0.315050, 5.997268), (-0.000254, -0.051759, 0.003172, 0.998655)
186.636, (-0.792487, 0.313218, 6.002625), (-0.006112, -0.067655, 0.002774, 0.997686)
186.6637, (-0.804055, 0.314264, 6.008588), (0.002894, -0.082582, 0.001813, 0.996579)
186.6913, (-0.815073, 0.314840, 6.014768), (0.007356, -0.095280, 0.002414, 0.995421)
186.7189, (-0.826792, 0.319384, 6.021557), (0.015510, -0.104725, -0.000404, 0.994380)
186.7467, (-0.837885, 0.321495, 6.027828), (0.011971, -0.116106, 0.001312, 0.993164)
186.7743, (-0.848892, 0.323416, 6.033305), (0.002246, -0.129177, 0.004427, 0.991609)
186.8017, (-0.859301, 0.323833, 6.039713), (-0.003131, -0.142770, 0.006733, 0.989728)
186.8293, (-0.868478, 0.323465, 6.045410), (-0.002435, -0.150553, 0.006372, 0.988579)
186.8571, (-0.876848, 0.323317, 6.050615), (-0.001478, -0.151547, 0.008962, 0.988408)
186.8848, (-0.885515, 0.324626, 6.056532), (-0.001756, -0.151724, 0.005814, 0.988404)
186.9127, (-0.894579, 0.325951, 6.062672), (-0.004021, -0.156696, -0.002987, 0.987634)
186.9407, (-0.903397, 0.325113, 6.067406), (0.001198, -0.167496, -0.003561, 0.985866)
186.9685, (-0.911690, 0.323585, 6.071404), (0.007790, -0.179235, 0.002079, 0.983773)
186.9962, (-0.919489, 0.323228, 6.075643), (0.011894, -0.190986, 0.004004, 0.981513)
187.0244, (-0.926457, 0.322626, 6.079830), (0.014294, -0.198854, 0.005577, 0.979909)
187.052, (-0.932766, 0.322424, 6.083861), (0.016560, -0.207545, 0.008725, 0.978046)
187.0798, (-0.938652, 0.322652, 6.087736), (0.018272, -0.217021, 0.007165, 0.975970)
187.1079, (-0.944235, 0.322557, 6.090981), (0.019390, -0.225604, 0.005130, 0.974013)
187.1357, (-0.949297, 0.322511, 6.094950), (0.021694, -0.235497, 0.004905, 0.971621)
187.1638, (-0.954155, 0.323116, 6.098738), (0.026302, -0.243981, 0.006823, 0.969400)
187.1914, (-0.959386, 0.323255, 6.102167), (0.026966, -0.252758, 0.006258, 0.967134)
187.2196, (-0.963725, 0.323482, 6.106014), (0.026428, -0.265705, 0.005431, 0.963677)
187.2474, (-0.968368, 0.323537, 6.109770), (0.026373, -0.275734, 0.007668, 0.960842)
187.2751, (-0.972228, 0.322979, 6.114424), (0.026658, -0.286172, 0.009040, 0.957765)
187.3029, (-0.975997, 0.322484, 6.118484), (0.028049, -0.297600, 0.011576, 0.954208)
187.331, (-0.979665, 0.321868, 6.123107), (0.029963, -0.308742, 0.012762, 0.950588)
187.3589, (-0.982908, 0.321075, 6.128376), (0.032096, -0.320637, 0.015727, 0.946528)
187.3869, (-0.985702, 0.320701, 6.133394), (0.034186, -0.331021, 0.017640, 0.942839)
187.4138, (-0.987989, 0.320710, 6.138934), (0.036771, -0.341233, 0.017791, 0.939091)
187.4419, (-0.989802, 0.320073, 6.145185), (0.038856, -0.350132, 0.016638, 0.935746)
187.4697, (-0.992027, 0.319796, 6.150943), (0.040824, -0.357981, 0.017956, 0.932663)
187.4978, (-0.991641, 0.318790, 6.157193), (0.040433, -0.368905, 0.017289, 0.928427)
187.5256, (-0.992126, 0.317106, 6.163775), (0.041710, -0.376251, 0.018581, 0.925392)
187.5534, (-0.991819, 0.316397, 6.171196), (0.043445, -0.384696, 0.019375, 0.921817)
187.5811, (-0.991766, 0.314899, 6.178529), (0.044074, -0.390535, 0.019857, 0.919318)
187.6091, (-0.991109, 0.314200, 6.185254), (0.047168, -0.397688, 0.023593, 0.916004)
187.6371, (-0.990719, 0.313425, 6.192410), (0.049682, -0.404111, 0.026503, 0.912975)
187.6651, (-0.989318, 0.315155, 6.201180), (0.051960, -0.404395, 0.027235, 0.912701)
187.6926, (-0.988602, 0.316976, 6.209696), (0.050178, -0.404716, 0.024232, 0.912743)
187.7204, (-0.987234, 0.317586, 6.218191), (0.044113, -0.401276, 0.019038, 0.914697)
187.7481, (-0.985328, 0.317853, 6.226376), (0.037786, -0.397194, 0.017085, 0.916797)
187.776, (-0.984380, 0.317758, 6.234502), (0.036130, -0.394192, 0.014671, 0.918201)
187.8038, (-0.983406, 0.316978, 6.242353), (0.038573, -0.391288, 0.013448, 0.919361)
187.8316, (-0.982359, 0.316263, 6.249412), (0.043023, -0.389203, 0.014050, 0.920040)
187.8593, (-0.981582, 0.315830, 6.256685), (0.044453, -0.387320, 0.012288, 0.920791)
187.8871, (-0.980878, 0.315278, 6.263453), (0.044886, -0.387849, 0.010707, 0.920567)
187.9151, (-0.980649, 0.314358, 6.270220), (0.044646, -0.387464, 0.011114, 0.920736)
187.9425, (-0.980291, 0.314170, 6.276752), (0.045608, -0.386609, 0.011223, 0.921047)
187.9702, (-0.980606, 0.314024, 6.283729), (0.045802, -0.385642, 0.009986, 0.921457)
187.9982, (-0.981104, 0.314767, 6.290630), (0.048764, -0.382278, 0.009285, 0.922713)
188.0258, (-0.982210, 0.315863, 6.296907), (0.049952, -0.379284, 0.007499, 0.923901)
188.0536, (-0.983243, 0.316701, 6.302992), (0.051052, -0.377890, 0.006636, 0.924418)
188.0812, (-0.984150, 0.317501, 6.309426), (0.049175, -0.377398, 0.006410, 0.924722)
188.1094, (-0.985468, 0.318117, 6.316681), (0.046565, -0.375624, 0.004755, 0.925589)
188.1364, (-0.987007, 0.318425, 6.323897), (0.043596, -0.372329, 0.001916, 0.927074)
188.1642, (-0.988435, 0.318347, 6.330823), (0.042048, -0.368445, -0.001723, 0.928697)
188.1918, (-0.990829, 0.317455, 6.338451), (0.042453, -0.363725, -0.004356, 0.930529)
188.2198, (-0.993649, 0.316970, 6.346322), (0.044134, -0.360613, -0.005201, 0.931657)
188.2474, (-0.997159, 0.316040, 6.354190), (0.046374, -0.355576, -0.007051, 0.933470)
188.2752, (-1.001085, 0.315049, 6.362250), (0.046810, -0.352054, -0.009031, 0.934765)
188.3029, (-1.005544, 0.313795, 6.370680), (0.049355, -0.348389, -0.010057, 0.935996)
188.3307, (-1.010501, 0.311113, 6.379126), (0.051354, -0.341301, -0.012027, 0.938473)
188.3584, (-1.016237, 0.309066, 6.388111), (0.058997, -0.333982, -0.010938, 0.940668)
188.3862, (-1.021423, 0.306910, 6.396573), (0.064102, -0.327117, -0.011143, 0.942741)
188.4139, (-1.027888, 0.304120, 6.404635), (0.074418, -0.315919, -0.003623, 0.945856)
188.4416, (-1.034519, 0.301992, 6.412838), (0.079140, -0.308650, -0.001476, 0.947877)
188.4692, (-1.040861, 0.300145, 6.420099), (0.077298, -0.303072, 0.000756, 0.949827)
188.497, (-1.048137, 0.299328, 6.427491), (0.075830, -0.299099, 0.001014, 0.951204)
188.5246, (-1.055073, 0.300727, 6.434047), (0.076456, -0.294458, 0.002946, 0.952597)
188.5523, (-1.063006, 0.304745, 6.441553), (0.083797, -0.289315, 0.004002, 0.953551)
188.58, (-1.071311, 0.309165, 6.449350), (0.089918, -0.282313, 0.007094, 0.955073)
188.6077, (-1.078452, 0.312942, 6.455376), (0.076408, -0.278270, 0.007508, 0.957430)
188.6353, (-1.084584, 0.315132, 6.461078), (0.059755, -0.275280, 0.006508, 0.959483)
188.6631, (-1.090749, 0.315438, 6.467139), (0.045339, -0.271511, 0.003042, 0.961362)
188.6907, (-1.096732, 0.313286, 6.472728), (0.044405, -0.265340, 0.003551, 0.963126)
188.7185, (-1.101501, 0.312028, 6.478898), (0.049188, -0.257310, 0.003648, 0.965069)
188.7461, (-1.106046, 0.310915, 6.484850), (0.058328, -0.250895, 0.007796, 0.966224)
188.7738, (-1.111167, 0.311745, 6.490469), (0.066526, -0.249285, 0.009034, 0.966100)
188.8018, (-1.115646, 0.312657, 6.495927), (0.072706, -0.253616, 0.010666, 0.964510)
188.8296, (-1.119871, 0.314944, 6.501220), (0.076325, -0.258569, 0.013313, 0.962881)
188.8569, (-1.123352, 0.317692, 6.506753), (0.069239, -0.266296, 0.009799, 0.961352)
188.8848, (-1.126393, 0.319767, 6.511866), (0.058035, -0.271556, 0.005551, 0.960656)
188.9126, (-1.128229, 0.321080, 6.516674), (0.049236, -0.276257, 0.002066, 0.959820)
188.9402, (-1.129315, 0.321060, 6.522113), (0.041657, -0.279222, -0.001450, 0.959322)
188.9681, (-1.130819, 0.321553, 6.528063), (0.040124, -0.281286, -0.003374, 0.958779)
188.9965, (-1.131752, 0.321665, 6.534019), (0.041877, -0.285212, -0.004760, 0.957537)
189.0238, (-1.132966, 0.321852, 6.539779), (0.041611, -0.289750, -0.007398, 0.956169)
189.0517, (-1.133972, 0.322012, 6.546029), (0.042369, -0.296049, -0.008885, 0.954191)
189.0796, (-1.133701, 0.322417, 6.554288), (0.039201, -0.307679, -0.007349, 0.950654)
189.1073, (-1.134501, 0.322776, 6.560934), (0.037416, -0.313715, -0.008533, 0.948742)
189.1353, (-1.133410, 0.322888, 6.570909), (0.033817, -0.322826, -0.011039, 0.945790)
189.1633, (-1.133126, 0.323247, 6.579935), (0.028758, -0.329726, -0.012955, 0.943550)
189.1909, (-1.132533, 0.322417, 6.589589), (0.024204, -0.337613, -0.014987, 0.940855)
189.2188, (-1.131218, 0.321529, 6.600056), (0.022684, -0.345688, -0.013483, 0.937979)
189.2464, (-1.129555, 0.320341, 6.610785), (0.018497, -0.353536, -0.013930, 0.935134)
189.2743, (-1.127689, 0.318878, 6.621808), (0.015728, -0.360066, -0.013390, 0.932698)
189.302, (-1.124717, 0.316776, 6.633488), (0.013264, -0.367521, -0.010356, 0.929863)
189.3299, (-1.121567, 0.315591, 6.645730), (0.010712, -0.375161, -0.007970, 0.926864)
189.3575, (-1.117778, 0.316575, 6.658485), (0.018439, -0.383962, -0.001667, 0.923163)
189.3852, (-1.115608, 0.319441, 6.672050), (0.027175, -0.387730, -0.000416, 0.921372)
189.413, (-1.112577, 0.321584, 6.685666), (0.020985, -0.386141, -0.006630, 0.922177)
189.4408, (-1.108525, 0.322787, 6.697790), (0.008261, -0.384225, -0.013716, 0.923101)
189.4686, (-1.105847, 0.323740, 6.709812), (0.000503, -0.385948, -0.017937, 0.922346)
189.4966, (-1.104394, 0.324770, 6.721344), (0.003596, -0.391818, -0.020478, 0.919808)
189.5242, (-1.102811, 0.324727, 6.732118), (0.007026, -0.397069, -0.024574, 0.917433)
189.5519, (-1.100944, 0.323960, 6.742042), (0.010631, -0.400989, -0.025602, 0.915664)
189.5797, (-1.099835, 0.323500, 6.751029), (0.010812, -0.405184, -0.025997, 0.913802)
189.6075, (-1.099600, 0.323413, 6.759600), (0.012400, -0.410570, -0.026338, 0.911365)
189.6354, (-1.099108, 0.323775, 6.768424), (0.017443, -0.414791, -0.027044, 0.909348)
189.6633, (-1.099518, 0.324323, 6.776495), (0.021411, -0.417676, -0.025648, 0.907982)
189.691, (-1.099673, 0.325068, 6.784366), (0.019887, -0.419052, -0.023244, 0.907447)
189.7189, (-1.099948, 0.326295, 6.792843), (0.016221, -0.418884, -0.025613, 0.907534)
189.7465, (-1.101089, 0.326953, 6.801650), (0.013693, -0.418898, -0.030574, 0.907415)
189.7743, (-1.102234, 0.326084, 6.809978), (0.011249, -0.418858, -0.034452, 0.907328)
189.8023, (-1.103779, 0.325046, 6.818298), (0.012058, -0.418402, -0.033094, 0.907579)
189.8302, (-1.105228, 0.324032, 6.826529), (0.014039, -0.418028, -0.030821, 0.907803)
189.8577, (-1.107444, 0.323330, 6.834902), (0.014697, -0.417146, -0.032475, 0.908140)
189.8853, (-1.109459, 0.322949, 6.843246), (0.016528, -0.416607, -0.035504, 0.908243)
189.9132, (-1.112450, 0.322573, 6.851766), (0.018753, -0.416388, -0.038447, 0.908180)
189.9409, (-1.115616, 0.321529, 6.860205), (0.018671, -0.415508, -0.038870, 0.908567)
189.969, (-1.118932, 0.320681, 6.868014), (0.017019, -0.414301, -0.040004, 0.909101)
189.9965, (-1.122962, 0.320436, 6.875585), (0.015191, -0.413720, -0.041980, 0.909309)
190.0242, (-1.127054, 0.319317, 6.882745), (0.014792, -0.414924, -0.042296, 0.908752)
190.0517, (-1.131045, 0.317820, 6.889268), (0.015506, -0.415231, -0.038886, 0.908752)
190.0794, (-1.135252, 0.316775, 6.895061), (0.014049, -0.415421, -0.036270, 0.908797)
190.1073, (-1.140122, 0.316372, 6.901448), (0.009828, -0.414574, -0.036936, 0.909213)
190.1352, (-1.144840, 0.315389, 6.907164), (0.001356, -0.412337, -0.039590, 0.910170)
190.1628, (-1.149322, 0.314158, 6.911899), (-0.008829, -0.411040, -0.040912, 0.910656)
190.1904, (-1.154706, 0.314416, 6.916403), (-0.007087, -0.410075, -0.034802, 0.911360)
190.2182, (-1.161436, 0.319482, 6.922069), (0.010428, -0.409104, -0.023009, 0.912138)
190.2456, (-1.168740, 0.325267, 6.927891), (0.016270, -0.409602, -0.019198, 0.911917)
190.2732, (-1.173568, 0.329015, 6.932185), (-0.000347, -0.409726, -0.026358, 0.911828)
190.3009, (-1.177727, 0.330922, 6.937732), (-0.019849, -0.412433, -0.030017, 0.910277)
190.3289, (-1.183872, 0.330292, 6.943449), (-0.028672, -0.413636, -0.033034, 0.909391)
190.3568, (-1.188298, 0.328251, 6.949104), (-0.028487, -0.414327, -0.033636, 0.909060)
190.3844, (-1.192947, 0.325085, 6.954949), (-0.024668, -0.410760, -0.030159, 0.910911)
190.4122, (-1.197382, 0.323878, 6.961099), (-0.014250, -0.402974, -0.019802, 0.914887)
190.44, (-1.201896, 0.325007, 6.966961), (-0.006537, -0.402036, -0.019692, 0.915389)
190.4677, (-1.206366, 0.326136, 6.973316), (-0.000877, -0.404593, -0.023436, 0.914196)
190.4955, (-1.210190, 0.327264, 6.980382), (0.005493, -0.410790, -0.021976, 0.911449)
190.523, (-1.213891, 0.328340, 6.986856), (0.009412, -0.415086, -0.016811, 0.909578)
190.5508, (-1.217156, 0.329972, 6.993371), (0.007625, -0.417442, -0.016637, 0.908519)
190.5786, (-1.219853, 0.331238, 7.000112), (0.002086, -0.418073, -0.022977, 0.908121)
190.6065, (-1.222328, 0.331269, 7.006741), (0.000287, -0.419904, -0.027969, 0.907138)
190.6342, (-1.224146, 0.330338, 7.012975), (0.000918, -0.424360, -0.028817, 0.905035)
190.662, (-1.225845, 0.329298, 7.019654), (0.004921, -0.429496, -0.026475, 0.902668)
190.6897, (-1.226600, 0.328887, 7.026391), (0.010772, -0.432686, -0.022588, 0.901197)
190.7174, (-1.226953, 0.328838, 7.033510), (0.014644, -0.438670, -0.025531, 0.898166)
190.7451, (-1.226789, 0.328582, 7.040752), (0.018124, -0.443596, -0.025713, 0.895675)
190.7729, (-1.226020, 0.328643, 7.048441), (0.019427, -0.449099, -0.026125, 0.892889)
190.8007, (-1.225198, 0.329225, 7.056722), (0.020936, -0.455075, -0.027664, 0.889777)
190.8287, (-1.223823, 0.329058, 7.064929), (0.019808, -0.460665, -0.031426, 0.886797)
190.8564, (-1.221577, 0.328406, 7.073716), (0.018376, -0.466737, -0.034970, 0.883514)
190.8841, (-1.219528, 0.327368, 7.082616), (0.017700, -0.471506, -0.036303, 0.880938)
190.912, (-1.217040, 0.325962, 7.091507), (0.017849, -0.478132, -0.037119, 0.877322)
190.9398, (-1.213954, 0.324437, 7.100851), (0.020406, -0.485536, -0.036086, 0.873234)
190.9676, (-1.210405, 0.322658, 7.110947), (0.021244, -0.491020, -0.034208, 0.870217)
190.9956, (-1.206282, 0.321528, 7.122080), (0.022087, -0.495586, -0.032585, 0.867666)
191.0231, (-1.201743, 0.320229, 7.133290), (0.018948, -0.499273, -0.032877, 0.865614)
191.0509, (-1.197701, 0.318965, 7.145444), (0.016907, -0.503287, -0.033735, 0.863295)
191.0786, (-1.193344, 0.317290, 7.157939), (0.017425, -0.507575, -0.028738, 0.860952)
191.1063, (-1.188712, 0.316237, 7.169666), (0.018610, -0.511843, -0.021167, 0.858617)
191.134, (-1.184594, 0.317140, 7.182890), (0.025013, -0.515338, -0.012978, 0.856524)
191.1621, (-1.181444, 0.319734, 7.197224), (0.032916, -0.515275, -0.007012, 0.856364)
191.1897, (-1.177042, 0.321269, 7.210745), (0.025467, -0.515030, -0.013602, 0.856686)
191.2175, (-1.172151, 0.320796, 7.223587), (0.014056, -0.517033, -0.020535, 0.855604)
191.2457, (-1.168637, 0.321199, 7.236218), (0.011669, -0.521896, -0.022520, 0.852632)
191.2734, (-1.165453, 0.321959, 7.248724), (0.016060, -0.524697, -0.026673, 0.850720)
191.3008, (-1.161388, 0.322948, 7.260667), (0.021873, -0.524416, -0.029880, 0.850657)
191.3285, (-1.157427, 0.323910, 7.271287), (0.020508, -0.525158, -0.032238, 0.850147)
191.3562, (-1.153793, 0.325602, 7.281652), (0.021231, -0.529548, -0.030592, 0.847462)
191.3842, (-1.150556, 0.326939, 7.291006), (0.015491, -0.538309, -0.034486, 0.841900)
191.4119, (-1.147553, 0.327574, 7.300410), (0.009561, -0.547555, -0.039610, 0.835777)
191.4396, (-1.143775, 0.327772, 7.309927), (0.003990, -0.554891, -0.044299, 0.830734)
191.4672, (-1.140525, 0.328942, 7.319213), (0.004972, -0.558862, -0.048579, 0.827821)
191.4953, (-1.137805, 0.329794, 7.327919), (0.006229, -0.562033, -0.055373, 0.825236)
191.5229, (-1.135379, 0.330960, 7.336905), (0.008045, -0.566772, -0.061767, 0.821517)
191.5511, (-1.133319, 0.331403, 7.345485), (0.007541, -0.569937, -0.069093, 0.818744)
191.5788, (-1.132210, 0.332199, 7.353953), (0.007162, -0.572233, -0.071433, 0.816943)
191.6066, (-1.131264, 0.332362, 7.362558), (0.006754, -0.575569, -0.076068, 0.814179)
191.6345, (-1.130890, 0.331998, 7.370359), (0.007602, -0.578064, -0.081182, 0.811907)
191.6624, (-1.131536, 0.330969, 7.377572), (0.010961, -0.579400, -0.081496, 0.810885)
191.6902, (-1.131857, 0.329478, 7.384604), (0.015392, -0.581951, -0.078100, 0.809318)
191.7181, (-1.132823, 0.328511, 7.391248), (0.019175, -0.580890, -0.077597, 0.810048)
191.7457, (-1.134854, 0.327868, 7.399003), (0.022370, -0.580246, -0.082099, 0.809984)
191.7735, (-1.136796, 0.326844, 7.406110), (0.025734, -0.578193, -0.083288, 0.811230)
191.8013, (-1.138963, 0.325481, 7.412292), (0.028843, -0.574966, -0.081441, 0.813603)
191.8294, (-1.141166, 0.324778, 7.418562), (0.031474, -0.574708, -0.081342, 0.813698)
191.8567, (-1.143567, 0.323940, 7.424560), (0.031673, -0.573805, -0.082371, 0.814223)
191.8842, (-1.146588, 0.322833, 7.430459), (0.032634, -0.573717, -0.082609, 0.814223)
191.912, (-1.150360, 0.321698, 7.433106), (0.030424, -0.576558, -0.076856, 0.812864)
191.9398, (-1.152615, 0.320287, 7.436954), (0.028910, -0.577452, -0.073071, 0.812634)
191.9673, (-1.155103, 0.318859, 7.440401), (0.026569, -0.578036, -0.072237, 0.812374)
191.9953, (-1.157624, 0.317522, 7.443714), (0.020947, -0.577595, -0.074948, 0.812606)
192.0227, (-1.160282, 0.316564, 7.447026), (0.018477, -0.577139, -0.077252, 0.812774)
192.0506, (-1.163914, 0.317017, 7.450031), (0.024920, -0.578469, -0.071451, 0.812187)
192.0782, (-1.167870, 0.319538, 7.453306), (0.037253, -0.580933, -0.059503, 0.810919)
192.1062, (-1.171003, 0.322184, 7.455557), (0.041533, -0.583357, -0.051965, 0.809487)
192.1343, (-1.172775, 0.323328, 7.458230), (0.029361, -0.585400, -0.056655, 0.808230)
192.1617, (-1.174476, 0.322798, 7.459468), (0.015608, -0.585960, -0.062450, 0.807780)
192.1894, (-1.176261, 0.321126, 7.462244), (0.006941, -0.589893, -0.066891, 0.804676)
192.2171, (-1.178024, 0.318531, 7.464582), (0.004628, -0.592301, -0.061085, 0.803384)
192.245, (-1.178898, 0.316964, 7.467492), (0.007016, -0.592247, -0.052412, 0.804020)
192.2728, (-1.178974, 0.317065, 7.471068), (0.012233, -0.591404, -0.050314, 0.804711)
192.3005, (-1.179532, 0.317043, 7.474754), (0.017728, -0.592068, -0.049546, 0.804168)
192.3283, (-1.181319, 0.319317, 7.480453), (0.031123, -0.591994, -0.039125, 0.804391)
192.356, (-1.181991, 0.320293, 7.484941), (0.030805, -0.589514, -0.039552, 0.806201)
192.3837, (-1.182430, 0.320912, 7.490179), (0.027694, -0.588698, -0.037714, 0.806998)
192.4117, (-1.182394, 0.320520, 7.496500), (0.020724, -0.585448, -0.041806, 0.809366)
192.4395, (-1.182859, 0.320064, 7.503443), (0.020649, -0.580481, -0.044850, 0.812776)
192.4671, (-1.181726, 0.321150, 7.510258), (0.027039, -0.578016, -0.039585, 0.814616)
192.495, (-1.180467, 0.318158, 7.516771), (0.014861, -0.575694, -0.050871, 0.815946)
192.5226, (-1.179012, 0.319514, 7.524826), (0.025848, -0.574385, -0.042994, 0.817047)
192.5505, (-1.178765, 0.319690, 7.534326), (0.028899, -0.564332, -0.034512, 0.824320)
192.5781, (-1.179285, 0.320049, 7.543033), (0.022282, -0.555706, -0.033718, 0.830396)
192.606, (-1.179977, 0.318889, 7.552502), (0.013884, -0.554913, -0.047678, 0.830425)
192.6336, (-1.182957, 0.316897, 7.563175), (0.029157, -0.559583, -0.038335, 0.827374)
192.6611, (-1.186315, 0.311931, 7.574738), (0.036372, -0.548965, -0.012368, 0.834962)
192.6888, (-1.187284, 0.314609, 7.586475), (0.041485, -0.539863, -0.001331, 0.840729)
192.7162, (-1.184435, 0.318689, 7.591405), (0.029730, -0.526225, -0.033956, 0.849147)
192.7434, (-1.179852, 0.319934, 7.593615), (0.039389, -0.521246, -0.048636, 0.851108)
192.7712, (-1.176142, 0.320082, 7.590102), (0.042953, -0.524148, -0.049242, 0.849117)
192.7987, (-1.172110, 0.319147, 7.584378), (0.053515, -0.538487, -0.034703, 0.840216)
192.8257, (-1.168943, 0.320676, 7.583171), (0.054767, -0.555151, -0.030719, 0.829376)
192.8528, (-1.168582, 0.323352, 7.582094), (0.047937, -0.569013, -0.039473, 0.819981)
192.8807, (-1.165727, 0.323261, 7.578785), (0.045601, -0.582306, -0.044959, 0.810444)
192.9087, (-1.159781, 0.320695, 7.573113), (0.046178, -0.595678, -0.040514, 0.800871)
192.9369, (-1.155311, 0.318026, 7.569427), (0.047080, -0.607586, -0.029668, 0.792302)
192.9646, (-1.152173, 0.316585, 7.567040), (0.048636, -0.616884, -0.017289, 0.785360)
192.993, (-1.150339, 0.317591, 7.566378), (0.052125, -0.624534, -0.012116, 0.779162)
193.0212, (-1.147994, 0.318210, 7.565206), (0.054820, -0.628658, -0.017866, 0.775542)
193.0496, (-1.144400, 0.317618, 7.562304), (0.053103, -0.631851, -0.021802, 0.772962)
193.0777, (-1.142802, 0.317882, 7.559286), (0.051455, -0.635015, -0.022598, 0.770453)
193.1062, (-1.141460, 0.319572, 7.554760), (0.051760, -0.638326, -0.029458, 0.767459)
193.1342, (-1.140649, 0.320215, 7.548450), (0.055915, -0.642324, -0.031550, 0.763740)
193.1622, (-1.141138, 0.320702, 7.541407), (0.059731, -0.648514, -0.025137, 0.758440)
193.1901, (-1.141032, 0.321279, 7.533838), (0.058588, -0.654038, -0.020716, 0.753905)
193.2185, (-1.140949, 0.320759, 7.525160), (0.055015, -0.659984, -0.017578, 0.749057)
193.2464, (-1.139499, 0.320117, 7.515202), (0.053058, -0.666159, -0.011316, 0.743834)
193.2744, (-1.138171, 0.319158, 7.505046), (0.052545, -0.671788, -0.008017, 0.738835)
193.3024, (-1.136657, 0.317643, 7.493822), (0.050529, -0.673934, -0.003587, 0.737053)
193.3304, (-1.134324, 0.316548, 7.481699), (0.047681, -0.678383, 0.002801, 0.733154)
193.3585, (-1.132772, 0.316463, 7.469071), (0.045410, -0.685052, 0.007230, 0.727042)
193.3866, (-1.131916, 0.317624, 7.456362), (0.045000, -0.690440, 0.008677, 0.721937)
193.4143, (-1.130950, 0.319423, 7.443832), (0.043724, -0.692797, 0.001936, 0.719804)
193.4422, (-1.130698, 0.320164, 7.430076), (0.037846, -0.694229, -0.007125, 0.718723)
193.4702, (-1.131113, 0.319416, 7.416321), (0.032996, -0.696489, -0.011566, 0.716715)
193.4981, (-1.131804, 0.317805, 7.401160), (0.028547, -0.698031, -0.010615, 0.715420)
193.5262, (-1.132368, 0.316879, 7.385552), (0.029148, -0.701681, -0.006994, 0.711860)
193.5536, (-1.132895, 0.315310, 7.370595), (0.028820, -0.702599, -0.004118, 0.710990)
193.5812, (-1.133691, 0.315630, 7.355748), (0.029410, -0.698121, -0.000596, 0.715376)
193.6091, (-1.134251, 0.316350, 7.340340), (0.028040, -0.693007, -0.003468, 0.720377)
193.6371, (-1.133952, 0.316293, 7.325183), (0.026062, -0.690113, -0.004573, 0.723218)
193.665, (-1.134677, 0.317570, 7.310035), (0.026456, -0.689097, -0.004752, 0.724171)
193.6929, (-1.136115, 0.318654, 7.295137), (0.027510, -0.687473, -0.004649, 0.725675)
193.7207, (-1.136526, 0.318568, 7.281199), (0.023159, -0.685153, -0.003944, 0.728020)
193.7484, (-1.136347, 0.317436, 7.267166), (0.012634, -0.682992, -0.003530, 0.730309)
193.7763, (-1.136836, 0.316789, 7.254546), (0.005157, -0.681788, -0.005485, 0.731512)
193.8042, (-1.136998, 0.315841, 7.241847), (0.001074, -0.679246, -0.006580, 0.733880)
193.832, (-1.136584, 0.314832, 7.229935), (-0.002288, -0.678440, -0.003935, 0.734642)
193.8598, (-1.136518, 0.314662, 7.218761), (-0.007748, -0.677541, -0.003218, 0.735437)
193.8876, (-1.135848, 0.315524, 7.208411), (-0.011475, -0.676913, -0.002430, 0.735970)
193.9153, (-1.136322, 0.316424, 7.199139), (-0.013049, -0.678330, -0.002395, 0.734637)
193.9433, (-1.137641, 0.318046, 7.190767), (-0.011517, -0.679178, 0.002393, 0.733880)
193.9712, (-1.139404, 0.319651, 7.182742), (-0.011220, -0.680004, 0.007958, 0.733079)
193.9989, (-1.141293, 0.322116, 7.175507), (-0.012371, -0.681741, 0.011026, 0.731406)
194.0267, (-1.144244, 0.323411, 7.168516), (-0.017020, -0.682758, 0.007511, 0.730408)
194.0545, (-1.146845, 0.323732, 7.162107), (-0.022497, -0.685182, 0.004838, 0.728009)
194.0822, (-1.150069, 0.323391, 7.156192), (-0.027541, -0.688596, 0.004812, 0.724606)
194.1101, (-1.153665, 0.321703, 7.150991), (-0.029864, -0.691822, 0.006328, 0.721423)
194.1377, (-1.157972, 0.319696, 7.146566), (-0.028278, -0.694053, 0.013031, 0.719250)
194.1659, (-1.163143, 0.318122, 7.143162), (-0.025528, -0.696010, 0.023132, 0.717206)
194.1935, (-1.168423, 0.317393, 7.139654), (-0.023626, -0.697697, 0.030370, 0.715360)
194.2216, (-1.174021, 0.317632, 7.137241), (-0.024611, -0.702319, 0.030091, 0.710800)
194.2495, (-1.179922, 0.317378, 7.135115), (-0.026508, -0.707669, 0.028641, 0.705466)
194.277, (-1.185591, 0.317174, 7.134607), (-0.028363, -0.713082, 0.024536, 0.700077)
194.3046, (-1.190908, 0.316426, 7.134751), (-0.031475, -0.717506, 0.019874, 0.695557)
194.3326, (-1.195853, 0.315977, 7.135154), (-0.031635, -0.720531, 0.017879, 0.692471)
194.3604, (-1.200291, 0.316833, 7.136026), (-0.026099, -0.723458, 0.022738, 0.689500)
194.3882, (-1.205642, 0.319417, 7.137155), (-0.016686, -0.725847, 0.025307, 0.687188)
194.4156, (-1.210948, 0.321665, 7.137803), (-0.018593, -0.726385, 0.016019, 0.686850)
194.4432, (-1.214629, 0.323878, 7.138477), (-0.025012, -0.728167, 0.004281, 0.684930)
194.471, (-1.219025, 0.324247, 7.139276), (-0.031511, -0.729968, -0.006504, 0.682724)
194.4987, (-1.224313, 0.324528, 7.139572), (-0.029215, -0.729938, -0.007568, 0.682847)
194.5265, (-1.229391, 0.324461, 7.139297), (-0.025916, -0.727053, -0.004599, 0.686077)
194.554, (-1.233045, 0.324269, 7.138462), (-0.026451, -0.724522, -0.004929, 0.688726)
194.5818, (-1.236656, 0.324545, 7.137509), (-0.025599, -0.723040, -0.003509, 0.690323)
194.6098, (-1.241185, 0.325402, 7.135395), (-0.021773, -0.721851, -0.001352, 0.691704)
194.6376, (-1.245754, 0.326608, 7.132689), (-0.015230, -0.719188, 0.001775, 0.694647)
194.6654, (-1.248915, 0.326616, 7.129675), (-0.014464, -0.716417, 0.004170, 0.697510)
194.6931, (-1.252443, 0.326347, 7.126450), (-0.018023, -0.712080, 0.006127, 0.701840)
194.7209, (-1.256122, 0.326928, 7.123147), (-0.020617, -0.705192, 0.005224, 0.708697)
194.7486, (-1.260540, 0.327015, 7.118886), (-0.022057, -0.699255, -0.000746, 0.714532)
194.7766, (-1.264247, 0.325823, 7.113471), (-0.020836, -0.694299, -0.000304, 0.719385)
194.8043, (-1.267754, 0.324549, 7.106571), (-0.018693, -0.689523, 0.004161, 0.724011)
194.8321, (-1.271880, 0.324324, 7.098658), (-0.017136, -0.685621, 0.006713, 0.727726)
194.8597, (-1.275992, 0.324196, 7.090421), (-0.016578, -0.681683, 0.003456, 0.731452)
194.8875, (-1.280544, 0.323903, 7.080996), (-0.017885, -0.678634, 0.001818, 0.734257)
194.9152, (-1.285435, 0.323128, 7.070334), (-0.019052, -0.676509, 0.003006, 0.736182)
194.9431, (-1.289737, 0.321450, 7.059079), (-0.020674, -0.675002, 0.002990, 0.737521)
194.9709, (-1.294237, 0.319429, 7.047124), (-0.021012, -0.671040, 0.006685, 0.741094)
194.9988, (-1.298809, 0.317945, 7.034686), (-0.021248, -0.664521, 0.009004, 0.746914)
195.0265, (-1.304143, 0.316555, 7.020880), (-0.020331, -0.658139, 0.006151, 0.752597)
195.0543, (-1.308856, 0.315003, 7.006853), (-0.019485, -0.653175, 0.005629, 0.756936)
195.082, (-1.314155, 0.314233, 6.991336), (-0.017210, -0.648394, 0.007145, 0.761077)
195.1099, (-1.319247, 0.313794, 6.975135), (-0.013943, -0.645339, 0.008482, 0.763722)
195.1376, (-1.324389, 0.313357, 6.958925), (-0.012886, -0.641766, 0.007061, 0.766760)
195.1657, (-1.329798, 0.315290, 6.942138), (-0.008394, -0.641164, 0.010181, 0.767291)
195.1934, (-1.335247, 0.316140, 6.925310), (-0.009720, -0.640040, 0.007506, 0.768243)
195.2214, (-1.339541, 0.316465, 6.908939), (-0.019877, -0.640517, 0.001726, 0.767685)
195.2492, (-1.343596, 0.317281, 6.893541), (-0.023575, -0.640787, 0.003823, 0.767348)
195.2768, (-1.349049, 0.318930, 6.878925), (-0.019680, -0.639708, 0.011495, 0.768281)
195.3045, (-1.353676, 0.320820, 6.865111), (-0.012858, -0.638315, 0.017514, 0.769469)
195.3324, (-1.357570, 0.322366, 6.851865), (-0.013200, -0.637104, 0.019379, 0.770421)
195.3604, (-1.361465, 0.323540, 6.840010), (-0.019091, -0.632420, 0.020047, 0.774131)
195.3882, (-1.365703, 0.325026, 6.829732), (-0.021124, -0.627773, 0.018399, 0.777892)
195.4154, (-1.370850, 0.325983, 6.820652), (-0.020277, -0.620671, 0.017029, 0.783624)
195.4431, (-1.375440, 0.326523, 6.811558), (-0.020990, -0.612335, 0.018541, 0.790103)
195.4716, (-1.379640, 0.327010, 6.802860), (-0.022248, -0.604971, 0.022495, 0.795619)
195.4991, (-1.384613, 0.327123, 6.794685), (-0.025725, -0.599070, 0.021742, 0.799988)
195.5268, (-1.389699, 0.326987, 6.786474), (-0.027004, -0.595071, 0.022636, 0.802901)
195.5544, (-1.394625, 0.325833, 6.779312), (-0.027949, -0.591527, 0.022153, 0.805496)
195.5821, (-1.400724, 0.325410, 6.773029), (-0.028154, -0.586494, 0.024231, 0.809101)
195.6099, (-1.407238, 0.324796, 6.767149), (-0.030718, -0.581636, 0.024533, 0.812499)
195.6378, (-1.413269, 0.324418, 6.761441), (-0.031630, -0.576605, 0.026050, 0.815995)
195.6656, (-1.420337, 0.323764, 6.756261), (-0.032381, -0.572208, 0.027416, 0.819010)
195.693, (-1.427498, 0.322972, 6.752325), (-0.033929, -0.569282, 0.029868, 0.820899)
195.7209, (-1.435102, 0.322362, 6.748850), (-0.036981, -0.566192, 0.029617, 0.822911)
195.7486, (-1.442407, 0.321368, 6.745391), (-0.040185, -0.563408, 0.023703, 0.824861)
195.7766, (-1.449827, 0.319840, 6.742821), (-0.041644, -0.562809, 0.015339, 0.825395)
195.804, (-1.457403, 0.318019, 6.740507), (-0.037845, -0.561190, 0.014651, 0.826692)
195.832, (-1.465681, 0.315713, 6.739363), (-0.031814, -0.559041, 0.016179, 0.828372)
195.8598, (-1.473381, 0.313913, 6.736966), (-0.030398, -0.556713, 0.014800, 0.830017)
195.8877, (-1.482309, 0.313474, 6.736279), (-0.020295, -0.557116, 0.019238, 0.829964)
195.9153, (-1.491253, 0.312862, 6.735353), (-0.017269, -0.558632, 0.019775, 0.829001)
195.9432, (-1.500377, 0.311993, 6.734550), (-0.012378, -0.559078, 0.020571, 0.828767)
195.9709, (-1.509241, 0.311220, 6.733693), (-0.004439, -0.562412, 0.023330, 0.826516)
195.9987, (-1.519213, 0.312379, 6.732539), (0.013743, -0.564537, 0.032477, 0.824654)
196.0264, (-1.529684, 0.312909, 6.731042), (0.018426, -0.567917, 0.031765, 0.822267)
196.0542, (-1.537863, 0.313261, 6.729379), (0.018612, -0.570100, 0.035360, 0.820604)
196.0818, (-1.546178, 0.312303, 6.728139), (0.017287, -0.574600, 0.034905, 0.817507)
196.1096, (-1.555383, 0.310397, 6.726779), (0.015915, -0.576526, 0.035566, 0.816150)
196.1373, (-1.562472, 0.309709, 6.725511), (0.021086, -0.573594, 0.041775, 0.817802)
196.1653, (-1.570491, 0.309737, 6.723911), (0.026125, -0.570581, 0.044225, 0.819634)
196.1928, (-1.577367, 0.310429, 6.721774), (0.028683, -0.564973, 0.048004, 0.823212)
196.2207, (-1.584010, 0.312859, 6.719396), (0.031259, -0.562148, 0.051218, 0.824857)
196.2482, (-1.591410, 0.316297, 6.716606), (0.030420, -0.561714, 0.048026, 0.825376)
196.2762, (-1.598579, 0.318444, 6.713976), (0.024152, -0.561575, 0.043237, 0.825942)
196.3037, (-1.605255, 0.319019, 6.711241), (0.017877, -0.561601, 0.039527, 0.826270)
196.3318, (-1.613374, 0.318077, 6.708285), (0.015944, -0.561807, 0.037568, 0.826261)
196.3598, (-1.621952, 0.315848, 6.704761), (0.022054, -0.561572, 0.044331, 0.825945)
196.3873, (-1.630419, 0.313370, 6.700501), (0.031600, -0.563194, 0.052911, 0.824023)
196.4149, (-1.639962, 0.311349, 6.695780), (0.043061, -0.567179, 0.062772, 0.820069)
196.4431, (-1.649360, 0.310072, 6.691882), (0.051431, -0.569336, 0.072635, 0.817274)
196.4707, (-1.659032, 0.310713, 6.687872), (0.050936, -0.567684, 0.079861, 0.817779)
196.4984, (-1.667930, 0.313454, 6.685369), (0.040571, -0.561953, 0.071876, 0.823041)
196.526, (-1.677845, 0.315021, 6.681413), (0.035247, -0.558914, 0.065641, 0.825872)
196.5538, (-1.688953, 0.315673, 6.677007), (0.025167, -0.551935, 0.052220, 0.831870)
196.5815, (-1.699118, 0.316116, 6.671982), (0.018728, -0.548457, 0.044456, 0.834786)
196.6093, (-1.709520, 0.316097, 6.666279), (0.011855, -0.544388, 0.036862, 0.837939)
196.6371, (-1.720281, 0.316545, 6.660359), (0.007054, -0.541212, 0.033424, 0.840192)
196.6651, (-1.731190, 0.316728, 6.653564), (0.005821, -0.540489, 0.026477, 0.840915)
196.6928, (-1.742114, 0.315766, 6.647033), (0.005625, -0.537125, 0.023538, 0.843156)
196.7211, (-1.753112, 0.314808, 6.641075), (0.003791, -0.531939, 0.021403, 0.846504)
196.7487, (-1.764421, 0.316899, 6.634495), (0.008334, -0.524640, 0.024073, 0.850943)
196.7766, (-1.776864, 0.318867, 6.628488), (0.015460, -0.516627, 0.022061, 0.855787)
196.8044, (-1.788322, 0.321638, 6.622429), (0.015824, -0.508752, 0.016566, 0.860608)
196.8324, (-1.798720, 0.321895, 6.616539), (0.000600, -0.503291, 0.006858, 0.864090)
196.8599, (-1.809097, 0.322462, 6.612064), (-0.007295, -0.495631, 0.005628, 0.868485)
196.8877, (-1.818722, 0.322482, 6.608850), (-0.008571, -0.485315, 0.003204, 0.874292)
196.9153, (-1.828738, 0.322730, 6.605587), (0.002740, -0.468950, 0.010954, 0.883153)
196.9431, (-1.838395, 0.323154, 6.602117), (0.009767, -0.454384, 0.013877, 0.890644)
196.9707, (-1.847509, 0.324167, 6.598591), (0.011952, -0.440385, 0.014547, 0.897612)
196.9986, (-1.856045, 0.323880, 6.596226), (0.007480, -0.428533, 0.015254, 0.903367)
197.0263, (-1.864067, 0.323139, 6.594785), (0.003989, -0.416494, 0.018311, 0.908945)
197.0538, (-1.872315, 0.322800, 6.594109), (0.004750, -0.404333, 0.020057, 0.914380)
197.0814, (-1.880533, 0.322386, 6.593213), (0.006649, -0.391165, 0.021011, 0.920057)
197.1091, (-1.888439, 0.322157, 6.591898), (0.009375, -0.380775, 0.024225, 0.924303)
197.1367, (-1.896432, 0.322085, 6.591454), (0.009181, -0.370242, 0.027341, 0.928487)
197.1645, (-1.904621, 0.322189, 6.592559), (0.007366, -0.361519, 0.026047, 0.931972)
197.192, (-1.913158, 0.321992, 6.593275), (0.007181, -0.351975, 0.027083, 0.935590)
197.2198, (-1.921848, 0.321473, 6.593904), (0.006126, -0.344078, 0.025880, 0.938564)
197.2474, (-1.931072, 0.321047, 6.595192), (0.005637, -0.335537, 0.025551, 0.941664)
197.2752, (-1.939892, 0.320138, 6.597620), (0.003698, -0.327460, 0.025779, 0.944506)
197.3028, (-1.948375, 0.318660, 6.600724), (0.003348, -0.321910, 0.027168, 0.946375)
197.3309, (-1.958255, 0.317302, 6.603390), (0.004742, -0.319982, 0.028724, 0.946976)
197.3586, (-1.969200, 0.315720, 6.606112), (0.006358, -0.320471, 0.029253, 0.946785)
197.3861, (-1.978145, 0.313465, 6.608978), (0.008341, -0.323712, 0.033065, 0.945541)
197.4136, (-1.985953, 0.311647, 6.612739), (0.013346, -0.331089, 0.037701, 0.942752)
197.4413, (-1.993228, 0.310013, 6.617051), (0.015236, -0.335072, 0.038986, 0.941262)
197.4691, (-1.998796, 0.307989, 6.621156), (0.014797, -0.337483, 0.040186, 0.940357)
197.4969, (-2.003217, 0.305516, 6.625416), (0.010405, -0.340408, 0.040216, 0.939360)
197.5244, (-2.007168, 0.305022, 6.630227), (0.008672, -0.342680, 0.039258, 0.938592)
197.5522, (-2.012516, 0.309367, 6.636592), (0.024872, -0.341368, 0.037910, 0.938836)
197.5798, (-2.019749, 0.315501, 6.642246), (0.034332, -0.341050, 0.027644, 0.939012)
197.6077, (-2.024179, 0.319008, 6.645291), (0.021663, -0.340843, 0.011358, 0.939802)
197.6354, (-2.026520, 0.320571, 6.648026), (0.005965, -0.339091, 0.003066, 0.940730)
197.6632, (-2.030949, 0.321794, 6.652236), (-0.006769, -0.336518, -0.001084, 0.941652)
197.6911, (-2.036050, 0.322515, 6.656230), (-0.015662, -0.332166, -0.005341, 0.943076)
197.719, (-2.039822, 0.321607, 6.659059), (-0.019706, -0.327782, -0.008751, 0.944508)
197.7466, (-2.044455, 0.320265, 6.659975), (-0.016696, -0.322811, -0.002591, 0.946313)
197.7743, (-2.050152, 0.320546, 6.661723), (-0.008194, -0.316961, 0.004291, 0.948394)
197.802, (-2.055258, 0.321667, 6.663259), (-0.006448, -0.312774, 0.006083, 0.949786)
197.8297, (-2.060448, 0.323841, 6.665423), (-0.001102, -0.304874, 0.006190, 0.952372)
197.8573, (-2.064641, 0.326092, 6.667549), (-0.003156, -0.295291, 0.007273, 0.955375)
197.8852, (-2.069070, 0.328179, 6.670174), (-0.015701, -0.284778, 0.002673, 0.958461)
197.9129, (-2.073174, 0.330137, 6.673263), (-0.028418, -0.273972, -0.004139, 0.961309)
197.9408, (-2.077821, 0.331159, 6.675346), (-0.037943, -0.262086, -0.010844, 0.964238)
197.9686, (-2.083608, 0.330877, 6.676566), (-0.039645, -0.253218, -0.015733, 0.966469)
197.9964, (-2.090040, 0.328964, 6.676943), (-0.033968, -0.245909, -0.013155, 0.968609)
198.0242, (-2.097770, 0.325666, 6.676982), (-0.014176, -0.243572, 0.003712, 0.969772)
198.052, (-2.105229, 0.323483, 6.676976), (0.000229, -0.239434, 0.013795, 0.970815)
198.0796, (-2.113356, 0.322105, 6.677987), (0.014141, -0.234409, 0.020461, 0.971820)
198.1072, (-2.121194, 0.321185, 6.678973), (0.020676, -0.226443, 0.025405, 0.973474)
198.1348, (-2.129979, 0.322637, 6.679301), (0.019419, -0.218240, 0.024215, 0.975401)
198.1629, (-2.138796, 0.322990, 6.679438), (0.012032, -0.209272, 0.016588, 0.977643)
198.1903, (-2.148335, 0.322700, 6.679197), (0.008693, -0.199825, 0.017777, 0.979632)
198.2179, (-2.158415, 0.322362, 6.678636), (0.004703, -0.191405, 0.019439, 0.981307)
198.2454, (-2.168303, 0.322515, 6.677349), (-0.003538, -0.183763, 0.019649, 0.982768)
198.2732, (-2.179224, 0.323402, 6.675625), (-0.008367, -0.174870, 0.019253, 0.984368)
198.3009, (-2.190158, 0.323698, 6.673575), (-0.014959, -0.166243, 0.015999, 0.985842)
198.3285, (-2.201985, 0.323858, 6.670391), (-0.023273, -0.155763, 0.015843, 0.987393)
198.3561, (-2.214077, 0.324229, 6.666996), (-0.027503, -0.145326, 0.017482, 0.988847)
198.3839, (-2.226605, 0.325147, 6.662841), (-0.031982, -0.135768, 0.019197, 0.990038)
198.4115, (-2.239572, 0.326507, 6.659029), (-0.036085, -0.126380, 0.017374, 0.991173)
198.4395, (-2.253286, 0.329556, 6.655136), (-0.032548, -0.114965, 0.015484, 0.992716)
198.467, (-2.266685, 0.331021, 6.650756), (-0.039940, -0.106569, 0.016498, 0.993366)
198.495, (-2.279089, 0.330865, 6.646162), (-0.048648, -0.099933, 0.019581, 0.993611)
198.5222, (-2.290497, 0.330644, 6.642516), (-0.053608, -0.092833, 0.025515, 0.993910)
198.5502, (-2.302769, 0.330547, 6.639231), (-0.057332, -0.083754, 0.025574, 0.994507)
198.5776, (-2.313768, 0.330438, 6.636518), (-0.051536, -0.076121, 0.024117, 0.995474)
198.6055, (-2.323734, 0.329898, 6.633951), (-0.042527, -0.065939, 0.026170, 0.996574)
198.6332, (-2.333729, 0.330658, 6.631546), (-0.041777, -0.055025, 0.026862, 0.997249)
198.6607, (-2.343659, 0.332650, 6.628994), (-0.045034, -0.045733, 0.025467, 0.997613)
198.6883, (-2.352874, 0.333971, 6.627193), (-0.049374, -0.039870, 0.021944, 0.997743)
198.7162, (-2.362176, 0.333832, 6.625798), (-0.053079, -0.032301, 0.022252, 0.997820)
198.7439, (-2.371207, 0.333191, 6.624279), (-0.053622, -0.025599, 0.025423, 0.997909)
198.7719, (-2.380163, 0.331978, 6.622552), (-0.052340, -0.021924, 0.027142, 0.998020)
198.7997, (-2.389359, 0.330111, 6.621888), (-0.042843, -0.024672, 0.030509, 0.998311)
198.8273, (-2.397813, 0.328394, 6.622135), (-0.035773, -0.024320, 0.035114, 0.998447)
198.8549, (-2.406002, 0.328606, 6.621921), (-0.031808, -0.024717, 0.039916, 0.998391)
198.8826, (-2.414196, 0.328932, 6.622272), (-0.035161, -0.029492, 0.039085, 0.998182)
198.9102, (-2.422273, 0.328844, 6.622858), (-0.037482, -0.032363, 0.038782, 0.998020)
198.9384, (-2.429391, 0.327897, 6.624287), (-0.040364, -0.037906, 0.038238, 0.997733)
198.9664, (-2.436176, 0.326940, 6.626333), (-0.040865, -0.038678, 0.040445, 0.997596)
198.9937, (-2.443197, 0.326243, 6.628354), (-0.039602, -0.040835, 0.039767, 0.997589)
199.0213, (-2.449890, 0.325856, 6.631233), (-0.042973, -0.042794, 0.038523, 0.997416)
199.049, (-2.456804, 0.326276, 6.634151), (-0.046301, -0.045181, 0.038892, 0.997147)
199.077, (-2.462520, 0.327152, 6.636796), (-0.051875, -0.047708, 0.039410, 0.996735)
199.1044, (-2.468466, 0.326936, 6.640638), (-0.061843, -0.047576, 0.038577, 0.996205)
199.1318, (-2.474552, 0.327155, 6.643781), (-0.066300, -0.047870, 0.038952, 0.995889)
199.1601, (-2.479721, 0.326480, 6.647235), (-0.074304, -0.048210, 0.037761, 0.995354)
199.1869, (-2.483630, 0.325163, 6.651743), (-0.077368, -0.045579, 0.034532, 0.995362)
199.2144, (-2.487262, 0.322904, 6.655976), (-0.075327, -0.043655, 0.035307, 0.995577)
199.2422, (-2.491177, 0.321551, 6.659631), (-0.075112, -0.043375, 0.035632, 0.995594)
199.2697, (-2.495716, 0.320798, 6.663609), (-0.073029, -0.045711, 0.035893, 0.995635)
199.2973, (-2.500280, 0.320005, 6.668241), (-0.076239, -0.048467, 0.034007, 0.995330)
199.3251, (-2.504859, 0.320269, 6.672841), (-0.073622, -0.051845, 0.030074, 0.995484)
199.3533, (-2.510181, 0.320832, 6.677979), (-0.067216, -0.051743, 0.026674, 0.996039)
199.3809, (-2.516471, 0.323357, 6.682661), (-0.053135, -0.054349, 0.024733, 0.996801)
199.4085, (-2.523219, 0.324630, 6.687978), (-0.052074, -0.062219, 0.018374, 0.996534)
199.4366, (-2.528472, 0.324818, 6.692206), (-0.057061, -0.066748, 0.017734, 0.995979)
199.4644, (-2.533904, 0.323041, 6.696334), (-0.061032, -0.069708, 0.021140, 0.995474)
199.4919, (-2.539832, 0.321129, 6.702055), (-0.054885, -0.073190, 0.026418, 0.995456)
199.5193, (-2.545599, 0.319631, 6.706784), (-0.048807, -0.075111, 0.029090, 0.995555)
199.5466, (-2.550478, 0.317737, 6.711509), (-0.036221, -0.073594, 0.031672, 0.996127)
199.5739, (-2.557285, 0.318477, 6.717649), (-0.022549, -0.070584, 0.032393, 0.996725)
199.6011, (-2.563912, 0.319780, 6.721096), (-0.014058, -0.069377, 0.033598, 0.996926)
199.6281, (-2.570726, 0.320784, 6.725286), (-0.007470, -0.074889, 0.028300, 0.996762)
199.6551, (-2.577789, 0.321072, 6.730186), (-0.004787, -0.076696, 0.029330, 0.996612)
199.6819, (-2.583408, 0.320944, 6.734068), (-0.002512, -0.071872, 0.037742, 0.996697)
199.7165, (-2.589357, 0.322525, 6.736265), (-0.012087, -0.064720, 0.041308, 0.996975)
199.7507, (-2.604584, 0.321272, 6.743854), (-0.014752, -0.064714, 0.037895, 0.997075)
199.783, (-2.612832, 0.320158, 6.746966), (-0.009161, -0.071304, 0.035545, 0.996779)
199.8139, (-2.624708, 0.315801, 6.749071), (0.009936, -0.087651, 0.038268, 0.995367)
199.8441, (-2.635304, 0.312783, 6.750993), (0.022315, -0.102965, 0.034952, 0.993820)
199.8735, (-2.644725, 0.311866, 6.753539), (0.030260, -0.100395, 0.044050, 0.993511)
199.9028, (-2.654311, 0.312680, 6.755555), (0.031477, -0.100933, 0.047693, 0.993251)
199.9303, (-2.664861, 0.312575, 6.759079), (0.025854, -0.101836, 0.044855, 0.993453)
199.9581, (-2.675601, 0.312611, 6.761667), (0.022743, -0.098256, 0.042954, 0.993974)
199.9851, (-2.686260, 0.311949, 6.764219), (0.016582, -0.095391, 0.042704, 0.994385)
200.0122, (-2.697082, 0.311802, 6.766202), (0.018710, -0.090413, 0.045391, 0.994694)
200.0388, (-2.708013, 0.311186, 6.767647), (0.016569, -0.087360, 0.042531, 0.995131)
200.0661, (-2.720085, 0.310225, 6.769379), (0.014485, -0.085221, 0.038290, 0.995521)
200.0932, (-2.731809, 0.309827, 6.770139), (0.023178, -0.088092, 0.036679, 0.995167)
200.1207, (-2.745800, 0.310110, 6.773057), (0.041550, -0.097818, 0.034775, 0.993728)
200.1485, (-2.759722, 0.309366, 6.775227), (0.053515, -0.110616, 0.032101, 0.991902)
200.1763, (-2.772438, 0.307330, 6.775120), (0.062058, -0.136967, 0.038678, 0.987873)
200.2042, (-2.784358, 0.307539, 6.776978), (0.071226, -0.149278, 0.049499, 0.984984)
200.2321, (-2.796885, 0.307034, 6.778601), (0.079016, -0.159497, 0.052410, 0.982635)
200.26, (-2.808767, 0.306815, 6.781867), (0.071540, -0.180845, 0.060765, 0.979022)
200.2882, (-2.820949, 0.306464, 6.784128), (0.076511, -0.193010, 0.064604, 0.976074)
200.3164, (-2.833130, 0.306113, 6.786388), (0.081467, -0.205137, 0.068431, 0.972933)
200.3448, (-2.831552, 0.305389, 6.787710), (0.073598, -0.206208, 0.049402, 0.974485)
200.3749, (-2.838203, 0.303241, 6.790795), (0.077514, -0.215115, 0.050458, 0.972199)
200.4026, (-2.845209, 0.302493, 6.793341), (0.081557, -0.227269, 0.049554, 0.969145)
200.431, (-2.852080, 0.302355, 6.796555), (0.086200, -0.239389, 0.048393, 0.965878)
200.4593, (-2.857619, 0.302179, 6.800703), (0.089464, -0.251171, 0.050052, 0.962499)
200.4876, (-2.863396, 0.302551, 6.804916), (0.089151, -0.259785, 0.049710, 0.960257)
200.5156, (-2.868512, 0.303383, 6.810349), (0.090252, -0.270528, 0.046817, 0.957328)
200.5436, (-2.872560, 0.303218, 6.815545), (0.087867, -0.277776, 0.045534, 0.955535)
200.5714, (-2.875715, 0.303308, 6.820364), (0.086550, -0.282733, 0.045431, 0.954205)
200.5992, (-2.878985, 0.302422, 6.825304), (0.083363, -0.285801, 0.045084, 0.953591)
200.6269, (-2.881552, 0.302497, 6.829842), (0.081987, -0.288458, 0.045898, 0.952871)
200.6547, (-2.883360, 0.301691, 6.835188), (0.077941, -0.291611, 0.044995, 0.952294)
200.6828, (-2.884854, 0.299709, 6.840441), (0.070964, -0.296262, 0.047485, 0.951283)
200.711, (-2.885233, 0.297221, 6.844054), (0.066306, -0.310370, 0.053650, 0.946782)
200.7373, (-2.885310, 0.295216, 6.847656), (0.069056, -0.327482, 0.061962, 0.940291)
200.7646, (-2.883180, 0.295494, 6.852124), (0.083864, -0.347116, 0.067706, 0.931608)
200.793, (-2.882523, 0.297689, 6.859154), (0.099589, -0.359126, 0.069293, 0.925370)
200.8212, (-2.883966, 0.298962, 6.865115), (0.082619, -0.368352, 0.054288, 0.924415)
200.8495, (-2.884113, 0.300411, 6.869955), (0.079501, -0.381030, 0.047392, 0.919918)
200.8778, (-2.884313, 0.301199, 6.875381), (0.078561, -0.392552, 0.044458, 0.915289)
200.906, (-2.883589, 0.301757, 6.879989), (0.070446, -0.408274, 0.038675, 0.909315)
200.9337, (-2.882040, 0.294105, 6.886514), (0.061871, -0.416456, 0.047709, 0.905793)
200.9614, (-2.882531, 0.293762, 6.890299), (0.069648, -0.428901, 0.045611, 0.899507)
200.9891, (-2.884003, 0.294268, 6.893509), (0.078279, -0.442059, 0.046678, 0.892344)
201.0169, (-2.885739, 0.295465, 6.896060), (0.084051, -0.453121, 0.050654, 0.886031)
201.0446, (-2.887788, 0.297864, 6.899090), (0.078834, -0.467560, 0.051543, 0.878929)
201.0726, (-2.889568, 0.298939, 6.902875), (0.073455, -0.473928, 0.049030, 0.876124)
201.1004, (-2.889277, 0.299010, 6.908401), (0.065559, -0.476130, 0.048304, 0.875597)
201.1282, (-2.889587, 0.297548, 6.914493), (0.061917, -0.473504, 0.052615, 0.877036)
201.1561, (-2.890535, 0.296496, 6.920147), (0.061635, -0.467987, 0.058859, 0.879616)
201.1841, (-2.892677, 0.296644, 6.925593), (0.063595, -0.457034, 0.053867, 0.885536)
201.2119, (-2.895361, 0.295957, 6.930311), (0.066484, -0.457274, 0.048679, 0.885501)
201.2396, (-2.898442, 0.295850, 6.934775), (0.069611, -0.458112, 0.049383, 0.884788)
201.2674, (-2.902102, 0.295458, 6.939074), (0.068675, -0.462347, 0.046181, 0.882829)
201.295, (-2.907087, 0.296397, 6.943360), (0.068196, -0.466416, 0.045360, 0.880766)
201.3227, (-2.912123, 0.296186, 6.947465), (0.068136, -0.472301, 0.042962, 0.877749)
201.3505, (-2.918181, 0.295031, 6.950279), (0.069184, -0.480514, 0.044583, 0.873117)
201.3784, (-2.924453, 0.294329, 6.953280), (0.071713, -0.490765, 0.046808, 0.867073)
201.4061, (-2.930577, 0.293582, 6.956663), (0.071545, -0.501908, 0.048315, 0.860602)
201.4338, (-2.936953, 0.293576, 6.960143), (0.072030, -0.512136, 0.045360, 0.854676)
201.4616, (-2.943836, 0.293160, 6.964148), (0.072454, -0.521375, 0.044915, 0.849059)
201.4895, (-2.950546, 0.292648, 6.967078), (0.071953, -0.528217, 0.045784, 0.844816)
201.5173, (-2.958009, 0.292396, 6.970859), (0.069799, -0.537544, 0.045421, 0.839114)
201.5449, (-2.967972, 0.292160, 6.974812), (0.065578, -0.543624, 0.038716, 0.835867)
201.5732, (-2.977752, 0.290907, 6.977819), (0.061863, -0.550271, 0.034151, 0.831991)
201.601, (-2.986508, 0.289888, 6.981017), (0.058890, -0.557419, 0.032456, 0.827504)
201.6286, (-2.998257, 0.288128, 6.982265), (0.057632, -0.566264, 0.038593, 0.821300)
201.6565, (-3.010416, 0.289340, 6.985595), (0.067017, -0.575137, 0.046048, 0.814006)
201.6846, (-3.023084, 0.290708, 6.988664), (0.077554, -0.581466, 0.054738, 0.808014)
201.7124, (-3.035918, 0.293241, 6.990540), (0.074497, -0.588720, 0.057476, 0.802842)
201.7403, (-3.047486, 0.294585, 6.992039), (0.067744, -0.597434, 0.056129, 0.797078)
201.768, (-3.059030, 0.294941, 6.994189), (0.065622, -0.605181, 0.060553, 0.791065)
201.796, (-3.070320, 0.294224, 6.996508), (0.068498, -0.610170, 0.064539, 0.786661)
201.8241, (-3.079884, 0.293238, 6.998770), (0.072979, -0.612879, 0.070005, 0.783679)
201.8523, (-3.089073, 0.293118, 7.001395), (0.076099, -0.613581, 0.071058, 0.782738)
201.8803, (-3.098053, 0.294194, 7.003643), (0.077648, -0.613632, 0.067742, 0.782839)
201.9083, (-3.105757, 0.294385, 7.005934), (0.077834, -0.613121, 0.065552, 0.783407)
201.9362, (-3.113389, 0.294238, 7.008578), (0.078670, -0.614433, 0.070222, 0.781890)
201.9644, (-3.120521, 0.294260, 7.011075), (0.077591, -0.616901, 0.073353, 0.779764)
201.992, (-3.127365, 0.294758, 7.015191), (0.074694, -0.618828, 0.073511, 0.778505)
202.0198, (-3.134995, 0.295511, 7.019121), (0.071864, -0.619628, 0.072022, 0.778274)
202.0478, (-3.141915, 0.296361, 7.024978), (0.071280, -0.622271, 0.062493, 0.777041)
202.0759, (-3.148570, 0.296400, 7.030504), (0.076089, -0.623057, 0.066965, 0.775581)
202.1037, (-3.155556, 0.296238, 7.036468), (0.077092, -0.623392, 0.069685, 0.774973)
202.1318, (-3.162298, 0.297082, 7.042837), (0.078053, -0.622253, 0.071982, 0.775582)
202.1597, (-3.167700, 0.297677, 7.050098), (0.075927, -0.620580, 0.065147, 0.777735)
202.1874, (-3.174758, 0.298806, 7.057383), (0.076745, -0.619300, 0.060715, 0.779032)
202.2151, (-3.180970, 0.299584, 7.064240), (0.075292, -0.619615, 0.056904, 0.779212)
202.2429, (-3.186052, 0.300223, 7.071772), (0.070404, -0.621639, 0.050576, 0.778492)
202.2706, (-3.191547, 0.300300, 7.079883), (0.062926, -0.622278, 0.045094, 0.778959)
202.2985, (-3.196719, 0.300297, 7.088377), (0.056311, -0.623746, 0.039016, 0.778620)
202.3263, (-3.202188, 0.300590, 7.097354), (0.056068, -0.625561, 0.038997, 0.777180)
202.354, (-3.207731, 0.300037, 7.105712), (0.047349, -0.627062, 0.032469, 0.776851)
202.3817, (-3.212399, 0.300165, 7.114974), (0.042087, -0.629167, 0.027937, 0.775627)
202.4096, (-3.217011, 0.300964, 7.124946), (0.037578, -0.631529, 0.028978, 0.773899)
202.4373, (-3.222934, 0.305117, 7.134688), (0.045434, -0.634244, 0.035787, 0.770966)
202.4653, (-3.227280, 0.306522, 7.143974), (0.033516, -0.635685, 0.015243, 0.771070)
202.4932, (-3.230266, 0.307925, 7.153287), (0.026603, -0.637932, 0.007409, 0.769598)
202.5211, (-3.233488, 0.306709, 7.160888), (0.006665, -0.637824, -0.005313, 0.770135)
202.5488, (-3.237782, 0.307068, 7.168930), (-0.000415, -0.639019, -0.009534, 0.769132)
202.5767, (-3.243623, 0.307893, 7.175918), (-0.000305, -0.639880, -0.015879, 0.768311)
202.6045, (-3.248206, 0.308226, 7.182827), (0.000647, -0.641609, -0.022156, 0.766712)
202.6325, (-3.252031, 0.308217, 7.188540), (0.001844, -0.642234, -0.025236, 0.766091)
202.6602, (-3.256088, 0.309064, 7.192822), (0.005782, -0.645259, -0.020765, 0.763660)
202.6883, (-3.261190, 0.311185, 7.197843), (0.007758, -0.648229, -0.017346, 0.761209)
202.716, (-3.265560, 0.311773, 7.202434), (0.004991, -0.650154, -0.018631, 0.759558)
202.7437, (-3.269209, 0.312169, 7.207758), (0.001306, -0.649621, -0.015929, 0.760090)
202.7715, (-3.273180, 0.312080, 7.213515), (-0.003410, -0.644932, -0.014056, 0.764104)
202.7996, (-3.277983, 0.312563, 7.219017), (-0.004882, -0.640745, -0.014656, 0.767599)
202.8275, (-3.283532, 0.312668, 7.224322), (-0.002970, -0.635794, -0.014526, 0.771717)
202.8551, (-3.290074, 0.312412, 7.228719), (-0.001478, -0.632366, -0.015586, 0.774512)
202.8827, (-3.296257, 0.312525, 7.232508), (-0.001956, -0.628809, -0.018893, 0.777328)
202.9106, (-3.302347, 0.312727, 7.236002), (-0.002280, -0.625258, -0.023088, 0.780073)
202.9382, (-3.309208, 0.312219, 7.239498), (-0.000929, -0.620377, -0.025827, 0.783878)
202.9659, (-3.316669, 0.311193, 7.242534), (0.001239, -0.613452, -0.024077, 0.789364)
202.9937, (-3.323904, 0.309742, 7.245434), (0.004789, -0.605580, -0.020707, 0.795501)
203.0213, (-3.331645, 0.308272, 7.247963), (0.008933, -0.595651, -0.014904, 0.803055)
203.0491, (-3.339743, 0.306668, 7.250060), (0.012469, -0.584708, -0.008702, 0.811102)
203.0768, (-3.347690, 0.305045, 7.252455), (0.015603, -0.574061, -0.004867, 0.818649)
203.1045, (-3.357073, 0.304041, 7.253992), (0.019814, -0.561847, 0.000688, 0.827004)
203.1322, (-3.366263, 0.302485, 7.254492), (0.025596, -0.551069, 0.008627, 0.834023)
203.16, (-3.375772, 0.300817, 7.254681), (0.028039, -0.542156, 0.011292, 0.839734)
203.1876, (-3.385549, 0.300305, 7.254950), (0.029800, -0.530969, 0.016124, 0.846714)
203.2153, (-3.395030, 0.300021, 7.255282), (0.025454, -0.518181, 0.011887, 0.854810)
203.243, (-3.405812, 0.300502, 7.254807), (0.022269, -0.506442, 0.007795, 0.861951)
203.2707, (-3.415412, 0.300184, 7.253610), (0.022308, -0.496668, 0.007601, 0.867621)
203.2985, (-3.426183, 0.302188, 7.252369), (0.031156, -0.489594, 0.012641, 0.871302)
203.3264, (-3.436925, 0.305756, 7.251861), (0.040478, -0.477449, 0.018792, 0.877526)
203.3541, (-3.446923, 0.308925, 7.251020), (0.035094, -0.466953, 0.018324, 0.883396)
203.3819, (-3.457014, 0.311048, 7.250353), (0.032433, -0.456829, 0.018054, 0.888780)
203.4098, (-3.466211, 0.314025, 7.249328), (0.022981, -0.446573, 0.017946, 0.894272)
203.4375, (-3.474201, 0.313708, 7.250261), (0.014355, -0.440717, 0.014106, 0.897421)
203.4654, (-3.482059, 0.313325, 7.249734), (0.017029, -0.430764, 0.015924, 0.902163)
203.4931, (-3.489700, 0.313338, 7.249992), (0.021423, -0.417374, 0.013873, 0.908377)
203.5208, (-3.497560, 0.313467, 7.251199), (0.026179, -0.401906, 0.011473, 0.915235)
203.5485, (-3.505172, 0.313237, 7.252399), (0.032372, -0.383939, 0.013032, 0.922699)
203.5765, (-3.512478, 0.313623, 7.252686), (0.038018, -0.366960, 0.015441, 0.929332)
203.6042, (-3.518934, 0.313585, 7.253397), (0.038525, -0.351383, 0.015924, 0.935303)
203.6322, (-3.524290, 0.314211, 7.254759), (0.038756, -0.333013, 0.017954, 0.941954)
203.6604, (-3.529412, 0.315112, 7.256142), (0.036239, -0.312789, 0.017504, 0.948970)
203.6885, (-3.533354, 0.315405, 7.257368), (0.036314, -0.293141, 0.014845, 0.955264)
203.716, (-3.536736, 0.315070, 7.258523), (0.035981, -0.272054, 0.012209, 0.961532)
203.7436, (-3.539834, 0.314882, 7.259367), (0.036237, -0.248537, 0.012037, 0.967870)
203.7714, (-3.541188, 0.314052, 7.260043), (0.036229, -0.224278, 0.012456, 0.973772)
203.7994, (-3.543083, 0.313721, 7.260749), (0.036440, -0.200756, 0.012298, 0.978886)
203.8271, (-3.544419, 0.313428, 7.261392), (0.035560, -0.175788, 0.013143, 0.983698)
203.8549, (-3.544872, 0.313053, 7.261673), (0.036341, -0.150945, 0.013949, 0.987776)
203.8827, (-3.546649, 0.312778, 7.262273), (0.036412, -0.127534, 0.014025, 0.991067)
203.9108, (-3.542417, 0.312932, 7.261530), (0.038265, -0.102634, 0.019374, 0.993794)
203.9391, (-3.542199, 0.313226, 7.261265), (0.034722, -0.081079, 0.022065, 0.995858)
203.9669, (-3.537465, 0.313254, 7.258874), (0.030280, -0.057270, 0.023816, 0.997615)
203.9947, (-3.534796, 0.313095, 7.257362), (0.029204, -0.031846, 0.025026, 0.998753)
204.0221, (-3.531395, 0.312940, 7.254949), (0.030092, -0.005200, 0.025720, 0.999203)
204.0499, (-3.527567, 0.313138, 7.252269), (0.029513, 0.018327, 0.023587, 0.999118)
204.0779, (-3.524039, 0.313381, 7.249587), (0.028419, 0.042774, 0.022265, 0.998432)
204.1053, (-3.520590, 0.314040, 7.246037), (0.026173, 0.065232, 0.023316, 0.997254)
204.1331, (-3.517664, 0.314177, 7.242604), (0.020486, 0.084552, 0.021625, 0.995974)
204.161, (-3.514049, 0.313916, 7.238991), (0.018061, 0.102367, 0.020247, 0.994377)
204.1888, (-3.511234, 0.313352, 7.234714), (0.015733, 0.118492, 0.018758, 0.992653)
204.2167, (-3.508910, 0.313163, 7.230742), (0.018036, 0.132584, 0.019557, 0.990815)
204.2442, (-3.506942, 0.312718, 7.225793), (0.022389, 0.143952, 0.021309, 0.989102)
204.2721, (-3.504819, 0.312321, 7.220581), (0.023785, 0.155416, 0.022220, 0.987313)
204.2998, (-3.502039, 0.312804, 7.216609), (0.023562, 0.164544, 0.020534, 0.985875)
204.3277, (-3.500776, 0.312257, 7.211553), (0.020260, 0.171905, 0.018560, 0.984730)
204.355, (-3.498901, 0.311277, 7.206143), (0.019120, 0.178142, 0.017960, 0.983655)
204.3826, (-3.496335, 0.310887, 7.201181), (0.019928, 0.185747, 0.017315, 0.982243)
204.4104, (-3.493367, 0.310510, 7.197252), (0.021050, 0.195859, 0.016043, 0.980275)
204.4377, (-3.491100, 0.310219, 7.192776), (0.022286, 0.205419, 0.014849, 0.978308)
204.4652, (-3.488871, 0.310111, 7.188152), (0.019975, 0.214941, 0.012995, 0.976337)
204.4928, (-3.486604, 0.310237, 7.184213), (0.015781, 0.222110, 0.010894, 0.974833)
204.5203, (-3.484574, 0.309294, 7.180832), (0.013801, 0.229172, 0.007859, 0.973257)
204.5478, (-3.482475, 0.308112, 7.177077), (0.015445, 0.237853, 0.004657, 0.971167)
204.5756, (-3.480983, 0.307764, 7.174472), (0.020647, 0.249256, 0.001240, 0.968217)
204.6031, (-3.479635, 0.307918, 7.172071), (0.024513, 0.259718, -0.003699, 0.965366)
204.6306, (-3.478374, 0.308151, 7.169856), (0.027094, 0.270121, -0.007874, 0.962413)
204.6584, (-3.479236, 0.308685, 7.167985), (0.029033, 0.284793, -0.010941, 0.958087)
204.6852, (-3.481059, 0.309477, 7.166387), (0.030522, 0.297366, -0.011187, 0.954210)
204.7125, (-3.483295, 0.309964, 7.165291), (0.029255, 0.309000, -0.011939, 0.950537)
204.7397, (-3.485980, 0.310232, 7.164691), (0.027829, 0.321842, -0.012449, 0.946302)
204.767, (-3.489103, 0.310322, 7.163753), (0.027071, 0.336113, -0.012570, 0.941349)
204.7947, (-3.493018, 0.310029, 7.163335), (0.023103, 0.354277, -0.014403, 0.934744)
204.8223, (-3.498182, 0.309517, 7.164118), (0.019745, 0.372076, -0.014356, 0.927881)
204.8505, (-3.503774, 0.308923, 7.164960), (0.018653, 0.388463, -0.014541, 0.921161)
204.878, (-3.510252, 0.308686, 7.167225), (0.017628, 0.406037, -0.014188, 0.913577)
204.9054, (-3.516648, 0.308561, 7.169201), (0.015370, 0.423078, -0.013316, 0.905865)
204.9334, (-3.524855, 0.308112, 7.172489), (0.014791, 0.440367, -0.010590, 0.897634)
204.9614, (-3.532383, 0.307954, 7.176030), (0.016045, 0.454360, -0.008102, 0.890637)
204.9896, (-3.540664, 0.308007, 7.179628), (0.017038, 0.469383, -0.006953, 0.882803)
205.0175, (-3.549989, 0.308325, 7.182840), (0.020326, 0.482619, -0.007573, 0.875562)
205.0456, (-3.558689, 0.308686, 7.186374), (0.019696, 0.495804, -0.008240, 0.868172)
205.0733, (-3.567268, 0.309173, 7.189441), (0.020639, 0.509110, -0.009105, 0.860406)
205.1015, (-3.576383, 0.309509, 7.192338), (0.019208, 0.521309, -0.009656, 0.853097)
205.1304, (-3.585988, 0.309190, 7.195232), (0.014134, 0.530442, -0.011122, 0.847531)
205.1583, (-3.595292, 0.308298, 7.198315), (0.013022, 0.539708, -0.013188, 0.841649)
205.1867, (-3.604614, 0.307229, 7.200790), (0.018123, 0.551149, -0.017325, 0.834030)
205.2147, (-3.614208, 0.306265, 7.203420), (0.020081, 0.564507, -0.019886, 0.824945)
205.2429, (-3.623634, 0.306825, 7.206010), (0.020959, 0.576997, -0.022775, 0.816160)
205.2711, (-3.633194, 0.307846, 7.208703), (0.017659, 0.588722, -0.023043, 0.807814)
205.2995, (-3.642642, 0.308005, 7.211438), (0.014386, 0.600638, -0.020173, 0.799137)
205.3278, (-3.652088, 0.307753, 7.213179), (0.013313, 0.613115, -0.014942, 0.789741)
205.3558, (-3.661041, 0.309104, 7.214747), (0.017264, 0.622867, -0.014986, 0.781994)
205.3839, (-3.669788, 0.310584, 7.216059), (0.021484, 0.631819, -0.015998, 0.774653)
205.4119, (-3.678053, 0.311800, 7.217495), (0.026846, 0.638705, -0.016257, 0.768812)
205.4398, (-3.686608, 0.313152, 7.217600), (0.028103, 0.644891, -0.013100, 0.763645)
205.468, (-3.694796, 0.314728, 7.216604), (0.029314, 0.650601, -0.008690, 0.758804)
205.496, (-3.702340, 0.315215, 7.215282), (0.026963, 0.657118, -0.005387, 0.753286)
205.5237, (-3.710509, 0.315330, 7.213704), (0.025798, 0.662563, -0.002191, 0.748559)
205.5514, (-3.718293, 0.314996, 7.211487), (0.025491, 0.667687, -0.002159, 0.744003)
205.5793, (-3.725596, 0.314513, 7.209453), (0.025076, 0.671491, -0.002630, 0.740584)
205.6073, (-3.732595, 0.314311, 7.207167), (0.023638, 0.674472, -0.004138, 0.737911)
205.6352, (-3.739923, 0.313506, 7.203884), (0.022521, 0.678575, -0.001873, 0.734183)
205.6631, (-3.747226, 0.313515, 7.200747), (0.020561, 0.681179, 0.000832, 0.731828)
205.691, (-3.754276, 0.313029, 7.196995), (0.019039, 0.683040, 0.001591, 0.730131)
205.7194, (-3.761194, 0.312812, 7.192075), (0.020446, 0.685636, 0.001249, 0.727656)
205.7468, (-3.767551, 0.312763, 7.187098), (0.018793, 0.687612, -0.000404, 0.725835)
205.7744, (-3.773901, 0.312152, 7.181573), (0.017000, 0.691210, -0.002136, 0.722451)
205.8026, (-3.780792, 0.311769, 7.174900), (0.014663, 0.696972, -0.004069, 0.716938)
205.8304, (-3.787512, 0.311265, 7.168867), (0.012271, 0.701361, -0.004919, 0.712684)
205.858, (-3.793401, 0.310214, 7.161464), (0.012552, 0.707505, -0.008019, 0.706552)
205.8858, (-3.799435, 0.309338, 7.154102), (0.010953, 0.712005, -0.012536, 0.701977)
205.9138, (-3.805841, 0.308340, 7.147044), (0.014433, 0.715746, -0.016185, 0.698024)
205.9418, (-3.811985, 0.307615, 7.139477), (0.018088, 0.717962, -0.021408, 0.695518)
205.9698, (-3.817458, 0.307288, 7.132067), (0.021067, 0.720801, -0.029541, 0.692192)
205.998, (-3.823509, 0.307079, 7.125250), (0.024194, 0.721497, -0.036733, 0.691019)
206.0257, (-3.830337, 0.305356, 7.119376), (0.023870, 0.720718, -0.037033, 0.691827)
206.0537, (-3.837315, 0.303768, 7.113504), (0.026487, 0.716434, -0.038283, 0.696100)
206.0816, (-3.844166, 0.301583, 7.108270), (0.030845, 0.710503, -0.042820, 0.701713)
206.1095, (-3.850659, 0.300370, 7.103100), (0.037779, 0.705198, -0.051088, 0.706158)
206.1372, (-3.857313, 0.299716, 7.097992), (0.042406, 0.701373, -0.056698, 0.709270)
206.1652, (-3.864717, 0.300556, 7.094072), (0.042555, 0.696717, -0.058335, 0.713703)
206.1927, (-3.871800, 0.301844, 7.091306), (0.036529, 0.688663, -0.056485, 0.721955)
206.2203, (-3.879326, 0.302173, 7.088585), (0.034280, 0.680594, -0.054315, 0.729840)
206.2478, (-3.886741, 0.302549, 7.086440), (0.033879, 0.673434, -0.054374, 0.736467)
206.2754, (-3.893911, 0.302911, 7.084569), (0.033219, 0.667151, -0.056120, 0.742062)
206.3034, (-3.900824, 0.304173, 7.083384), (0.032367, 0.662285, -0.058623, 0.746254)
206.3313, (-3.906966, 0.305341, 7.082802), (0.028395, 0.659219, -0.059837, 0.749029)
206.3591, (-3.914039, 0.306595, 7.083034), (0.026342, 0.655556, -0.061646, 0.752165)
206.3868, (-3.921803, 0.306867, 7.083765), (0.022988, 0.649509, -0.062576, 0.757426)
206.4146, (-3.929920, 0.306226, 7.085346), (0.024462, 0.644328, -0.061905, 0.761847)
206.4419, (-3.937778, 0.305798, 7.086699), (0.028978, 0.638974, -0.059173, 0.766402)
206.4697, (-3.945838, 0.306044, 7.087977), (0.028419, 0.637989, -0.055956, 0.767484)
206.4977, (-3.953357, 0.306616, 7.090079), (0.024278, 0.638979, -0.051668, 0.767103)
206.5254, (-3.961076, 0.307187, 7.092574), (0.020876, 0.638958, -0.048241, 0.767444)
206.5532, (-3.969032, 0.307482, 7.096054), (0.016007, 0.637409, -0.043907, 0.769107)
206.5811, (-3.976890, 0.307682, 7.100562), (0.017551, 0.636406, -0.041488, 0.770038)
206.6088, (-3.984995, 0.308181, 7.104881), (0.019952, 0.635697, -0.039151, 0.770687)
206.6367, (-3.993074, 0.308794, 7.110162), (0.019684, 0.633473, -0.035866, 0.772683)
206.6644, (-4.000945, 0.308931, 7.116370), (0.021102, 0.628994, -0.031521, 0.776484)
206.6922, (-4.009352, 0.308442, 7.122536), (0.023294, 0.623335, -0.026863, 0.781146)
206.7199, (-4.017654, 0.307964, 7.128941), (0.026438, 0.616858, -0.024321, 0.786254)
206.7478, (-4.026411, 0.307097, 7.135634), (0.028059, 0.610517, -0.021647, 0.791210)
206.7754, (-4.035052, 0.306464, 7.142835), (0.030799, 0.604310, -0.021481, 0.795864)
206.8032, (-4.043628, 0.305853, 7.150126), (0.033448, 0.599321, -0.022411, 0.799496)
206.8309, (-4.052007, 0.305280, 7.157266), (0.035253, 0.594255, -0.023066, 0.803173)
206.8588, (-4.060297, 0.304725, 7.164316), (0.037327, 0.588980, -0.022245, 0.806979)
206.8864, (-4.068818, 0.304445, 7.172741), (0.041649, 0.584698, -0.023725, 0.809834)
206.9143, (-4.076953, 0.304241, 7.180733), (0.045841, 0.580625, -0.024738, 0.812503)
206.9423, (-4.085166, 0.303792, 7.188229), (0.048581, 0.575623, -0.024561, 0.815901)
206.97, (-4.093413, 0.306079, 7.199137), (0.056548, 0.573622, -0.026961, 0.816721)
206.9975, (-4.102744, 0.304189, 7.207042), (0.059047, 0.582468, -0.020958, 0.810435)
207.0252, (-4.111603, 0.302580, 7.214349), (0.061401, 0.581164, -0.023244, 0.811134)
207.0525, (-4.120698, 0.301566, 7.221283), (0.067335, 0.580662, -0.028471, 0.810856)
207.0804, (-4.129531, 0.301264, 7.228209), (0.072411, 0.581395, -0.035548, 0.809613)
207.1081, (-4.137855, 0.301150, 7.235389), (0.074015, 0.582910, -0.038928, 0.808222)
207.1361, (-4.146693, 0.300843, 7.241899), (0.073331, 0.585688, -0.036848, 0.806371)
207.164, (-4.155314, 0.299659, 7.248062), (0.070804, 0.588541, -0.030594, 0.804780)
207.1913, (-4.163925, 0.298694, 7.253243), (0.072153, 0.589897, -0.027334, 0.803784)
207.219, (-4.172440, 0.298383, 7.258030), (0.074651, 0.590347, -0.027001, 0.803237)
207.247, (-4.181164, 0.299362, 7.262284), (0.078476, 0.592317, -0.030143, 0.801308)
207.2748, (-4.189490, 0.300809, 7.265713), (0.078683, 0.594240, -0.031160, 0.799823)
207.3028, (-4.197795, 0.303268, 7.269176), (0.079533, 0.595014, -0.030372, 0.799194)
207.3308, (-4.207122, 0.305601, 7.272375), (0.079894, 0.591503, -0.024610, 0.801957)
207.3586, (-4.216472, 0.307166, 7.275638), (0.075815, 0.584835, -0.019622, 0.807364)
207.3864, (-4.225582, 0.307835, 7.278280), (0.069794, 0.575956, -0.014075, 0.814374)
207.4143, (-4.234722, 0.308032, 7.280336), (0.065864, 0.568995, -0.010575, 0.819631)
207.4419, (-4.243420, 0.308034, 7.281565), (0.065974, 0.562351, -0.011413, 0.824184)
207.4696, (-4.251901, 0.308045, 7.282701), (0.067430, 0.554566, -0.013450, 0.829294)
207.4975, (-4.259043, 0.308208, 7.284397), (0.069728, 0.542831, -0.015105, 0.836806)
207.5252, (-4.266992, 0.308418, 7.285652), (0.071867, 0.529954, -0.014413, 0.844853)
207.5528, (-4.274003, 0.308683, 7.286709), (0.072145, 0.514821, -0.010912, 0.854187)
207.5805, (-4.280812, 0.308823, 7.286429), (0.069415, 0.500424, -0.005391, 0.862977)
207.6081, (-4.287319, 0.309552, 7.285975), (0.066770, 0.487750, -0.002652, 0.870422)
207.6358, (-4.293315, 0.309174, 7.285020), (0.062751, 0.475192, -0.001677, 0.877640)
207.6635, (-4.299336, 0.308605, 7.283525), (0.062812, 0.462314, 0.000303, 0.884489)
207.6911, (-4.304602, 0.307870, 7.281510), (0.063283, 0.446993, -0.000032, 0.892297)
207.7187, (-4.310179, 0.307554, 7.280276), (0.062890, 0.432722, 0.000644, 0.899331)
207.7463, (-4.314178, 0.306008, 7.277821), (0.069069, 0.415258, -0.001267, 0.907077)
207.7737, (-4.318232, 0.306098, 7.276064), (0.073343, 0.399375, -0.001527, 0.913848)
207.8013, (-4.321932, 0.305480, 7.274213), (0.073324, 0.382098, -0.000750, 0.921208)
207.8289, (-4.325382, 0.304273, 7.271567), (0.076290, 0.363107, -0.000141, 0.928619)
207.8566, (-4.328562, 0.302604, 7.269045), (0.079141, 0.344442, 0.000881, 0.935466)
207.884, (-4.330965, 0.300605, 7.266161), (0.083535, 0.324616, 0.001425, 0.942149)
207.9119, (-4.333945, 0.298784, 7.262771), (0.089184, 0.304890, 0.001954, 0.948201)
207.9395, (-4.336081, 0.297507, 7.260363), (0.098416, 0.283118, 0.001253, 0.954022)
207.967, (-4.338617, 0.296932, 7.257887), (0.099177, 0.258670, 0.000668, 0.960861)
207.9944, (-4.340989, 0.297100, 7.254947), (0.103007, 0.233366, -0.000969, 0.966917)
208.022, (-4.342478, 0.297969, 7.252811), (0.107712, 0.208800, -0.004027, 0.972001)
208.0499, (-4.343866, 0.298705, 7.250349), (0.107354, 0.189197, -0.007495, 0.976024)
208.0778, (-4.345705, 0.298923, 7.247721), (0.099843, 0.169713, -0.009065, 0.980381)
208.1057, (-4.347803, 0.298499, 7.245433), (0.094318, 0.148243, -0.011449, 0.984377)
208.1337, (-4.350599, 0.297437, 7.243248), (0.095604, 0.124355, -0.014329, 0.987518)
208.162, (-4.354459, 0.295334, 7.241195), (0.099932, 0.100177, -0.013757, 0.989843)
208.1902, (-4.359249, 0.293894, 7.239083), (0.106155, 0.071735, -0.012346, 0.991682)
208.218, (-4.365030, 0.292542, 7.237005), (0.115980, 0.043466, -0.008480, 0.992264)
208.2459, (-4.371183, 0.291045, 7.235307), (0.122141, 0.010560, -0.005837, 0.992440)
208.2738, (-4.377724, 0.289718, 7.233556), (0.129846, -0.023375, -0.002217, 0.991256)
208.3015, (-4.384111, 0.288544, 7.231737), (0.135982, -0.058011, 0.003641, 0.989005)
208.3293, (-4.389344, 0.288529, 7.229879), (0.137338, -0.088228, 0.010099, 0.986536)
208.357, (-4.394804, 0.289150, 7.228166), (0.132427, -0.113874, 0.010413, 0.984575)
208.3849, (-4.400193, 0.289344, 7.225889), (0.126905, -0.140309, 0.009237, 0.981898)
208.4128, (-4.405349, 0.288414, 7.223159), (0.125630, -0.165343, 0.013338, 0.978111)
208.4406, (-4.410069, 0.288084, 7.220931), (0.126557, -0.191355, 0.018599, 0.973150)
208.4684, (-4.414537, 0.288793, 7.219194), (0.127798, -0.214249, 0.019597, 0.968184)
208.4962, (-4.418680, 0.288979, 7.217411), (0.127028, -0.234087, 0.020460, 0.963664)
208.524, (-4.422203, 0.289780, 7.215941), (0.126602, -0.252246, 0.022139, 0.959090)
208.5517, (-4.426261, 0.290235, 7.214830), (0.124357, -0.268983, 0.021709, 0.954836)
208.5794, (-4.429785, 0.290083, 7.214464), (0.121982, -0.283299, 0.023380, 0.950955)
208.6073, (-4.432356, 0.290071, 7.214846), (0.121858, -0.295836, 0.026074, 0.947076)
208.6352, (-4.435470, 0.290027, 7.215524), (0.119572, -0.306982, 0.026884, 0.943791)
208.663, (-4.438897, 0.289791, 7.216303), (0.118148, -0.318360, 0.028979, 0.940132)
208.6907, (-4.442642, 0.289392, 7.216908), (0.117698, -0.327477, 0.032420, 0.936939)
208.7184, (-4.446346, 0.289316, 7.218849), (0.117414, -0.336763, 0.032258, 0.933683)
208.7462, (-4.450101, 0.289086, 7.221303), (0.118550, -0.344473, 0.031857, 0.930736)
208.774, (-4.453731, 0.288897, 7.222812), (0.118111, -0.354927, 0.032844, 0.926822)
208.802, (-4.457361, 0.288708, 7.224320), (0.117658, -0.365336, 0.033827, 0.922790)
208.8297, (-4.462563, 0.287663, 7.232991), (0.122469, -0.344683, 0.035509, 0.930019)
208.8573, (-4.466334, 0.287274, 7.237411), (0.122973, -0.341625, 0.037175, 0.931015)
208.8851, (-4.470084, 0.286969, 7.243858), (0.120495, -0.327505, 0.037234, 0.936395)
208.9129, (-4.473994, 0.286806, 7.250222), (0.119999, -0.311429, 0.036434, 0.941958)
208.9408, (-4.477511, 0.287098, 7.256254), (0.117653, -0.295788, 0.034770, 0.947343)
208.9686, (-4.481461, 0.287169, 7.262840), (0.115138, -0.276077, 0.030352, 0.953731)
208.9963, (-4.485472, 0.286669, 7.269148), (0.110806, -0.256180, 0.030131, 0.959784)
209.0244, (-4.489964, 0.286412, 7.275231), (0.105348, -0.235697, 0.029225, 0.965658)
209.0521, (-4.494518, 0.286321, 7.280987), (0.099739, -0.215071, 0.026426, 0.971133)
209.08, (-4.499677, 0.288773, 7.287449), (0.103022, -0.194325, 0.024685, 0.975200)
209.1077, (-4.505457, 0.290397, 7.293596), (0.105119, -0.174685, 0.021761, 0.978755)
209.1351, (-4.509964, 0.293395, 7.299595), (0.103691, -0.155562, 0.020355, 0.982158)
209.163, (-4.513896, 0.295733, 7.304727), (0.094492, -0.137599, 0.018828, 0.985791)
209.1908, (-4.518010, 0.297124, 7.310204), (0.087386, -0.119933, 0.017481, 0.988774)
209.2185, (-4.520982, 0.298265, 7.315454), (0.083652, -0.100166, 0.015980, 0.991319)
209.2463, (-4.523944, 0.299427, 7.319765), (0.080687, -0.079866, 0.015447, 0.993415)
209.274, (-4.526664, 0.301031, 7.324057), (0.077297, -0.060288, 0.014568, 0.995077)
209.302, (-4.528584, 0.302871, 7.328545), (0.074816, -0.040543, 0.010043, 0.996322)
209.3299, (-4.530361, 0.303804, 7.332668), (0.071512, -0.019912, 0.005964, 0.997223)
209.3576, (-4.531700, 0.304544, 7.336561), (0.068811, 0.001081, 0.005123, 0.997616)
209.3854, (-4.532830, 0.305145, 7.339236), (0.063229, 0.021672, 0.003844, 0.997756)
209.4133, (-4.533638, 0.306127, 7.342571), (0.058881, 0.041835, 0.001749, 0.997387)
209.4407, (-4.534040, 0.306889, 7.346000), (0.053559, 0.065326, -0.000562, 0.996426)
209.4685, (-4.533969, 0.308030, 7.349282), (0.050239, 0.089165, -0.002829, 0.994745)
209.4964, (-4.532880, 0.309038, 7.353404), (0.047694, 0.112839, -0.007477, 0.992440)
209.5244, (-4.530550, 0.310657, 7.357083), (0.042634, 0.142740, -0.012758, 0.988759)
209.5522, (-4.527529, 0.312329, 7.360827), (0.034621, 0.172036, -0.020222, 0.984275)
209.58, (-4.523888, 0.313894, 7.363268), (0.026109, 0.202490, -0.025900, 0.978594)
209.6077, (-4.520414, 0.314855, 7.365383), (0.018059, 0.230570, -0.028253, 0.972478)
209.6356, (-4.516961, 0.315168, 7.368184), (0.012207, 0.254627, -0.029353, 0.966517)
209.6636, (-4.513062, 0.314736, 7.370218), (0.010657, 0.274230, -0.028832, 0.961173)
209.6915, (-4.509849, 0.313717, 7.372319), (0.012487, 0.291887, -0.025317, 0.956036)
209.7193, (-4.505764, 0.313276, 7.374225), (0.018269, 0.307354, -0.023469, 0.951131)
209.7471, (-4.500947, 0.312907, 7.376453), (0.026270, 0.319065, -0.022333, 0.947106)
209.7746, (-4.495434, 0.312784, 7.378511), (0.025260, 0.328399, -0.023676, 0.943905)
209.8019, (-4.489787, 0.312839, 7.379892), (0.025069, 0.337081, -0.023392, 0.940851)
209.8296, (-4.483773, 0.312390, 7.381244), (0.026247, 0.346539, -0.021221, 0.937428)
209.8575, (-4.476527, 0.312321, 7.381927), (0.025715, 0.354336, -0.021406, 0.934520)
209.8846, (-4.469304, 0.311678, 7.382450), (0.024463, 0.363017, -0.020956, 0.931226)
209.9125, (-4.461288, 0.311283, 7.382554), (0.023465, 0.370085, -0.021284, 0.928458)
209.9404, (-4.452907, 0.310585, 7.381506), (0.022424, 0.377102, -0.020714, 0.925669)
209.9684, (-4.444633, 0.309579, 7.379736), (0.020233, 0.384004, -0.018699, 0.922921)
209.9964, (-4.435525, 0.308947, 7.377644), (0.017261, 0.390687, -0.016790, 0.920209)
210.0246, (-4.426884, 0.308540, 7.375209), (0.011837, 0.395914, -0.013895, 0.918106)
210.0525, (-4.418327, 0.307903, 7.372314), (0.009340, 0.397670, -0.007890, 0.917447)
210.0803, (-4.409317, 0.307782, 7.368500), (0.009250, 0.397119, -0.001289, 0.917720)
210.1078, (-4.398822, 0.309784, 7.365465), (0.012361, 0.397516, 0.000575, 0.917512)
210.1355, (-4.388642, 0.312240, 7.362957), (0.006469, 0.400845, 0.000043, 0.916123)
210.1633, (-4.379981, 0.314801, 7.359247), (-0.007079, 0.402935, 0.002657, 0.915197)
210.1913, (-4.371418, 0.316885, 7.355253), (-0.027772, 0.404225, 0.010323, 0.914180)
210.219, (-4.362485, 0.318970, 7.351373), (-0.043096, 0.404359, 0.014757, 0.913465)
210.2467, (-4.353032, 0.320247, 7.348379), (-0.055959, 0.405121, 0.016969, 0.912392)
210.2746, (-4.344052, 0.321446, 7.345430), (-0.055932, 0.406598, 0.012803, 0.911804)
210.3027, (-4.336045, 0.320144, 7.342201), (-0.053622, 0.406836, 0.014426, 0.911812)
210.3305, (-4.327567, 0.320465, 7.339478), (-0.050489, 0.407263, 0.014691, 0.911796)
210.3587, (-4.319322, 0.321240, 7.336819), (-0.048559, 0.411404, 0.014054, 0.910050)
210.3861, (-4.311161, 0.321883, 7.334164), (-0.053541, 0.413153, 0.013723, 0.908983)
210.414, (-4.303073, 0.321900, 7.331946), (-0.053352, 0.419623, 0.017491, 0.905961)
210.4416, (-4.295160, 0.322416, 7.329651), (-0.054600, 0.428044, 0.021852, 0.901843)
210.4691, (-4.287281, 0.323232, 7.327647), (-0.060395, 0.435949, 0.024584, 0.897606)
210.497, (-4.279479, 0.323635, 7.325811), (-0.064501, 0.443854, 0.025196, 0.893420)
210.5246, (-4.272267, 0.324365, 7.324104), (-0.063714, 0.455774, 0.026357, 0.887421)
210.5523, (-4.265213, 0.326020, 7.322934), (-0.065056, 0.465107, 0.023132, 0.882558)
210.58, (-4.258293, 0.326991, 7.322620), (-0.071468, 0.473218, 0.022735, 0.877747)
210.6078, (-4.251693, 0.327723, 7.321583), (-0.076777, 0.482566, 0.022631, 0.872195)
210.6356, (-4.245490, 0.327807, 7.322052), (-0.078826, 0.491705, 0.023331, 0.866873)
210.6635, (-4.239459, 0.327635, 7.322557), (-0.077443, 0.501025, 0.024118, 0.861624)
210.6915, (-4.233514, 0.326984, 7.323055), (-0.074716, 0.512574, 0.025695, 0.855000)
210.7193, (-4.227463, 0.326464, 7.324070), (-0.074775, 0.525521, 0.027281, 0.847049)
210.7473, (-4.221731, 0.326466, 7.325916), (-0.073959, 0.539296, 0.026791, 0.838434)
210.7752, (-4.216128, 0.326062, 7.328348), (-0.074804, 0.549766, 0.026059, 0.831554)
210.8031, (-4.210019, 0.326077, 7.331131), (-0.072595, 0.561414, 0.025937, 0.823937)
210.8311, (-4.204895, 0.325754, 7.334429), (-0.073738, 0.572035, 0.027274, 0.816453)
210.859, (-4.199857, 0.325441, 7.338017), (-0.071906, 0.580889, 0.029591, 0.810260)
210.8869, (-4.194600, 0.324052, 7.343111), (-0.066272, 0.589106, 0.030191, 0.804767)
210.9149, (-4.189319, 0.322245, 7.347838), (-0.060872, 0.597854, 0.030332, 0.798715)
210.9428, (-4.184325, 0.320679, 7.353353), (-0.054554, 0.605477, 0.026789, 0.793539)
210.9708, (-4.179574, 0.318432, 7.359174), (-0.045085, 0.613126, 0.021851, 0.788395)
210.9992, (-4.174866, 0.316404, 7.365690), (-0.028827, 0.619696, 0.014655, 0.784176)
211.0265, (-4.169922, 0.314713, 7.372305), (-0.015713, 0.625078, 0.010958, 0.780328)
211.0544, (-4.164940, 0.316437, 7.379185), (-0.008344, 0.631606, 0.007644, 0.775207)
211.0824, (-4.160337, 0.317971, 7.385300), (-0.012398, 0.635236, 0.006727, 0.772190)
211.1101, (-4.155869, 0.318977, 7.392218), (-0.014940, 0.638072, 0.006451, 0.769805)
211.138, (-4.150788, 0.318183, 7.398870), (-0.013957, 0.639135, 0.005053, 0.768952)
211.1663, (-4.145570, 0.317754, 7.405041), (-0.007405, 0.641189, 0.003241, 0.767341)
211.1943, (-4.141082, 0.317911, 7.411005), (-0.002192, 0.647655, 0.001779, 0.761929)
211.2218, (-4.136669, 0.318769, 7.416144), (-0.001308, 0.654938, 0.000502, 0.755682)
211.2494, (-4.131640, 0.319763, 7.421198), (-0.010311, 0.662397, -0.000358, 0.749083)
211.2773, (-4.126703, 0.319606, 7.426017), (-0.011850, 0.669163, -0.002047, 0.743019)
211.3052, (-4.121871, 0.319057, 7.430089), (-0.011474, 0.672940, -0.002382, 0.739604)
211.3332, (-4.117805, 0.317552, 7.433825), (-0.008355, 0.678819, -0.004450, 0.734245)
211.3607, (-4.112960, 0.316714, 7.436617), (-0.004794, 0.685434, -0.006935, 0.728086)
211.3883, (-4.108257, 0.316299, 7.438623), (-0.000099, 0.694973, -0.011101, 0.718951)
211.4163, (-4.103503, 0.316054, 7.440586), (0.001845, 0.701792, -0.013457, 0.712253)
211.4441, (-4.099513, 0.315565, 7.441796), (0.005832, 0.706334, -0.017423, 0.707641)
211.472, (-4.095141, 0.314284, 7.442851), (0.009641, 0.710194, -0.020244, 0.703649)
211.5002, (-4.091246, 0.312929, 7.443074), (0.016323, 0.715076, -0.021473, 0.698526)
211.528, (-4.087512, 0.311721, 7.442427), (0.019908, 0.718640, -0.023326, 0.694706)
211.5558, (-4.083260, 0.310461, 7.441533), (0.023684, 0.722896, -0.026458, 0.690044)
211.5837, (-4.079547, 0.309517, 7.439569), (0.025614, 0.726966, -0.029557, 0.685558)
211.6116, (-4.074914, 0.308674, 7.436510), (0.026790, 0.730427, -0.033975, 0.681619)
211.6396, (-4.070251, 0.307832, 7.432841), (0.031585, 0.733311, -0.037114, 0.678145)
211.6674, (-4.065810, 0.307252, 7.428833), (0.033579, 0.735650, -0.039576, 0.675370)
211.6951, (-4.060859, 0.306463, 7.423869), (0.031203, 0.737596, -0.040935, 0.673278)
211.7231, (-4.056066, 0.305566, 7.417660), (0.031071, 0.739511, -0.041438, 0.671149)
211.751, (-4.050845, 0.305088, 7.410749), (0.028996, 0.741351, -0.044496, 0.669013)
211.7789, (-4.045764, 0.304175, 7.403657), (0.025074, 0.740998, -0.047898, 0.669327)
211.8066, (-4.040968, 0.303253, 7.396094), (0.027184, 0.739423, -0.051919, 0.670685)
211.8345, (-4.035948, 0.302338, 7.388950), (0.027185, 0.739561, -0.055082, 0.670281)
211.8624, (-4.031038, 0.301532, 7.378896), (0.024661, 0.736408, -0.056936, 0.673687)
211.8901, (-4.026364, 0.300616, 7.367685), (0.020656, 0.734125, -0.055909, 0.676394)
211.9179, (-4.021676, 0.299255, 7.355971), (0.016424, 0.733039, -0.057600, 0.677544)
211.9456, (-4.016892, 0.297472, 7.344095), (0.012128, 0.732468, -0.057735, 0.678241)
211.9734, (-4.012217, 0.295450, 7.331326), (0.010227, 0.732842, -0.057641, 0.677876)
212.0011, (-4.007322, 0.293190, 7.318008), (0.009030, 0.733805, -0.058130, 0.676808)
212.0288, (-4.001905, 0.291355, 7.303952), (0.010649, 0.735326, -0.056996, 0.675229)
212.0567, (-3.995736, 0.290712, 7.289173), (0.015322, 0.734387, -0.060769, 0.675832)
212.0846, (-3.987054, 0.293523, 7.274198), (0.028906, 0.733159, -0.075114, 0.675278)
212.1125, (-3.978973, 0.296038, 7.260198), (0.022270, 0.735172, -0.078710, 0.672927)
212.1405, (-3.973627, 0.296748, 7.246523), (0.009217, 0.736656, -0.073212, 0.672230)
212.1681, (-3.968520, 0.296617, 7.233707), (0.010071, 0.735254, -0.068352, 0.674262)
212.1958, (-3.961911, 0.297155, 7.221773), (0.014932, 0.729868, -0.068096, 0.680024)
212.2234, (-3.955035, 0.297503, 7.210310), (0.013777, 0.723658, -0.071287, 0.686329)
212.2511, (-3.950079, 0.297856, 7.199174), (0.009185, 0.719187, -0.074007, 0.690804)
212.2789, (-3.945096, 0.298372, 7.188636), (0.009012, 0.715358, -0.076350, 0.694517)
212.3068, (-3.939566, 0.298845, 7.177384), (0.007796, 0.711739, -0.078020, 0.698054)
212.3346, (-3.934239, 0.299492, 7.167452), (0.008440, 0.708022, -0.079176, 0.701687)
212.3624, (-3.929977, 0.298510, 7.162026), (0.010964, 0.698187, -0.075362, 0.711854)
212.39, (-3.923707, 0.299044, 7.154448), (0.008547, 0.690703, -0.077355, 0.718939)
212.4181, (-3.918435, 0.299897, 7.147298), (0.010792, 0.687312, -0.080781, 0.721776)
212.4456, (-3.913083, 0.301078, 7.140125), (0.010131, 0.685552, -0.083013, 0.723205)
212.4732, (-3.906924, 0.302072, 7.133533), (0.005000, 0.685103, -0.082771, 0.723712)
212.5008, (-3.901075, 0.302856, 7.127208), (0.002782, 0.683794, -0.081737, 0.725078)
212.5286, (-3.895045, 0.302440, 7.121303), (-0.000214, 0.682343, -0.079764, 0.726668)
212.5561, (-3.888994, 0.301635, 7.116135), (-0.000581, 0.682126, -0.079680, 0.726880)
212.5835, (-3.882591, 0.300671, 7.111206), (-0.000121, 0.682244, -0.079516, 0.726787)
212.6111, (-3.875616, 0.300089, 7.106698), (0.000611, 0.684170, -0.079713, 0.724954)
212.6391, (-3.867900, 0.300097, 7.103008), (-0.003701, 0.685894, -0.081019, 0.723168)
212.6669, (-3.859897, 0.299846, 7.100061), (-0.007446, 0.687336, -0.081574, 0.721706)
212.6947, (-3.851867, 0.299234, 7.098178), (-0.008838, 0.686570, -0.080823, 0.722503)
212.7226, (-3.843601, 0.298397, 7.096591), (-0.008823, 0.684942, -0.078745, 0.724276)
212.7504, (-3.834756, 0.297304, 7.095268), (-0.010807, 0.684066, -0.078143, 0.725142)
212.7781, (-3.825604, 0.296155, 7.094598), (-0.010307, 0.684521, -0.078442, 0.724688)
212.806, (-3.816529, 0.294640, 7.094650), (-0.009083, 0.685111, -0.076423, 0.724362)
212.8337, (-3.807823, 0.293948, 7.095091), (-0.007161, 0.685582, -0.075714, 0.724012)
212.8615, (-3.798730, 0.293076, 7.095688), (-0.008913, 0.686415, -0.072345, 0.723548)
212.8892, (-3.789319, 0.292562, 7.097113), (-0.010903, 0.688832, -0.067086, 0.721728)
212.917, (-3.780613, 0.292267, 7.098735), (-0.011700, 0.690518, -0.061085, 0.720637)
212.9448, (-3.770932, 0.293818, 7.099756), (-0.004654, 0.692912, -0.063365, 0.718217)
212.9727, (-3.760394, 0.296864, 7.101017), (0.004575, 0.698112, -0.066148, 0.712912)
213.0004, (-3.750689, 0.300714, 7.102090), (0.008338, 0.704401, -0.065148, 0.706757)
213.0281, (-3.741452, 0.302921, 7.101914), (0.004908, 0.712274, -0.060196, 0.699299)
213.0558, (-3.731771, 0.303034, 7.101524), (0.005651, 0.720803, -0.055386, 0.690901)
213.0838, (-3.723891, 0.300757, 7.100809), (0.012633, 0.732955, -0.051889, 0.678178)
213.1117, (-3.714985, 0.299875, 7.099780), (0.015085, 0.741799, -0.052774, 0.668373)
213.1394, (-3.704126, 0.299427, 7.098456), (0.014366, 0.750957, -0.053172, 0.658050)
213.1673, (-3.695282, 0.299982, 7.096797), (0.013203, 0.758690, -0.049993, 0.649397)
213.1951, (-3.687205, 0.300374, 7.095509), (0.009667, 0.765538, -0.050245, 0.641354)
213.2229, (-3.679399, 0.300558, 7.093530), (0.010875, 0.770093, -0.051259, 0.635776)
213.2507, (-3.670836, 0.301887, 7.091424), (0.015371, 0.773111, -0.055626, 0.631640)
213.2787, (-3.662685, 0.302345, 7.088757), (0.018465, 0.776783, -0.056493, 0.626958)
213.3066, (-3.655665, 0.302718, 7.085369), (0.019985, 0.783229, -0.053280, 0.619124)
213.3345, (-3.648756, 0.303744, 7.081717), (0.016455, 0.789881, -0.050181, 0.610983)
213.3624, (-3.641589, 0.303755, 7.078071), (0.008300, 0.795766, -0.047397, 0.603690)
213.39, (-3.635273, 0.303282, 7.074376), (0.006239, 0.797099, -0.049245, 0.601806)
213.4179, (-3.628259, 0.301940, 7.070689), (0.008250, 0.797179, -0.054683, 0.601206)
213.4456, (-3.621771, 0.300879, 7.066616), (0.013620, 0.796534, -0.059895, 0.601466)
213.4734, (-3.615417, 0.301188, 7.061969), (0.015547, 0.796133, -0.063361, 0.601594)
213.5012, (-3.608500, 0.301324, 7.057162), (0.011258, 0.794886, -0.064446, 0.603222)
213.529, (-3.601325, 0.301322, 7.052251), (0.010321, 0.793384, -0.066114, 0.605032)
213.5568, (-3.594461, 0.300612, 7.046947), (0.010142, 0.787909, -0.065533, 0.612210)
213.5845, (-3.587639, 0.299742, 7.041165), (0.012516, 0.783245, -0.066543, 0.618015)
213.6122, (-3.580667, 0.298623, 7.035089), (0.011700, 0.778048, -0.067378, 0.624472)
213.6401, (-3.574350, 0.297447, 7.028543), (0.009916, 0.773764, -0.067495, 0.629790)
213.6678, (-3.567724, 0.295457, 7.021515), (0.010163, 0.768009, -0.069470, 0.636579)
213.6957, (-3.561098, 0.293572, 7.014358), (0.013137, 0.760957, -0.070508, 0.644826)
213.723, (-3.554813, 0.291806, 7.006680), (0.011956, 0.753450, -0.069304, 0.653734)
213.7508, (-3.548965, 0.289728, 6.998553), (0.011551, 0.745863, -0.066845, 0.662637)
213.7784, (-3.542828, 0.287959, 6.990540), (0.012364, 0.738563, -0.065937, 0.670839)
213.806, (-3.536724, 0.286413, 6.981743), (0.014675, 0.729901, -0.064880, 0.680309)
213.8336, (-3.529160, 0.289584, 6.970766), (0.021680, 0.717883, -0.068650, 0.692432)
213.8614, (-3.520558, 0.293843, 6.961117), (0.029975, 0.710239, -0.075028, 0.699309)
213.889, (-3.512435, 0.296789, 6.951473), (0.016007, 0.704705, -0.067071, 0.706142)
213.9168, (-3.506593, 0.298393, 6.943200), (0.007880, 0.698359, -0.059687, 0.713212)
213.9445, (-3.499628, 0.298679, 6.934860), (0.010298, 0.689443, -0.056380, 0.722069)
213.9723, (-3.491865, 0.299100, 6.927449), (0.011359, 0.682122, -0.057812, 0.728861)
214, (-3.484905, 0.299352, 6.920083), (0.007701, 0.675120, -0.059917, 0.735230)
214.0279, (-3.477850, 0.299286, 6.913646), (0.005904, 0.669954, -0.058925, 0.740037)
214.0554, (-3.470548, 0.299630, 6.907484), (0.006116, 0.664301, -0.057457, 0.745229)
214.0832, (-3.463897, 0.299605, 6.903077), (0.003110, 0.657275, -0.056588, 0.751517)
214.1108, (-3.457306, 0.299175, 6.899384), (0.005770, 0.648925, -0.057774, 0.758634)
214.1385, (-3.450779, 0.298916, 6.895129), (0.011566, 0.641725, -0.061156, 0.764405)
214.1662, (-3.443949, 0.300088, 6.891815), (0.015456, 0.637714, -0.066359, 0.767254)
214.1939, (-3.436664, 0.301068, 6.888265), (0.013305, 0.635158, -0.069149, 0.769166)
214.2215, (-3.429592, 0.301855, 6.885678), (0.011463, 0.633621, -0.068881, 0.770486)
214.2494, (-3.422136, 0.301423, 6.883388), (0.009604, 0.631102, -0.065883, 0.772838)
214.2771, (-3.414250, 0.300959, 6.881488), (0.010414, 0.628666, -0.063638, 0.774998)
214.3047, (-3.406910, 0.299384, 6.880283), (0.009844, 0.626304, -0.064156, 0.776872)
214.3324, (-3.399205, 0.297588, 6.879057), (0.015459, 0.623492, -0.066175, 0.778871)
214.3601, (-3.390715, 0.295796, 6.878321), (0.018422, 0.622579, -0.068259, 0.779357)
214.388, (-3.381859, 0.295923, 6.877656), (0.020165, 0.625469, -0.074243, 0.776448)
214.4159, (-3.373719, 0.295774, 6.877863), (0.015426, 0.632118, -0.077418, 0.770841)
214.4436, (-3.365036, 0.295770, 6.879127), (0.008433, 0.640696, -0.078508, 0.763724)
214.4712, (-3.355261, 0.294923, 6.881301), (0.003403, 0.647780, -0.077077, 0.757911)
214.4991, (-3.345898, 0.292978, 6.884688), (0.004032, 0.651986, -0.075901, 0.754412)
214.5269, (-3.337309, 0.290497, 6.888202), (0.011019, 0.655548, -0.074551, 0.751384)
214.5547, (-3.329094, 0.288571, 6.892835), (0.016152, 0.660219, -0.074867, 0.747158)
214.5825, (-3.320396, 0.286660, 6.897777), (0.021239, 0.664748, -0.076388, 0.742849)
214.6106, (-3.311707, 0.287103, 6.902564), (0.038384, 0.668828, -0.084192, 0.737636)
214.6447, (-3.302997, 0.288521, 6.908279), (0.034353, 0.675599, -0.082742, 0.731806)
214.6721, (-3.287534, 0.291593, 6.918283), (0.031884, 0.683203, -0.078575, 0.725288)
214.7046, (-3.280361, 0.293256, 6.922899), (0.025377, 0.685998, -0.073569, 0.723430)
214.7368, (-3.272735, 0.292632, 6.927412), (0.022136, 0.692558, -0.072538, 0.717365)
214.7691, (-3.266827, 0.291152, 6.931651), (0.022061, 0.700754, -0.070660, 0.709552)
214.8, (-3.260775, 0.290473, 6.935275), (0.027692, 0.708274, -0.072259, 0.701683)
214.8293, (-3.253396, 0.290604, 6.939269), (0.030014, 0.712920, -0.074440, 0.696637)
214.8576, (-3.246598, 0.291130, 6.943174), (0.030491, 0.714177, -0.076023, 0.695156)
214.8858, (-3.241617, 0.291617, 6.947048), (0.039624, 0.711782, -0.077046, 0.697037)
214.9137, (-3.236152, 0.292760, 6.950014), (0.044615, 0.710939, -0.077449, 0.697551)
214.9417, (-3.230728, 0.294678, 6.951859), (0.041888, 0.711709, -0.074439, 0.697263)
214.9695, (-3.225664, 0.295924, 6.953570), (0.036995, 0.712736, -0.071220, 0.696826)
214.9973, (-3.220299, 0.296615, 6.955330), (0.031869, 0.713890, -0.069044, 0.696117)
215.0251, (-3.215423, 0.296156, 6.956113), (0.029740, 0.713942, -0.069329, 0.696130)
215.0527, (-3.209165, 0.295942, 6.956913), (0.031346, 0.714564, -0.070698, 0.695283)
215.0805, (-3.202937, 0.295866, 6.957405), (0.031737, 0.715352, -0.070834, 0.694440)
215.1083, (-3.196208, 0.296169, 6.957656), (0.032860, 0.715404, -0.071469, 0.694269)
215.136, (-3.189238, 0.296125, 6.957616), (0.033210, 0.713909, -0.071541, 0.695782)
215.1639, (-3.181995, 0.296011, 6.957056), (0.036442, 0.711388, -0.070466, 0.698308)
215.1915, (-3.174325, 0.296409, 6.955884), (0.037902, 0.708891, -0.070420, 0.700770)
215.2195, (-3.167169, 0.295901, 6.954521), (0.034423, 0.707367, -0.069480, 0.702581)
215.247, (-3.159436, 0.294990, 6.952923), (0.032191, 0.703988, -0.069719, 0.706048)
215.2748, (-3.151531, 0.294115, 6.951345), (0.032717, 0.700190, -0.069185, 0.709843)
215.3025, (-3.143589, 0.293173, 6.949152), (0.033541, 0.693445, -0.070064, 0.716311)
215.3305, (-3.135261, 0.292667, 6.946281), (0.032805, 0.686795, -0.071261, 0.722605)
215.3579, (-3.127598, 0.291899, 6.943533), (0.029983, 0.680764, -0.069273, 0.728603)
215.3861, (-3.119396, 0.291310, 6.939702), (0.028153, 0.671865, -0.065901, 0.737199)
215.4138, (-3.112041, 0.290983, 6.936015), (0.026991, 0.663934, -0.060927, 0.744816)
215.4419, (-3.103830, 0.292883, 6.931258), (0.031348, 0.653717, -0.066971, 0.753118)
215.4689, (-3.094304, 0.294929, 6.926569), (0.031435, 0.648042, -0.070716, 0.757663)
215.4972, (-3.086352, 0.297348, 6.921662), (0.025239, 0.644763, -0.067958, 0.760938)
215.5245, (-3.079986, 0.298503, 6.916460), (0.018422, 0.639796, -0.062174, 0.765804)
215.5521, (-3.072949, 0.298341, 6.911467), (0.016568, 0.631320, -0.057355, 0.773221)
215.5797, (-3.065571, 0.298483, 6.906507), (0.016154, 0.622436, -0.057534, 0.780386)
215.6073, (-3.058996, 0.299349, 6.900695), (0.014840, 0.615548, -0.060421, 0.785640)
215.635, (-3.052760, 0.300203, 6.895112), (0.008788, 0.610369, -0.061383, 0.789686)
215.6628, (-3.047457, 0.301861, 6.889974), (0.002243, 0.603811, -0.059556, 0.794896)
215.6904, (-3.042056, 0.302740, 6.885208), (-0.005833, 0.595005, -0.057021, 0.801676)
215.7182, (-3.036380, 0.302769, 6.880785), (-0.010890, 0.587181, -0.053285, 0.807627)
215.746, (-3.030538, 0.303033, 6.875934), (-0.016499, 0.578683, -0.050944, 0.813793)
215.7738, (-3.025147, 0.303037, 6.872025), (-0.018114, 0.572853, -0.050124, 0.817923)
215.8017, (-3.019104, 0.303662, 6.868353), (-0.022103, 0.568474, -0.051304, 0.820802)
215.8294, (-3.012556, 0.306021, 6.865564), (-0.026495, 0.562965, -0.055226, 0.824208)
215.8571, (-3.005848, 0.307250, 6.863014), (-0.031781, 0.555944, -0.056914, 0.828660)
215.8849, (-2.999591, 0.308199, 6.860344), (-0.035948, 0.549399, -0.057050, 0.832835)
215.9125, (-2.992838, 0.308365, 6.858384), (-0.038335, 0.545210, -0.055093, 0.835608)
215.9403, (-2.984953, 0.308822, 6.856646), (-0.045518, 0.542082, -0.053496, 0.837385)
215.968, (-2.977539, 0.308080, 6.855421), (-0.046911, 0.542444, -0.051540, 0.837197)
215.9959, (-2.970270, 0.307631, 6.853727), (-0.046454, 0.542528, -0.049736, 0.837277)
216.0235, (-2.963491, 0.307114, 6.852587), (-0.047269, 0.543733, -0.048277, 0.836534)
216.0513, (-2.956271, 0.307142, 6.852561), (-0.053590, 0.545710, -0.050262, 0.834747)
216.0791, (-2.948679, 0.307979, 6.852842), (-0.061574, 0.547248, -0.050799, 0.833155)
216.1068, (-2.941505, 0.307969, 6.852833), (-0.065220, 0.550050, -0.049664, 0.831099)
216.1341, (-2.934578, 0.308729, 6.853506), (-0.072528, 0.555658, -0.042263, 0.827163)
216.1621, (-2.928717, 0.309901, 6.854892), (-0.084746, 0.557208, -0.038657, 0.825133)
216.1897, (-2.922355, 0.309675, 6.856784), (-0.093780, 0.557716, -0.034140, 0.824010)
216.2177, (-2.918595, 0.306517, 6.860783), (-0.100339, 0.559204, -0.025703, 0.822534)
216.2453, (-2.915627, 0.305159, 6.864234), (-0.099303, 0.562834, -0.018206, 0.820382)
216.2729, (-2.912220, 0.305895, 6.866763), (-0.085426, 0.564968, -0.017952, 0.820483)
216.3005, (-2.904803, 0.311025, 6.870167), (-0.059400, 0.568465, -0.031687, 0.819949)
216.3285, (-2.897040, 0.314595, 6.874603), (-0.063249, 0.575497, -0.028714, 0.814849)
216.3563, (-2.891870, 0.317482, 6.876321), (-0.065419, 0.577317, -0.018901, 0.813676)
216.3839, (-2.886298, 0.316514, 6.879637), (-0.074687, 0.578339, -0.006742, 0.812343)
216.4116, (-2.880506, 0.315140, 6.883134), (-0.073148, 0.576560, -0.004786, 0.813760)
216.4392, (-2.873969, 0.312452, 6.886221), (-0.068028, 0.574042, -0.005215, 0.815979)
216.4668, (-2.866950, 0.309256, 6.888216), (-0.056671, 0.578648, -0.008311, 0.813564)
216.4947, (-2.860278, 0.309025, 6.890197), (-0.047409, 0.581795, -0.011415, 0.811872)
216.5222, (-2.854543, 0.309780, 6.891126), (-0.041100, 0.580834, -0.023140, 0.812655)
216.5497, (-2.848137, 0.310066, 6.892450), (-0.030617, 0.578675, -0.034008, 0.814273)
216.5783, (-2.841879, 0.310794, 6.893589), (-0.019536, 0.575927, -0.040482, 0.816264)
216.6054, (-2.835688, 0.312004, 6.894045), (-0.013639, 0.572641, -0.037246, 0.818846)
216.6328, (-2.829866, 0.314564, 6.894221), (-0.013408, 0.568816, -0.035474, 0.821590)
216.6606, (-2.824869, 0.316010, 6.894103), (-0.037731, 0.561253, -0.030949, 0.826204)
216.6879, (-2.819939, 0.316144, 6.893756), (-0.048565, 0.556228, -0.029332, 0.829091)
216.7153, (-2.815413, 0.315414, 6.892440), (-0.052158, 0.550363, -0.030895, 0.832722)
216.7427, (-2.810215, 0.313511, 6.891676), (-0.046613, 0.549196, -0.033188, 0.833733)
216.7703, (-2.804932, 0.313657, 6.889999), (-0.040171, 0.547412, -0.037460, 0.835059)
216.7979, (-2.799499, 0.314287, 6.887869), (-0.038057, 0.543500, -0.041287, 0.837529)
216.8259, (-2.793638, 0.315273, 6.884730), (-0.035956, 0.542618, -0.042237, 0.838146)
216.8526, (-2.787647, 0.315636, 6.881684), (-0.040235, 0.541591, -0.039355, 0.838756)
216.8807, (-2.782073, 0.315965, 6.879276), (-0.040415, 0.539351, -0.039990, 0.840160)
216.908, (-2.772815, 0.317341, 6.871234), (-0.054823, 0.542274, -0.035391, 0.837664)
216.9359, (-2.764977, 0.317187, 6.864688), (-0.060011, 0.545440, -0.036746, 0.835191)
216.9637, (-2.756512, 0.316539, 6.857851), (-0.061452, 0.549683, -0.040462, 0.832127)
216.9917, (-2.747679, 0.315080, 6.851240), (-0.060517, 0.555671, -0.041066, 0.828180)
217.0189, (-2.737877, 0.313310, 6.843883), (-0.055547, 0.562772, -0.042612, 0.823643)
217.0468, (-2.728652, 0.310852, 6.835718), (-0.048669, 0.570492, -0.043818, 0.818689)
217.0744, (-2.719540, 0.309248, 6.827312), (-0.042903, 0.578477, -0.045558, 0.813295)
217.1029, (-2.708775, 0.307933, 6.818540), (-0.042667, 0.584253, -0.045224, 0.809187)
217.1306, (-2.697944, 0.305797, 6.809127), (-0.040990, 0.592517, -0.044738, 0.803270)
217.1581, (-2.687272, 0.304058, 6.799124), (-0.038056, 0.601192, -0.040301, 0.797180)
217.1857, (-2.677202, 0.303185, 6.788929), (-0.031609, 0.610742, -0.041065, 0.790132)
217.2143, (-2.665601, 0.304035, 6.779382), (-0.016746, 0.617608, -0.047345, 0.784882)
217.2419, (-2.654439, 0.304393, 6.769978), (-0.008990, 0.626892, -0.047287, 0.777618)
217.2701, (-2.645006, 0.304414, 6.759972), (-0.008209, 0.636420, -0.041623, 0.770175)
217.2975, (-2.634882, 0.304051, 6.750240), (-0.009676, 0.645277, -0.036861, 0.762997)
217.3255, (-2.624406, 0.302943, 6.742114), (-0.003736, 0.650786, -0.042067, 0.758086)
217.3535, (-2.613384, 0.301952, 6.733858), (0.005210, 0.654470, -0.049665, 0.754438)
217.382, (-2.603715, 0.301555, 6.727148), (0.017667, 0.655610, -0.061376, 0.752394)
217.4103, (-2.594331, 0.300723, 6.721015), (0.023556, 0.655729, -0.067779, 0.751579)
217.4387, (-2.585107, 0.299598, 6.715206), (0.035947, 0.656421, -0.069098, 0.750363)
217.4667, (-2.575335, 0.298434, 6.709662), (0.043639, 0.653055, -0.065275, 0.753229)
217.4953, (-2.565904, 0.297764, 6.705210), (0.050400, 0.648754, -0.063769, 0.756646)
217.5235, (-2.557514, 0.296529, 6.700072), (0.054989, 0.642745, -0.061101, 0.761657)
217.5517, (-2.548082, 0.295594, 6.695702), (0.057737, 0.638300, -0.061100, 0.765184)
217.5796, (-2.539947, 0.294736, 6.691641), (0.057725, 0.634208, -0.062999, 0.768426)
217.6074, (-2.531978, 0.293505, 6.688223), (0.056422, 0.627043, -0.067335, 0.774016)
217.6352, (-2.523574, 0.292607, 6.684606), (0.058309, 0.621249, -0.069256, 0.778366)
217.663, (-2.515702, 0.292503, 6.681887), (0.061977, 0.612458, -0.077555, 0.784245)
217.6906, (-2.506953, 0.293902, 6.679727), (0.053914, 0.607550, -0.081916, 0.788205)
217.7182, (-2.498287, 0.294440, 6.677091), (0.051244, 0.602393, -0.084713, 0.792036)
217.7455, (-2.490030, 0.295081, 6.674363), (0.040682, 0.597151, -0.080717, 0.797020)
217.7732, (-2.482173, 0.297132, 6.671301), (0.029432, 0.594288, -0.080663, 0.799656)
217.8009, (-2.473702, 0.299232, 6.670466), (0.008506, 0.590418, -0.075883, 0.803477)
217.829, (-2.466050, 0.299699, 6.669868), (-0.006706, 0.584501, -0.071575, 0.808202)
217.8566, (-2.458097, 0.299666, 6.670373), (-0.015853, 0.578688, -0.067398, 0.812605)
217.8843, (-2.450736, 0.298956, 6.670197), (-0.019341, 0.574118, -0.063418, 0.816084)
217.912, (-2.443811, 0.298843, 6.671493), (-0.019278, 0.571935, -0.057594, 0.818048)
217.9398, (-2.436087, 0.298999, 6.673573), (-0.028390, 0.570752, -0.056247, 0.818702)
217.9678, (-2.427866, 0.298923, 6.676167), (-0.038089, 0.570047, -0.054096, 0.818945)
217.9955, (-2.420932, 0.298955, 6.680263), (-0.040973, 0.568784, -0.051727, 0.819836)
218.0233, (-2.413449, 0.300440, 6.684247), (-0.022730, 0.564588, -0.057534, 0.823052)
218.0512, (-2.405303, 0.302816, 6.688023), (-0.004940, 0.562078, -0.064025, 0.824588)
218.0789, (-2.397001, 0.305134, 6.692588), (-0.007653, 0.562109, -0.060892, 0.824783)
218.1066, (-2.389048, 0.306837, 6.696145), (-0.008157, 0.558977, -0.049906, 0.827640)
218.1343, (-2.381931, 0.306941, 6.699778), (-0.012301, 0.555595, -0.042765, 0.830262)
218.1622, (-2.375116, 0.306120, 6.702477), (-0.016875, 0.551668, -0.039193, 0.832972)
218.1898, (-2.367839, 0.306502, 6.705932), (-0.017910, 0.548601, -0.035224, 0.835150)
218.2177, (-2.360980, 0.301974, 6.705402), (-0.016425, 0.549995, -0.032500, 0.834374)
218.2454, (-2.353601, 0.302448, 6.706126), (-0.009547, 0.551612, -0.038289, 0.833167)
218.2733, (-2.345520, 0.303404, 6.707153), (-0.005656, 0.548587, -0.046258, 0.834794)
218.301, (-2.336939, 0.305164, 6.708491), (0.001670, 0.543690, -0.053359, 0.837587)
218.3289, (-2.329327, 0.306996, 6.709137), (0.005028, 0.537674, -0.053953, 0.841410)
218.3566, (-2.321263, 0.308315, 6.708966), (0.000520, 0.533515, -0.048924, 0.844374)
218.3843, (-2.313341, 0.308942, 6.708849), (-0.004420, 0.530127, -0.043626, 0.846784)
218.4122, (-2.304890, 0.308374, 6.708602), (-0.009561, 0.524688, -0.041240, 0.850242)
218.4404, (-2.296470, 0.306789, 6.707944), (-0.009518, 0.519734, -0.040828, 0.853299)
218.468, (-2.287694, 0.304904, 6.706553), (-0.001055, 0.515980, -0.042902, 0.855525)
218.4955, (-2.279871, 0.304031, 6.704071), (0.005688, 0.512751, -0.043364, 0.857423)
218.5231, (-2.271058, 0.304312, 6.702538), (0.007371, 0.507448, -0.043358, 0.860560)
218.5509, (-2.261200, 0.306609, 6.699698), (0.000407, 0.497575, -0.046360, 0.866181)
218.5788, (-2.252103, 0.307293, 6.695654), (-0.006464, 0.488769, -0.044011, 0.871279)
218.6066, (-2.242707, 0.307615, 6.691332), (-0.013818, 0.479972, -0.040968, 0.876218)
218.6343, (-2.233613, 0.307571, 6.686507), (-0.023669, 0.470601, -0.036822, 0.881260)
218.6621, (-2.223965, 0.307424, 6.681386), (-0.034771, 0.459770, -0.037067, 0.886583)
218.6898, (-2.214526, 0.306489, 6.676198), (-0.042452, 0.449198, -0.035214, 0.891728)
218.7175, (-2.205203, 0.305411, 6.669677), (-0.042900, 0.437648, -0.034020, 0.897478)
218.7454, (-2.195855, 0.304165, 6.662581), (-0.044142, 0.424811, -0.032285, 0.903629)
218.7736, (-2.185627, 0.303885, 6.655186), (-0.042070, 0.413357, -0.032776, 0.909006)
218.801, (-2.174202, 0.306256, 6.647128), (-0.028332, 0.402051, -0.036694, 0.914443)
218.8292, (-2.162308, 0.309899, 6.640813), (-0.031358, 0.397501, -0.037945, 0.916280)
218.8564, (-2.151754, 0.312432, 6.632390), (-0.040519, 0.392383, -0.034149, 0.918274)
218.8839, (-2.140842, 0.314731, 6.623482), (-0.052266, 0.386160, -0.027246, 0.920547)
218.9114, (-2.128115, 0.316592, 6.616574), (-0.060524, 0.381665, -0.026589, 0.921934)
218.9391, (-2.115183, 0.318583, 6.609845), (-0.067230, 0.380076, -0.031941, 0.921956)
218.967, (-2.103121, 0.319226, 6.602723), (-0.076200, 0.380998, -0.039998, 0.920562)
218.9952, (-2.092065, 0.318677, 6.596133), (-0.076864, 0.382306, -0.043381, 0.919811)
219.0231, (-2.080417, 0.317762, 6.591317), (-0.067308, 0.383811, -0.045534, 0.919829)
219.0511, (-2.069869, 0.316878, 6.585937), (-0.059821, 0.384393, -0.045936, 0.920083)
219.0791, (-2.059201, 0.316804, 6.581338), (-0.062426, 0.383786, -0.046429, 0.920139)
219.1071, (-2.048690, 0.316376, 6.575994), (-0.064325, 0.386479, -0.046758, 0.918863)
219.1349, (-2.039363, 0.316578, 6.570960), (-0.066934, 0.392979, -0.043833, 0.916060)
219.1631, (-2.030091, 0.318912, 6.567481), (-0.075941, 0.399091, -0.045312, 0.912637)
219.1909, (-2.022192, 0.320475, 6.564026), (-0.086272, 0.401826, -0.043140, 0.910622)
219.2187, (-2.013809, 0.322322, 6.560824), (-0.093653, 0.401929, -0.042956, 0.909856)
219.2464, (-2.005996, 0.323916, 6.559240), (-0.098120, 0.397801, -0.037890, 0.911423)
219.2742, (-1.998876, 0.323228, 6.558125), (-0.105384, 0.397058, -0.031518, 0.911178)
219.3021, (-1.990484, 0.323149, 6.557721), (-0.107132, 0.397838, -0.031829, 0.910624)
219.3297, (-1.983236, 0.321986, 6.557675), (-0.104247, 0.401657, -0.034105, 0.909198)
219.3572, (-1.975129, 0.320651, 6.557950), (-0.099476, 0.404984, -0.034748, 0.908232)
219.385, (-1.966612, 0.319546, 6.558990), (-0.095353, 0.406882, -0.034713, 0.907827)
219.4129, (-1.957813, 0.319254, 6.560216), (-0.091599, 0.408246, -0.036752, 0.907521)
219.4408, (-1.948787, 0.318468, 6.561995), (-0.092868, 0.408338, -0.038057, 0.907297)
219.4684, (-1.939932, 0.317507, 6.563709), (-0.093027, 0.410564, -0.039228, 0.906225)
219.4965, (-1.930775, 0.316736, 6.565660), (-0.087703, 0.415485, -0.041927, 0.904391)
219.5243, (-1.922161, 0.314815, 6.567994), (-0.086863, 0.422965, -0.040957, 0.901043)
219.5523, (-1.913167, 0.313213, 6.570753), (-0.084051, 0.430550, -0.039156, 0.897791)
219.5802, (-1.905377, 0.312030, 6.574534), (-0.080432, 0.439599, -0.035909, 0.893865)
219.6081, (-1.897702, 0.310864, 6.578272), (-0.079597, 0.446462, -0.034575, 0.890585)
219.6363, (-1.890389, 0.309237, 6.582080), (-0.076589, 0.454689, -0.031734, 0.886784)
219.6643, (-1.885967, 0.307039, 6.586777), (-0.065449, 0.464681, -0.020759, 0.882812)
219.6922, (-1.878966, 0.307922, 6.591816), (-0.051356, 0.471033, -0.017462, 0.880447)
219.7198, (-1.871533, 0.310895, 6.596993), (-0.040048, 0.477865, -0.017612, 0.877343)
219.7476, (-1.863348, 0.316214, 6.601357), (-0.033368, 0.485178, -0.021105, 0.873524)
219.7756, (-1.855102, 0.320031, 6.605456), (-0.044680, 0.496348, -0.013671, 0.866865)
219.8035, (-1.848065, 0.323294, 6.609087), (-0.054267, 0.503870, -0.008078, 0.862036)
219.8314, (-1.840924, 0.323325, 6.614204), (-0.066619, 0.505811, 0.000247, 0.860068)
219.8591, (-1.834199, 0.322041, 6.619081), (-0.068256, 0.504081, 0.001754, 0.860953)
219.8871, (-1.827237, 0.319815, 6.623551), (-0.061467, 0.508946, 0.002922, 0.858596)
219.9147, (-1.820319, 0.318157, 6.627028), (-0.057867, 0.517641, 0.004226, 0.853628)
219.941, (-1.813528, 0.318019, 6.630488), (-0.055090, 0.527183, 0.001377, 0.847964)
219.9686, (-1.806391, 0.317517, 6.633662), (-0.050121, 0.532466, -0.002688, 0.844962)
219.9969, (-1.799181, 0.317425, 6.636390), (-0.041398, 0.535330, -0.004703, 0.843615)
220.0251, (-1.792293, 0.317326, 6.639210), (-0.034066, 0.539318, -0.006242, 0.841390)
220.0531, (-1.784401, 0.320619, 6.640098), (-0.033010, 0.540994, -0.003800, 0.840370)
220.081, (-1.777441, 0.322581, 6.640919), (-0.042013, 0.544017, -0.000089, 0.838022)
220.1089, (-1.770244, 0.323246, 6.641418), (-0.049741, 0.549552, 0.003659, 0.833970)
220.1369, (-1.763261, 0.323344, 6.641696), (-0.056382, 0.552915, 0.004210, 0.831317)
220.1647, (-1.755781, 0.322282, 6.642014), (-0.059608, 0.555408, 0.002998, 0.829434)
220.1924, (-1.748671, 0.321486, 6.642102), (-0.055074, 0.557472, -0.001808, 0.828365)
220.2202, (-1.741530, 0.320195, 6.642022), (-0.047241, 0.558236, -0.003816, 0.828328)
220.2479, (-1.734731, 0.319372, 6.641394), (-0.042813, 0.559104, -0.004909, 0.827977)
220.2758, (-1.727560, 0.318916, 6.640683), (-0.039397, 0.559584, -0.007797, 0.827801)
220.3035, (-1.718551, 0.319873, 6.637403), (-0.035988, 0.558099, -0.009946, 0.828934)
220.3315, (-1.709960, 0.320073, 6.634875), (-0.040122, 0.560036, -0.009818, 0.827438)
220.359, (-1.701879, 0.320632, 6.631794), (-0.043907, 0.559476, -0.009871, 0.827624)
220.3868, (-1.694126, 0.320219, 6.628458), (-0.046165, 0.558225, -0.009727, 0.828347)
220.4147, (-1.685874, 0.319202, 6.624218), (-0.048329, 0.555464, -0.009665, 0.830079)
220.4426, (-1.677434, 0.318579, 6.619516), (-0.050661, 0.552184, -0.010328, 0.832118)
220.4704, (-1.668977, 0.317920, 6.614293), (-0.051854, 0.549727, -0.012705, 0.833637)
220.4983, (-1.661177, 0.317295, 6.607969), (-0.056481, 0.546093, -0.011981, 0.835733)
220.5257, (-1.653267, 0.317345, 6.601652), (-0.061148, 0.540779, -0.012648, 0.838844)
220.5538, (-1.644500, 0.317675, 6.594418), (-0.068205, 0.536309, -0.010697, 0.841193)
220.5817, (-1.635619, 0.317633, 6.586771), (-0.076398, 0.532656, -0.006300, 0.842853)
220.6094, (-1.626867, 0.317542, 6.578384), (-0.084004, 0.527534, -0.001621, 0.845369)
220.6367, (-1.618371, 0.317645, 6.570268), (-0.090373, 0.523312, 0.002246, 0.847333)
220.6644, (-1.609168, 0.317625, 6.560268), (-0.085927, 0.517914, 0.004796, 0.851093)
220.692, (-1.598740, 0.319252, 6.549924), (-0.073323, 0.514165, 0.001517, 0.854550)
220.7201, (-1.587214, 0.323420, 6.541155), (-0.070794, 0.515285, -0.003794, 0.854082)
220.7478, (-1.576565, 0.326285, 6.531516), (-0.082582, 0.516088, -0.001407, 0.852545)
220.7756, (-1.566541, 0.328794, 6.521577), (-0.088229, 0.515760, 0.001822, 0.852176)
220.8034, (-1.556540, 0.329636, 6.512267), (-0.098964, 0.513278, 0.008088, 0.852459)
220.8313, (-1.546112, 0.331325, 6.502985), (-0.104861, 0.511350, 0.009255, 0.852901)
220.8591, (-1.535659, 0.333019, 6.493701), (-0.109855, 0.509331, 0.011291, 0.853456)
220.8874, (-1.524461, 0.332225, 6.484710), (-0.116984, 0.507946, 0.011421, 0.853332)
220.915, (-1.513188, 0.323264, 6.478328), (-0.084830, 0.515046, -0.002665, 0.852950)
220.9427, (-1.503152, 0.322282, 6.472211), (-0.073920, 0.516123, -0.009871, 0.853262)
220.9704, (-1.494255, 0.321259, 6.465954), (-0.070781, 0.515502, -0.012481, 0.853869)
220.998, (-1.483643, 0.320747, 6.459782), (-0.067956, 0.517983, -0.016984, 0.852518)
221.0253, (-1.472081, 0.320545, 6.454154), (-0.064869, 0.523450, -0.023452, 0.849260)
221.0529, (-1.461574, 0.321133, 6.449092), (-0.064292, 0.528719, -0.032300, 0.845742)
221.0807, (-1.451597, 0.321346, 6.444562), (-0.060023, 0.532042, -0.040747, 0.843604)
221.1085, (-1.442311, 0.319603, 6.440254), (-0.055920, 0.533433, -0.044819, 0.842801)
221.1361, (-1.432309, 0.317962, 6.436832), (-0.050622, 0.532426, -0.046805, 0.843664)
221.164, (-1.422743, 0.316174, 6.433635), (-0.041277, 0.532681, -0.051449, 0.843742)
221.1918, (-1.413174, 0.314047, 6.431611), (-0.028329, 0.533975, -0.057390, 0.843074)
221.2196, (-1.403163, 0.311820, 6.430342), (-0.021174, 0.535582, -0.061915, 0.841945)
221.2472, (-1.393351, 0.309561, 6.429143), (-0.016576, 0.536546, -0.066084, 0.841116)
221.2751, (-1.383393, 0.307907, 6.428745), (-0.017875, 0.538878, -0.066226, 0.839587)
221.3028, (-1.373803, 0.306599, 6.429203), (-0.020975, 0.540185, -0.068005, 0.838532)
221.3307, (-1.364305, 0.305182, 6.430160), (-0.022763, 0.539849, -0.070543, 0.838492)
221.3583, (-1.355062, 0.303527, 6.431789), (-0.021029, 0.541308, -0.070697, 0.837583)
221.3861, (-1.346252, 0.302398, 6.433727), (-0.021305, 0.542976, -0.068695, 0.836662)
221.4139, (-1.336892, 0.302260, 6.437337), (-0.025409, 0.543193, -0.067079, 0.836539)
221.4418, (-1.328774, 0.301629, 6.440683), (-0.027974, 0.542228, -0.065335, 0.837220)
221.4695, (-1.320513, 0.302943, 6.444221), (-0.020500, 0.540022, -0.067072, 0.838724)
221.4975, (-1.311824, 0.305196, 6.448229), (-0.013478, 0.538812, -0.067205, 0.839633)
221.5251, (-1.304095, 0.307955, 6.451980), (-0.014493, 0.535442, -0.062068, 0.842164)
221.5528, (-1.296850, 0.310658, 6.455410), (-0.018960, 0.529331, -0.056463, 0.846322)
221.5805, (-1.290505, 0.311613, 6.458705), (-0.026303, 0.522840, -0.047086, 0.850723)
221.6082, (-1.284792, 0.311998, 6.460763), (-0.027804, 0.518709, -0.045928, 0.853264)
221.6361, (-1.278811, 0.310767, 6.463351), (-0.030087, 0.516604, -0.046199, 0.854448)
221.6638, (-1.272635, 0.309444, 6.465685), (-0.024408, 0.519228, -0.048217, 0.852926)
221.6914, (-1.266701, 0.308749, 6.468124), (-0.023406, 0.519024, -0.048670, 0.853052)
221.7192, (-1.260078, 0.308292, 6.470987), (-0.023389, 0.517208, -0.051285, 0.854002)
221.7472, (-1.253763, 0.307563, 6.473588), (-0.021310, 0.513498, -0.051888, 0.856256)
221.775, (-1.247275, 0.307234, 6.476169), (-0.019241, 0.510211, -0.052085, 0.858255)
221.8026, (-1.241923, 0.307908, 6.477754), (-0.010078, 0.497925, -0.051471, 0.865633)
221.8305, (-1.236255, 0.308032, 6.480106), (-0.005587, 0.493094, -0.050757, 0.868476)
221.8563, (-1.230284, 0.307974, 6.482448), (-0.001958, 0.488139, -0.050586, 0.871297)
221.8839, (-1.226132, 0.307977, 6.480794), (-0.005563, 0.471366, -0.041732, 0.880933)
221.9117, (-1.220586, 0.307503, 6.480261), (-0.005035, 0.458525, -0.045291, 0.887513)
221.9399, (-1.215095, 0.306382, 6.479751), (-0.004076, 0.447434, -0.048361, 0.892999)
221.9678, (-1.209769, 0.305807, 6.478977), (-0.000193, 0.437737, -0.050478, 0.897685)
221.9954, (-1.204248, 0.305198, 6.477522), (0.005975, 0.427277, -0.052510, 0.902575)
222.0231, (-1.198567, 0.304733, 6.475951), (0.009374, 0.417774, -0.054724, 0.906853)
222.051, (-1.192452, 0.304876, 6.473467), (0.012036, 0.405676, -0.052604, 0.912423)
222.0787, (-1.185974, 0.305801, 6.471039), (0.009030, 0.392854, -0.052030, 0.918084)
222.1068, (-1.179538, 0.306162, 6.467768), (0.005023, 0.381411, -0.050194, 0.923028)
222.1341, (-1.172893, 0.306340, 6.464471), (0.003031, 0.369292, -0.046353, 0.928152)
222.162, (-1.166321, 0.306560, 6.461110), (0.001386, 0.355534, -0.043259, 0.933661)
222.1895, (-1.160090, 0.306259, 6.456627), (-0.005112, 0.337772, -0.040010, 0.940363)
222.2173, (-1.153364, 0.306222, 6.452476), (-0.008712, 0.318696, -0.037954, 0.947057)
222.2452, (-1.146624, 0.305322, 6.447218), (-0.011938, 0.297580, -0.036041, 0.953942)
222.2727, (-1.139904, 0.305760, 6.442012), (-0.008960, 0.276001, -0.035648, 0.960454)
222.3004, (-1.133200, 0.305153, 6.436377), (-0.005572, 0.254587, -0.035314, 0.966389)
222.3281, (-1.126247, 0.304880, 6.429937), (-0.000741, 0.232429, -0.033924, 0.972021)
222.3556, (-1.119315, 0.306042, 6.424730), (0.004441, 0.212579, -0.030376, 0.976662)
222.3832, (-1.112800, 0.307932, 6.419120), (0.010144, 0.192457, -0.031133, 0.980759)
222.4107, (-1.106131, 0.310143, 6.412917), (0.013273, 0.172390, -0.029358, 0.984502)
222.4384, (-1.099579, 0.310850, 6.406344), (0.011054, 0.154984, -0.024463, 0.987552)
222.4658, (-1.093874, 0.312060, 6.400189), (0.009833, 0.138501, -0.020390, 0.990104)
222.4935, (-1.087968, 0.312081, 6.394738), (0.006412, 0.120279, -0.022017, 0.992475)
222.521, (-1.082344, 0.311804, 6.389399), (0.007613, 0.102629, -0.023988, 0.994401)
222.5486, (-1.077432, 0.310385, 6.383776), (0.011996, 0.086467, -0.024514, 0.995881)
222.576, (-1.073175, 0.310252, 6.378312), (0.023567, 0.070908, -0.025158, 0.996887)
222.6036, (-1.068628, 0.310295, 6.373624), (0.031315, 0.055340, -0.024974, 0.997664)
222.6311, (-1.064349, 0.310993, 6.369313), (0.035202, 0.040282, -0.025712, 0.998237)
222.6589, (-1.060702, 0.311871, 6.364739), (0.032573, 0.024535, -0.026838, 0.998808)
222.6865, (-1.057888, 0.312228, 6.360170), (0.028991, 0.007972, -0.027010, 0.999183)
222.7141, (-1.055476, 0.312053, 6.355338), (0.025224, -0.009251, -0.024790, 0.999332)
222.7414, (-1.052928, 0.312066, 6.349979), (0.023721, -0.023563, -0.023744, 0.999159)
222.769, (-1.050904, 0.311334, 6.344542), (0.022259, -0.034514, -0.024269, 0.998862)
222.7967, (-1.049031, 0.310534, 6.339106), (0.024272, -0.045268, -0.024924, 0.998369)
222.8246, (-1.048359, 0.309589, 6.334185), (0.028290, -0.051724, -0.023805, 0.997977)
222.8521, (-1.048473, 0.309887, 6.329361), (0.030126, -0.062571, -0.024572, 0.997283)
222.8798, (-1.049279, 0.310093, 6.325069), (0.029289, -0.076276, -0.026966, 0.996292)
222.9076, (-1.051829, 0.310228, 6.320627), (0.025038, -0.092258, -0.026771, 0.995060)
222.9358, (-1.053761, 0.311291, 6.316659), (0.019330, -0.111375, -0.029200, 0.993161)
222.9636, (-1.057373, 0.311260, 6.312571), (0.014790, -0.126699, -0.030368, 0.991366)
222.9914, (-1.061147, 0.310833, 6.306853), (0.011454, -0.143611, -0.025878, 0.989230)
223.0192, (-1.064542, 0.311156, 6.302002), (0.009646, -0.159808, -0.024705, 0.986792)
223.0471, (-1.069371, 0.310750, 6.298007), (0.008404, -0.174578, -0.022551, 0.984349)
223.0752, (-1.073697, 0.310430, 6.293201), (0.004358, -0.187740, -0.020742, 0.981990)
223.1035, (-1.078234, 0.310109, 6.288602), (0.002746, -0.201625, -0.018473, 0.979285)
223.1313, (-1.083366, 0.309922, 6.283775), (-0.000134, -0.213829, -0.017022, 0.976723)
223.1594, (-1.088016, 0.309687, 6.279104), (0.000056, -0.227026, -0.014883, 0.973775)
223.1877, (-1.092663, 0.309833, 6.274112), (0.003140, -0.239775, -0.012689, 0.970741)
223.2159, (-1.097144, 0.310587, 6.269178), (0.006344, -0.249644, -0.009583, 0.968270)
223.2438, (-1.101475, 0.312284, 6.264511), (0.008379, -0.259131, -0.008312, 0.965770)
223.2718, (-1.105803, 0.314216, 6.259466), (0.006397, -0.271222, -0.006494, 0.962474)
223.2998, (-1.109616, 0.315046, 6.253765), (0.004422, -0.284606, -0.004303, 0.958625)
223.3279, (-1.113111, 0.315391, 6.248179), (0.002231, -0.296951, -0.002235, 0.954888)
223.3558, (-1.115616, 0.315568, 6.242836), (-0.001029, -0.306872, -0.002423, 0.951747)
223.3838, (-1.117994, 0.315575, 6.237540), (-0.001525, -0.316439, -0.001433, 0.948611)
223.4118, (-1.120464, 0.316064, 6.231709), (-0.003262, -0.323550, -0.001935, 0.946204)
223.4398, (-1.123227, 0.317117, 6.227193), (-0.001160, -0.332420, -0.005438, 0.943115)
223.4676, (-1.125947, 0.317412, 6.223003), (0.000893, -0.339616, -0.005990, 0.940545)
223.4957, (-1.128981, 0.317987, 6.218035), (0.000213, -0.347698, -0.005782, 0.937589)
223.5237, (-1.132077, 0.318411, 6.213668), (-0.001206, -0.356881, -0.006497, 0.934127)
223.5514, (-1.134738, 0.318568, 6.208861), (-0.001685, -0.367171, -0.005493, 0.930136)
223.5791, (-1.136395, 0.318098, 6.204607), (0.000185, -0.380326, -0.000802, 0.924852)
223.6069, (-1.137902, 0.317850, 6.200593), (0.004176, -0.391376, 0.003317, 0.920216)
223.6348, (-1.138504, 0.317619, 6.195969), (0.004438, -0.401957, 0.004906, 0.915635)
223.6628, (-1.138873, 0.318085, 6.191723), (0.003113, -0.413878, 0.002266, 0.910325)
223.6906, (-1.138045, 0.317718, 6.187314), (0.000901, -0.424689, 0.001124, 0.905338)
223.7188, (-1.136378, 0.317625, 6.183113), (-0.001576, -0.436851, 0.001506, 0.899531)
223.7466, (-1.134172, 0.317812, 6.179592), (-0.004617, -0.449615, -0.000519, 0.893211)
223.7746, (-1.132746, 0.317885, 6.175579), (-0.007128, -0.460887, -0.001364, 0.887429)
223.8025, (-1.130275, 0.318638, 6.172375), (-0.009623, -0.471722, -0.003325, 0.881689)
223.8305, (-1.124622, 0.320677, 6.169809), (-0.016653, -0.482623, -0.008807, 0.875626)
223.8585, (-1.119991, 0.322322, 6.168018), (-0.023673, -0.492677, -0.011263, 0.869818)
223.8867, (-1.111660, 0.325369, 6.168768), (-0.038632, -0.498787, -0.022087, 0.865582)
223.9141, (-1.105391, 0.326039, 6.168329), (-0.044051, -0.507374, -0.026787, 0.860182)
223.9421, (-1.099025, 0.325712, 6.168367), (-0.048732, -0.515000, -0.028442, 0.855331)
223.9701, (-1.092099, 0.325571, 6.168521), (-0.045031, -0.522242, -0.025663, 0.851221)
223.998, (-1.084946, 0.324830, 6.169568), (-0.044101, -0.531378, -0.027519, 0.845538)
224.0255, (-1.077070, 0.323769, 6.171652), (-0.041666, -0.539543, -0.028924, 0.840429)
224.0535, (-1.068966, 0.322634, 6.174218), (-0.039195, -0.545147, -0.025178, 0.837045)
224.0812, (-1.060504, 0.321528, 6.177100), (-0.039550, -0.549601, -0.025271, 0.834108)
224.1093, (-1.051688, 0.320328, 6.180644), (-0.040806, -0.555985, -0.027455, 0.829736)
224.1369, (-1.042357, 0.318499, 6.183809), (-0.039302, -0.563254, -0.024229, 0.824993)
224.1649, (-1.033013, 0.317067, 6.187587), (-0.035294, -0.570375, -0.017257, 0.820445)
224.1928, (-1.023948, 0.316329, 6.191743), (-0.032105, -0.577505, -0.012035, 0.815667)
224.2207, (-1.014259, 0.315509, 6.196235), (-0.029184, -0.584921, -0.008258, 0.810523)
224.2484, (-1.004475, 0.315012, 6.200809), (-0.031027, -0.590670, -0.010521, 0.806248)
224.2761, (-0.993990, 0.314172, 6.204987), (-0.032653, -0.599151, -0.015050, 0.799828)
224.304, (-0.984760, 0.312443, 6.209183), (-0.030103, -0.608818, -0.015670, 0.792584)
224.3321, (-0.975417, 0.310154, 6.213848), (-0.024810, -0.618034, -0.011072, 0.785682)
224.3597, (-0.965635, 0.308113, 6.218599), (-0.021505, -0.625506, -0.008225, 0.779880)
224.3878, (-0.956239, 0.306932, 6.223588), (-0.016514, -0.632211, -0.007561, 0.774584)
224.4156, (-0.947877, 0.305422, 6.228063), (-0.009952, -0.637406, -0.004827, 0.770449)
224.4437, (-0.939795, 0.303854, 6.232879), (-0.006065, -0.643550, -0.002647, 0.765376)
224.4716, (-0.932123, 0.303905, 6.236642), (0.000723, -0.649175, 0.001170, 0.760638)
224.4992, (-0.925123, 0.304977, 6.239512), (0.009214, -0.655492, 0.001560, 0.755145)
224.527, (-0.918680, 0.306390, 6.242006), (0.013621, -0.662182, -0.003181, 0.749213)
224.555, (-0.911534, 0.307063, 6.243578), (0.013953, -0.671150, -0.009412, 0.741131)
224.5827, (-0.905303, 0.306871, 6.244575), (0.014796, -0.680893, -0.007187, 0.732198)
224.6105, (-0.899328, 0.307158, 6.245089), (0.015671, -0.690232, -0.006328, 0.723391)
224.6384, (-0.892812, 0.306745, 6.245577), (0.017805, -0.698377, -0.006322, 0.715481)
224.6663, (-0.886786, 0.305978, 6.246061), (0.020155, -0.705200, -0.005096, 0.708704)
224.6941, (-0.880466, 0.305248, 6.245968), (0.021029, -0.710145, -0.002235, 0.703739)
224.7221, (-0.874633, 0.305302, 6.245809), (0.023568, -0.715654, -0.001386, 0.698056)
224.75, (-0.870093, 0.305802, 6.245041), (0.026755, -0.721233, -0.005696, 0.692153)
224.7779, (-0.865472, 0.306524, 6.242638), (0.029811, -0.726384, -0.007811, 0.686598)
224.8058, (-0.861068, 0.307160, 6.240866), (0.029449, -0.733561, -0.011599, 0.678887)
224.8338, (-0.857894, 0.307660, 6.237313), (0.029888, -0.738691, -0.013402, 0.673248)
224.8614, (-0.854062, 0.307571, 6.234606), (0.029647, -0.742892, -0.011828, 0.668650)
224.8894, (-0.850528, 0.307208, 6.231557), (0.028531, -0.744627, -0.008797, 0.666813)
224.917, (-0.847479, 0.306503, 6.229110), (0.028395, -0.745890, -0.005628, 0.665440)
224.9448, (-0.844762, 0.306438, 6.225758), (0.028395, -0.743260, -0.000229, 0.668400)
224.9729, (-0.842068, 0.306666, 6.222652), (0.027193, -0.740338, -0.001708, 0.671682)
225.0008, (-0.839607, 0.306352, 6.219023), (0.025860, -0.735898, -0.000931, 0.676598)
225.0285, (-0.836579, 0.306245, 6.214767), (0.022918, -0.733056, 0.005017, 0.679764)
225.0564, (-0.833863, 0.306436, 6.210255), (0.020384, -0.731901, 0.008111, 0.681058)
225.084, (-0.830841, 0.306497, 6.206181), (0.019756, -0.730142, 0.009721, 0.682941)
225.1119, (-0.828291, 0.306682, 6.201980), (0.018635, -0.725974, 0.012349, 0.687358)
225.1396, (-0.825822, 0.307419, 6.197803), (0.017483, -0.722281, 0.012829, 0.691260)
225.1674, (-0.823571, 0.308259, 6.193697), (0.018096, -0.716314, 0.012398, 0.697433)
225.195, (-0.821509, 0.309170, 6.189249), (0.018867, -0.708800, 0.010532, 0.705078)
225.2229, (-0.819347, 0.311067, 6.185598), (0.021273, -0.702344, 0.013783, 0.711386)
225.2506, (-0.817606, 0.311985, 6.181975), (0.020594, -0.692227, 0.012779, 0.721273)
225.278, (-0.815321, 0.312292, 6.179269), (0.018933, -0.679927, 0.010855, 0.732955)
225.3057, (-0.812732, 0.313165, 6.176582), (0.019142, -0.663745, 0.011803, 0.747621)
225.3336, (-0.810611, 0.314217, 6.175841), (0.021674, -0.645226, 0.012790, 0.763577)
225.3611, (-0.808380, 0.314694, 6.175567), (0.023732, -0.620962, 0.010446, 0.783412)
225.3891, (-0.805649, 0.316389, 6.174381), (0.024938, -0.599163, 0.009330, 0.800185)
225.4167, (-0.802636, 0.316806, 6.172561), (0.022639, -0.582283, 0.006943, 0.812642)
225.4447, (-0.799888, 0.317106, 6.171753), (0.022091, -0.566877, 0.006517, 0.823480)
225.472, (-0.797562, 0.316646, 6.171542), (0.022742, -0.550136, 0.007020, 0.834736)
225.4999, (-0.794702, 0.316628, 6.171608), (0.026886, -0.529819, 0.010095, 0.847625)
225.5275, (-0.791416, 0.317130, 6.170770), (0.028669, -0.510366, 0.009392, 0.859428)
225.5552, (-0.787626, 0.316791, 6.170581), (0.030226, -0.491386, 0.011535, 0.870341)
225.5829, (-0.783998, 0.316376, 6.170965), (0.027896, -0.472369, 0.012648, 0.880868)
225.6107, (-0.780013, 0.316965, 6.171281), (0.028654, -0.455092, 0.015250, 0.889853)
225.6382, (-0.774665, 0.316481, 6.171043), (0.028279, -0.439942, 0.015342, 0.897450)
225.6658, (-0.767823, 0.316392, 6.170365), (0.029268, -0.427956, 0.019522, 0.903115)
225.6931, (-0.761644, 0.316426, 6.170247), (0.030982, -0.417111, 0.022174, 0.908057)
225.7208, (-0.754822, 0.317159, 6.170862), (0.033263, -0.405785, 0.023367, 0.913064)
225.7485, (-0.747198, 0.318249, 6.171510), (0.035064, -0.394612, 0.020768, 0.917944)
225.7762, (-0.739303, 0.318972, 6.172117), (0.033068, -0.384705, 0.016473, 0.922300)
225.8037, (-0.730900, 0.319617, 6.173333), (0.029189, -0.375193, 0.013684, 0.926386)
225.8314, (-0.722751, 0.320855, 6.174799), (0.024597, -0.365606, 0.007757, 0.930413)
225.8589, (-0.714500, 0.322046, 6.176695), (0.021741, -0.354959, 0.002101, 0.934627)
225.8867, (-0.705188, 0.321669, 6.179574), (0.019373, -0.345074, -0.003346, 0.938370)
225.9142, (-0.695886, 0.321887, 6.182076), (0.018178, -0.334640, -0.006910, 0.942145)
225.9418, (-0.686104, 0.321578, 6.185360), (0.016348, -0.323590, -0.011688, 0.945984)
225.9697, (-0.676400, 0.321673, 6.188790), (0.016458, -0.310890, -0.014468, 0.950193)
225.9972, (-0.665209, 0.320786, 6.192842), (0.015761, -0.296212, -0.017262, 0.954836)
226.0244, (-0.653946, 0.319893, 6.197117), (0.016702, -0.284005, -0.017584, 0.958516)
226.0519, (-0.642222, 0.319339, 6.201884), (0.018413, -0.270318, -0.017431, 0.962437)
226.0795, (-0.629766, 0.318929, 6.206171), (0.016613, -0.255015, -0.019418, 0.966600)
226.1071, (-0.616789, 0.318163, 6.210860), (0.014013, -0.239345, -0.021299, 0.970600)
226.1347, (-0.603525, 0.317407, 6.215432), (0.012822, -0.223851, -0.022188, 0.974286)
226.1621, (-0.590043, 0.317444, 6.220675), (0.013881, -0.207952, -0.022091, 0.977791)
226.1892, (-0.576804, 0.317741, 6.225312), (0.011867, -0.193073, -0.023873, 0.980822)
226.2169, (-0.563826, 0.317283, 6.228340), (0.008729, -0.179672, -0.023301, 0.983412)
226.2444, (-0.550920, 0.316793, 6.231217), (0.003434, -0.167642, -0.021595, 0.985606)
226.2721, (-0.537812, 0.316268, 6.234373), (-0.003805, -0.156851, -0.020265, 0.987407)
226.2997, (-0.524580, 0.316935, 6.237545), (-0.003626, -0.147954, -0.021616, 0.988751)
226.3275, (-0.512258, 0.317718, 6.240720), (-0.004224, -0.139725, -0.023681, 0.989898)
226.355, (-0.499679, 0.318262, 6.242934), (-0.010732, -0.133335, -0.026560, 0.990657)
226.3835, (-0.488191, 0.318260, 6.245266), (-0.018763, -0.124674, -0.029079, 0.991594)
226.4105, (-0.476757, 0.317346, 6.247489), (-0.026032, -0.117778, -0.032576, 0.992164)
226.4385, (-0.465789, 0.316447, 6.249600), (-0.029883, -0.109922, -0.033420, 0.992929)
226.4664, (-0.455455, 0.314569, 6.251260), (-0.031967, -0.101648, -0.032826, 0.993765)
226.4943, (-0.445741, 0.313055, 6.253111), (-0.034684, -0.093483, -0.031914, 0.994505)
226.522, (-0.436685, 0.312399, 6.254951), (-0.033625, -0.086136, -0.028983, 0.995294)
226.5499, (-0.428297, 0.312171, 6.256255), (-0.033134, -0.080328, -0.026460, 0.995866)
226.5778, (-0.420647, 0.312484, 6.257087), (-0.032866, -0.073611, -0.021715, 0.996509)
226.6059, (-0.412581, 0.313898, 6.258128), (-0.032210, -0.067688, -0.019171, 0.997002)
226.6339, (-0.405971, 0.315686, 6.259190), (-0.037121, -0.059234, -0.019533, 0.997363)
226.6617, (-0.398842, 0.318238, 6.259073), (-0.043306, -0.051669, -0.021151, 0.997501)
226.6895, (-0.392866, 0.320224, 6.259686), (-0.052277, -0.039984, -0.023984, 0.997544)
226.7173, (-0.387916, 0.322577, 6.260824), (-0.057098, -0.026453, -0.024047, 0.997728)
226.7452, (-0.384066, 0.324733, 6.261300), (-0.059901, -0.015098, -0.027015, 0.997725)
226.7734, (-0.381016, 0.325723, 6.261474), (-0.063623, -0.006158, -0.027770, 0.997569)
226.8014, (-0.379186, 0.326083, 6.262345), (-0.067748, 0.001487, -0.029286, 0.997272)
226.8297, (-0.377779, 0.326702, 6.263351), (-0.068984, 0.008424, -0.030300, 0.997122)
226.8575, (-0.377151, 0.326672, 6.264233), (-0.067288, 0.013505, -0.029703, 0.997200)
226.8856, (-0.377166, 0.326115, 6.265399), (-0.066678, 0.019890, -0.028844, 0.997159)
226.9134, (-0.377569, 0.325119, 6.266991), (-0.065685, 0.028139, -0.029628, 0.997004)
226.9418, (-0.378588, 0.324161, 6.268720), (-0.067591, 0.038826, -0.029461, 0.996522)
226.9694, (-0.380450, 0.323687, 6.270295), (-0.069625, 0.048814, -0.029919, 0.995929)
226.9973, (-0.382587, 0.322957, 6.272153), (-0.066208, 0.060972, -0.027407, 0.995564)
227.0249, (-0.385068, 0.321527, 6.275549), (-0.066343, 0.076167, -0.022056, 0.994641)
227.0529, (-0.387442, 0.324509, 6.277413), (-0.061587, 0.089662, -0.020491, 0.993855)
227.0808, (-0.390806, 0.326618, 6.281137), (-0.055847, 0.104741, -0.021605, 0.992695)
227.1087, (-0.393541, 0.330089, 6.284533), (-0.052570, 0.118954, -0.020560, 0.991294)
227.1364, (-0.396890, 0.331908, 6.287256), (-0.057227, 0.133083, -0.014035, 0.989352)
227.1643, (-0.400142, 0.333734, 6.290019), (-0.065541, 0.144494, -0.005599, 0.987317)
227.1921, (-0.402541, 0.334773, 6.294620), (-0.070521, 0.155161, -0.001272, 0.985368)
227.2205, (-0.405149, 0.334922, 6.298603), (-0.071514, 0.164213, 0.000907, 0.983829)
227.2479, (-0.407634, 0.333773, 6.302553), (-0.067913, 0.173587, 0.002998, 0.982470)
227.2756, (-0.409864, 0.332009, 6.305189), (-0.061357, 0.180145, 0.006566, 0.981703)
227.3033, (-0.411598, 0.331165, 6.308099), (-0.051660, 0.186007, 0.006870, 0.981165)
227.3313, (-0.411980, 0.330627, 6.311268), (-0.038481, 0.194074, 0.006143, 0.980213)
227.3587, (-0.413347, 0.329911, 6.314539), (-0.031843, 0.202389, 0.007656, 0.978758)
227.3863, (-0.411820, 0.329638, 6.315292), (-0.020272, 0.204286, 0.013312, 0.978611)
227.4141, (-0.411241, 0.330057, 6.315497), (-0.015971, 0.209660, 0.019382, 0.977452)
227.442, (-0.409753, 0.331720, 6.315381), (-0.021586, 0.214132, 0.017008, 0.976418)
227.4689, (-0.407534, 0.332528, 6.315690), (-0.028937, 0.217330, 0.013969, 0.975569)
227.497, (-0.405250, 0.332467, 6.315547), (-0.030529, 0.222157, 0.011142, 0.974469)
227.5248, (-0.402886, 0.332437, 6.314285), (-0.030933, 0.224018, 0.008222, 0.974059)
227.5527, (-0.400938, 0.331945, 6.312361), (-0.033440, 0.223117, 0.005606, 0.974202)
227.5804, (-0.398072, 0.331490, 6.310607), (-0.035257, 0.219792, 0.001803, 0.974908)
227.6082, (-0.395105, 0.330610, 6.309153), (-0.033719, 0.217671, 0.001849, 0.975438)
227.636, (-0.391633, 0.329522, 6.307220), (-0.031705, 0.214511, 0.003084, 0.976202)
227.664, (-0.387171, 0.328763, 6.305046), (-0.031638, 0.212600, 0.001918, 0.976625)
227.6918, (-0.382380, 0.328123, 6.302915), (-0.032278, 0.213306, 0.002561, 0.976449)
227.7197, (-0.376703, 0.327374, 6.300023), (-0.034580, 0.212992, 0.004153, 0.976433)
227.7474, (-0.370124, 0.327166, 6.297340), (-0.034140, 0.212976, 0.001427, 0.976460)
227.7751, (-0.362766, 0.327244, 6.294926), (-0.030049, 0.214548, -0.000884, 0.976251)
227.8028, (-0.355671, 0.326747, 6.292440), (-0.029803, 0.214458, -0.001237, 0.976278)
227.8308, (-0.347465, 0.326600, 6.289040), (-0.029403, 0.213899, 0.000525, 0.976413)
227.8586, (-0.337901, 0.326696, 6.286143), (-0.033955, 0.213250, 0.001890, 0.976406)
227.8865, (-0.328773, 0.326095, 6.282813), (-0.037287, 0.212149, 0.001564, 0.976525)
227.9142, (-0.319138, 0.323954, 6.279282), (-0.039855, 0.207940, 0.001185, 0.977329)
227.942, (-0.308673, 0.321988, 6.275508), (-0.034099, 0.204954, 0.003292, 0.978172)
227.9698, (-0.297948, 0.320588, 6.271886), (-0.028449, 0.203852, 0.005632, 0.978572)
227.9976, (-0.287036, 0.320180, 6.268411), (-0.024401, 0.202329, 0.005987, 0.978995)
228.0253, (-0.275595, 0.321133, 6.264815), (-0.019199, 0.201353, 0.005240, 0.979317)
228.0531, (-0.264401, 0.322178, 6.261925), (-0.019887, 0.199733, 0.003984, 0.979640)
228.0812, (-0.253522, 0.323598, 6.258822), (-0.025623, 0.194943, 0.001714, 0.980478)
228.1091, (-0.243126, 0.324243, 6.255706), (-0.029632, 0.190334, 0.000747, 0.981272)
228.1367, (-0.232508, 0.324859, 6.252632), (-0.031418, 0.186760, -0.000037, 0.981903)
228.1644, (-0.225325, 0.322776, 6.249835), (-0.031934, 0.174268, 0.000105, 0.984180)
228.1922, (-0.216235, 0.322504, 6.246830), (-0.032836, 0.168086, -0.002336, 0.985223)
228.2199, (-0.210096, 0.321813, 6.245332), (-0.028509, 0.156681, -0.009124, 0.987196)
228.248, (-0.204621, 0.322870, 6.243886), (-0.022665, 0.146666, -0.011113, 0.988864)
228.2755, (-0.198978, 0.324096, 6.242326), (-0.025399, 0.136823, -0.016491, 0.990133)
228.3028, (-0.193946, 0.324903, 6.241350), (-0.028872, 0.125147, -0.019853, 0.991519)
228.3308, (-0.189829, 0.325702, 6.240287), (-0.029639, 0.113626, -0.019433, 0.992891)
228.3586, (-0.185914, 0.326260, 6.238848), (-0.030456, 0.102643, -0.019505, 0.994061)
228.3864, (-0.182037, 0.326723, 6.237651), (-0.029196, 0.093050, -0.019189, 0.995048)
228.4143, (-0.178260, 0.326314, 6.236315), (-0.025971, 0.085253, -0.016215, 0.995889)
228.4423, (-0.174370, 0.326579, 6.235465), (-0.022539, 0.075155, -0.012394, 0.996840)
228.4698, (-0.170297, 0.326557, 6.234654), (-0.020800, 0.063489, -0.009679, 0.997719)
228.4977, (-0.166545, 0.326812, 6.233491), (-0.021105, 0.052113, -0.009747, 0.998371)
228.5253, (-0.162755, 0.326949, 6.232626), (-0.018662, 0.041451, -0.010169, 0.998915)
228.5533, (-0.159501, 0.327258, 6.231648), (-0.018050, 0.034164, -0.011176, 0.999191)
228.5811, (-0.155806, 0.327415, 6.231079), (-0.018631, 0.025506, -0.013088, 0.999416)
228.609, (-0.154077, 0.327349, 6.230111), (-0.021803, 0.019350, -0.016344, 0.999442)
228.6368, (-0.152913, 0.327416, 6.228820), (-0.021307, 0.011257, -0.018975, 0.999530)
228.6646, (-0.151969, 0.327932, 6.228547), (-0.017855, 0.003595, -0.022251, 0.999587)
228.6921, (-0.152292, 0.328395, 6.228621), (-0.019712, -0.003176, -0.025066, 0.999486)
228.7199, (-0.152841, 0.329395, 6.228264), (-0.022181, -0.011679, -0.026684, 0.999330)
228.7476, (-0.154182, 0.330049, 6.227993), (-0.028502, -0.019898, -0.026850, 0.999035)
228.7755, (-0.156353, 0.330799, 6.227464), (-0.035193, -0.028370, -0.030519, 0.998512)
228.8027, (-0.159276, 0.330979, 6.226894), (-0.041702, -0.034172, -0.031916, 0.998035)
228.8306, (-0.162323, 0.331509, 6.225488), (-0.044862, -0.039461, -0.031123, 0.997728)
228.8578, (-0.165159, 0.332844, 6.224627), (-0.054014, -0.046075, -0.028895, 0.997058)
228.8854, (-0.168756, 0.335638, 6.222816), (-0.059529, -0.051764, -0.033015, 0.996337)
228.9127, (-0.173120, 0.336073, 6.222027), (-0.074325, -0.058237, -0.038301, 0.994795)
228.9403, (-0.177521, 0.338431, 6.220270), (-0.072346, -0.067035, -0.037271, 0.994426)
228.968, (-0.182619, 0.339164, 6.219729), (-0.068593, -0.076944, -0.032766, 0.994133)
228.9957, (-0.187965, 0.340184, 6.219079), (-0.072946, -0.087765, -0.031593, 0.992964)
229.0236, (-0.192818, 0.340376, 6.217796), (-0.075953, -0.099142, -0.028988, 0.991747)
229.0513, (-0.198143, 0.339916, 6.217441), (-0.078705, -0.111895, -0.028528, 0.990188)
229.0787, (-0.203791, 0.339486, 6.216595), (-0.076853, -0.124598, -0.029718, 0.988780)
229.1063, (-0.209647, 0.338694, 6.216096), (-0.073854, -0.133609, -0.028987, 0.987853)
229.1336, (-0.215108, 0.338145, 6.215531), (-0.071672, -0.142061, -0.026513, 0.986904)
229.1614, (-0.220788, 0.338303, 6.215046), (-0.071430, -0.150581, -0.026192, 0.985666)
229.189, (-0.227108, 0.338490, 6.214598), (-0.074392, -0.158339, -0.028635, 0.984162)
229.2169, (-0.233251, 0.338589, 6.214072), (-0.073693, -0.166581, -0.027719, 0.982879)
229.2446, (-0.239285, 0.338937, 6.213655), (-0.075283, -0.173814, -0.026508, 0.981539)
229.2722, (-0.245347, 0.339755, 6.213481), (-0.077638, -0.180583, -0.026484, 0.980133)
229.3, (-0.251423, 0.339816, 6.212828), (-0.081595, -0.188450, -0.026236, 0.978336)
229.3278, (-0.257423, 0.339574, 6.211761), (-0.082195, -0.196203, -0.026624, 0.976750)
229.3554, (-0.263356, 0.338439, 6.210367), (-0.080406, -0.205112, -0.024987, 0.975110)
229.3831, (-0.268852, 0.337793, 6.209105), (-0.078051, -0.213316, -0.023087, 0.973587)
229.4107, (-0.273771, 0.337482, 6.207576), (-0.075666, -0.217941, -0.022236, 0.972771)
229.4384, (-0.278517, 0.337530, 6.206194), (-0.075234, -0.222532, -0.023519, 0.971734)
229.4662, (-0.283359, 0.337776, 6.204599), (-0.076119, -0.227195, -0.026242, 0.970515)
229.4938, (-0.288337, 0.338245, 6.202783), (-0.078919, -0.232594, -0.028759, 0.968940)
229.5215, (-0.293233, 0.338080, 6.201330), (-0.079503, -0.237781, -0.029258, 0.967618)
229.5494, (-0.298106, 0.337751, 6.199810), (-0.080852, -0.241842, -0.029654, 0.966487)
229.5771, (-0.303371, 0.337387, 6.198608), (-0.080316, -0.247151, -0.028841, 0.965212)
229.6051, (-0.309121, 0.336838, 6.197236), (-0.079437, -0.252780, -0.028737, 0.963829)
229.6329, (-0.314915, 0.335842, 6.196054), (-0.074766, -0.260201, -0.028430, 0.962236)
229.661, (-0.321436, 0.334528, 6.195236), (-0.067429, -0.266551, -0.023165, 0.961180)
229.6888, (-0.327449, 0.333283, 6.194238), (-0.059768, -0.275466, -0.016652, 0.959307)
229.7168, (-0.333580, 0.332287, 6.193537), (-0.056220, -0.281668, -0.008520, 0.957826)
229.7444, (-0.339025, 0.332091, 6.192930), (-0.053521, -0.288182, -0.003228, 0.956074)
229.7723, (-0.344155, 0.331938, 6.192966), (-0.051405, -0.294804, -0.000313, 0.954174)
229.7999, (-0.349545, 0.331389, 6.192846), (-0.048018, -0.301050, 0.002023, 0.952397)
229.8279, (-0.354591, 0.330871, 6.192605), (-0.045079, -0.307288, 0.005888, 0.950530)
229.8557, (-0.358911, 0.330840, 6.192836), (-0.041954, -0.314777, 0.010847, 0.948176)
229.8836, (-0.362399, 0.330274, 6.194525), (-0.042182, -0.321087, 0.011037, 0.946046)
229.9113, (-0.366245, 0.329876, 6.195297), (-0.041613, -0.326548, 0.013257, 0.944171)
229.9392, (-0.369533, 0.329073, 6.196753), (-0.040925, -0.331483, 0.015132, 0.942452)
229.9671, (-0.372719, 0.328717, 6.198432), (-0.038284, -0.335218, 0.017797, 0.941195)
229.9951, (-0.375710, 0.328280, 6.200290), (-0.036560, -0.338341, 0.020542, 0.940089)
230.0229, (-0.378172, 0.328505, 6.203186), (-0.034945, -0.340809, 0.022307, 0.939218)
230.0508, (-0.380831, 0.328700, 6.205812), (-0.033692, -0.344060, 0.022592, 0.938071)
230.0787, (-0.383106, 0.328635, 6.209132), (-0.034875, -0.347105, 0.020062, 0.936963)
230.1066, (-0.385509, 0.328110, 6.212684), (-0.033544, -0.350094, 0.021265, 0.935872)
230.1343, (-0.387549, 0.327898, 6.216976), (-0.031249, -0.354309, 0.022927, 0.934325)
230.1623, (-0.389476, 0.327548, 6.221994), (-0.029700, -0.357662, 0.023136, 0.933092)
230.1901, (-0.390847, 0.326391, 6.227835), (-0.030751, -0.359834, 0.021409, 0.932264)
230.2183, (-0.392211, 0.325589, 6.234065), (-0.027423, -0.361258, 0.016937, 0.931909)
230.2458, (-0.392752, 0.324575, 6.240415), (-0.026099, -0.364563, 0.017460, 0.930649)
230.2735, (-0.393709, 0.322952, 6.247113), (-0.024574, -0.369363, 0.016587, 0.928812)
230.3012, (-0.393934, 0.321516, 6.254140), (-0.021936, -0.373122, 0.015888, 0.927387)
230.3291, (-0.393654, 0.320330, 6.261255), (-0.021704, -0.378089, 0.012981, 0.925424)
230.3569, (-0.393725, 0.319169, 6.268427), (-0.020304, -0.382732, 0.010857, 0.923572)
230.3846, (-0.393153, 0.318136, 6.276587), (-0.020867, -0.387024, 0.009274, 0.921787)
230.4124, (-0.393086, 0.318287, 6.284571), (-0.018076, -0.388913, 0.008039, 0.921062)
230.4402, (-0.394218, 0.319838, 6.293337), (-0.016731, -0.387064, -0.000567, 0.921901)
230.4679, (-0.395375, 0.320651, 6.300977), (-0.017659, -0.386313, -0.005075, 0.922185)
230.4958, (-0.397186, 0.321183, 6.308371), (-0.019958, -0.387758, -0.005586, 0.921528)
230.5235, (-0.399443, 0.321382, 6.316511), (-0.023048, -0.389199, -0.004231, 0.920856)
230.5517, (-0.402074, 0.321946, 6.324990), (-0.024864, -0.391239, -0.004234, 0.919944)
230.5793, (-0.405238, 0.322665, 6.333200), (-0.022231, -0.392836, -0.006029, 0.919320)
230.6073, (-0.408739, 0.322960, 6.341255), (-0.020320, -0.394727, -0.006606, 0.918550)
230.6347, (-0.412347, 0.323005, 6.349251), (-0.018527, -0.396562, -0.004405, 0.917811)
230.6627, (-0.416428, 0.323543, 6.357441), (-0.015681, -0.397802, -0.000700, 0.917337)
230.6904, (-0.420541, 0.323149, 6.365324), (-0.017001, -0.401132, -0.000836, 0.915862)
230.7181, (-0.424913, 0.321799, 6.373296), (-0.015711, -0.405395, 0.000710, 0.914007)
230.746, (-0.429388, 0.319719, 6.380742), (-0.016865, -0.407176, -0.001132, 0.913194)
230.7738, (-0.433342, 0.318876, 6.388618), (-0.007380, -0.408767, 0.000827, 0.912609)
230.8015, (-0.438618, 0.317769, 6.396049), (0.001009, -0.405990, 0.003582, 0.913870)
230.8294, (-0.444227, 0.318409, 6.402443), (0.009457, -0.402219, 0.002525, 0.915492)
230.8571, (-0.449648, 0.319556, 6.408943), (0.011450, -0.398801, -0.000537, 0.916966)
230.8849, (-0.455796, 0.320819, 6.415201), (0.010841, -0.395802, -0.001911, 0.918270)
230.9126, (-0.462403, 0.321615, 6.421128), (0.006041, -0.392135, -0.003605, 0.919881)
230.9404, (-0.469200, 0.321609, 6.426479), (0.000287, -0.389323, -0.003984, 0.921093)
230.9681, (-0.476731, 0.321013, 6.431117), (-0.001060, -0.387785, -0.004124, 0.921740)
230.996, (-0.484199, 0.319665, 6.434975), (0.001584, -0.386354, -0.000652, 0.922349)
231.0235, (-0.492060, 0.317501, 6.437164), (0.009166, -0.384913, 0.005869, 0.922889)
231.0514, (-0.500177, 0.315475, 6.439423), (0.016805, -0.384763, 0.007668, 0.922831)
231.0791, (-0.508188, 0.313695, 6.441495), (0.022560, -0.379304, 0.014686, 0.924881)
231.1069, (-0.516270, 0.313272, 6.443587), (0.024810, -0.373119, 0.017513, 0.927287)
231.1347, (-0.525681, 0.313113, 6.445984), (0.020365, -0.364578, 0.013408, 0.930854)
231.1624, (-0.535503, 0.313056, 6.447631), (0.016051, -0.357008, 0.010132, 0.933909)
231.1898, (-0.545459, 0.312059, 6.448520), (0.012527, -0.350869, 0.009584, 0.936292)
231.2174, (-0.555849, 0.311237, 6.449153), (0.011019, -0.344024, 0.009348, 0.938850)
231.2449, (-0.567771, 0.310068, 6.447917), (0.010536, -0.336745, 0.010359, 0.941480)
231.2726, (-0.579497, 0.308680, 6.447466), (0.011237, -0.329384, 0.011778, 0.944056)
231.3001, (-0.591099, 0.307341, 6.446701), (0.009124, -0.322097, 0.010897, 0.946600)
231.328, (-0.604318, 0.305379, 6.444708), (0.004736, -0.313068, 0.007239, 0.949691)
231.3555, (-0.617062, 0.303836, 6.442813), (0.004114, -0.304870, 0.007500, 0.952356)
231.3832, (-0.630533, 0.303279, 6.440708), (0.002234, -0.294517, 0.006728, 0.955620)
231.4109, (-0.644627, 0.303396, 6.438228), (-0.000189, -0.284526, 0.004738, 0.958657)
231.4387, (-0.658579, 0.304289, 6.436108), (-0.002397, -0.275530, 0.001615, 0.961288)
231.4664, (-0.672992, 0.310612, 6.435543), (0.018320, -0.263885, 0.003034, 0.964376)
231.4941, (-0.688745, 0.315141, 6.434459), (0.013897, -0.249517, -0.004805, 0.968259)
231.5216, (-0.700772, 0.319906, 6.430513), (-0.003225, -0.243348, -0.008464, 0.969897)
231.5491, (-0.713598, 0.323751, 6.428532), (-0.016024, -0.238987, -0.007363, 0.970863)
231.5766, (-0.727580, 0.325226, 6.428600), (-0.031358, -0.233137, -0.010877, 0.971878)
231.6043, (-0.739867, 0.325963, 6.426935), (-0.039563, -0.224651, -0.015259, 0.973516)
231.632, (-0.752101, 0.325752, 6.424850), (-0.042509, -0.216025, -0.019117, 0.975275)
231.6598, (-0.763515, 0.321768, 6.423079), (-0.033874, -0.210819, -0.014912, 0.976825)
231.6873, (-0.775698, 0.320080, 6.422914), (-0.025177, -0.202124, -0.005643, 0.979020)
231.7152, (-0.786569, 0.319229, 6.423303), (-0.018204, -0.195472, 0.002795, 0.980537)
231.7429, (-0.797988, 0.319493, 6.423701), (-0.007277, -0.189021, 0.010215, 0.981893)
231.7707, (-0.808781, 0.319770, 6.424770), (-0.006694, -0.184883, 0.013666, 0.982643)
231.7983, (-0.818433, 0.321373, 6.426247), (-0.004202, -0.181613, 0.017627, 0.983203)
231.826, (-0.828089, 0.322519, 6.428506), (-0.006599, -0.174750, 0.019167, 0.984404)
231.8537, (-0.836924, 0.322441, 6.430604), (-0.014373, -0.167229, 0.018666, 0.985637)
231.8815, (-0.845314, 0.321605, 6.432837), (-0.015848, -0.160473, 0.018138, 0.986746)
231.9092, (-0.853961, 0.320524, 6.435335), (-0.015572, -0.153808, 0.017943, 0.987815)
231.9376, (-0.862208, 0.318636, 6.437901), (-0.013023, -0.146938, 0.019828, 0.988861)
231.9647, (-0.870331, 0.317935, 6.440825), (-0.012273, -0.141691, 0.022534, 0.989579)
231.9923, (-0.878638, 0.317917, 6.444095), (-0.013404, -0.138260, 0.022249, 0.990055)
232.0198, (-0.886308, 0.317143, 6.448244), (-0.016069, -0.136113, 0.022593, 0.990306)
232.0476, (-0.893201, 0.316506, 6.452255), (-0.016775, -0.135229, 0.024867, 0.990360)
232.0753, (-0.900164, 0.316088, 6.457120), (-0.018269, -0.132399, 0.024776, 0.990719)
232.1033, (-0.906325, 0.315383, 6.461823), (-0.020615, -0.128159, 0.023607, 0.991258)
232.1308, (-0.911946, 0.314342, 6.465889), (-0.022800, -0.124837, 0.020945, 0.991694)
232.1587, (-0.916785, 0.313174, 6.470853), (-0.021894, -0.122978, 0.019378, 0.991979)
232.1863, (-0.921639, 0.311810, 6.475718), (-0.021846, -0.122737, 0.017534, 0.992044)
232.2143, (-0.926413, 0.310690, 6.480757), (-0.024489, -0.121195, 0.014337, 0.992223)
232.242, (-0.930889, 0.310489, 6.485557), (-0.027609, -0.118711, 0.009147, 0.992503)
232.2699, (-0.935482, 0.310113, 6.490595), (-0.033901, -0.115050, 0.002898, 0.992777)
232.2978, (-0.939780, 0.312038, 6.497065), (-0.039334, -0.109416, -0.004060, 0.993209)
232.3258, (-0.944671, 0.313824, 6.503765), (-0.047023, -0.102684, -0.013386, 0.993512)
232.3534, (-0.949576, 0.318494, 6.511053), (-0.034888, -0.095699, -0.019759, 0.994603)
232.381, (-0.955900, 0.322618, 6.517603), (-0.029216, -0.087757, -0.028334, 0.995310)
232.409, (-0.962054, 0.325497, 6.523051), (-0.036373, -0.082487, -0.035026, 0.995312)
232.4368, (-0.967239, 0.325525, 6.527899), (-0.047938, -0.076668, -0.032757, 0.995365)
232.4646, (-0.972072, 0.324594, 6.533559), (-0.055657, -0.069303, -0.027395, 0.995665)
232.4927, (-0.977630, 0.322899, 6.539230), (-0.060737, -0.062484, -0.026746, 0.995837)
232.5202, (-0.983434, 0.320990, 6.544602), (-0.054661, -0.056849, -0.026085, 0.996544)
232.5478, (-0.988519, 0.319367, 6.550096), (-0.042671, -0.049231, -0.021812, 0.997637)
232.5754, (-0.994520, 0.319203, 6.554779), (-0.030864, -0.036215, -0.018956, 0.998688)
232.6036, (-1.000113, 0.320552, 6.559039), (-0.022818, -0.022522, -0.019300, 0.999300)
232.6312, (-1.005921, 0.321043, 6.563362), (-0.021483, -0.010368, -0.018790, 0.999539)
232.6591, (-1.012030, 0.323016, 6.567543), (-0.024071, 0.002187, -0.019984, 0.999508)
232.6866, (-1.018919, 0.325018, 6.571531), (-0.031939, 0.011086, -0.012041, 0.999356)
232.7146, (-1.025064, 0.325428, 6.576178), (-0.037240, 0.019182, -0.008639, 0.999085)
232.7425, (-1.030937, 0.324599, 6.581264), (-0.039647, 0.029946, -0.006913, 0.998741)
232.7706, (-1.037016, 0.324225, 6.586005), (-0.039442, 0.042071, -0.005342, 0.998322)
232.7984, (-1.042107, 0.322592, 6.591854), (-0.031123, 0.060799, -0.005323, 0.997651)
232.8263, (-1.047752, 0.321595, 6.597183), (-0.027505, 0.077370, -0.004499, 0.996613)
232.8541, (-1.054202, 0.321206, 6.602283), (-0.023994, 0.098339, -0.006012, 0.994846)
232.882, (-1.060910, 0.320357, 6.607490), (-0.021953, 0.115562, -0.004805, 0.993046)
232.9098, (-1.068267, 0.319947, 6.612458), (-0.020868, 0.131111, -0.002141, 0.991146)
232.9377, (-1.076155, 0.319341, 6.617017), (-0.020707, 0.145479, -0.000186, 0.989145)
232.9656, (-1.084298, 0.319068, 6.621590), (-0.019909, 0.159127, 0.001433, 0.987056)
232.9936, (-1.093355, 0.318859, 6.625600), (-0.021964, 0.173315, 0.002707, 0.984618)
233.0213, (-1.102584, 0.318390, 6.629299), (-0.023497, 0.188659, 0.003828, 0.981754)
233.0491, (-1.113033, 0.317400, 6.632471), (-0.023502, 0.204931, 0.007413, 0.978466)
233.0768, (-1.123597, 0.317213, 6.635819), (-0.023960, 0.217822, 0.009558, 0.975648)
233.1047, (-1.134739, 0.317450, 6.639349), (-0.026220, 0.231416, 0.011719, 0.972431)
233.1326, (-1.145457, 0.318045, 6.642774), (-0.025657, 0.244491, 0.012146, 0.969236)
233.1604, (-1.159203, 0.320499, 6.642940), (-0.024508, 0.252504, 0.012428, 0.967206)
233.1884, (-1.170957, 0.321901, 6.645278), (-0.028392, 0.265364, 0.012686, 0.963647)
233.2164, (-1.182732, 0.326200, 6.647983), (-0.028267, 0.278243, 0.008342, 0.960059)
233.2443, (-1.194590, 0.328852, 6.649874), (-0.044161, 0.286448, 0.011432, 0.957009)
233.2724, (-1.205976, 0.329636, 6.651874), (-0.052613, 0.291783, 0.016576, 0.954893)
233.3001, (-1.216807, 0.330018, 6.654253), (-0.058215, 0.296961, 0.019195, 0.952920)
233.3281, (-1.226909, 0.329835, 6.656889), (-0.057841, 0.300842, 0.019945, 0.951709)
233.3557, (-1.236578, 0.328589, 6.659199), (-0.055865, 0.309705, 0.020212, 0.948975)
233.3836, (-1.245509, 0.327660, 6.660252), (-0.049426, 0.319819, 0.018821, 0.946002)
233.4117, (-1.254194, 0.326513, 6.662184), (-0.044982, 0.330005, 0.018661, 0.942722)
233.4395, (-1.261829, 0.326502, 6.664389), (-0.041253, 0.339264, 0.018343, 0.939607)
233.4674, (-1.268806, 0.326839, 6.667107), (-0.043280, 0.347166, 0.012324, 0.936724)
233.4953, (-1.276090, 0.327855, 6.669129), (-0.040322, 0.352289, 0.009478, 0.934974)
233.5232, (-1.283074, 0.329010, 6.671692), (-0.039345, 0.356065, 0.011369, 0.933564)
233.5514, (-1.290040, 0.330255, 6.673341), (-0.043124, 0.358644, 0.010607, 0.932418)
233.5791, (-1.294326, 0.330654, 6.675710), (-0.050579, 0.359141, 0.011619, 0.931839)
233.6069, (-1.298921, 0.330164, 6.677504), (-0.048558, 0.363599, 0.012680, 0.930203)
233.6348, (-1.303783, 0.329316, 6.678880), (-0.045769, 0.368234, 0.013169, 0.928513)
233.6626, (-1.308039, 0.328197, 6.680312), (-0.042852, 0.372802, 0.012721, 0.926834)
233.6901, (-1.311309, 0.327602, 6.682291), (-0.041708, 0.376999, 0.012670, 0.925188)
233.7179, (-1.313979, 0.327133, 6.684356), (-0.042003, 0.382588, 0.013238, 0.922869)
233.7456, (-1.316356, 0.327083, 6.686117), (-0.044310, 0.389087, 0.012474, 0.920050)
233.7736, (-1.318681, 0.327026, 6.687952), (-0.045614, 0.395481, 0.012304, 0.917258)
233.8016, (-1.320510, 0.326977, 6.690386), (-0.045544, 0.401365, 0.013142, 0.914691)
233.8295, (-1.321827, 0.326799, 6.693087), (-0.046428, 0.405863, 0.014202, 0.912643)
233.8572, (-1.323335, 0.326456, 6.696143), (-0.046746, 0.409226, 0.014119, 0.911125)
233.8853, (-1.324815, 0.325296, 6.699492), (-0.038123, 0.407510, 0.013324, 0.912308)
233.9129, (-1.326331, 0.324194, 6.702415), (-0.033053, 0.403285, 0.012356, 0.914394)
233.9408, (-1.327359, 0.323271, 6.705808), (-0.026756, 0.400430, 0.011223, 0.915868)
233.9684, (-1.327861, 0.322087, 6.709100), (-0.021295, 0.398141, 0.011593, 0.917004)
233.9962, (-1.327363, 0.321145, 6.712701), (-0.016831, 0.395845, 0.009245, 0.918117)
234.0239, (-1.327123, 0.319895, 6.716321), (-0.012264, 0.394492, 0.006916, 0.918792)
234.0517, (-1.327762, 0.317197, 6.721371), (0.002610, 0.381965, 0.004645, 0.924162)
234.0795, (-1.328587, 0.314399, 6.727083), (0.014012, 0.368092, 0.001862, 0.929682)
234.1073, (-1.328952, 0.311794, 6.732458), (0.032388, 0.349922, 0.002073, 0.936217)
234.1349, (-1.328924, 0.310482, 6.737390), (0.041717, 0.332593, 0.006052, 0.942128)
234.1626, (-1.328595, 0.309499, 6.741866), (0.044758, 0.321874, 0.008427, 0.945686)
234.19, (-1.327608, 0.309455, 6.745558), (0.044922, 0.314299, 0.009036, 0.948218)
234.2177, (-1.326245, 0.308482, 6.749712), (0.041698, 0.309616, 0.007835, 0.949915)
234.2451, (-1.324494, 0.308356, 6.753340), (0.037271, 0.305991, 0.005243, 0.951290)
234.2727, (-1.322651, 0.307841, 6.756932), (0.029225, 0.304923, 0.001958, 0.951927)
234.3004, (-1.320434, 0.307744, 6.760342), (0.023203, 0.305092, 0.000020, 0.952040)
234.3282, (-1.318096, 0.308329, 6.763673), (0.017539, 0.305509, -0.004359, 0.952018)
234.3557, (-1.315203, 0.309511, 6.769045), (0.014555, 0.306664, -0.008949, 0.951665)
234.3834, (-1.313015, 0.311636, 6.774588), (0.014334, 0.307442, -0.010531, 0.951401)
234.4112, (-1.311144, 0.313906, 6.779406), (0.007336, 0.306320, -0.010552, 0.951842)
234.4392, (-1.308903, 0.315508, 6.784064), (-0.002113, 0.308604, -0.010180, 0.951134)
234.467, (-1.306696, 0.316156, 6.789035), (-0.011743, 0.312338, -0.008205, 0.949863)
234.4945, (-1.304149, 0.317196, 6.793892), (-0.018249, 0.312892, -0.008919, 0.949572)
234.5222, (-1.303066, 0.314782, 6.798147), (-0.012413, 0.319847, -0.004818, 0.947376)
234.5501, (-1.300972, 0.314203, 6.802494), (-0.008093, 0.322427, -0.005684, 0.946543)
234.5779, (-1.298003, 0.314379, 6.806822), (-0.005098, 0.326906, -0.006880, 0.945018)
234.6057, (-1.295042, 0.315471, 6.810926), (-0.005548, 0.334049, -0.007701, 0.942508)
234.6334, (-1.292257, 0.316824, 6.815136), (-0.008166, 0.340656, -0.009766, 0.940102)
234.6612, (-1.289342, 0.317497, 6.819026), (-0.016468, 0.348307, -0.010439, 0.937178)
234.6889, (-1.286953, 0.317574, 6.822165), (-0.019700, 0.354143, -0.006338, 0.934963)
234.7169, (-1.284248, 0.316886, 6.825601), (-0.021550, 0.359204, -0.003708, 0.933003)
234.7446, (-1.281840, 0.316262, 6.829314), (-0.022052, 0.367131, -0.002966, 0.929903)
234.7725, (-1.279239, 0.315442, 6.832810), (-0.023008, 0.375291, -0.003034, 0.926617)
234.8003, (-1.276676, 0.315028, 6.836431), (-0.025294, 0.382905, -0.004093, 0.923433)
234.8282, (-1.274878, 0.314703, 6.840923), (-0.019558, 0.393231, -0.005807, 0.919214)
234.8561, (-1.273289, 0.314503, 6.845072), (-0.017361, 0.400786, -0.005416, 0.915991)
234.8839, (-1.272540, 0.315923, 6.849572), (-0.009803, 0.403848, -0.008102, 0.914738)
234.9118, (-1.271879, 0.316025, 6.854529), (-0.010608, 0.409279, -0.006522, 0.912324)
234.9397, (-1.271265, 0.315790, 6.858027), (-0.007458, 0.413365, -0.004568, 0.910524)
234.9675, (-1.270333, 0.315476, 6.861946), (-0.006946, 0.418024, -0.002034, 0.908407)
234.9955, (-1.268636, 0.316008, 6.867051), (-0.008436, 0.423469, -0.001785, 0.905870)
235.0234, (-1.267660, 0.315916, 6.871959), (-0.013175, 0.428759, -0.001735, 0.903321)
235.0511, (-1.267358, 0.316187, 6.876976), (-0.016213, 0.434005, -0.002875, 0.900760)
235.079, (-1.267544, 0.315948, 6.882227), (-0.017217, 0.438080, -0.001721, 0.898770)
235.1068, (-1.268342, 0.316353, 6.887658), (-0.015173, 0.441106, -0.002401, 0.897324)
235.1346, (-1.269184, 0.316580, 6.893402), (-0.013646, 0.443907, -0.003124, 0.895964)
235.1625, (-1.269722, 0.317276, 6.899409), (-0.013272, 0.448550, -0.002676, 0.893655)
235.1902, (-1.270914, 0.318326, 6.905321), (-0.013932, 0.455423, -0.001455, 0.890165)
235.2181, (-1.272737, 0.318810, 6.910960), (-0.022021, 0.464944, 0.000375, 0.885066)
235.2458, (-1.274350, 0.319186, 6.917154), (-0.028236, 0.475153, 0.002998, 0.879445)
235.2737, (-1.277035, 0.319546, 6.923221), (-0.034880, 0.486983, 0.004878, 0.872702)
235.3015, (-1.280691, 0.320308, 6.930554), (-0.042098, 0.495570, 0.005266, 0.867531)
235.3295, (-1.285073, 0.319294, 6.939175), (-0.050170, 0.502960, 0.004126, 0.862843)
235.357, (-1.290272, 0.318306, 6.947180), (-0.046018, 0.507224, 0.004504, 0.860573)
235.3852, (-1.296702, 0.316414, 6.955949), (-0.040480, 0.512075, 0.004837, 0.857973)
235.413, (-1.302826, 0.315405, 6.965762), (-0.038025, 0.516772, 0.006115, 0.855256)
235.4408, (-1.308362, 0.316479, 6.975992), (-0.036955, 0.522695, 0.004484, 0.851707)
235.4686, (-1.313975, 0.318633, 6.986287), (-0.029589, 0.530413, -0.003153, 0.847217)
235.4961, (-1.319204, 0.319792, 6.997744), (-0.033589, 0.539991, -0.004519, 0.840988)
235.5238, (-1.325582, 0.321185, 7.008527), (-0.036353, 0.547679, -0.002893, 0.835893)
235.5518, (-1.332619, 0.321807, 7.020292), (-0.043991, 0.549357, 0.002755, 0.834424)
235.5797, (-1.338506, 0.321609, 7.033097), (-0.044475, 0.545921, 0.004800, 0.836642)
235.6075, (-1.343824, 0.320808, 7.045312), (-0.042903, 0.543653, 0.005133, 0.838197)
235.6354, (-1.347953, 0.319528, 7.056858), (-0.031263, 0.544573, 0.004180, 0.838120)
235.6633, (-1.352647, 0.319809, 7.067153), (-0.029276, 0.552232, 0.005405, 0.833159)
235.6911, (-1.355709, 0.321705, 7.077583), (-0.030474, 0.557017, 0.006519, 0.829916)
235.7188, (-1.358194, 0.322446, 7.088019), (-0.035845, 0.561921, 0.009183, 0.826363)
235.7469, (-1.361152, 0.321677, 7.097934), (-0.039273, 0.562078, 0.014753, 0.826020)
235.7748, (-1.364287, 0.321373, 7.107790), (-0.038533, 0.560155, 0.018791, 0.827278)
235.8021, (-1.366817, 0.320648, 7.116252), (-0.033923, 0.556225, 0.018558, 0.830132)
235.8299, (-1.369585, 0.320512, 7.123838), (-0.027431, 0.555033, 0.018514, 0.831170)
235.8573, (-1.371834, 0.322628, 7.130160), (-0.017445, 0.556178, 0.014900, 0.830747)
235.8851, (-1.373473, 0.323778, 7.136188), (-0.023413, 0.559809, 0.018046, 0.828094)
235.9128, (-1.376682, 0.325055, 7.140301), (-0.033740, 0.561955, 0.022955, 0.826161)
235.9405, (-1.378768, 0.325803, 7.144908), (-0.036175, 0.563277, 0.026953, 0.825036)
235.9683, (-1.381801, 0.326614, 7.148662), (-0.035960, 0.566561, 0.029524, 0.822705)
235.9965, (-1.385525, 0.326397, 7.151079), (-0.041951, 0.569781, 0.027973, 0.820249)
236.0242, (-1.389464, 0.326388, 7.153790), (-0.042569, 0.573722, 0.025999, 0.817530)
236.0521, (-1.393679, 0.325353, 7.156243), (-0.037878, 0.576302, 0.024618, 0.815988)
236.08, (-1.397922, 0.324195, 7.159434), (-0.035309, 0.574282, 0.024959, 0.817515)
236.1078, (-1.402520, 0.323206, 7.162366), (-0.033467, 0.570685, 0.025382, 0.820095)
236.1356, (-1.407199, 0.321917, 7.164824), (-0.032185, 0.563611, 0.027023, 0.824971)
236.1633, (-1.412065, 0.321145, 7.167133), (-0.027897, 0.557146, 0.029905, 0.829407)
236.191, (-1.417179, 0.319751, 7.168917), (-0.023409, 0.549849, 0.030336, 0.834385)
236.2188, (-1.422156, 0.318501, 7.170624), (-0.017853, 0.543745, 0.029654, 0.838537)
236.2463, (-1.426900, 0.316773, 7.171295), (-0.011769, 0.538341, 0.028715, 0.842155)
236.274, (-1.431500, 0.315293, 7.172361), (-0.011378, 0.533885, 0.028032, 0.845016)
236.3024, (-1.436545, 0.312835, 7.172134), (-0.007550, 0.530244, 0.027171, 0.847376)
236.3361, (-1.442560, 0.310278, 7.171593), (0.000044, 0.525991, 0.027021, 0.850061)
236.3629, (-1.452665, 0.304584, 7.170386), (0.013016, 0.515798, 0.022683, 0.856311)
236.3966, (-1.457008, 0.303182, 7.168860), (0.026273, 0.513355, 0.016799, 0.857610)
236.4295, (-1.460244, 0.300927, 7.167434), (0.021317, 0.509856, 0.010485, 0.859932)
236.4618, (-1.464403, 0.297714, 7.165835), (0.026227, 0.505249, 0.004029, 0.862566)
236.4926, (-1.467656, 0.296326, 7.164342), (0.038151, 0.503634, -0.002006, 0.863072)
236.5215, (-1.469783, 0.297334, 7.162884), (0.046143, 0.501340, -0.013015, 0.863921)
236.5499, (-1.471412, 0.298567, 7.163390), (0.042209, 0.504924, -0.019052, 0.861921)
236.578, (-1.474720, 0.301094, 7.162880), (0.031802, 0.502629, -0.022874, 0.863615)
236.6055, (-1.476696, 0.302160, 7.164217), (0.026161, 0.498275, -0.025474, 0.866250)
236.6336, (-1.478052, 0.302912, 7.165515), (0.025957, 0.493385, -0.027444, 0.868991)
236.6615, (-1.479317, 0.303334, 7.166889), (0.027408, 0.489733, -0.029786, 0.870933)
236.6893, (-1.480839, 0.303764, 7.168443), (0.028684, 0.487548, -0.029808, 0.872116)
236.7171, (-1.481930, 0.303407, 7.170321), (0.028919, 0.483746, -0.026076, 0.874342)
236.7444, (-1.482477, 0.302799, 7.172468), (0.031688, 0.479028, -0.021599, 0.876962)
236.772, (-1.483265, 0.302487, 7.174212), (0.032910, 0.473882, -0.019360, 0.879760)
236.7999, (-1.483484, 0.302176, 7.176137), (0.034220, 0.470038, -0.021670, 0.881716)
236.8277, (-1.483312, 0.301750, 7.178101), (0.035053, 0.469339, -0.022259, 0.882042)
236.856, (-1.482584, 0.302800, 7.180307), (0.032102, 0.470914, -0.021198, 0.881340)
236.8832, (-1.481341, 0.304132, 7.183554), (0.021051, 0.472561, -0.020190, 0.880815)
236.911, (-1.480187, 0.305161, 7.187214), (0.012249, 0.470939, -0.018973, 0.881877)
236.9387, (-1.478978, 0.305267, 7.192252), (0.008541, 0.465860, -0.014643, 0.884696)
236.9666, (-1.477413, 0.306288, 7.197185), (0.008307, 0.459699, -0.011350, 0.887964)
236.9944, (-1.475335, 0.306801, 7.202579), (0.005522, 0.453795, -0.007525, 0.891057)
237.0222, (-1.473619, 0.307045, 7.207503), (0.002994, 0.449109, -0.004089, 0.893463)
237.0498, (-1.471990, 0.307594, 7.212265), (0.000056, 0.444832, -0.001269, 0.895614)
237.0775, (-1.469480, 0.305100, 7.218367), (0.007075, 0.439743, 0.004101, 0.898086)
237.1052, (-1.467839, 0.304618, 7.222888), (0.009617, 0.436261, 0.007870, 0.899735)
237.1329, (-1.465664, 0.304982, 7.227030), (0.008428, 0.433841, 0.011467, 0.900877)
237.1607, (-1.463168, 0.306427, 7.230721), (0.004720, 0.433008, 0.014328, 0.901264)
237.1883, (-1.460531, 0.307680, 7.234368), (-0.005081, 0.433472, 0.017385, 0.900985)
237.2164, (-1.458145, 0.308726, 7.237942), (-0.012635, 0.434353, 0.020360, 0.900424)
237.2439, (-1.455347, 0.309426, 7.241223), (-0.018867, 0.434062, 0.020090, 0.900461)
237.2717, (-1.452005, 0.309948, 7.244993), (-0.018811, 0.435553, 0.018074, 0.899785)
237.2993, (-1.448751, 0.310341, 7.248699), (-0.021333, 0.437342, 0.018307, 0.898856)
237.3272, (-1.445907, 0.310673, 7.252099), (-0.020056, 0.439568, 0.017342, 0.897818)
237.355, (-1.442823, 0.311499, 7.255520), (-0.019633, 0.438810, 0.017438, 0.898196)
237.3828, (-1.439700, 0.312421, 7.258996), (-0.021697, 0.436918, 0.016822, 0.899082)
237.4106, (-1.435948, 0.312833, 7.261663), (-0.020804, 0.436660, 0.015858, 0.899246)
237.4384, (-1.432012, 0.313292, 7.263782), (-0.015350, 0.440573, 0.016454, 0.897435)
237.4663, (-1.427192, 0.313359, 7.263455), (-0.010290, 0.454136, 0.016464, 0.890721)
237.4943, (-1.421860, 0.313743, 7.262731), (-0.005065, 0.470309, 0.012431, 0.882400)
237.522, (-1.417530, 0.312966, 7.261675), (-0.002508, 0.485705, 0.009980, 0.874062)
237.5496, (-1.412243, 0.314296, 7.259444), (-0.010398, 0.498726, 0.011823, 0.866617)
237.5777, (-1.407665, 0.315786, 7.257374), (-0.021012, 0.511433, 0.012696, 0.858972)
237.6055, (-1.402724, 0.317595, 7.254924), (-0.034456, 0.521973, 0.012941, 0.852167)
237.6334, (-1.397716, 0.319091, 7.252761), (-0.042601, 0.532204, 0.013090, 0.845442)
237.6615, (-1.393806, 0.319886, 7.249317), (-0.047124, 0.537097, 0.013084, 0.842102)
237.6894, (-1.389163, 0.320342, 7.246873), (-0.050947, 0.541814, 0.013295, 0.838847)
237.7173, (-1.384495, 0.321435, 7.243590), (-0.052898, 0.543835, 0.014730, 0.837394)
237.7453, (-1.379509, 0.322246, 7.240392), (-0.061495, 0.542786, 0.015771, 0.837469)
237.7731, (-1.375008, 0.323568, 7.237272), (-0.066674, 0.542667, 0.016413, 0.837137)
237.8013, (-1.370735, 0.323815, 7.232796), (-0.067951, 0.537293, 0.017949, 0.840463)
237.8294, (-1.366047, 0.324223, 7.228334), (-0.076454, 0.532231, 0.022328, 0.842845)
237.8569, (-1.360590, 0.324645, 7.223516), (-0.079574, 0.522909, 0.020349, 0.848422)
237.8845, (-1.355075, 0.324380, 7.218153), (-0.081898, 0.516988, 0.020853, 0.851811)
237.9123, (-1.349177, 0.324382, 7.212101), (-0.090000, 0.507847, 0.025134, 0.856364)
237.9397, (-1.342307, 0.324225, 7.205750), (-0.092789, 0.500210, 0.026768, 0.860502)
237.9674, (-1.334537, 0.323522, 7.198276), (-0.098377, 0.495174, 0.029913, 0.862688)
237.9953, (-1.326154, 0.323803, 7.190111), (-0.099305, 0.491695, 0.027236, 0.864658)
238.0231, (-1.316447, 0.323192, 7.180491), (-0.099270, 0.494264, 0.026187, 0.863228)
238.0508, (-1.306820, 0.323654, 7.171089), (-0.101027, 0.495920, 0.021317, 0.862208)
238.0787, (-1.295519, 0.323286, 7.161342), (-0.099799, 0.500077, 0.018091, 0.860021)
238.1064, (-1.283576, 0.323010, 7.151505), (-0.103234, 0.509571, 0.019073, 0.854000)
238.1342, (-1.271852, 0.323732, 7.140843), (-0.106084, 0.518838, 0.014193, 0.848146)
238.1621, (-1.259715, 0.323784, 7.130272), (-0.106213, 0.528494, 0.011248, 0.842192)
238.1899, (-1.247716, 0.324298, 7.119529), (-0.102583, 0.540317, 0.006770, 0.835158)
238.2178, (-1.235229, 0.324525, 7.109462), (-0.100286, 0.553741, 0.003866, 0.826619)
238.2464, (-1.223578, 0.324808, 7.099119), (-0.100952, 0.565327, 0.003387, 0.818659)
238.274, (-1.213917, 0.324432, 7.088421), (-0.107303, 0.575886, 0.001682, 0.810456)
238.3017, (-1.204260, 0.324047, 7.079358), (-0.107890, 0.583162, 0.000058, 0.805160)
238.3297, (-1.195003, 0.323349, 7.070557), (-0.102293, 0.588535, -0.002317, 0.801971)
238.3577, (-1.186036, 0.322432, 7.062435), (-0.099496, 0.592758, -0.002292, 0.799208)
238.3856, (-1.179110, 0.323447, 7.055153), (-0.094214, 0.589488, -0.002174, 0.802261)
238.4135, (-1.171770, 0.324960, 7.047706), (-0.096766, 0.586621, -0.002711, 0.804056)
238.4414, (-1.163846, 0.325705, 7.039995), (-0.096982, 0.586883, -0.003927, 0.803833)
238.4694, (-1.158709, 0.325632, 7.034206), (-0.092068, 0.577819, -0.000205, 0.810955)
238.4971, (-1.152746, 0.326126, 7.027439), (-0.092287, 0.573743, 0.000699, 0.813820)
238.5249, (-1.147052, 0.326708, 7.020160), (-0.095198, 0.570973, 0.001432, 0.815430)
238.5526, (-1.141572, 0.327165, 7.014077), (-0.096537, 0.565994, -0.001498, 0.818737)
238.5805, (-1.136986, 0.326907, 7.007799), (-0.091820, 0.560563, -0.001309, 0.823005)
238.6081, (-1.132940, 0.326276, 7.001120), (-0.089426, 0.552816, -0.000109, 0.828491)
238.6358, (-1.129055, 0.326695, 6.994861), (-0.089325, 0.545634, -0.001281, 0.833249)
238.6634, (-1.124574, 0.326803, 6.988309), (-0.088281, 0.539995, -0.001524, 0.837024)
238.6912, (-1.119976, 0.326965, 6.981557), (-0.088744, 0.532185, -0.001840, 0.841963)
238.7187, (-1.118419, 0.325961, 6.977626), (-0.092820, 0.509624, -0.007232, 0.855346)
238.7465, (-1.117540, 0.324504, 6.972677), (-0.086582, 0.489623, -0.015555, 0.867486)
238.7745, (-1.115244, 0.323736, 6.967927), (-0.077517, 0.474367, -0.024225, 0.876573)
238.8016, (-1.113125, 0.322045, 6.962717), (-0.072534, 0.459806, -0.030116, 0.884540)
238.83, (-1.111072, 0.320314, 6.957733), (-0.066513, 0.442895, -0.033544, 0.893473)
238.857, (-1.110623, 0.318797, 6.953374), (-0.073461, 0.419570, -0.032887, 0.904148)
238.8842, (-1.108896, 0.318473, 6.948299), (-0.082972, 0.400200, -0.040687, 0.911757)
238.9117, (-1.107845, 0.317296, 6.943698), (-0.084561, 0.381665, -0.046539, 0.919247)
238.9391, (-1.107717, 0.316023, 6.939553), (-0.085819, 0.360571, -0.050657, 0.927393)
238.9665, (-1.107890, 0.314890, 6.935444), (-0.086869, 0.337398, -0.050368, 0.935991)
238.994, (-1.108262, 0.314135, 6.931146), (-0.087988, 0.310597, -0.049711, 0.945154)
239.0216, (-1.108471, 0.313847, 6.927075), (-0.093917, 0.279666, -0.052433, 0.954053)
239.0491, (-1.109256, 0.312251, 6.922440), (-0.094991, 0.248310, -0.052746, 0.962568)
239.0768, (-1.110663, 0.310314, 6.916872), (-0.091795, 0.216660, -0.051471, 0.970558)
239.105, (-1.111540, 0.308337, 6.911438), (-0.089553, 0.183135, -0.053232, 0.977552)
239.1321, (-1.111961, 0.307226, 6.905448), (-0.086263, 0.154843, -0.057508, 0.982484)
239.1597, (-1.111721, 0.306487, 6.899025), (-0.080843, 0.132155, -0.060203, 0.986091)
239.1874, (-1.111454, 0.306004, 6.892259), (-0.076908, 0.118096, -0.058487, 0.988291)
239.2153, (-1.111097, 0.305448, 6.885075), (-0.077726, 0.100923, -0.054551, 0.990352)
239.2432, (-1.110824, 0.305099, 6.878685), (-0.082100, 0.083387, -0.049324, 0.991904)
239.2711, (-1.110864, 0.302778, 6.870297), (-0.081200, 0.062547, -0.046756, 0.993634)
239.2994, (-1.111268, 0.300744, 6.861970), (-0.069199, 0.043830, -0.045205, 0.995614)
239.3273, (-1.111958, 0.299190, 6.853984), (-0.055396, 0.028356, -0.041603, 0.997194)
239.3553, (-1.111805, 0.298926, 6.844685), (-0.042211, 0.017656, -0.036299, 0.998293)
239.383, (-1.111923, 0.298373, 6.836034), (-0.044954, 0.005266, -0.033276, 0.998421)
239.4109, (-1.112417, 0.297663, 6.827203), (-0.044727, -0.008204, -0.028032, 0.998572)
239.4387, (-1.112435, 0.295918, 6.817573), (-0.040761, -0.021116, -0.021741, 0.998709)
239.4665, (-1.112701, 0.294293, 6.808346), (-0.035272, -0.033192, -0.013404, 0.998737)
239.4947, (-1.112704, 0.293292, 6.798822), (-0.028642, -0.044518, -0.003163, 0.998593)
239.5221, (-1.111643, 0.294477, 6.789271), (-0.022257, -0.053687, 0.001969, 0.998308)
239.5497, (-1.110059, 0.298279, 6.780294), (-0.006485, -0.062443, 0.007471, 0.998000)
239.5775, (-1.108417, 0.301814, 6.772024), (0.001678, -0.072273, 0.010478, 0.997329)
239.6053, (-1.105710, 0.309437, 6.762403), (-0.000052, -0.082817, 0.010080, 0.996514)
239.6329, (-1.102141, 0.314070, 6.752325), (-0.014417, -0.093895, 0.015061, 0.995364)
239.6603, (-1.097901, 0.317916, 6.743647), (-0.032549, -0.104789, 0.017262, 0.993812)
239.6879, (-1.093935, 0.320248, 6.736764), (-0.047429, -0.118037, 0.012010, 0.991803)
239.7155, (-1.090454, 0.320125, 6.729252), (-0.056208, -0.132650, 0.005678, 0.989552)
239.7434, (-1.085774, 0.318399, 6.721078), (-0.057811, -0.148635, 0.002943, 0.987197)
239.7712, (-1.080126, 0.316661, 6.714006), (-0.047638, -0.160961, 0.005190, 0.985797)
239.7992, (-1.073146, 0.315328, 6.708175), (-0.043904, -0.172350, 0.005525, 0.984042)
239.827, (-1.066819, 0.316312, 6.704512), (-0.039804, -0.180534, 0.000171, 0.982763)
239.8549, (-1.059440, 0.316196, 6.700179), (-0.038430, -0.190544, -0.002808, 0.980922)
239.8827, (-1.051474, 0.316548, 6.697064), (-0.035791, -0.203499, -0.003519, 0.978415)
239.9108, (-1.042648, 0.317141, 6.694079), (-0.034456, -0.214655, -0.001501, 0.976081)
239.9388, (-1.032186, 0.317709, 6.691808), (-0.038017, -0.223865, -0.001802, 0.973877)
239.9666, (-1.021249, 0.318452, 6.690604), (-0.041616, -0.230155, -0.005961, 0.972246)
239.9943, (-1.009953, 0.318028, 6.689967), (-0.044262, -0.234102, -0.009476, 0.971158)
240.022, (-0.998233, 0.316453, 6.689952), (-0.046768, -0.239929, -0.010852, 0.969603)
240.0496, (-0.986370, 0.314249, 6.690449), (-0.049213, -0.247207, -0.010758, 0.967652)
240.0773, (-0.974554, 0.312413, 6.690714), (-0.048283, -0.253387, -0.009710, 0.966111)
240.1052, (-0.962469, 0.310547, 6.691740), (-0.044558, -0.263511, -0.008755, 0.963587)
240.1331, (-0.950592, 0.310036, 6.694429), (-0.032544, -0.273069, -0.005733, 0.961427)
240.161, (-0.939070, 0.310449, 6.696567), (-0.025145, -0.280076, -0.001275, 0.959648)
240.1889, (-0.927884, 0.311220, 6.697999), (-0.031013, -0.289390, -0.004849, 0.956697)
240.2167, (-0.916736, 0.311605, 6.699584), (-0.036941, -0.302785, -0.011096, 0.952278)
240.2447, (-0.906686, 0.311376, 6.701562), (-0.031329, -0.316136, -0.007900, 0.948164)
240.2727, (-0.897237, 0.309425, 6.703170), (-0.026657, -0.328649, -0.000404, 0.944076)
240.3008, (-0.886953, 0.307617, 6.703851), (-0.020740, -0.341008, 0.005218, 0.939817)
240.3287, (-0.877408, 0.307354, 6.705280), (-0.018506, -0.352701, 0.004188, 0.935544)
240.3565, (-0.868781, 0.307044, 6.706742), (-0.013607, -0.364795, -0.001486, 0.930988)
240.3842, (-0.860203, 0.305459, 6.708214), (-0.010446, -0.373515, -0.006215, 0.927545)
240.4121, (-0.852086, 0.304359, 6.709132), (-0.007465, -0.384008, -0.009183, 0.923254)
240.44, (-0.845278, 0.303951, 6.710289), (-0.002456, -0.396347, -0.013768, 0.917995)
240.468, (-0.838712, 0.303215, 6.710986), (0.002873, -0.409742, -0.017666, 0.912026)
240.496, (-0.832880, 0.302668, 6.711226), (0.010397, -0.421860, -0.020650, 0.906367)
240.524, (-0.827298, 0.302602, 6.710752), (0.014738, -0.432305, -0.023510, 0.901301)
240.552, (-0.821933, 0.303047, 6.709551), (0.018823, -0.440339, -0.028351, 0.897187)
240.5802, (-0.816977, 0.303567, 6.708111), (0.024040, -0.445658, -0.030899, 0.894347)
240.6078, (-0.811901, 0.302524, 6.706950), (0.025102, -0.448862, -0.032650, 0.892652)
240.6357, (-0.807523, 0.303090, 6.705678), (0.028105, -0.452131, -0.030276, 0.890994)
240.6636, (-0.803813, 0.303338, 6.703552), (0.025809, -0.458146, -0.032289, 0.887915)
240.6915, (-0.800405, 0.303464, 6.700462), (0.023375, -0.467581, -0.033585, 0.883003)
240.7194, (-0.796897, 0.303297, 6.697285), (0.024602, -0.479051, -0.034474, 0.876765)
240.7473, (-0.792845, 0.302325, 6.693902), (0.027964, -0.485959, -0.031641, 0.872961)
240.7751, (-0.788868, 0.301561, 6.690615), (0.028525, -0.488265, -0.029186, 0.871741)
240.8031, (-0.784930, 0.301601, 6.687461), (0.028445, -0.491816, -0.027923, 0.869787)
240.8345, (-0.781189, 0.302288, 6.683690), (0.023338, -0.490346, -0.031002, 0.870664)
240.8621, (-0.777618, 0.301856, 6.679902), (0.018696, -0.489939, -0.034118, 0.870889)
240.8897, (-0.773839, 0.301606, 6.675061), (0.017010, -0.490720, -0.031023, 0.870599)
240.918, (-0.770323, 0.301838, 6.670163), (0.014311, -0.491996, -0.030707, 0.869938)
240.9455, (-0.766872, 0.301827, 6.664388), (0.011509, -0.494447, -0.031931, 0.868545)
240.9851, (-0.763314, 0.301817, 6.657491), (0.007343, -0.499578, -0.030702, 0.865693)
240.9997, (-0.759852, 0.301944, 6.651319), (0.005266, -0.503581, -0.030435, 0.863396)
241.0272, (-0.756464, 0.301567, 6.643759), (0.001336, -0.509422, -0.030522, 0.859974)
241.0531, (-0.752790, 0.301119, 6.635565), (-0.001777, -0.515767, -0.028931, 0.856239)
241.0809, (-0.748732, 0.301378, 6.626971), (-0.001925, -0.523261, -0.023579, 0.851845)
241.1086, (-0.745468, 0.301426, 6.618579), (-0.004127, -0.529094, -0.022089, 0.848266)
241.1369, (-0.741537, 0.302839, 6.609173), (-0.002771, -0.536092, -0.020272, 0.843912)
241.165, (-0.737728, 0.303876, 6.599971), (-0.004527, -0.543843, -0.018744, 0.838966)
241.1928, (-0.734270, 0.304984, 6.590572), (-0.007505, -0.551445, -0.018463, 0.833974)
241.2209, (-0.730590, 0.306069, 6.580857), (-0.010359, -0.559503, -0.017238, 0.828584)
241.2489, (-0.726674, 0.306485, 6.571317), (-0.012481, -0.570494, -0.015469, 0.821061)
241.2769, (-0.722464, 0.307129, 6.561872), (-0.011529, -0.578998, -0.012296, 0.815155)
241.3045, (-0.717529, 0.308075, 6.553189), (-0.009800, -0.584424, -0.009465, 0.811334)
241.3327, (-0.712117, 0.309835, 6.545462), (-0.010298, -0.583182, -0.007809, 0.812239)
241.3606, (-0.707216, 0.311842, 6.537908), (-0.010727, -0.582586, -0.011971, 0.812610)
241.3883, (-0.702371, 0.312308, 6.531391), (-0.012625, -0.581731, -0.014027, 0.813162)
241.4163, (-0.696975, 0.312343, 6.524775), (-0.015994, -0.580041, -0.013689, 0.814316)
241.4441, (-0.691623, 0.312409, 6.517954), (-0.018756, -0.578631, -0.012785, 0.815274)
241.4721, (-0.686425, 0.311964, 6.511708), (-0.021110, -0.576770, -0.014794, 0.816500)
241.5001, (-0.681234, 0.311696, 6.505574), (-0.022151, -0.575456, -0.016783, 0.817361)
241.5276, (-0.676307, 0.310739, 6.499164), (-0.023597, -0.575703, -0.016455, 0.817153)
241.5553, (-0.671423, 0.309929, 6.492718), (-0.023971, -0.576321, -0.013833, 0.816755)
241.5831, (-0.666544, 0.310118, 6.485810), (-0.023137, -0.579161, -0.012197, 0.814794)
241.6108, (-0.662449, 0.310315, 6.479412), (-0.021709, -0.583575, -0.013133, 0.811663)
241.6386, (-0.658032, 0.310393, 6.472826), (-0.021304, -0.589053, -0.012457, 0.807718)
241.6668, (-0.653809, 0.310473, 6.466062), (-0.022743, -0.596861, -0.010015, 0.801960)
241.6949, (-0.649800, 0.310880, 6.459595), (-0.022760, -0.606678, -0.004335, 0.794610)
241.7227, (-0.645644, 0.311272, 6.453799), (-0.022255, -0.616514, -0.001607, 0.787028)
241.7502, (-0.641213, 0.311436, 6.447845), (-0.023149, -0.628178, -0.000198, 0.777726)
241.785, (-0.636376, 0.311939, 6.442564), (-0.023804, -0.641425, 0.003507, 0.766809)
241.8124, (-0.627140, 0.312320, 6.433277), (-0.023465, -0.664333, 0.009429, 0.747009)
241.8467, (-0.621679, 0.312652, 6.430560), (-0.024909, -0.675985, 0.007572, 0.736455)
241.8731, (-0.615993, 0.313040, 6.427489), (-0.025398, -0.687557, 0.007612, 0.725646)
241.9054, (-0.610241, 0.312976, 6.425128), (-0.025284, -0.700174, 0.006498, 0.713495)
241.9374, (-0.604857, 0.312701, 6.423841), (-0.024339, -0.711895, 0.006263, 0.701837)
241.9683, (-0.599163, 0.312527, 6.423156), (-0.022459, -0.721361, 0.006891, 0.692161)
241.9986, (-0.593378, 0.312763, 6.423107), (-0.021767, -0.730393, 0.008688, 0.682625)
242.0272, (-0.588050, 0.312780, 6.423432), (-0.021303, -0.738773, 0.008451, 0.673564)
242.0559, (-0.583085, 0.313246, 6.425192), (-0.022104, -0.746900, 0.008831, 0.664511)
242.0837, (-0.577890, 0.313331, 6.427995), (-0.023229, -0.753173, 0.007515, 0.657370)
242.1115, (-0.572922, 0.312557, 6.431354), (-0.024057, -0.758386, 0.005812, 0.651336)
242.1394, (-0.567983, 0.311814, 6.434834), (-0.023760, -0.763560, 0.006090, 0.645272)
242.1672, (-0.563545, 0.310768, 6.439136), (-0.022708, -0.768324, 0.008538, 0.639601)
242.1946, (-0.559931, 0.310711, 6.444259), (-0.018980, -0.770871, 0.013740, 0.636561)
242.2225, (-0.556664, 0.312081, 6.449658), (-0.013925, -0.771545, 0.016860, 0.635800)
242.2502, (-0.553405, 0.313744, 6.454789), (-0.011853, -0.770903, 0.017530, 0.636601)
242.2781, (-0.550271, 0.315063, 6.459557), (-0.013366, -0.771381, 0.012491, 0.636111)
242.3061, (-0.547514, 0.315465, 6.464760), (-0.014588, -0.772525, 0.009724, 0.634742)
242.3339, (-0.544828, 0.314901, 6.470016), (-0.013728, -0.772994, 0.008259, 0.634212)
242.3614, (-0.542313, 0.313999, 6.475411), (-0.010179, -0.771548, 0.008531, 0.636033)
242.3894, (-0.540003, 0.313156, 6.480998), (-0.005351, -0.770196, 0.009305, 0.637718)
242.4172, (-0.538743, 0.311721, 6.485907), (0.003184, -0.767237, 0.011782, 0.641248)
242.4447, (-0.537083, 0.310393, 6.490645), (0.009236, -0.765508, 0.016744, 0.643143)
242.4726, (-0.536249, 0.308839, 6.495447), (0.017349, -0.763981, 0.026380, 0.644466)
242.5006, (-0.535814, 0.307741, 6.500484), (0.024985, -0.762249, 0.031511, 0.646034)
242.5282, (-0.536040, 0.306939, 6.505388), (0.030048, -0.759451, 0.031761, 0.649093)
242.5558, (-0.535759, 0.306045, 6.510454), (0.033121, -0.755412, 0.030610, 0.653696)
242.5833, (-0.534688, 0.305313, 6.515896), (0.033615, -0.748238, 0.030134, 0.661893)
242.6112, (-0.533537, 0.305685, 6.520560), (0.035414, -0.741569, 0.022967, 0.669548)
242.6393, (-0.531535, 0.306029, 6.524754), (0.037397, -0.734561, 0.017340, 0.677289)
242.6668, (-0.528659, 0.305895, 6.528848), (0.038349, -0.729882, 0.011912, 0.682393)
242.6942, (-0.526103, 0.305741, 6.532022), (0.037041, -0.725791, 0.011801, 0.686816)
242.7221, (-0.523676, 0.306629, 6.534971), (0.036341, -0.721868, 0.014586, 0.690923)
242.7497, (-0.521088, 0.307907, 6.537998), (0.034090, -0.717623, 0.008683, 0.695543)
242.7776, (-0.518530, 0.309071, 6.540684), (0.032474, -0.712632, 0.001218, 0.700785)
242.8053, (-0.516434, 0.309671, 6.543317), (0.030156, -0.707463, -0.004426, 0.706093)
242.8333, (-0.514887, 0.310047, 6.545252), (0.027988, -0.700655, -0.007985, 0.712906)
242.8611, (-0.513386, 0.310439, 6.547351), (0.027450, -0.693957, -0.011022, 0.719409)
242.8887, (-0.512527, 0.310891, 6.548717), (0.025557, -0.685878, -0.013662, 0.727140)
242.9168, (-0.511833, 0.311514, 6.549792), (0.025225, -0.678613, -0.017716, 0.733849)
242.9444, (-0.511555, 0.311312, 6.550082), (0.024385, -0.670479, -0.018054, 0.741308)
242.972, (-0.511450, 0.311219, 6.549993), (0.024171, -0.662630, -0.016785, 0.748369)
243, (-0.512409, 0.311084, 6.549738), (0.023163, -0.654439, -0.016955, 0.755570)
243.0277, (-0.513150, 0.311281, 6.549263), (0.023608, -0.645333, -0.017174, 0.763343)
243.0555, (-0.515881, 0.310778, 6.547194), (0.019842, -0.637642, -0.014200, 0.769947)
243.0833, (-0.517996, 0.310591, 6.545221), (0.017009, -0.630180, -0.013911, 0.776138)
243.1108, (-0.520549, 0.310421, 6.542571), (0.016906, -0.622059, -0.013183, 0.782677)
243.1386, (-0.523556, 0.310045, 6.539715), (0.015397, -0.614494, -0.010640, 0.788700)
243.1665, (-0.526947, 0.309926, 6.535855), (0.014957, -0.608011, -0.010230, 0.793722)
243.194, (-0.530961, 0.309799, 6.531766), (0.012647, -0.604117, -0.011009, 0.796719)
243.2218, (-0.534973, 0.309685, 6.527275), (0.013034, -0.600340, -0.010425, 0.799571)
243.2495, (-0.539611, 0.309564, 6.521958), (0.010145, -0.596430, -0.011264, 0.802522)
243.2773, (-0.544606, 0.309812, 6.516394), (0.008415, -0.593294, -0.013608, 0.804827)
243.305, (-0.549747, 0.309474, 6.510535), (0.005999, -0.589404, -0.017118, 0.807635)
243.3328, (-0.555380, 0.309223, 6.503621), (0.005029, -0.586299, -0.017451, 0.809891)
243.3605, (-0.561064, 0.308793, 6.496046), (0.003863, -0.583294, -0.017861, 0.812056)
243.3884, (-0.566725, 0.308247, 6.488107), (0.000990, -0.579671, -0.019240, 0.814623)
243.4162, (-0.572855, 0.308721, 6.479796), (0.002612, -0.576470, -0.018909, 0.816895)
243.444, (-0.579372, 0.308960, 6.470910), (0.000845, -0.572552, -0.021603, 0.819584)
243.4719, (-0.585351, 0.308906, 6.461402), (-0.004165, -0.568300, -0.026071, 0.822398)
243.4997, (-0.591428, 0.309331, 6.451371), (-0.009820, -0.563668, -0.028562, 0.825449)
243.5273, (-0.598292, 0.311076, 6.441882), (-0.007002, -0.559546, -0.027822, 0.828303)
243.555, (-0.605810, 0.313548, 6.431805), (-0.003661, -0.553825, -0.025597, 0.832232)
243.5827, (-0.612459, 0.315001, 6.421664), (-0.010611, -0.548951, -0.029086, 0.835281)
243.6104, (-0.618291, 0.316574, 6.411273), (-0.023024, -0.544667, -0.032324, 0.837713)
243.638, (-0.624738, 0.318286, 6.402097), (-0.031416, -0.541709, -0.035818, 0.839215)
243.666, (-0.631765, 0.319471, 6.393064), (-0.036219, -0.537784, -0.040809, 0.841315)
243.6937, (-0.638083, 0.320698, 6.383756), (-0.035734, -0.533106, -0.043458, 0.844176)
243.7215, (-0.643828, 0.321225, 6.375139), (-0.030955, -0.529953, -0.040847, 0.846477)
243.7491, (-0.650368, 0.321880, 6.366703), (-0.029461, -0.525863, -0.037941, 0.849212)
243.7768, (-0.656791, 0.322811, 6.358107), (-0.029698, -0.521895, -0.037720, 0.851658)
243.8045, (-0.663466, 0.323833, 6.350466), (-0.029553, -0.517765, -0.034280, 0.854325)
243.8328, (-0.670327, 0.324801, 6.343634), (-0.032131, -0.513671, -0.032711, 0.856762)
243.8606, (-0.676192, 0.324225, 6.341292), (-0.040385, -0.508466, -0.036455, 0.859362)
243.8877, (-0.683026, 0.324508, 6.337039), (-0.039374, -0.502477, -0.034210, 0.863016)
243.9157, (-0.689965, 0.324170, 6.333096), (-0.039626, -0.495759, -0.032902, 0.866931)
243.9435, (-0.696581, 0.324246, 6.329403), (-0.038395, -0.489610, -0.028695, 0.870623)
243.9716, (-0.703069, 0.324594, 6.326030), (-0.038457, -0.486009, -0.025414, 0.872738)
243.9994, (-0.710179, 0.324951, 6.323290), (-0.040150, -0.484297, -0.024404, 0.873641)
244.0275, (-0.716535, 0.324400, 6.321478), (-0.042859, -0.481791, -0.021533, 0.874973)
244.0548, (-0.723120, 0.324328, 6.320355), (-0.044242, -0.478046, -0.019934, 0.876993)
244.0829, (-0.729674, 0.324182, 6.319632), (-0.045446, -0.473940, -0.020647, 0.879142)
244.1101, (-0.736502, 0.322903, 6.320217), (-0.046836, -0.468422, -0.017420, 0.882090)
244.1381, (-0.743082, 0.321983, 6.321045), (-0.048176, -0.463848, -0.016719, 0.884446)
244.1667, (-0.749605, 0.321460, 6.323002), (-0.048374, -0.458669, -0.013874, 0.887181)
244.1936, (-0.756180, 0.320743, 6.325591), (-0.049534, -0.451581, -0.012448, 0.890767)
244.222, (-0.762164, 0.319940, 6.329002), (-0.050601, -0.443970, -0.012432, 0.894526)
244.2498, (-0.768344, 0.318644, 6.333293), (-0.052403, -0.437334, -0.014796, 0.897650)
244.2767, (-0.774315, 0.317770, 6.338172), (-0.051182, -0.430213, -0.014355, 0.901161)
244.3047, (-0.780015, 0.316635, 6.343536), (-0.051234, -0.424254, -0.017521, 0.903923)
244.3317, (-0.785280, 0.314930, 6.349077), (-0.052527, -0.418281, -0.020362, 0.906569)
244.3592, (-0.790199, 0.313583, 6.354713), (-0.052391, -0.410745, -0.019514, 0.910035)
244.3872, (-0.795327, 0.312490, 6.360935), (-0.053620, -0.406239, -0.021568, 0.911938)
244.4147, (-0.800235, 0.312512, 6.367079), (-0.049163, -0.402144, -0.021704, 0.913998)
244.4429, (-0.805817, 0.313765, 6.373191), (-0.042370, -0.398120, -0.021142, 0.916111)
244.4703, (-0.811678, 0.316070, 6.378761), (-0.040295, -0.394420, -0.026317, 0.917669)
244.4977, (-0.817230, 0.317697, 6.384349), (-0.041986, -0.390998, -0.031931, 0.918879)
244.5253, (-0.821901, 0.318639, 6.390171), (-0.052389, -0.385867, -0.039478, 0.920220)
244.553, (-0.827128, 0.319140, 6.396603), (-0.057202, -0.381631, -0.041550, 0.921607)
244.5806, (-0.832871, 0.319491, 6.402366), (-0.059127, -0.378339, -0.045835, 0.922639)
244.6086, (-0.838378, 0.319041, 6.408034), (-0.057965, -0.374588, -0.046164, 0.924226)
244.6362, (-0.843870, 0.318690, 6.414224), (-0.055001, -0.370348, -0.046288, 0.926107)
244.6639, (-0.849401, 0.318512, 6.420105), (-0.052090, -0.364774, -0.044034, 0.928595)
244.6916, (-0.854658, 0.318355, 6.425473), (-0.050420, -0.359262, -0.042474, 0.930905)
244.7198, (-0.859694, 0.317774, 6.430915), (-0.050893, -0.354213, -0.042042, 0.932832)
244.7473, (-0.864283, 0.316576, 6.435522), (-0.051269, -0.345675, -0.040400, 0.936081)
244.7752, (-0.869038, 0.316272, 6.440388), (-0.050033, -0.337872, -0.037778, 0.939102)
244.8027, (-0.873760, 0.315995, 6.445412), (-0.048837, -0.331198, -0.036710, 0.941581)
244.8311, (-0.879159, 0.315996, 6.449130), (-0.048824, -0.321655, -0.039542, 0.944770)
244.8581, (-0.884342, 0.316538, 6.452553), (-0.045273, -0.313608, -0.040488, 0.947608)
244.8858, (-0.890708, 0.317230, 6.455716), (-0.041107, -0.306204, -0.040446, 0.950218)
244.9136, (-0.896870, 0.317342, 6.459006), (-0.040880, -0.296632, -0.039171, 0.953312)
244.9413, (-0.903115, 0.317483, 6.462361), (-0.041113, -0.285574, -0.037707, 0.956732)
244.9688, (-0.909636, 0.316898, 6.466238), (-0.041730, -0.273103, -0.037016, 0.960366)
244.997, (-0.915908, 0.316067, 6.469891), (-0.039059, -0.256637, -0.031756, 0.965196)
245.0243, (-0.922503, 0.315583, 6.473025), (-0.036520, -0.238562, -0.028263, 0.970029)
245.0522, (-0.928978, 0.315064, 6.475842), (-0.035398, -0.219141, -0.027238, 0.974671)
245.0795, (-0.935399, 0.314444, 6.478714), (-0.033429, -0.201311, -0.024555, 0.978649)
245.1071, (-0.942143, 0.313800, 6.481444), (-0.031218, -0.183000, -0.021367, 0.982385)
245.1343, (-0.949204, 0.313289, 6.483014), (-0.030225, -0.162952, -0.020984, 0.985948)
245.1619, (-0.956611, 0.312187, 6.483695), (-0.032741, -0.141868, -0.019349, 0.989155)
245.1892, (-0.963672, 0.311591, 6.484110), (-0.031045, -0.120647, -0.016234, 0.992077)
245.2164, (-0.971023, 0.310876, 6.484570), (-0.029344, -0.099412, -0.013788, 0.994518)
245.2436, (-0.978610, 0.311505, 6.484477), (-0.023503, -0.076062, -0.013313, 0.996737)
245.271, (-0.987111, 0.314623, 6.483256), (-0.015894, -0.055397, -0.013207, 0.998251)
245.2985, (-0.995513, 0.317017, 6.481721), (-0.016999, -0.036962, -0.012370, 0.999096)
245.3261, (-1.003663, 0.318562, 6.479321), (-0.024401, -0.020843, -0.010831, 0.999426)
245.3535, (-1.010990, 0.319653, 6.476899), (-0.026747, -0.005470, -0.007829, 0.999597)
245.3814, (-1.019151, 0.319664, 6.474080), (-0.031358, 0.007574, -0.008544, 0.999443)
245.4092, (-1.027035, 0.319724, 6.471509), (-0.035206, 0.021341, -0.010833, 0.999094)
245.4371, (-1.033861, 0.319740, 6.467994), (-0.031682, 0.036129, -0.009944, 0.998795)
245.465, (-1.041120, 0.319493, 6.463820), (-0.029446, 0.049765, -0.010411, 0.998273)
245.4924, (-1.048672, 0.319225, 6.459289), (-0.025752, 0.060320, -0.012017, 0.997775)
245.5209, (-1.056358, 0.319387, 6.454940), (-0.023926, 0.072090, -0.009832, 0.997063)
245.5489, (-1.062673, 0.320228, 6.450486), (-0.024473, 0.081283, -0.006981, 0.996366)
245.5767, (-1.068179, 0.321065, 6.446374), (-0.026142, 0.092651, -0.006018, 0.995337)
245.6047, (-1.073488, 0.322027, 6.441640), (-0.030390, 0.107368, -0.005775, 0.993738)
245.6327, (-1.078870, 0.322932, 6.436743), (-0.034293, 0.122842, -0.004082, 0.991825)
245.6607, (-1.083576, 0.323350, 6.431612), (-0.036343, 0.140164, -0.001369, 0.989460)
245.6883, (-1.088203, 0.323453, 6.426778), (-0.038272, 0.156224, 0.002834, 0.986976)
245.7164, (-1.092538, 0.323221, 6.421855), (-0.038609, 0.171167, 0.005112, 0.984472)
245.7443, (-1.097062, 0.323720, 6.416904), (-0.038883, 0.186273, 0.007193, 0.981702)
245.7724, (-1.100590, 0.323859, 6.411920), (-0.039130, 0.200202, 0.008309, 0.978938)
245.8003, (-1.104132, 0.324182, 6.406602), (-0.038963, 0.213844, 0.010558, 0.976034)
245.8285, (-1.107429, 0.325088, 6.401619), (-0.041768, 0.226534, 0.012125, 0.973032)
245.8563, (-1.110945, 0.325602, 6.396491), (-0.043091, 0.239910, 0.013484, 0.969745)
245.8844, (-1.112813, 0.326070, 6.391919), (-0.048071, 0.243859, 0.016734, 0.968474)
245.9123, (-1.114624, 0.326035, 6.386439), (-0.051729, 0.248048, 0.019887, 0.967161)
245.9405, (-1.116453, 0.326654, 6.380786), (-0.053284, 0.253135, 0.022807, 0.965693)
245.9685, (-1.117507, 0.326983, 6.374791), (-0.058126, 0.255908, 0.026172, 0.964597)
245.9968, (-1.117385, 0.328245, 6.368638), (-0.067325, 0.258379, 0.028530, 0.963273)
246.0236, (-1.116736, 0.329828, 6.361664), (-0.075797, 0.259277, 0.028159, 0.962412)
246.0515, (-1.115900, 0.330424, 6.355217), (-0.085066, 0.258165, 0.025824, 0.962002)
246.079, (-1.114152, 0.330019, 6.348334), (-0.085707, 0.256848, 0.026337, 0.962284)
246.1067, (-1.111400, 0.329920, 6.340800), (-0.084630, 0.256955, 0.028348, 0.962293)
246.1346, (-1.108495, 0.331086, 6.333215), (-0.087547, 0.258174, 0.026035, 0.961771)
246.1626, (-1.104463, 0.332748, 6.325857), (-0.097096, 0.258716, 0.019181, 0.960870)
246.1903, (-1.100541, 0.333257, 6.318189), (-0.103905, 0.259102, 0.014803, 0.960131)
246.2187, (-1.096345, 0.332619, 6.310512), (-0.107449, 0.257381, 0.013111, 0.960228)
246.2465, (-1.092046, 0.331938, 6.302833), (-0.108425, 0.253920, 0.010984, 0.961066)
246.2745, (-1.087158, 0.330597, 6.295230), (-0.106084, 0.250272, 0.009685, 0.962298)
246.3025, (-1.081786, 0.329097, 6.287774), (-0.102529, 0.246750, 0.009783, 0.963591)
246.3303, (-1.075668, 0.328189, 6.279750), (-0.100032, 0.244756, 0.008258, 0.964376)
246.3578, (-1.069191, 0.327413, 6.272585), (-0.100429, 0.241110, 0.007005, 0.965262)
246.3856, (-1.061953, 0.326914, 6.265343), (-0.100609, 0.237851, 0.006198, 0.966057)
246.4131, (-1.055240, 0.326226, 6.257729), (-0.102285, 0.234513, 0.005181, 0.966703)
246.4408, (-1.048572, 0.325241, 6.250043), (-0.102466, 0.230603, 0.003968, 0.967630)
246.4687, (-1.041056, 0.323498, 6.242775), (-0.092257, 0.226351, 0.004801, 0.969655)
246.4968, (-1.034357, 0.322377, 6.236026), (-0.086354, 0.221039, 0.005153, 0.971421)
246.5241, (-1.027978, 0.321733, 6.228908), (-0.083301, 0.213075, 0.005578, 0.973462)
246.5523, (-1.021994, 0.320859, 6.221633), (-0.082766, 0.200437, 0.005236, 0.976190)
246.5801, (-1.016169, 0.318906, 6.214790), (-0.083875, 0.185669, 0.007462, 0.978998)
246.6079, (-1.010309, 0.316520, 6.207712), (-0.085671, 0.169333, 0.010303, 0.981774)
246.635, (-1.004546, 0.314333, 6.200644), (-0.081161, 0.151021, 0.011433, 0.985127)
246.6629, (-0.998954, 0.312667, 6.193811), (-0.072248, 0.133878, 0.010204, 0.988308)
246.6907, (-0.993716, 0.312213, 6.186886), (-0.060280, 0.117489, 0.010111, 0.991192)
246.7182, (-0.988738, 0.312023, 6.180295), (-0.053417, 0.108504, 0.011249, 0.992596)
246.7457, (-0.983292, 0.313653, 6.173124), (-0.051569, 0.099710, 0.008997, 0.993639)
246.7732, (-0.978250, 0.315497, 6.166785), (-0.056073, 0.091102, 0.004972, 0.994249)
246.8008, (-0.973448, 0.317013, 6.160868), (-0.060447, 0.083535, 0.002845, 0.994666)
246.8287, (-0.969028, 0.317843, 6.154900), (-0.062610, 0.075189, 0.000204, 0.995202)
246.8563, (-0.966092, 0.318294, 6.149147), (-0.061954, 0.066215, 0.001018, 0.995880)
246.8839, (-0.963222, 0.318674, 6.143570), (-0.061427, 0.054843, 0.002690, 0.996600)
246.9116, (-0.960400, 0.318798, 6.137813), (-0.058357, 0.043027, 0.002262, 0.997366)
246.9394, (-0.958063, 0.318796, 6.133276), (-0.058230, 0.031885, 0.001570, 0.997793)
246.967, (-0.956285, 0.319522, 6.128476), (-0.056049, 0.020690, 0.001294, 0.998213)
246.9947, (-0.954889, 0.319323, 6.123124), (-0.055095, 0.010770, -0.001726, 0.998422)
247.0221, (-0.954029, 0.319008, 6.118463), (-0.050938, 0.003362, -0.002948, 0.998692)
247.0498, (-0.953428, 0.319438, 6.113544), (-0.051183, -0.003775, -0.004231, 0.998673)
247.0774, (-0.953134, 0.320193, 6.109557), (-0.053750, -0.010825, -0.006590, 0.998474)
247.1051, (-0.953359, 0.319933, 6.105267), (-0.054259, -0.018385, -0.005855, 0.998341)
247.1334, (-0.953906, 0.319711, 6.100925), (-0.054049, -0.026018, -0.004448, 0.998189)
247.1617, (-0.955412, 0.319364, 6.096584), (-0.055382, -0.032679, -0.003987, 0.997922)
247.1893, (-0.957046, 0.319588, 6.092510), (-0.055998, -0.041207, -0.004045, 0.997572)
247.2167, (-0.959238, 0.319055, 6.088568), (-0.058829, -0.051192, -0.005748, 0.996938)
247.2444, (-0.961580, 0.318440, 6.084933), (-0.058095, -0.062001, -0.004541, 0.996374)
247.2722, (-0.964146, 0.317978, 6.081225), (-0.056398, -0.070997, -0.002981, 0.995877)
247.2999, (-0.967121, 0.317551, 6.077583), (-0.055562, -0.079668, -0.002233, 0.995269)
247.3277, (-0.970435, 0.317480, 6.074019), (-0.056860, -0.089646, -0.003232, 0.994344)
247.3551, (-0.974064, 0.317465, 6.070454), (-0.056458, -0.099236, -0.001563, 0.993460)
247.3826, (-0.978022, 0.317179, 6.066974), (-0.057702, -0.109989, 0.001559, 0.992255)
247.4102, (-0.981831, 0.317473, 6.063496), (-0.057706, -0.120549, 0.001974, 0.991027)
247.438, (-0.985901, 0.317148, 6.060065), (-0.059405, -0.130512, 0.003669, 0.989659)
247.4658, (-0.989905, 0.317637, 6.056402), (-0.057942, -0.140202, 0.004439, 0.988416)
247.4937, (-0.994465, 0.317606, 6.053042), (-0.058891, -0.149587, 0.002774, 0.986989)
247.5215, (-0.999069, 0.317732, 6.050053), (-0.059115, -0.159127, 0.003181, 0.985482)
247.5494, (-1.003960, 0.318493, 6.047175), (-0.058908, -0.168739, 0.003510, 0.983893)
247.5774, (-1.009003, 0.319174, 6.044133), (-0.060017, -0.179483, 0.003440, 0.981923)
247.6054, (-1.014314, 0.319470, 6.041081), (-0.059261, -0.192458, 0.003376, 0.979508)
247.6333, (-1.019506, 0.319843, 6.038022), (-0.058698, -0.203705, 0.003826, 0.977264)
247.6612, (-1.024869, 0.319595, 6.035251), (-0.056833, -0.215982, 0.006102, 0.974723)
247.6892, (-1.028646, 0.319913, 6.032732), (-0.054887, -0.224036, 0.007523, 0.973005)
247.7171, (-1.033313, 0.320122, 6.029778), (-0.054772, -0.230604, 0.008405, 0.971469)
247.7451, (-1.037042, 0.319730, 6.026906), (-0.055978, -0.239037, 0.008225, 0.969361)
247.7731, (-1.041317, 0.319495, 6.023589), (-0.054043, -0.246513, 0.008545, 0.967594)
247.8011, (-1.045291, 0.319784, 6.021277), (-0.051712, -0.252543, 0.007850, 0.966171)
247.8292, (-1.048289, 0.319827, 6.019271), (-0.051923, -0.257887, 0.005486, 0.964763)
247.8571, (-1.051959, 0.320530, 6.017157), (-0.051555, -0.260797, 0.002731, 0.964012)
247.8848, (-1.055975, 0.320409, 6.014247), (-0.052641, -0.263376, 0.001738, 0.963255)
247.9122, (-1.059728, 0.320232, 6.011666), (-0.052750, -0.267465, 0.002874, 0.962119)
247.9401, (-1.063092, 0.320163, 6.009741), (-0.051533, -0.270801, 0.004660, 0.961244)
247.968, (-1.066202, 0.320163, 6.007848), (-0.051621, -0.273564, 0.005314, 0.960453)
247.996, (-1.069152, 0.320350, 6.006415), (-0.051474, -0.274629, 0.005702, 0.960155)
248.0238, (-1.072277, 0.320446, 6.004778), (-0.051868, -0.276978, 0.006027, 0.959456)
248.0517, (-1.075241, 0.320626, 6.003339), (-0.052457, -0.277567, 0.006313, 0.959252)
248.0799, (-1.077881, 0.320663, 6.001865), (-0.052079, -0.276959, 0.006809, 0.959445)
248.1077, (-1.077119, 0.321043, 6.002524), (-0.050777, -0.263171, 0.005267, 0.963398)
248.1357, (-1.078574, 0.321229, 6.001798), (-0.050242, -0.259014, 0.006954, 0.964541)
248.1632, (-1.079823, 0.321387, 6.000976), (-0.050668, -0.254780, 0.008448, 0.965634)
248.1906, (-1.080867, 0.321677, 5.999931), (-0.051939, -0.250897, 0.008342, 0.966584)
248.2183, (-1.081636, 0.321607, 5.998856), (-0.052500, -0.247561, 0.007364, 0.967421)
248.2461, (-1.082198, 0.321420, 5.997664), (-0.052017, -0.244946, 0.006313, 0.968120)
248.2739, (-1.082759, 0.321206, 5.996546), (-0.051785, -0.243127, 0.006312, 0.968591)
248.3016, (-1.083267, 0.321404, 5.995434), (-0.051628, -0.240987, 0.006709, 0.969131)
248.3296, (-1.083528, 0.321523, 5.994156), (-0.052921, -0.239250, 0.004227, 0.969506)
248.3572, (-1.083710, 0.321496, 5.993191), (-0.052819, -0.237265, 0.001884, 0.970006)
248.3851, (-1.084302, 0.321448, 5.992161), (-0.052600, -0.236311, 0.001800, 0.970251)
248.4132, (-1.084855, 0.321479, 5.991616), (-0.050717, -0.236016, 0.002300, 0.970422)
248.441, (-1.085222, 0.321457, 5.990800), (-0.051059, -0.233401, 0.002905, 0.971035)
248.4686, (-1.085320, 0.321545, 5.989586), (-0.051926, -0.230394, 0.003593, 0.971705)
248.4965, (-1.085078, 0.321609, 5.989250), (-0.053671, -0.225875, 0.002030, 0.972675)
248.5242, (-1.084945, 0.321519, 5.989130), (-0.054521, -0.221333, 0.000794, 0.973673)
248.5516, (-1.085002, 0.321378, 5.988885), (-0.053535, -0.216675, 0.000925, 0.974775)
248.5793, (-1.084752, 0.321048, 5.988564), (-0.052718, -0.211943, 0.001149, 0.975858)
248.6071, (-1.084454, 0.321307, 5.988680), (-0.051911, -0.206344, 0.001276, 0.977101)
248.6347, (-1.084292, 0.321277, 5.988466), (-0.051566, -0.199554, 0.000574, 0.978529)
248.6625, (-1.083922, 0.321583, 5.988484), (-0.052242, -0.193774, -0.001434, 0.979653)
248.6902, (-1.083779, 0.321753, 5.988521), (-0.051902, -0.187919, -0.002039, 0.980810)
248.7186, (-1.083370, 0.321864, 5.988689), (-0.051597, -0.181696, -0.002053, 0.981998)
248.7458, (-1.082918, 0.321846, 5.988844), (-0.050103, -0.175903, -0.002543, 0.983128)
248.7734, (-1.082423, 0.321485, 5.989123), (-0.048581, -0.170610, -0.002293, 0.984138)
248.801, (-1.081359, 0.321343, 5.989136), (-0.047731, -0.165310, -0.001902, 0.985084)
248.8289, (-1.080087, 0.321444, 5.989693), (-0.047978, -0.158606, -0.004684, 0.986165)
248.8566, (-1.078729, 0.321549, 5.989855), (-0.048725, -0.152062, -0.008700, 0.987131)
248.8842, (-1.077890, 0.321470, 5.989784), (-0.048855, -0.145075, -0.009265, 0.988170)
248.9118, (-1.076747, 0.321818, 5.989668), (-0.048774, -0.138343, -0.010452, 0.989128)
248.9396, (-1.075436, 0.321409, 5.990118), (-0.049592, -0.132055, -0.012358, 0.989924)
248.9675, (-1.074394, 0.321337, 5.990453), (-0.048891, -0.126004, -0.012884, 0.990741)
248.9951, (-1.073532, 0.321158, 5.990543), (-0.048483, -0.120883, -0.013956, 0.991384)
249.0228, (-1.072921, 0.321129, 5.990787), (-0.047546, -0.116124, -0.013142, 0.992009)
249.0506, (-1.072169, 0.320818, 5.990655), (-0.046560, -0.111941, -0.012430, 0.992546)
249.0782, (-1.071165, 0.320801, 5.990717), (-0.045961, -0.108750, -0.012233, 0.992931)
249.1058, (-1.069930, 0.320636, 5.990667), (-0.045677, -0.103512, -0.013432, 0.993488)
249.1336, (-1.068478, 0.320661, 5.991203), (-0.045651, -0.098557, -0.014451, 0.993979)
249.1615, (-1.067220, 0.320655, 5.991539), (-0.047299, -0.090610, -0.015666, 0.994639)
249.1892, (-1.065584, 0.320971, 5.991574), (-0.047510, -0.083416, -0.018621, 0.995208)
249.2169, (-1.064269, 0.320664, 5.991767), (-0.047796, -0.076373, -0.019604, 0.995740)
249.2445, (-1.062760, 0.320509, 5.992154), (-0.048111, -0.069409, -0.019121, 0.996244)
249.2726, (-1.061248, 0.320539, 5.992140), (-0.048134, -0.061385, -0.019200, 0.996768)
249.3004, (-1.059811, 0.320715, 5.992373), (-0.048960, -0.053915, -0.019363, 0.997157)
249.3281, (-1.058222, 0.320859, 5.992509), (-0.048399, -0.044763, -0.021041, 0.997603)
249.3557, (-1.056430, 0.321064, 5.992685), (-0.049138, -0.035600, -0.021060, 0.997935)
249.3838, (-1.054699, 0.321431, 5.992840), (-0.051334, -0.025606, -0.022013, 0.998111)
249.4114, (-1.053536, 0.321629, 5.992940), (-0.053109, -0.014615, -0.023248, 0.998211)
249.4393, (-1.052197, 0.321549, 5.992849), (-0.052961, -0.005617, -0.023833, 0.998297)
249.4671, (-1.051023, 0.321526, 5.993003), (-0.053035, 0.002176, -0.023491, 0.998314)
249.495, (-1.050081, 0.321433, 5.992988), (-0.051993, 0.010664, -0.022424, 0.998339)
249.5228, (-1.049168, 0.321269, 5.992852), (-0.052294, 0.018189, -0.021542, 0.998234)
249.5505, (-1.048461, 0.321442, 5.992736), (-0.053225, 0.026148, -0.021307, 0.998013)
249.5784, (-1.047451, 0.321695, 5.992599), (-0.053519, 0.033282, -0.022004, 0.997770)
249.6063, (-1.047325, 0.321553, 5.992180), (-0.054284, 0.038220, -0.021344, 0.997566)
249.6342, (-1.047098, 0.321482, 5.991777), (-0.054258, 0.042837, -0.018662, 0.997433)
249.6621, (-1.046857, 0.321377, 5.991063), (-0.054393, 0.047486, -0.017300, 0.997240)
249.6898, (-1.046165, 0.321686, 5.990363), (-0.054930, 0.049481, -0.018845, 0.997086)
249.7177, (-1.045398, 0.321620, 5.989752), (-0.054520, 0.052855, -0.017659, 0.996957)
249.7455, (-1.044627, 0.322016, 5.988854), (-0.055569, 0.057411, -0.016906, 0.996660)
249.7733, (-1.043555, 0.322666, 5.987854), (-0.058192, 0.062164, -0.018110, 0.996204)
249.8011, (-1.042162, 0.323293, 5.986963), (-0.062249, 0.066988, -0.022049, 0.995566)
249.8292, (-1.041114, 0.323170, 5.986338), (-0.064419, 0.071038, -0.022837, 0.995130)
249.8569, (-1.040154, 0.323022, 5.985786), (-0.064563, 0.074367, -0.023407, 0.994864)
249.8847, (-1.039083, 0.322966, 5.985176), (-0.064393, 0.077829, -0.023856, 0.994599)
249.9125, (-1.038042, 0.322965, 5.984718), (-0.065493, 0.081956, -0.024273, 0.994186)
249.9405, (-1.037133, 0.322931, 5.984548), (-0.066459, 0.085357, -0.025194, 0.993812)
249.9682, (-1.036209, 0.322686, 5.984320), (-0.065367, 0.088262, -0.024837, 0.993640)
249.9962, (-1.035454, 0.322631, 5.983966), (-0.065071, 0.091601, -0.024639, 0.993362)
250.024, (-1.035101, 0.322636, 5.983500), (-0.065674, 0.092812, -0.025724, 0.993182)
250.0519, (-1.034500, 0.322409, 5.983442), (-0.065493, 0.094597, -0.025320, 0.993036)
250.0798, (-1.033894, 0.322505, 5.983159), (-0.064562, 0.096568, -0.024716, 0.992923)
250.1075, (-1.033291, 0.322710, 5.983011), (-0.064802, 0.098419, -0.025352, 0.992709)
250.1353, (-1.032696, 0.322815, 5.983089), (-0.065935, 0.100836, -0.026728, 0.992356)
250.1633, (-1.032065, 0.323028, 5.982987), (-0.066402, 0.102084, -0.026872, 0.992193)
250.1912, (-1.031741, 0.323003, 5.982981), (-0.067230, 0.103239, -0.026588, 0.992026)
250.2195, (-1.031338, 0.322892, 5.982899), (-0.066222, 0.103913, -0.025611, 0.992049)
250.2467, (-1.031053, 0.322947, 5.982967), (-0.065895, 0.105013, -0.025493, 0.991958)
250.2746, (-1.030584, 0.322944, 5.982924), (-0.066014, 0.105574, -0.026296, 0.991870)
250.3023, (-1.030226, 0.322870, 5.983045), (-0.065690, 0.106823, -0.026325, 0.991757)
250.3303, (-1.029953, 0.322868, 5.983093), (-0.065487, 0.107555, -0.026881, 0.991676)
250.358, (-1.029761, 0.322759, 5.983062), (-0.066031, 0.108913, -0.027237, 0.991482)
250.3858, (-1.029517, 0.322777, 5.983245), (-0.065824, 0.109258, -0.026957, 0.991465)
250.4136, (-1.029397, 0.322768, 5.983445), (-0.065480, 0.110063, -0.026779, 0.991404)
250.4416, (-1.029313, 0.322740, 5.983462), (-0.065845, 0.110122, -0.026295, 0.991386)
250.4693, (-1.029193, 0.322788, 5.983593), (-0.066086, 0.110948, -0.025812, 0.991291)
250.4972, (-1.029042, 0.322643, 5.983549), (-0.065576, 0.112422, -0.025593, 0.991164)
250.5252, (-1.028841, 0.322734, 5.983786), (-0.065979, 0.113613, -0.025318, 0.991009)
250.5529, (-1.028592, 0.322788, 5.983807), (-0.066654, 0.114920, -0.025620, 0.990805)
250.5807, (-1.028283, 0.322839, 5.983962), (-0.066670, 0.116146, -0.024818, 0.990681)
250.6084, (-1.028032, 0.322841, 5.984211), (-0.067431, 0.117770, -0.024628, 0.990443)
250.636, (-1.027732, 0.322868, 5.984362), (-0.066409, 0.118963, -0.025178, 0.990356)
250.6638, (-1.027346, 0.322828, 5.984836), (-0.065828, 0.120015, -0.024513, 0.990284)
250.6914, (-1.026999, 0.322854, 5.985218), (-0.066828, 0.121659, -0.025551, 0.989990)
250.7195, (-1.026902, 0.322716, 5.985566), (-0.067193, 0.123313, -0.024736, 0.989782)
250.7472, (-1.026668, 0.322648, 5.985630), (-0.065910, 0.124069, -0.023638, 0.989800)
250.7749, (-1.026602, 0.322575, 5.985929), (-0.065405, 0.124232, -0.023146, 0.989825)
250.8026, (-1.026578, 0.322526, 5.986208), (-0.064876, 0.123798, -0.022788, 0.989922)
250.8309, (-1.026508, 0.322407, 5.986466), (-0.065077, 0.123891, -0.022464, 0.989905)
250.8585, (-1.026293, 0.322457, 5.986899), (-0.065369, 0.124408, -0.023026, 0.989808)
250.8864, (-1.026245, 0.322324, 5.986999), (-0.066264, 0.124822, -0.023161, 0.989693)
250.914, (-1.026212, 0.322271, 5.987366), (-0.065624, 0.124871, -0.022872, 0.989736)
250.9417, (-1.026176, 0.322043, 5.987695), (-0.064241, 0.124392, -0.021935, 0.989909)
250.9694, (-1.026295, 0.322037, 5.988163), (-0.064482, 0.124580, -0.021402, 0.989881)
250.9973, (-1.026093, 0.322126, 5.988811), (-0.064906, 0.124267, -0.021560, 0.989889)
251.0251, (-1.026117, 0.321794, 5.989359), (-0.064712, 0.124646, -0.021397, 0.989858)
251.053, (-1.026158, 0.321520, 5.990062), (-0.063454, 0.124208, -0.021319, 0.989996)
251.0806, (-1.026300, 0.321114, 5.990535), (-0.062588, 0.123348, -0.020706, 0.990171)
251.1084, (-1.026368, 0.320973, 5.991260), (-0.061321, 0.122907, -0.019358, 0.990333)
251.1363, (-1.026441, 0.321086, 5.991844), (-0.060446, 0.121993, -0.019261, 0.990502)
251.1642, (-1.026711, 0.320977, 5.992357), (-0.060999, 0.120932, -0.019191, 0.990599)
251.1919, (-1.026715, 0.320904, 5.993329), (-0.060554, 0.119279, -0.019087, 0.990829)
251.2197, (-1.026888, 0.320810, 5.993854), (-0.060241, 0.117374, -0.019686, 0.991064)
251.2473, (-1.027170, 0.320598, 5.994688), (-0.059474, 0.115622, -0.020520, 0.991299)
251.2753, (-1.027719, 0.320113, 5.995469), (-0.057554, 0.112894, -0.020087, 0.991736)
251.3028, (-1.028203, 0.319556, 5.996158), (-0.054923, 0.110347, -0.018311, 0.992206)
251.3308, (-1.028489, 0.319640, 5.996959), (-0.053215, 0.108509, -0.017280, 0.992520)
251.3583, (-1.028788, 0.319796, 5.997560), (-0.053292, 0.105965, -0.016948, 0.992796)
251.3863, (-1.028807, 0.319864, 5.998562), (-0.053835, 0.103867, -0.016573, 0.992995)
251.4139, (-1.028795, 0.319741, 5.998996), (-0.054007, 0.101775, -0.017594, 0.993185)
251.4414, (-1.029111, 0.319564, 5.999675), (-0.053820, 0.099652, -0.018002, 0.993403)
251.4693, (-1.029355, 0.319486, 6.000299), (-0.051452, 0.096448, -0.017044, 0.993861)
251.4971, (-1.029595, 0.319057, 6.000810), (-0.050674, 0.093656, -0.017375, 0.994162)
251.5248, (-1.029543, 0.318896, 6.001604), (-0.048345, 0.090632, -0.017126, 0.994563)
251.5526, (-1.029635, 0.318899, 6.002162), (-0.048662, 0.088060, -0.017795, 0.994767)
251.5799, (-1.029875, 0.318739, 6.002903), (-0.048569, 0.084018, -0.018718, 0.995104)
251.6082, (-1.030666, 0.318413, 6.003632), (-0.046521, 0.077977, -0.017346, 0.995718)
251.6353, (-1.031232, 0.318189, 6.004147), (-0.044325, 0.071128, -0.017075, 0.996336)
251.6631, (-1.031857, 0.318133, 6.004511), (-0.043397, 0.065032, -0.017544, 0.996785)
251.6907, (-1.032949, 0.318119, 6.004548), (-0.042827, 0.057895, -0.018732, 0.997228)
251.7186, (-1.034181, 0.318148, 6.005156), (-0.041265, 0.050112, -0.019041, 0.997709)
251.7461, (-1.035774, 0.317909, 6.005518), (-0.041809, 0.040847, -0.019316, 0.998104)
251.7739, (-1.037179, 0.318106, 6.005925), (-0.040312, 0.030691, -0.019277, 0.998530)
251.8016, (-1.039265, 0.318536, 6.006328), (-0.039323, 0.018534, -0.019455, 0.998865)
251.8295, (-1.042064, 0.317976, 6.006590), (-0.038429, 0.002228, -0.020113, 0.999057)
251.8569, (-1.044716, 0.317388, 6.006870), (-0.036621, -0.010728, -0.017964, 0.999110)
251.8846, (-1.047436, 0.317460, 6.007386), (-0.035022, -0.024994, -0.016704, 0.998934)
251.9123, (-1.050825, 0.317313, 6.007576), (-0.031971, -0.040079, -0.014897, 0.998574)
251.9401, (-1.054243, 0.317232, 6.007547), (-0.032839, -0.056337, -0.013479, 0.997781)
251.9677, (-1.057081, 0.317277, 6.007680), (-0.030988, -0.074309, -0.011830, 0.996684)
251.9955, (-1.060105, 0.317484, 6.007557), (-0.029943, -0.089685, -0.011586, 0.995453)
252.0232, (-1.063017, 0.317324, 6.007030), (-0.030445, -0.104690, -0.012753, 0.993957)
252.0509, (-1.065766, 0.317154, 6.006615), (-0.028620, -0.117243, -0.011577, 0.992623)
252.0788, (-1.068457, 0.317174, 6.006368), (-0.026719, -0.129477, -0.010986, 0.991162)
252.1064, (-1.070925, 0.317188, 6.006417), (-0.026941, -0.142565, -0.011200, 0.989356)
252.1342, (-1.073061, 0.316906, 6.006022), (-0.025762, -0.153411, -0.010270, 0.987773)
252.1622, (-1.075096, 0.316721, 6.005673), (-0.023962, -0.163069, -0.008482, 0.986287)
252.1901, (-1.077122, 0.316904, 6.005534), (-0.022139, -0.171944, -0.008806, 0.984819)
252.2179, (-1.078865, 0.316744, 6.005458), (-0.021947, -0.179763, -0.008623, 0.983427)
252.2457, (-1.080709, 0.316656, 6.005144), (-0.021702, -0.186937, -0.008160, 0.982098)
252.2738, (-1.082592, 0.317103, 6.005048), (-0.019700, -0.194102, -0.007543, 0.980755)
252.3021, (-1.084092, 0.316849, 6.005114), (-0.019010, -0.201965, -0.008311, 0.979173)
252.3298, (-1.085733, 0.316712, 6.004560), (-0.017296, -0.211013, -0.007324, 0.977303)
252.3574, (-1.087548, 0.316551, 6.003900), (-0.014876, -0.219489, -0.005821, 0.975484)
252.3852, (-1.088726, 0.316180, 6.003910), (-0.014365, -0.227590, -0.004676, 0.973640)
252.4129, (-1.089879, 0.315905, 6.003069), (-0.014420, -0.234261, -0.003633, 0.972060)
252.4409, (-1.091175, 0.315769, 6.002191), (-0.013015, -0.242521, -0.004614, 0.970048)
252.4689, (-1.092416, 0.315452, 6.000931), (-0.011362, -0.250044, -0.002851, 0.968164)
252.4979, (-1.093263, 0.315181, 5.999887), (-0.008547, -0.258061, -0.001904, 0.966089)
252.5248, (-1.093393, 0.315584, 5.999064), (-0.008214, -0.264820, -0.002926, 0.964259)
252.5526, (-1.093255, 0.315898, 5.998488), (-0.010815, -0.268661, -0.005048, 0.963161)
252.5805, (-1.093152, 0.316587, 5.998487), (-0.013215, -0.270283, -0.007300, 0.962663)
252.6086, (-1.093082, 0.316852, 5.998187), (-0.016111, -0.271949, -0.009253, 0.962132)
252.6367, (-1.092813, 0.316846, 5.997529), (-0.017384, -0.274667, -0.010040, 0.961330)
252.6647, (-1.092886, 0.317064, 5.997248), (-0.016670, -0.277499, -0.011040, 0.960518)
252.6929, (-1.092428, 0.317334, 5.996628), (-0.016050, -0.279148, -0.010106, 0.960061)
252.7212, (-1.091739, 0.317843, 5.996331), (-0.017305, -0.282677, -0.010832, 0.958998)
252.7484, (-1.091156, 0.318242, 5.996588), (-0.018240, -0.282302, -0.013472, 0.959058)
252.776, (-1.090249, 0.318227, 5.996966), (-0.018772, -0.280033, -0.015246, 0.959686)
252.8041, (-1.089601, 0.317710, 5.997358), (-0.018935, -0.278359, -0.016148, 0.960155)
252.8317, (-1.088858, 0.317488, 5.997999), (-0.015904, -0.275698, -0.014762, 0.960999)
252.8594, (-1.088395, 0.316896, 5.999038), (-0.013645, -0.272455, -0.013042, 0.961983)
252.8873, (-1.087735, 0.316699, 5.999689), (-0.011998, -0.268378, -0.011667, 0.963168)
252.9152, (-1.086709, 0.316624, 6.000570), (-0.011580, -0.264989, -0.011584, 0.964112)
252.9429, (-1.085230, 0.316713, 6.001790), (-0.012021, -0.259323, -0.012958, 0.965629)
252.9708, (-1.083854, 0.316828, 6.002653), (-0.012134, -0.252303, -0.013016, 0.967485)
252.9985, (-1.082341, 0.316965, 6.003062), (-0.012703, -0.246245, -0.013653, 0.969028)
253.0262, (-1.080562, 0.316912, 6.003953), (-0.012378, -0.240874, -0.013832, 0.970379)
253.0539, (-1.079167, 0.317144, 6.004839), (-0.011853, -0.233512, -0.014278, 0.972177)
253.0816, (-1.077460, 0.317213, 6.005655), (-0.012382, -0.226195, -0.015291, 0.973883)
253.1093, (-1.075819, 0.317186, 6.006591), (-0.014706, -0.218022, -0.015092, 0.975716)
253.1372, (-1.074181, 0.317246, 6.007839), (-0.015095, -0.208077, -0.015610, 0.977871)
253.1647, (-1.072271, 0.317127, 6.009054), (-0.016071, -0.199503, -0.016591, 0.979625)
253.1922, (-1.070510, 0.316924, 6.010118), (-0.015538, -0.190987, -0.015570, 0.981346)
253.22, (-1.068690, 0.316473, 6.011146), (-0.014638, -0.181581, -0.014365, 0.983162)
253.2476, (-1.066571, 0.316263, 6.011986), (-0.014085, -0.170786, -0.014831, 0.985096)
253.2755, (-1.064090, 0.316235, 6.013117), (-0.014747, -0.158917, -0.015233, 0.987064)
253.3028, (-1.061764, 0.316505, 6.014402), (-0.016201, -0.144371, -0.016132, 0.989260)
253.3305, (-1.059448, 0.316679, 6.015411), (-0.018201, -0.128497, -0.015676, 0.991419)
253.3579, (-1.056323, 0.316151, 6.016871), (-0.020097, -0.111018, -0.016254, 0.993482)
253.3857, (-1.053512, 0.315609, 6.018253), (-0.019936, -0.092886, -0.015971, 0.995349)
253.4132, (-1.050766, 0.315345, 6.019427), (-0.018528, -0.074065, -0.014382, 0.996978)
253.4407, (-1.047973, 0.315404, 6.020354), (-0.017900, -0.054223, -0.015438, 0.998249)
253.4683, (-1.045161, 0.315161, 6.021421), (-0.017413, -0.036777, -0.015340, 0.999054)
253.4967, (-1.042336, 0.314591, 6.022163), (-0.015180, -0.018312, -0.014426, 0.999613)
253.5248, (-1.039449, 0.313871, 6.022438), (-0.014797, -0.000493, -0.013871, 0.999794)
253.552, (-1.036918, 0.313283, 6.022722), (-0.013576, 0.017406, -0.013505, 0.999665)
253.5798, (-1.034009, 0.312961, 6.022675), (-0.012151, 0.033194, -0.012897, 0.999292)
253.6073, (-1.031026, 0.312370, 6.022202), (-0.011933, 0.049584, -0.013031, 0.998614)
253.6355, (-1.028327, 0.312229, 6.022092), (-0.010702, 0.067093, -0.012892, 0.997606)
253.6635, (-1.025173, 0.312238, 6.021710), (-0.010460, 0.083117, -0.014619, 0.996378)
253.6909, (-1.022722, 0.312063, 6.019757), (-0.012794, 0.095921, -0.015827, 0.995181)
253.7186, (-1.020323, 0.311738, 6.018882), (-0.014386, 0.110190, -0.016549, 0.993669)
253.7464, (-1.018042, 0.311718, 6.017927), (-0.015198, 0.123609, -0.016998, 0.992069)
253.7746, (-1.015799, 0.311357, 6.016893), (-0.014489, 0.133370, -0.017084, 0.990813)
253.8027, (-1.013729, 0.311052, 6.015972), (-0.014541, 0.145690, -0.016357, 0.989088)
253.8308, (-1.011464, 0.310794, 6.015051), (-0.014674, 0.158714, -0.016393, 0.987080)
253.8599, (-1.010670, 0.311136, 6.013954), (-0.017228, 0.163872, -0.017476, 0.986177)
253.8869, (-1.009574, 0.310865, 6.013236), (-0.016534, 0.170383, -0.017453, 0.985085)
253.9147, (-1.008358, 0.310648, 6.012473), (-0.014659, 0.175110, -0.018015, 0.984275)
253.9425, (-1.007493, 0.310241, 6.011738), (-0.012654, 0.180446, -0.017752, 0.983344)
253.9703, (-1.006718, 0.309954, 6.011262), (-0.011628, 0.183686, -0.018556, 0.982741)
253.9983, (-1.006458, 0.309655, 6.010996), (-0.011062, 0.186586, -0.019682, 0.982179)
254.0262, (-1.006023, 0.309003, 6.010551), (-0.009088, 0.189035, -0.019352, 0.981738)
254.0542, (-1.005782, 0.308570, 6.009964), (-0.006268, 0.191253, -0.019412, 0.981329)
254.0819, (-1.005961, 0.308788, 6.009621), (-0.004712, 0.190226, -0.022221, 0.981478)
254.1098, (-1.006082, 0.308155, 6.009619), (-0.005151, 0.189417, -0.025738, 0.981546)
254.1377, (-1.006535, 0.307639, 6.009211), (-0.003700, 0.190238, -0.025936, 0.981388)
254.1656, (-1.006829, 0.307336, 6.008796), (-0.001696, 0.189558, -0.025831, 0.981528)
254.1933, (-1.008140, 0.308075, 6.009057), (-0.001582, 0.185798, -0.019330, 0.982397)
254.2212, (-1.008601, 0.308683, 6.008685), (-0.002415, 0.183474, -0.016155, 0.982889)
254.2489, (-1.008843, 0.309625, 6.008361), (-0.007424, 0.181930, -0.013951, 0.983185)
254.2767, (-1.009253, 0.309826, 6.008026), (-0.012924, 0.177263, -0.014809, 0.983967)
254.3043, (-1.010066, 0.309956, 6.007640), (-0.011719, 0.172274, -0.014735, 0.984869)
254.3322, (-1.010473, 0.309847, 6.007152), (-0.011027, 0.166324, -0.016068, 0.985879)
254.3597, (-1.010802, 0.309952, 6.006416), (-0.010918, 0.163630, -0.017571, 0.986305)
254.3876, (-1.011196, 0.310153, 6.005795), (-0.011674, 0.161043, -0.018082, 0.986713)
254.4156, (-1.011935, 0.310729, 6.005337), (-0.014783, 0.157905, -0.017833, 0.987183)
254.4433, (-1.012031, 0.311215, 6.005233), (-0.016983, 0.151781, -0.015663, 0.988144)
254.4708, (-1.011894, 0.311752, 6.005141), (-0.020086, 0.148751, -0.012763, 0.988588)
254.5049, (-1.011550, 0.312291, 6.004467), (-0.024832, 0.149595, -0.012620, 0.988355)
254.5321, (-1.011376, 0.312957, 6.003513), (-0.030557, 0.148705, -0.012047, 0.988336)
254.5658, (-1.011483, 0.312915, 6.002975), (-0.029859, 0.147642, -0.011747, 0.988520)
254.5986, (-1.011516, 0.313163, 6.002726), (-0.028449, 0.144614, -0.010475, 0.989024)
254.6309, (-1.011468, 0.313216, 6.002457), (-0.030320, 0.141907, -0.010332, 0.989362)
254.6616, (-1.011227, 0.313362, 6.001911), (-0.031315, 0.142211, -0.011448, 0.989275)
254.6905, (-1.010991, 0.313381, 6.000665), (-0.030076, 0.142056, -0.012903, 0.989318)
254.7189, (-1.010765, 0.313118, 6.000394), (-0.029879, 0.141612, -0.013894, 0.989374)
254.7477, (-1.010858, 0.313260, 6.000209), (-0.031631, 0.141528, -0.015830, 0.989302)
254.7751, (-1.010721, 0.313461, 5.999625), (-0.030987, 0.139915, -0.017233, 0.989529)
254.8029, (-1.010957, 0.313951, 5.999493), (-0.030767, 0.143067, -0.016012, 0.989105)
254.8307, (-1.011249, 0.314624, 5.999169), (-0.033609, 0.145525, -0.013771, 0.988688)
254.8586, (-1.011951, 0.315219, 5.998999), (-0.035289, 0.150049, -0.011528, 0.987981)
254.8862, (-1.012055, 0.315421, 5.998729), (-0.037926, 0.153203, -0.011119, 0.987404)
254.9139, (-1.012662, 0.315470, 5.998844), (-0.036896, 0.155921, -0.009334, 0.987036)
254.9417, (-1.013344, 0.315169, 5.999118), (-0.035147, 0.157096, -0.006790, 0.986934)
254.9697, (-1.014573, 0.314377, 5.999380), (-0.030164, 0.159685, -0.003800, 0.986700)
254.9976, (-1.015539, 0.314198, 5.998980), (-0.029387, 0.162270, -0.001812, 0.986307)
255.0253, (-1.016422, 0.314104, 5.998733), (-0.030451, 0.164578, 0.000013, 0.985894)
255.0532, (-1.016908, 0.313998, 5.998648), (-0.030692, 0.166173, 0.002504, 0.985616)
255.0812, (-1.017414, 0.313908, 5.998489), (-0.030609, 0.167862, 0.004433, 0.985326)
255.1092, (-1.017998, 0.313878, 5.997864), (-0.030309, 0.170035, 0.006337, 0.984952)
255.1368, (-1.018300, 0.313978, 5.997332), (-0.030551, 0.171805, 0.007580, 0.984628)
255.1647, (-1.018587, 0.314059, 5.996771), (-0.031848, 0.173795, 0.008724, 0.984228)
255.1924, (-1.018555, 0.314075, 5.996501), (-0.031541, 0.174442, 0.008880, 0.984122)
255.2202, (-1.018829, 0.314054, 5.996199), (-0.031285, 0.174886, 0.009960, 0.984041)
255.2481, (-1.018715, 0.314081, 5.996038), (-0.031469, 0.175019, 0.010153, 0.984010)
255.2758, (-1.018422, 0.314059, 5.995894), (-0.031340, 0.175249, 0.010353, 0.983971)
255.3039, (-1.018025, 0.313931, 5.995673), (-0.031389, 0.176419, 0.010381, 0.983760)
255.3317, (-1.017414, 0.313830, 5.995543), (-0.031552, 0.176459, 0.010711, 0.983744)
255.3595, (-1.016716, 0.313683, 5.995414), (-0.030836, 0.176695, 0.010721, 0.983724)
255.3871, (-1.015590, 0.313483, 5.995081), (-0.030674, 0.176152, 0.009991, 0.983834)
255.415, (-1.014971, 0.313619, 5.994844), (-0.030828, 0.176331, 0.009923, 0.983798)
255.4427, (-1.014281, 0.313878, 5.994507), (-0.031691, 0.176175, 0.009505, 0.983803)
255.4706, (-1.013446, 0.313873, 5.994430), (-0.032810, 0.175265, 0.008562, 0.983937)
255.4986, (-1.012806, 0.313820, 5.994273), (-0.031559, 0.174342, 0.008288, 0.984144)
255.5264, (-1.012136, 0.313730, 5.994195), (-0.031661, 0.172868, 0.008256, 0.984402)
255.5542, (-1.011324, 0.313929, 5.994298), (-0.032668, 0.171877, 0.006994, 0.984552)
255.582, (-1.010535, 0.314024, 5.994741), (-0.033268, 0.169366, 0.005752, 0.984975)
255.6102, (-1.010236, 0.313805, 5.995110), (-0.032866, 0.166543, 0.006277, 0.985466)
255.638, (-1.009786, 0.313581, 5.995215), (-0.031949, 0.163254, 0.006059, 0.986048)
255.6651, (-1.009253, 0.313066, 5.995722), (-0.029288, 0.160146, 0.005595, 0.986643)
255.6929, (-1.008882, 0.312753, 5.996298), (-0.026049, 0.157572, 0.005790, 0.987147)
255.7207, (-1.008585, 0.312419, 5.996754), (-0.024653, 0.155551, 0.005318, 0.987506)
255.7486, (-1.008408, 0.312622, 5.997291), (-0.023309, 0.153508, 0.004081, 0.987864)
255.7762, (-1.008316, 0.312665, 5.997691), (-0.023042, 0.151573, 0.003697, 0.988171)
255.8039, (-1.007924, 0.312765, 5.998093), (-0.022752, 0.150271, 0.002455, 0.988380)
255.8317, (-1.007513, 0.312855, 5.998479), (-0.022426, 0.148823, 0.002257, 0.988607)
255.8594, (-1.007291, 0.312976, 5.998866), (-0.021972, 0.148332, 0.001491, 0.988693)
255.8878, (-1.006775, 0.312629, 5.999349), (-0.021944, 0.147514, 0.001136, 0.988816)
255.915, (-1.006304, 0.312506, 6.000066), (-0.021072, 0.148586, 0.000719, 0.988675)
255.9427, (-1.005980, 0.312409, 6.000669), (-0.020750, 0.149169, -0.001201, 0.988593)
255.9705, (-1.005954, 0.312230, 6.001331), (-0.018727, 0.149390, -0.001145, 0.988601)
255.9983, (-1.005730, 0.312048, 6.002030), (-0.017369, 0.148234, 0.000089, 0.988800)
256.0262, (-1.005461, 0.312129, 6.002743), (-0.016865, 0.146972, -0.000047, 0.988997)
256.054, (-1.005167, 0.311957, 6.003386), (-0.017191, 0.146723, -0.001305, 0.989028)
256.0819, (-1.005070, 0.311266, 6.003867), (-0.015650, 0.145924, -0.002021, 0.989170)
256.1096, (-1.004874, 0.310764, 6.004269), (-0.012286, 0.146078, -0.002297, 0.989194)
256.1374, (-1.004861, 0.310779, 6.004707), (-0.010450, 0.146565, -0.002512, 0.989143)
256.1652, (-1.004814, 0.310427, 6.005033), (-0.009819, 0.145754, -0.002914, 0.989268)
256.193, (-1.004850, 0.310134, 6.005429), (-0.008612, 0.145808, -0.003135, 0.989271)
256.2207, (-1.005008, 0.309764, 6.005467), (-0.007541, 0.145822, -0.003180, 0.989277)
256.2485, (-1.004902, 0.309484, 6.005793), (-0.005240, 0.145301, -0.003620, 0.989367)
256.2762, (-1.005016, 0.309183, 6.005817), (-0.003320, 0.145974, -0.004254, 0.989274)
256.304, (-1.005192, 0.308817, 6.005889), (-0.002214, 0.146069, -0.005049, 0.989259)
256.3318, (-1.005426, 0.308412, 6.006035), (0.000059, 0.146451, -0.005665, 0.989202)
256.3596, (-1.005792, 0.307968, 6.006233), (0.002252, 0.146338, -0.005798, 0.989215)
256.3874, (-1.006579, 0.307353, 6.006497), (0.004407, 0.146289, -0.005248, 0.989218)
256.4152, (-1.007238, 0.307076, 6.006751), (0.006808, 0.146003, -0.004454, 0.989251)
256.443, (-1.007842, 0.306824, 6.006957), (0.008258, 0.146131, -0.003465, 0.989225)
256.4708, (-1.008481, 0.306509, 6.007117), (0.009619, 0.147112, -0.002906, 0.989069)
256.4992, (-1.009137, 0.306167, 6.007293), (0.010900, 0.147433, -0.001354, 0.989011)
256.5265, (-1.009913, 0.305995, 6.007269), (0.011382, 0.147585, -0.000048, 0.988984)
256.5543, (-1.010359, 0.305929, 6.007333), (0.011496, 0.146906, 0.001544, 0.989083)
256.5821, (-1.010903, 0.305976, 6.006977), (0.011250, 0.146210, 0.001813, 0.989188)
256.6095, (-1.011194, 0.306192, 6.006445), (0.009837, 0.145041, -0.000044, 0.989377)
256.6374, (-1.011498, 0.305771, 6.006433), (0.007968, 0.141702, -0.001176, 0.989877)
256.6652, (-1.011966, 0.305607, 6.006483), (0.009906, 0.139896, -0.001898, 0.990115)
256.6929, (-1.012270, 0.305274, 6.005903), (0.011736, 0.138216, -0.003203, 0.990328)
256.7209, (-1.012611, 0.305010, 6.005263), (0.012724, 0.137862, -0.003720, 0.990363)
256.7485, (-1.012845, 0.304802, 6.004900), (0.012971, 0.138868, -0.004530, 0.990216)
256.7761, (-1.012997, 0.304698, 6.004655), (0.014166, 0.138108, -0.004528, 0.990306)
256.8039, (-1.013364, 0.304544, 6.004743), (0.014806, 0.136489, -0.004799, 0.990519)
256.8318, (-1.013705, 0.304597, 6.004395), (0.015604, 0.133891, -0.004938, 0.990861)
256.8598, (-1.014007, 0.304386, 6.004200), (0.016845, 0.132304, -0.004912, 0.991054)
256.8878, (-1.014257, 0.304271, 6.004143), (0.017463, 0.131815, -0.005110, 0.991107)
256.9155, (-1.014461, 0.303938, 6.004051), (0.019131, 0.131367, -0.005295, 0.991135)
256.9431, (-1.014685, 0.303679, 6.003906), (0.021168, 0.129918, -0.005722, 0.991282)
256.9707, (-1.014857, 0.303269, 6.003895), (0.022807, 0.127934, -0.005985, 0.991503)
256.9983, (-1.014953, 0.302836, 6.003991), (0.024555, 0.126024, -0.007160, 0.991698)
257.0256, (-1.015136, 0.302453, 6.003944), (0.026061, 0.124478, -0.007614, 0.991851)
257.0547, (-1.015613, 0.301654, 6.004313), (0.026555, 0.122844, -0.011307, 0.992006)
257.0818, (-1.016188, 0.301349, 6.004098), (0.031426, 0.120226, -0.011032, 0.992188)
257.1089, (-1.017023, 0.300284, 6.004620), (0.035794, 0.115125, -0.009933, 0.992656)
257.1814, (-1.017427, 0.299781, 6.005006), (0.038679, 0.111763, -0.008080, 0.992949)
