43.59555, (0.068702, 0.086436, 3.625876), (-0.147623, 0.107638, -0.051797, 0.981804)
43.6096, (0.110276, 0.085288, 3.634076), (-0.145574, 0.110136, -0.052393, 0.981801)
43.62364, (0.152427, 0.082635, 3.644506), (-0.144183, 0.111679, -0.053100, 0.981794)
43.63741, (0.190268, 0.083586, 3.654844), (-0.142343, 0.112332, -0.054427, 0.981915)
43.65124, (0.228072, 0.082473, 3.666866), (-0.141649, 0.112664, -0.055208, 0.981934)
43.66508, (0.264131, 0.080526, 3.681093), (-0.141188, 0.112126, -0.056129, 0.982010)
43.67929, (0.298992, 0.077713, 3.694823), (-0.140398, 0.112114, -0.057021, 0.982073)
43.69291, (0.333980, 0.072966, 3.710190), (-0.139770, 0.111608, -0.057293, 0.982205)
43.70686, (0.365236, 0.067289, 3.726928), (-0.138583, 0.110901, -0.057393, 0.982447)
43.7208, (0.395941, 0.063164, 3.743152), (-0.137264, 0.109922, -0.058106, 0.982700)
43.73465, (0.424721, 0.059866, 3.760940), (-0.135399, 0.108785, -0.059313, 0.983013)
43.74872, (0.452733, 0.055087, 3.780187), (-0.133335, 0.107383, -0.061079, 0.983341)
43.76276, (0.479862, 0.049016, 3.800182), (-0.130852, 0.105823, -0.063322, 0.983702)
43.77671, (0.507709, 0.042998, 3.820145), (-0.128836, 0.104390, -0.065024, 0.984010)
43.79052, (0.531244, 0.038118, 3.840737), (-0.126514, 0.102765, -0.067295, 0.984330)
43.8046, (0.553853, 0.037256, 3.861504), (-0.123780, 0.101882, -0.068594, 0.984679)
43.81824, (0.574549, 0.034336, 3.882907), (-0.122619, 0.100613, -0.069835, 0.984868)
43.8321, (0.597240, 0.034459, 3.903602), (-0.120910, 0.098877, -0.070665, 0.985196)
43.84592, (0.617619, 0.032747, 3.924871), (-0.119416, 0.097317, -0.071872, 0.985446)
43.85969, (0.635175, 0.031694, 3.945462), (-0.117423, 0.095744, -0.072823, 0.985770)
43.87364, (0.651186, 0.033823, 3.962506), (-0.115264, 0.094462, -0.073886, 0.986069)
43.88727, (0.664856, 0.034460, 3.979347), (-0.114322, 0.093062, -0.075349, 0.986201)
43.90153, (0.679852, 0.033951, 3.994256), (-0.114132, 0.091644, -0.076794, 0.986244)
43.91509, (0.695060, 0.032629, 4.010494), (-0.113545, 0.090308, -0.077886, 0.986350)
43.92885, (0.706271, 0.030137, 4.025948), (-0.112993, 0.089292, -0.077812, 0.986512)
43.94279, (0.716696, 0.028133, 4.039290), (-0.112347, 0.087824, -0.077853, 0.986714)
43.95665, (0.728344, 0.026240, 4.053853), (-0.112143, 0.085908, -0.078368, 0.986865)
43.97057, (0.740641, 0.024035, 4.069773), (-0.112543, 0.083969, -0.079332, 0.986909)
43.98444, (0.752970, 0.020561, 4.087331), (-0.112632, 0.082542, -0.080450, 0.986929)
43.99842, (0.765210, 0.014834, 4.102722), (-0.112836, 0.081098, -0.081286, 0.986957)
44.01225, (0.775592, 0.004936, 4.120670), (-0.112433, 0.079609, -0.081628, 0.987096)
44.02611, (0.786888, -0.001940, 4.138093), (-0.111072, 0.078014, -0.082786, 0.987281)
44.04002, (0.799716, -0.007250, 4.157093), (-0.109225, 0.075965, -0.084596, 0.987493)
44.05419, (0.812916, -0.012084, 4.177188), (-0.108051, 0.074059, -0.086367, 0.987614)
44.06792, (0.827553, -0.019223, 4.199774), (-0.107447, 0.072310, -0.088908, 0.987584)
44.0819, (0.841564, -0.026952, 4.221463), (-0.106615, 0.070716, -0.090848, 0.987613)
44.09559, (0.857457, -0.035851, 4.247064), (-0.104530, 0.069809, -0.093296, 0.987672)
44.10936, (0.873324, -0.041617, 4.270347), (-0.101754, 0.068851, -0.095758, 0.987794)
44.12325, (0.889498, -0.046006, 4.293351), (-0.099102, 0.068249, -0.097762, 0.987909)
44.13708, (0.904335, -0.048609, 4.316340), (-0.096986, 0.067009, -0.099577, 0.988022)
44.15102, (0.916623, -0.050174, 4.338986), (-0.094829, 0.065804, -0.102275, 0.988037)
44.16484, (0.926938, -0.052000, 4.359066), (-0.093044, 0.064529, -0.104893, 0.988016)
44.17867, (0.935170, -0.051986, 4.374125), (-0.091516, 0.063616, -0.107066, 0.987985)
44.1926, (0.946281, -0.052263, 4.389594), (-0.090387, 0.061997, -0.107957, 0.988095)
44.20686, (0.958993, -0.050100, 4.404378), (-0.089796, 0.060303, -0.107645, 0.988288)
44.22051, (0.968604, -0.049421, 4.417853), (-0.090560, 0.059114, -0.107074, 0.988352)
44.23419, (0.979299, -0.048636, 4.428772), (-0.092751, 0.057052, -0.106810, 0.988299)
44.24819, (0.989602, -0.046645, 4.440290), (-0.093878, 0.055124, -0.107048, 0.988276)
44.26198, (1.000784, -0.048120, 4.451818), (-0.095507, 0.053130, -0.107834, 0.988143)
44.27588, (1.012919, -0.050149, 4.461240), (-0.097377, 0.050761, -0.108815, 0.987978)
44.28971, (1.025565, -0.051876, 4.471780), (-0.098296, 0.048680, -0.109795, 0.987883)
44.30363, (1.040877, -0.057548, 4.480206), (-0.098578, 0.046189, -0.111191, 0.987819)
44.31795, (1.056871, -0.064813, 4.487614), (-0.098712, 0.044282, -0.112552, 0.987738)
44.33188, (1.074689, -0.070724, 4.495687), (-0.098012, 0.042218, -0.114018, 0.987730)
44.34565, (1.094759, -0.077243, 4.501235), (-0.097328, 0.040513, -0.115246, 0.987727)
44.35972, (1.115819, -0.080975, 4.508689), (-0.096112, 0.038776, -0.117746, 0.987621)
44.37334, (1.135754, -0.085263, 4.516059), (-0.095355, 0.037223, -0.120250, 0.987452)
44.38709, (1.161201, -0.090960, 4.520864), (-0.095150, 0.037072, -0.123841, 0.987034)
44.40085, (1.187540, -0.095887, 4.523331), (-0.095228, 0.036984, -0.126410, 0.986704)
44.41484, (1.213629, -0.101283, 4.527461), (-0.095634, 0.036497, -0.128494, 0.986414)
44.42874, (1.238196, -0.106043, 4.531673), (-0.095707, 0.035661, -0.130263, 0.986205)
44.44258, (1.261712, -0.111038, 4.537012), (-0.095646, 0.034592, -0.132258, 0.985983)
44.45661, (1.299937, -0.113509, 4.528359), (-0.096625, 0.035485, -0.134306, 0.985579)
44.47047, (1.328429, -0.119578, 4.528294), (-0.097522, 0.035284, -0.136130, 0.985248)
44.48446, (1.357382, -0.125377, 4.527002), (-0.097517, 0.035414, -0.138756, 0.984877)
44.49794, (1.385475, -0.131689, 4.525975), (-0.097767, 0.034984, -0.141143, 0.984529)
44.51177, (1.413924, -0.135719, 4.525679), (-0.097868, 0.034795, -0.143744, 0.984149)
44.52588, (1.443812, -0.140613, 4.523019), (-0.098557, 0.034875, -0.146231, 0.983711)
44.53986, (1.473920, -0.144037, 4.522263), (-0.099986, 0.035237, -0.148646, 0.983192)
44.55352, (1.502888, -0.147317, 4.521814), (-0.100498, 0.035664, -0.150702, 0.982811)
44.56736, (1.526388, -0.152124, 4.521334), (-0.101449, 0.036782, -0.152278, 0.982429)
44.58136, (1.550646, -0.156025, 4.517749), (-0.101006, 0.036106, -0.154537, 0.982147)
44.59549, (1.572722, -0.160400, 4.512896), (-0.101109, 0.035470, -0.155858, 0.981951)
44.60937, (1.594353, -0.163392, 4.510811), (-0.101217, 0.034899, -0.156835, 0.981805)
44.62376, (1.615644, -0.167018, 4.509382), (-0.101996, 0.034010, -0.157690, 0.981618)
44.63717, (1.636996, -0.170943, 4.508247), (-0.102937, 0.033071, -0.159089, 0.981326)
44.65106, (1.653688, -0.174093, 4.504741), (-0.103225, 0.032482, -0.160338, 0.981112)
44.66515, (1.669910, -0.176489, 4.499251), (-0.102618, 0.031485, -0.161373, 0.981039)
44.67862, (1.684553, -0.179404, 4.493492), (-0.102778, 0.030561, -0.161722, 0.980994)
44.69264, (1.697930, -0.179668, 4.489566), (-0.102651, 0.029462, -0.161377, 0.981098)
44.70637, (1.710695, -0.180844, 4.486275), (-0.103375, 0.028840, -0.161120, 0.981082)
44.72031, (1.723682, -0.182034, 4.482376), (-0.103785, 0.028165, -0.161692, 0.980964)
44.73418, (1.731331, -0.183507, 4.475655), (-0.104308, 0.027552, -0.161900, 0.980892)
44.74799, (1.739415, -0.184341, 4.467256), (-0.104296, 0.026920, -0.162679, 0.980782)
44.76207, (1.747189, -0.185078, 4.460541), (-0.104520, 0.025613, -0.163013, 0.980738)
44.77606, (1.753013, -0.183383, 4.454203), (-0.105066, 0.024815, -0.163291, 0.980654)
44.78973, (1.758487, -0.182351, 4.445981), (-0.105705, 0.023721, -0.163557, 0.980568)
44.80376, (1.761636, -0.183302, 4.437757), (-0.106387, 0.022732, -0.163819, 0.980474)
44.81763, (1.759674, -0.184230, 4.425628), (-0.106105, 0.021701, -0.163717, 0.980545)
44.83146, (1.758414, -0.184830, 4.413384), (-0.106190, 0.020733, -0.163780, 0.980546)
44.84542, (1.756931, -0.184416, 4.401146), (-0.106662, 0.019672, -0.164331, 0.980424)
44.85935, (1.755865, -0.183144, 4.389313), (-0.107275, 0.018463, -0.164578, 0.980340)
44.8734, (1.752053, -0.182496, 4.375188), (-0.108398, 0.017755, -0.164427, 0.980254)
44.88719, (1.751009, -0.182958, 4.363256), (-0.109133, 0.016793, -0.164548, 0.980169)
44.90103, (1.740660, -0.181234, 4.346363), (-0.109969, 0.015754, -0.164206, 0.980151)
44.91535, (1.732109, -0.180149, 4.330007), (-0.110528, 0.014919, -0.164044, 0.980128)
44.92895, (1.724256, -0.178758, 4.314481), (-0.111079, 0.013939, -0.163799, 0.980121)
44.9427, (1.715278, -0.178431, 4.300030), (-0.112288, 0.013596, -0.163265, 0.980077)
44.95658, (1.706393, -0.178105, 4.286704), (-0.112906, 0.013058, -0.163049, 0.980050)
44.97057, (1.695409, -0.178474, 4.273539), (-0.113661, 0.012897, -0.162991, 0.979974)
44.98456, (1.684232, -0.178462, 4.261361), (-0.113620, 0.012435, -0.163143, 0.979959)
44.99833, (1.669679, -0.177436, 4.250359), (-0.112901, 0.011984, -0.161942, 0.980247)
45.0122, (1.655894, -0.174511, 4.240558), (-0.111657, 0.011935, -0.161440, 0.980473)
45.02618, (1.641405, -0.169567, 4.232543), (-0.110225, 0.012575, -0.160259, 0.980821)
45.04034, (1.624477, -0.165559, 4.225382), (-0.109035, 0.013248, -0.159354, 0.981092)
45.05401, (1.605328, -0.163139, 4.217891), (-0.107706, 0.013706, -0.157682, 0.981503)
45.06781, (1.582932, -0.158347, 4.211683), (-0.104076, 0.014084, -0.155795, 0.982190)
45.08173, (1.560835, -0.156665, 4.203698), (-0.101204, 0.014243, -0.153858, 0.982793)
45.09566, (1.534026, -0.153726, 4.199389), (-0.097354, 0.014506, -0.149916, 0.983787)
45.10958, (1.509929, -0.149638, 4.192784), (-0.094785, 0.015056, -0.147994, 0.984321)
45.12354, (1.480126, -0.145259, 4.187892), (-0.090964, 0.014669, -0.144177, 0.985253)
45.13744, (1.445175, -0.143963, 4.180952), (-0.086345, 0.013537, -0.139651, 0.986336)
45.15145, (1.415167, -0.143379, 4.173612), (-0.082215, 0.012098, -0.136176, 0.987193)
45.1653, (1.378172, -0.139282, 4.165431), (-0.076005, 0.009663, -0.130988, 0.988419)
45.17912, (1.342189, -0.142700, 4.155056), (-0.072260, 0.007422, -0.127239, 0.989209)
45.19308, (1.302863, -0.136887, 4.146558), (-0.067653, 0.005261, -0.121586, 0.990259)
45.20696, (1.263526, -0.138135, 4.137136), (-0.063538, 0.003350, -0.116329, 0.991171)
45.22119, (1.223244, -0.136294, 4.126282), (-0.058247, 0.001919, -0.111605, 0.992042)
45.23482, (1.184105, -0.135957, 4.114020), (-0.054069, 0.000362, -0.106670, 0.992823)
45.24902, (1.141332, -0.137659, 4.100682), (-0.050302, -0.001228, -0.100964, 0.993617)
45.2626, (1.098638, -0.137838, 4.087190), (-0.047058, -0.002373, -0.095190, 0.994343)
45.27652, (1.058093, -0.132672, 4.074255), (-0.041940, -0.003742, -0.088559, 0.995181)
45.29073, (1.015688, -0.134057, 4.058725), (-0.037345, -0.004989, -0.082639, 0.995867)
45.30449, (0.970462, -0.135447, 4.040498), (-0.032744, -0.005702, -0.076959, 0.996480)
45.31836, (0.925542, -0.137705, 4.021712), (-0.028183, -0.006519, -0.072001, 0.996985)
45.33234, (0.879786, -0.135344, 3.999662), (-0.025759, -0.007336, -0.067182, 0.997381)
45.34614, (0.836275, -0.132368, 3.983157), (-0.022887, -0.009142, -0.061707, 0.997790)
45.36008, (0.791049, -0.135002, 3.961388), (-0.020864, -0.010058, -0.056301, 0.998145)
45.37461, (0.747306, -0.136126, 3.942369), (-0.017697, -0.011026, -0.050466, 0.998508)
45.38806, (0.702760, -0.141093, 3.923940), (-0.014294, -0.011504, -0.045060, 0.998816)
45.40201, (0.657618, -0.142987, 3.901260), (-0.010585, -0.010166, -0.039999, 0.999092)
45.416, (0.612385, -0.143769, 3.879236), (-0.007497, -0.008651, -0.036352, 0.999274)
45.4301, (0.576169, -0.141645, 3.858146), (-0.003714, -0.006523, -0.033025, 0.999426)
45.444, (0.540541, -0.146560, 3.847999), (-0.004257, -0.002939, -0.030342, 0.999526)
45.45769, (0.500341, -0.141980, 3.837502), (-0.004472, -0.000221, -0.027944, 0.999600)
45.47166, (0.460542, -0.139147, 3.823376), (-0.005832, 0.002033, -0.025995, 0.999643)
45.4855, (0.419054, -0.129067, 3.815604), (-0.003452, 0.005690, -0.023917, 0.999692)
45.49954, (0.393620, -0.133264, 3.798378), (-0.000852, 0.006569, -0.020876, 0.999760)
45.51359, (0.352454, -0.136772, 3.782322), (0.003298, 0.010793, -0.017822, 0.999778)
45.52813, (0.326412, -0.148870, 3.767187), (0.003288, 0.013755, -0.013207, 0.999813)
45.54128, (0.288952, -0.156184, 3.747424), (0.003356, 0.017073, -0.010699, 0.999791)
45.55517, (0.258268, -0.155147, 3.732446), (0.003631, 0.018716, -0.010140, 0.999767)
45.56946, (0.220099, -0.155155, 3.719674), (0.001392, 0.021559, -0.009710, 0.999719)
45.58329, (0.193604, -0.147387, 3.708174), (-0.002255, 0.022287, -0.010471, 0.999694)
45.59748, (0.163573, -0.144997, 3.697324), (-0.004483, 0.023622, -0.010270, 0.999658)
45.6111, (0.138282, -0.137638, 3.682993), (-0.006652, 0.024584, -0.006600, 0.999654)
45.62502, (0.104656, -0.140662, 3.673722), (-0.006281, 0.028340, -0.009852, 0.999530)
45.63886, (0.076244, -0.145203, 3.660430), (-0.006158, 0.030014, -0.008636, 0.999493)
45.65308, (0.044572, -0.150448, 3.644450), (-0.007826, 0.030914, -0.006571, 0.999470)
45.66631, (0.010577, -0.146467, 3.629184), (-0.006794, 0.031945, -0.005332, 0.999452)
45.68063, (-0.023480, -0.142807, 3.611140), (-0.006967, 0.031895, -0.004762, 0.999456)
45.69467, (-0.060712, -0.142570, 3.593481), (-0.009890, 0.030768, -0.002578, 0.999474)
45.7086, (-0.093452, -0.132279, 3.582767), (-0.009019, 0.031502, -0.003989, 0.999455)
45.72197, (-0.128043, -0.136693, 3.566318), (-0.013990, 0.032464, -0.000524, 0.999375)
45.73586, (-0.162951, -0.131131, 3.550231), (-0.014283, 0.033094, 0.002345, 0.999347)
45.74962, (-0.198842, -0.126216, 3.537537), (-0.013290, 0.033885, 0.005154, 0.999324)
45.7641, (-0.236355, -0.126656, 3.525231), (-0.013525, 0.034011, 0.008483, 0.999294)
45.77754, (-0.272837, -0.127989, 3.511967), (-0.014092, 0.034108, 0.011448, 0.999253)
45.79151, (-0.310539, -0.124793, 3.497305), (-0.014091, 0.034455, 0.013296, 0.999219)
45.80526, (-0.346685, -0.125074, 3.482885), (-0.015376, 0.034729, 0.015329, 0.999161)
45.8196, (-0.383095, -0.125848, 3.468505), (-0.017658, 0.034814, 0.018210, 0.999072)
45.83315, (-0.420013, -0.124842, 3.457531), (-0.019443, 0.034737, 0.020598, 0.998995)
45.84716, (-0.457947, -0.123706, 3.447582), (-0.021458, 0.033993, 0.022067, 0.998948)
45.86098, (-0.494354, -0.123788, 3.438174), (-0.023475, 0.033490, 0.023111, 0.998896)
45.87533, (-0.530675, -0.122851, 3.426073), (-0.024471, 0.033299, 0.023926, 0.998859)
45.88934, (-0.566441, -0.124856, 3.413829), (-0.025097, 0.033309, 0.025489, 0.998805)
45.90307, (-0.602927, -0.128151, 3.402573), (-0.024864, 0.033957, 0.027463, 0.998736)
45.9171, (-0.639044, -0.133792, 3.392037), (-0.025769, 0.034528, 0.030393, 0.998609)
45.93116, (-0.674550, -0.136449, 3.381986), (-0.025922, 0.035905, 0.033031, 0.998473)
45.94464, (-0.709371, -0.137304, 3.372644), (-0.025492, 0.036899, 0.035261, 0.998371)
45.95863, (-0.745971, -0.138987, 3.366100), (-0.025787, 0.040085, 0.035951, 0.998216)
45.97224, (-0.785284, -0.141264, 3.358624), (-0.027215, 0.042361, 0.037536, 0.998026)
45.98685, (-0.822921, -0.143298, 3.349271), (-0.028583, 0.043698, 0.039366, 0.997860)
45.9999, (-0.859142, -0.144794, 3.344426), (-0.029494, 0.045249, 0.041298, 0.997686)
46.01371, (-0.896384, -0.148586, 3.339357), (-0.030050, 0.047613, 0.043646, 0.997459)
46.02753, (-0.931102, -0.151914, 3.332339), (-0.030701, 0.049099, 0.046019, 0.997261)
46.042, (-0.968002, -0.157616, 3.325374), (-0.030660, 0.050878, 0.048554, 0.997053)
46.05538, (-1.002609, -0.167381, 3.318067), (-0.030413, 0.052644, 0.051225, 0.996835)
46.06937, (-1.033835, -0.174276, 3.309272), (-0.030696, 0.054136, 0.052481, 0.996681)
46.0831, (-1.061117, -0.175418, 3.299737), (-0.029892, 0.056589, 0.052860, 0.996549)
46.09789, (-1.088056, -0.177597, 3.292722), (-0.030210, 0.060363, 0.052458, 0.996339)
46.11106, (-1.114634, -0.186702, 3.284131), (-0.030745, 0.061404, 0.053264, 0.996217)
46.12506, (-1.142161, -0.194823, 3.274037), (-0.029361, 0.062733, 0.049579, 0.996366)
46.1388, (-1.167414, -0.200474, 3.263664), (-0.028853, 0.063908, 0.050035, 0.996283)
46.15298, (-1.190045, -0.209270, 3.245855), (-0.024514, 0.065750, 0.049149, 0.996324)
46.16669, (-1.212991, -0.214773, 3.231289), (-0.023725, 0.067516, 0.048462, 0.996258)
46.1804, (-1.235011, -0.225123, 3.215477), (-0.025069, 0.070697, 0.049670, 0.995945)
46.19421, (-1.257827, -0.233719, 3.201898), (-0.025419, 0.073537, 0.049913, 0.995718)
46.20846, (-1.282099, -0.240440, 3.187990), (-0.026150, 0.075799, 0.049016, 0.995574)
46.22223, (-1.308085, -0.245358, 3.172205), (-0.026816, 0.077025, 0.047852, 0.995519)
46.2361, (-1.332009, -0.254101, 3.154073), (-0.027149, 0.078847, 0.047348, 0.995392)
46.24992, (-1.353796, -0.263835, 3.135427), (-0.026323, 0.081258, 0.048152, 0.995181)
46.26435, (-1.374939, -0.269352, 3.115385), (-0.025065, 0.083965, 0.049293, 0.994933)
46.27773, (-1.395085, -0.271760, 3.098426), (-0.024719, 0.087007, 0.048756, 0.994707)
46.29178, (-1.414977, -0.274994, 3.082119), (-0.026681, 0.089621, 0.047854, 0.994468)
46.3056, (-1.432733, -0.273294, 3.065184), (-0.029433, 0.091971, 0.045549, 0.994284)
46.31976, (-1.453101, -0.281599, 3.042827), (-0.034159, 0.095319, 0.043311, 0.993917)
46.33324, (-1.469866, -0.288144, 3.021645), (-0.037521, 0.097314, 0.041646, 0.993674)
46.34723, (-1.487956, -0.299767, 2.992938), (-0.040086, 0.099436, 0.040179, 0.993424)
46.36101, (-1.506609, -0.312629, 2.965390), (-0.041808, 0.101435, 0.039244, 0.993188)
46.37529, (-1.526264, -0.322594, 2.933613), (-0.041747, 0.102924, 0.036558, 0.993140)
46.38881, (-1.541778, -0.330329, 2.901553), (-0.041216, 0.105048, 0.033701, 0.993041)
46.40276, (-1.555137, -0.339975, 2.871256), (-0.040542, 0.107797, 0.031741, 0.992839)
46.4171, (-1.568480, -0.352222, 2.835095), (-0.041502, 0.111625, 0.032092, 0.992365)
46.43133, (-1.581800, -0.360510, 2.798403), (-0.042431, 0.115693, 0.030912, 0.991897)
46.44484, (-1.597378, -0.365968, 2.763042), (-0.043523, 0.119226, 0.029504, 0.991474)
46.45851, (-1.612668, -0.374609, 2.729735), (-0.044373, 0.122222, 0.028177, 0.991110)
46.4725, (-1.629598, -0.382624, 2.695099), (-0.045939, 0.125707, 0.026835, 0.990640)
46.48688, (-1.641936, -0.377882, 2.651911), (-0.053645, 0.129853, 0.025495, 0.989753)
46.50064, (-1.661042, -0.365228, 2.611797), (-0.063158, 0.133289, 0.025566, 0.988732)
46.51414, (-1.683454, -0.344716, 2.552119), (-0.077617, 0.136337, 0.030324, 0.987152)
46.52804, (-1.705090, -0.334052, 2.502193), (-0.085323, 0.139426, 0.033795, 0.985971)
46.54234, (-1.728971, -0.322661, 2.453261), (-0.091800, 0.142387, 0.036504, 0.984869)
46.55581, (-1.749216, -0.306524, 2.405874), (-0.098744, 0.143151, 0.039518, 0.983969)
46.5694, (-1.770316, -0.294449, 2.358391), (-0.106290, 0.144175, 0.040497, 0.982993)
46.58333, (-1.792606, -0.281740, 2.312083), (-0.114733, 0.144989, 0.042522, 0.981838)
46.59762, (-1.814755, -0.270094, 2.265201), (-0.123801, 0.146147, 0.045137, 0.980448)
46.6108, (-1.835218, -0.259547, 2.217907), (-0.132754, 0.146042, 0.048900, 0.979110)
46.62471, (-1.860079, -0.253408, 2.172382), (-0.141065, 0.146343, 0.051934, 0.977746)
46.63856, (-1.882500, -0.246233, 2.129537), (-0.148745, 0.145140, 0.054884, 0.976625)
46.65291, (-1.904053, -0.238062, 2.089125), (-0.154892, 0.143018, 0.057735, 0.975818)
46.6664, (-1.924910, -0.234039, 2.047457), (-0.160958, 0.140583, 0.060430, 0.975027)
46.68041, (-1.946224, -0.234878, 2.008298), (-0.165696, 0.137410, 0.062502, 0.974555)
46.69432, (-1.964095, -0.234748, 1.969685), (-0.170265, 0.134970, 0.064660, 0.973967)
46.70866, (-1.976379, -0.240415, 1.934173), (-0.174109, 0.133813, 0.068064, 0.973215)
46.72205, (-1.989806, -0.244147, 1.897453), (-0.177650, 0.133547, 0.069772, 0.972490)
46.73633, (-1.998709, -0.251048, 1.864526), (-0.181306, 0.133825, 0.073159, 0.971528)
46.74997, (-2.016206, -0.250584, 1.829442), (-0.185260, 0.130739, 0.071223, 0.971346)
46.76457, (-2.030751, -0.255057, 1.802439), (-0.189391, 0.129757, 0.072363, 0.970597)
46.77789, (-2.040929, -0.259221, 1.777935), (-0.190811, 0.127941, 0.073423, 0.970480)
46.79192, (-2.045317, -0.266621, 1.754268), (-0.192186, 0.126318, 0.075834, 0.970236)
46.80539, (-2.050900, -0.270716, 1.733806), (-0.193752, 0.125254, 0.076337, 0.970023)
46.81964, (-2.058646, -0.270603, 1.715217), (-0.194308, 0.124240, 0.076466, 0.970032)
46.83318, (-2.064095, -0.273155, 1.698166), (-0.195311, 0.123025, 0.076434, 0.969988)
46.84705, (-2.068815, -0.273488, 1.679518), (-0.196611, 0.121489, 0.076655, 0.969901)
46.86091, (-2.069806, -0.278027, 1.672077), (-0.197395, 0.120271, 0.076904, 0.969874)
46.87527, (-2.071328, -0.283488, 1.666827), (-0.197106, 0.119803, 0.077687, 0.969928)
46.88879, (-2.071607, -0.287281, 1.660846), (-0.195690, 0.118718, 0.077676, 0.970349)
46.90266, (-2.073050, -0.292223, 1.657836), (-0.194554, 0.117975, 0.078054, 0.970638)
46.9168, (-2.073174, -0.296316, 1.655295), (-0.192797, 0.117761, 0.077631, 0.971049)
46.93083, (-2.071577, -0.298718, 1.654537), (-0.190968, 0.117392, 0.078241, 0.971406)
46.94433, (-2.067188, -0.299673, 1.654536), (-0.188783, 0.117853, 0.078994, 0.971716)
46.95853, (-2.065392, -0.301576, 1.656485), (-0.187086, 0.119047, 0.079392, 0.971866)
46.97217, (-2.062017, -0.304787, 1.660048), (-0.184893, 0.119782, 0.080158, 0.972132)
46.98644, (-2.056913, -0.308746, 1.664588), (-0.181536, 0.120344, 0.080908, 0.972634)
46.99992, (-2.052887, -0.311112, 1.672384), (-0.178592, 0.120779, 0.081526, 0.973073)
47.01387, (-2.047548, -0.314885, 1.680761), (-0.176689, 0.121227, 0.081723, 0.973348)
47.02793, (-2.043833, -0.317181, 1.688579), (-0.175225, 0.121146, 0.081710, 0.973624)
47.04238, (-2.042256, -0.318122, 1.698468), (-0.172780, 0.121378, 0.081606, 0.974041)
47.0556, (-2.031992, -0.326402, 1.716647), (-0.173956, 0.120709, 0.080462, 0.974010)
47.06942, (-2.031815, -0.337163, 1.736072), (-0.166858, 0.121510, 0.084976, 0.974768)
47.08328, (-2.026597, -0.337541, 1.744962), (-0.156615, 0.119386, 0.084729, 0.976750)
47.09755, (-2.023383, -0.345599, 1.767152), (-0.152438, 0.117137, 0.086655, 0.977514)
47.11114, (-2.020478, -0.352218, 1.793526), (-0.147649, 0.115234, 0.086896, 0.978453)
47.12506, (-2.015813, -0.359330, 1.814458), (-0.141981, 0.112889, 0.088504, 0.979421)
47.13891, (-2.010595, -0.372199, 1.842488), (-0.133481, 0.109960, 0.090011, 0.980811)
47.15314, (-2.009803, -0.382303, 1.872297), (-0.122176, 0.108757, 0.091723, 0.982259)
47.16666, (-2.001719, -0.387591, 1.900553), (-0.112033, 0.105671, 0.092013, 0.983776)
47.1806, (-1.995952, -0.386363, 1.931732), (-0.104500, 0.102969, 0.092260, 0.984868)
47.19441, (-1.986205, -0.390344, 1.972040), (-0.098975, 0.101966, 0.093842, 0.985394)
47.20877, (-1.979807, -0.399445, 2.007137), (-0.092053, 0.101695, 0.095436, 0.985939)
47.22245, (-1.975709, -0.406898, 2.041975), (-0.082444, 0.101464, 0.096567, 0.986703)
47.23629, (-1.972318, -0.421141, 2.077657), (-0.073742, 0.101230, 0.096924, 0.987381)
47.25, (-1.971628, -0.426148, 2.120406), (-0.062208, 0.101643, 0.096775, 0.988147)
47.26442, (-1.973450, -0.432848, 2.163028), (-0.052152, 0.101874, 0.096944, 0.988688)
47.27785, (-1.977787, -0.441541, 2.206432), (-0.044048, 0.101659, 0.097025, 0.989096)
47.29208, (-1.992109, -0.447916, 2.255356), (-0.036691, 0.101742, 0.095696, 0.989518)
47.30574, (-2.001269, -0.456930, 2.302962), (-0.030785, 0.101432, 0.095767, 0.989744)
47.31996, (-2.012892, -0.464332, 2.349351), (-0.026657, 0.100841, 0.096231, 0.989879)
47.33335, (-2.026526, -0.470313, 2.398904), (-0.022967, 0.100254, 0.096153, 0.990039)
47.34763, (-2.035923, -0.477265, 2.446175), (-0.016883, 0.099580, 0.096594, 0.990186)
47.36131, (-2.058204, -0.487435, 2.511494), (-0.018769, 0.099251, 0.098050, 0.990042)
47.37552, (-2.075557, -0.498388, 2.571578), (-0.017725, 0.097454, 0.101013, 0.989942)
47.38889, (-2.097411, -0.508341, 2.627587), (-0.014680, 0.096039, 0.103519, 0.989871)
47.40285, (-2.120661, -0.519947, 2.684135), (-0.012136, 0.094821, 0.105935, 0.989767)
47.4166, (-2.147969, -0.535092, 2.746032), (-0.009748, 0.093245, 0.109139, 0.989596)
47.43089, (-2.173441, -0.549724, 2.812423), (-0.005868, 0.092053, 0.111267, 0.989501)
47.44451, (-2.201330, -0.568463, 2.885650), (-0.002111, 0.089164, 0.112458, 0.989646)
47.45837, (-2.242371, -0.585928, 2.962912), (0.000863, 0.086259, 0.113046, 0.989838)
47.47219, (-2.281336, -0.600148, 3.036271), (0.003873, 0.083168, 0.112733, 0.990131)
47.48637, (-2.324147, -0.614383, 3.107651), (0.008145, 0.080580, 0.113224, 0.990263)
47.49987, (-2.362453, -0.630202, 3.179508), (0.013433, 0.077957, 0.114958, 0.990216)
47.51392, (-2.400731, -0.642186, 3.257052), (0.018610, 0.076426, 0.116615, 0.990057)
47.52795, (-2.443725, -0.655497, 3.335413), (0.021866, 0.076095, 0.118754, 0.989762)
47.54191, (-2.487684, -0.662653, 3.411524), (0.027249, 0.075151, 0.120115, 0.989536)
47.55547, (-2.533746, -0.667298, 3.485875), (0.032230, 0.075188, 0.120251, 0.989367)
47.56959, (-2.577732, -0.673214, 3.560889), (0.035481, 0.075397, 0.121629, 0.989072)
47.58332, (-2.620303, -0.677469, 3.633337), (0.038388, 0.076347, 0.122818, 0.988743)
47.59746, (-2.667532, -0.678031, 3.702441), (0.042499, 0.078769, 0.124908, 0.988123)
47.61093, (-2.706373, -0.686327, 3.765476), (0.045222, 0.078509, 0.126027, 0.987881)
47.62484, (-2.750717, -0.689800, 3.829408), (0.048298, 0.079791, 0.126562, 0.987564)
47.63874, (-2.797731, -0.693314, 3.892758), (0.048983, 0.082286, 0.126963, 0.987274)
47.6529, (-2.841031, -0.691541, 3.957286), (0.049865, 0.084079, 0.126886, 0.987089)
47.66668, (-2.884184, -0.686516, 4.019690), (0.049140, 0.085507, 0.128287, 0.986821)
47.68023, (-2.923133, -0.684236, 4.078137), (0.050190, 0.085996, 0.129836, 0.986523)
47.69429, (-2.963961, -0.681613, 4.133363), (0.051340, 0.086668, 0.131223, 0.986222)
47.70873, (-3.004710, -0.680130, 4.185970), (0.051569, 0.086765, 0.132428, 0.986040)
47.72228, (-3.040955, -0.679498, 4.233122), (0.051147, 0.087265, 0.132720, 0.985979)
47.73611, (-3.077380, -0.681446, 4.279639), (0.051325, 0.088132, 0.132602, 0.985908)
47.74988, (-3.111853, -0.681865, 4.324806), (0.052964, 0.088656, 0.132111, 0.985841)
47.76421, (-3.141936, -0.682284, 4.363219), (0.056981, 0.089222, 0.131241, 0.985682)
47.77758, (-3.170113, -0.684274, 4.402523), (0.061189, 0.089146, 0.131324, 0.985425)
47.79164, (-3.194889, -0.686382, 4.439206), (0.063468, 0.090064, 0.130546, 0.985301)
47.80523, (-3.219595, -0.687099, 4.474956), (0.065888, 0.090573, 0.128620, 0.985349)
47.81927, (-3.245560, -0.685920, 4.509072), (0.066747, 0.091844, 0.127439, 0.985327)
47.83266, (-3.268385, -0.682242, 4.541907), (0.067725, 0.093570, 0.125951, 0.985289)
47.84669, (-3.290780, -0.680591, 4.576791), (0.069184, 0.094391, 0.125046, 0.985225)
47.86069, (-3.306701, -0.678465, 4.603014), (0.069962, 0.095836, 0.124853, 0.985055)
47.87492, (-3.320910, -0.675950, 4.626035), (0.071528, 0.097569, 0.124228, 0.984851)
47.88828, (-3.334526, -0.674989, 4.644032), (0.070909, 0.099461, 0.124170, 0.984714)
47.90237, (-3.346066, -0.675608, 4.664099), (0.070146, 0.100694, 0.124169, 0.984643)
47.91613, (-3.354172, -0.674658, 4.677945), (0.070561, 0.101805, 0.124247, 0.984490)
47.93033, (-3.361788, -0.673026, 4.689902), (0.071756, 0.102671, 0.124669, 0.984260)
47.94381, (-3.367760, -0.670649, 4.699973), (0.073072, 0.103096, 0.123873, 0.984219)
47.95773, (-3.371784, -0.669639, 4.705071), (0.073128, 0.103303, 0.122007, 0.984426)
47.97157, (-3.374580, -0.668128, 4.710609), (0.072955, 0.103788, 0.120357, 0.984591)
47.98585, (-3.373012, -0.666747, 4.709922), (0.073047, 0.104824, 0.117741, 0.984791)
47.99989, (-3.371853, -0.663644, 4.710931), (0.074074, 0.105972, 0.115727, 0.984830)
48.01381, (-3.369342, -0.660139, 4.707572), (0.074546, 0.107500, 0.113400, 0.984900)
48.02749, (-3.367631, -0.656728, 4.704205), (0.075311, 0.108744, 0.110435, 0.985042)
48.04178, (-3.366326, -0.653863, 4.701646), (0.075074, 0.109889, 0.106832, 0.985330)
48.0552, (-3.367715, -0.649685, 4.698470), (0.075588, 0.111365, 0.102718, 0.985562)
48.0691, (-3.369809, -0.647601, 4.693876), (0.074892, 0.113202, 0.098291, 0.985858)
48.0829, (-3.371957, -0.637416, 4.692955), (0.076666, 0.115785, 0.093465, 0.985891)
48.09708, (-3.372951, -0.628986, 4.688137), (0.075426, 0.118140, 0.089498, 0.986075)
48.11039, (-3.375019, -0.621030, 4.684637), (0.074904, 0.121400, 0.086939, 0.985948)
48.125, (-3.376000, -0.618140, 4.677584), (0.073780, 0.124491, 0.083981, 0.985904)
48.13828, (-3.379619, -0.614681, 4.669611), (0.072605, 0.127302, 0.082684, 0.985741)
48.15255, (-3.378912, -0.610775, 4.661141), (0.071802, 0.129536, 0.081016, 0.985648)
48.16594, (-3.380444, -0.608412, 4.649519), (0.070665, 0.132794, 0.079186, 0.985445)
48.17999, (-3.380492, -0.605568, 4.638136), (0.069623, 0.135910, 0.078146, 0.985177)
48.19373, (-3.378071, -0.604706, 4.622186), (0.068686, 0.138810, 0.076595, 0.984961)
48.20803, (-3.379680, -0.604575, 4.601219), (0.069871, 0.143411, 0.075425, 0.984308)
48.22167, (-3.380453, -0.605646, 4.581865), (0.069957, 0.147315, 0.073570, 0.983866)
48.23564, (-3.380532, -0.607529, 4.562759), (0.070006, 0.150765, 0.072518, 0.983418)
48.24949, (-3.380795, -0.605997, 4.540798), (0.071232, 0.153902, 0.072312, 0.982859)
48.2637, (-3.383959, -0.604441, 4.518014), (0.071754, 0.156835, 0.072100, 0.982373)
48.27729, (-3.385711, -0.601174, 4.496740), (0.072703, 0.158948, 0.071129, 0.982034)
48.29125, (-3.387467, -0.601163, 4.474265), (0.072100, 0.161154, 0.070381, 0.981773)
48.30497, (-3.387730, -0.599868, 4.451581), (0.072021, 0.162756, 0.069284, 0.981592)
48.3194, (-3.388761, -0.598248, 4.424221), (0.071632, 0.163690, 0.067558, 0.981586)
48.33296, (-3.391776, -0.596900, 4.396430), (0.070939, 0.164943, 0.066948, 0.981468)
48.34695, (-3.393461, -0.594618, 4.369424), (0.069914, 0.166129, 0.066017, 0.981405)
48.36084, (-3.394741, -0.596172, 4.342062), (0.068050, 0.167382, 0.065645, 0.981348)
48.37512, (-3.395973, -0.599127, 4.313226), (0.067021, 0.168396, 0.064990, 0.981289)
48.38874, (-3.398008, -0.604787, 4.282303), (0.065583, 0.168905, 0.064365, 0.981340)
48.40264, (-3.402655, -0.610774, 4.251251), (0.064046, 0.170258, 0.062849, 0.981306)
48.41624, (-3.405198, -0.618553, 4.220232), (0.062417, 0.171577, 0.061241, 0.981282)
48.43047, (-3.412166, -0.624797, 4.188360), (0.059787, 0.173355, 0.059697, 0.981229)
48.44408, (-3.417543, -0.632876, 4.159924), (0.059485, 0.175162, 0.058435, 0.981002)
48.45794, (-3.422665, -0.641587, 4.130824), (0.058923, 0.176636, 0.057695, 0.980816)
48.47171, (-3.428079, -0.649015, 4.102498), (0.058123, 0.178411, 0.057824, 0.980535)
48.48609, (-3.436033, -0.650156, 4.075749), (0.057488, 0.180678, 0.059056, 0.980083)
48.49958, (-3.442587, -0.653327, 4.048536), (0.055191, 0.182987, 0.059398, 0.979766)
48.51347, (-3.451257, -0.658143, 4.020344), (0.051648, 0.185377, 0.058734, 0.979550)
48.5273, (-3.462460, -0.664239, 3.994090), (0.047316, 0.188000, 0.057208, 0.979359)
48.54177, (-3.474658, -0.669036, 3.967681), (0.044139, 0.190055, 0.056832, 0.979133)
48.55527, (-3.485368, -0.672814, 3.940088), (0.042508, 0.192251, 0.055942, 0.978828)
48.5695, (-3.497255, -0.679984, 3.911915), (0.040806, 0.194541, 0.055522, 0.978471)
48.58298, (-3.509506, -0.682031, 3.883512), (0.041338, 0.196778, 0.055354, 0.978011)
48.59761, (-3.525507, -0.686206, 3.858668), (0.040825, 0.199323, 0.055115, 0.977531)
48.61098, (-3.542419, -0.688345, 3.832578), (0.039843, 0.201716, 0.055185, 0.977076)
48.62503, (-3.558983, -0.690043, 3.806721), (0.039131, 0.203956, 0.054889, 0.976657)
48.63865, (-3.578357, -0.686731, 3.783895), (0.038989, 0.205776, 0.054536, 0.976300)
48.65282, (-3.601237, -0.682246, 3.762613), (0.037534, 0.207796, 0.054287, 0.975943)
48.66648, (-3.622650, -0.677420, 3.744486), (0.035117, 0.209617, 0.054022, 0.975658)
48.68036, (-3.648552, -0.672140, 3.727983), (0.031686, 0.211500, 0.054966, 0.975317)
48.6944, (-3.672836, -0.668389, 3.710701), (0.029532, 0.212218, 0.055427, 0.975202)
48.70863, (-3.697510, -0.664214, 3.695192), (0.027244, 0.213452, 0.057036, 0.974907)
48.72175, (-3.725579, -0.658568, 3.679364), (0.025192, 0.214156, 0.058940, 0.974694)
48.73565, (-3.752134, -0.653962, 3.666467), (0.022564, 0.214810, 0.060679, 0.974508)
48.74949, (-3.778182, -0.650704, 3.654815), (0.020014, 0.215100, 0.062882, 0.974360)
48.76378, (-3.806060, -0.650159, 3.641768), (0.017600, 0.215355, 0.064989, 0.974212)
48.77726, (-3.834967, -0.650811, 3.628542), (0.015390, 0.216008, 0.066344, 0.974013)
48.79134, (-3.864035, -0.651535, 3.616024), (0.013113, 0.216682, 0.067654, 0.973807)
48.80506, (-3.891487, -0.651084, 3.607442), (0.011819, 0.217572, 0.068880, 0.973539)
48.81928, (-3.917865, -0.650808, 3.598065), (0.010071, 0.218333, 0.069903, 0.973315)
48.83271, (-3.945066, -0.647997, 3.590684), (0.008383, 0.218815, 0.072043, 0.973067)
48.84668, (-3.969597, -0.644591, 3.584564), (0.006660, 0.219455, 0.073478, 0.972829)
48.86052, (-3.995885, -0.644412, 3.578696), (0.003971, 0.220014, 0.076583, 0.972478)
48.87513, (-4.022200, -0.642384, 3.573906), (0.002705, 0.220524, 0.078417, 0.972220)
48.88887, (-4.046659, -0.641940, 3.568498), (0.001095, 0.221198, 0.080382, 0.971910)
48.90237, (-4.068609, -0.642134, 3.562871), (-0.000338, 0.220913, 0.081328, 0.971897)
48.91613, (-4.092586, -0.643361, 3.558185), (-0.001289, 0.220978, 0.082789, 0.971758)
48.93059, (-4.114943, -0.643534, 3.554060), (-0.001794, 0.221060, 0.083173, 0.971706)
48.94406, (-4.136016, -0.644809, 3.549331), (-0.002259, 0.220991, 0.084014, 0.971648)
48.95779, (-4.155486, -0.645204, 3.544268), (-0.002472, 0.220916, 0.084627, 0.971611)
48.97157, (-4.174605, -0.644692, 3.539457), (-0.003059, 0.221005, 0.085578, 0.971506)
48.98589, (-4.192163, -0.644416, 3.536176), (-0.004188, 0.221321, 0.085943, 0.971398)
48.99944, (-4.210653, -0.645517, 3.532753), (-0.005586, 0.221555, 0.085782, 0.971352)
49.0134, (-4.227625, -0.645378, 3.529712), (-0.006269, 0.222095, 0.085122, 0.971282)
49.02717, (-4.244523, -0.644758, 3.525130), (-0.007266, 0.223150, 0.084733, 0.971067)
49.04144, (-4.260782, -0.643969, 3.521784), (-0.008249, 0.224469, 0.084420, 0.970783)
49.05502, (-4.278034, -0.643365, 3.518504), (-0.008947, 0.225837, 0.084171, 0.970481)
49.06902, (-4.294344, -0.643294, 3.516569), (-0.009909, 0.226849, 0.084020, 0.970248)
49.08275, (-4.311534, -0.643809, 3.516187), (-0.011236, 0.227882, 0.083308, 0.970053)
49.09712, (-4.327829, -0.644419, 3.515592), (-0.012420, 0.228735, 0.082591, 0.969899)
49.11057, (-4.343318, -0.644898, 3.514088), (-0.013307, 0.229502, 0.082220, 0.969738)
49.12436, (-4.358865, -0.645649, 3.514114), (-0.014209, 0.231515, 0.082291, 0.969241)
49.13806, (-4.374745, -0.646524, 3.514103), (-0.015110, 0.233484, 0.082350, 0.968749)
49.1524, (-4.390228, -0.647701, 3.513461), (-0.015981, 0.235882, 0.082875, 0.968110)
49.16603, (-4.405591, -0.647526, 3.512764), (-0.016927, 0.238160, 0.083447, 0.967486)
49.17986, (-4.423532, -0.649399, 3.515816), (-0.019280, 0.240705, 0.083932, 0.966770)
49.19386, (-4.440018, -0.648257, 3.517066), (-0.021887, 0.243306, 0.085044, 0.965966)
49.20817, (-4.455904, -0.648125, 3.518950), (-0.024005, 0.245910, 0.086279, 0.965147)
49.22152, (-4.473514, -0.647762, 3.522645), (-0.025718, 0.249145, 0.087041, 0.964204)
49.23538, (-4.487357, -0.645728, 3.523100), (-0.028209, 0.252908, 0.088066, 0.963061)
49.24925, (-4.505688, -0.644270, 3.525519), (-0.033004, 0.257126, 0.091313, 0.961488)
49.26344, (-4.518376, -0.639621, 3.529277), (-0.037429, 0.261443, 0.091298, 0.960162)
49.27703, (-4.530936, -0.638888, 3.529782), (-0.041824, 0.264770, 0.093802, 0.958827)
49.29096, (-4.552454, -0.638731, 3.536175), (-0.042564, 0.269638, 0.097473, 0.957070)
49.30483, (-4.570818, -0.638031, 3.537417), (-0.042699, 0.271969, 0.099094, 0.956237)
49.31906, (-4.593598, -0.623020, 3.540593), (-0.041909, 0.271893, 0.097384, 0.956470)
49.33254, (-4.615518, -0.619078, 3.549397), (-0.046172, 0.273224, 0.095158, 0.956118)
49.34648, (-4.630702, -0.616149, 3.556114), (-0.050309, 0.273628, 0.095839, 0.955726)
49.36035, (-4.652327, -0.615770, 3.561375), (-0.052408, 0.275024, 0.095909, 0.955205)
49.37465, (-4.669429, -0.611869, 3.567175), (-0.051756, 0.275377, 0.096217, 0.955108)
49.38845, (-4.689291, -0.608183, 3.573944), (-0.053173, 0.276466, 0.096827, 0.954654)
49.40236, (-4.711891, -0.604453, 3.586807), (-0.056504, 0.277419, 0.097871, 0.954079)
49.41588, (-4.730692, -0.600951, 3.598366), (-0.059740, 0.278099, 0.101025, 0.953355)
49.43017, (-4.748274, -0.600243, 3.610121), (-0.061550, 0.278807, 0.104383, 0.952671)
49.44382, (-4.767123, -0.600157, 3.622629), (-0.062741, 0.280112, 0.107095, 0.951910)
49.45837, (-4.784630, -0.599216, 3.638103), (-0.064111, 0.281991, 0.109243, 0.951019)
49.47173, (-4.800975, -0.599493, 3.652399), (-0.066990, 0.283842, 0.110143, 0.950166)
49.48608, (-4.820076, -0.598884, 3.668364), (-0.070256, 0.285388, 0.110740, 0.949397)
49.49928, (-4.838241, -0.602530, 3.683836), (-0.072916, 0.287251, 0.110073, 0.948712)
49.51342, (-4.853750, -0.611721, 3.695856), (-0.073777, 0.289203, 0.110933, 0.947952)
49.52691, (-4.867527, -0.618733, 3.708946), (-0.071619, 0.291270, 0.112472, 0.947303)
49.5413, (-4.878216, -0.624528, 3.724420), (-0.068852, 0.293627, 0.114861, 0.946493)
49.55452, (-4.888809, -0.627823, 3.741350), (-0.067970, 0.295736, 0.114826, 0.945904)
49.56833, (-4.904332, -0.625984, 3.758892), (-0.069527, 0.297373, 0.113968, 0.945382)
49.58204, (-4.918199, -0.624856, 3.773873), (-0.071745, 0.297777, 0.112943, 0.945212)
49.59623, (-4.933456, -0.625798, 3.788743), (-0.072838, 0.298463, 0.113614, 0.944831)
49.6102, (-4.943663, -0.627627, 3.803123), (-0.072533, 0.298100, 0.115947, 0.944686)
49.62383, (-4.952774, -0.628145, 3.820472), (-0.071480, 0.298497, 0.117824, 0.944409)
49.63757, (-4.961701, -0.628777, 3.836994), (-0.071418, 0.299247, 0.119737, 0.943935)
49.65184, (-4.973024, -0.624642, 3.853553), (-0.073505, 0.300376, 0.119641, 0.943429)
49.66545, (-4.984101, -0.619990, 3.869492), (-0.075936, 0.301892, 0.118236, 0.942929)
49.6793, (-4.995692, -0.615383, 3.884634), (-0.079981, 0.303033, 0.116250, 0.942476)
49.69328, (-5.005639, -0.613638, 3.900195), (-0.083282, 0.303721, 0.115111, 0.942108)
49.7075, (-5.019641, -0.609865, 3.915877), (-0.085834, 0.305386, 0.116041, 0.941226)
49.72089, (-5.031979, -0.605468, 3.927779), (-0.089181, 0.306536, 0.119439, 0.940116)
49.73507, (-5.042452, -0.596414, 3.939568), (-0.092479, 0.308306, 0.124048, 0.938620)
49.74884, (-5.053392, -0.588727, 3.952621), (-0.095860, 0.310228, 0.126232, 0.937355)
49.76279, (-5.069165, -0.578362, 3.965085), (-0.102688, 0.311500, 0.129425, 0.935773)
49.77619, (-5.085741, -0.566839, 3.975718), (-0.109686, 0.311324, 0.131576, 0.934738)
49.7902, (-5.104932, -0.555984, 3.983755), (-0.116352, 0.311507, 0.132544, 0.933734)
49.80394, (-5.119338, -0.544313, 3.987983), (-0.121166, 0.311409, 0.133948, 0.932953)
49.81846, (-5.137761, -0.534017, 3.994574), (-0.124035, 0.312421, 0.135502, 0.932013)
49.83188, (-5.154951, -0.526620, 3.998063), (-0.127026, 0.313408, 0.136766, 0.931094)
49.84574, (-5.171066, -0.516883, 4.005410), (-0.131071, 0.314169, 0.138328, 0.930045)
49.85969, (-5.187183, -0.507145, 4.012754), (-0.135113, 0.314923, 0.139887, 0.928978)
49.87378, (-5.203300, -0.497407, 4.020099), (-0.139153, 0.315671, 0.141443, 0.927891)
49.88716, (-5.219417, -0.487669, 4.027442), (-0.143189, 0.316412, 0.142996, 0.926786)
49.90077, (-5.235534, -0.477930, 4.034787), (-0.147223, 0.317147, 0.144546, 0.925662)
49.91504, (-5.250375, -0.473036, 4.034434), (-0.150528, 0.316242, 0.146626, 0.925113)
49.929, (-5.281253, -0.462887, 4.018251), (-0.147372, 0.316185, 0.145686, 0.925789)
49.94234, (-5.288415, -0.474457, 3.969465), (-0.155606, 0.316771, 0.146483, 0.924114)
49.95621, (-5.300760, -0.472696, 3.961563), (-0.158964, 0.317517, 0.148618, 0.922944)
49.96996, (-5.316325, -0.473297, 3.952143), (-0.162170, 0.319432, 0.152243, 0.921133)
49.98434, (-5.328214, -0.470816, 3.940194), (-0.165408, 0.321139, 0.153675, 0.919725)
50.00097, (-5.341206, -0.467148, 3.929639), (-0.167930, 0.323513, 0.154856, 0.918236)
50.01462, (-5.353324, -0.464844, 3.917498), (-0.171599, 0.325175, 0.155343, 0.916888)
50.02842, (-5.363254, -0.463756, 3.903882), (-0.175770, 0.326569, 0.155635, 0.915552)
50.04266, (-5.374529, -0.464757, 3.891274), (-0.180042, 0.328914, 0.156485, 0.913736)
50.06387, (-5.378708, -0.461642, 3.875922), (-0.181804, 0.330739, 0.156632, 0.912702)
50.06892, (-5.386918, -0.461674, 3.862309), (-0.184692, 0.332619, 0.157973, 0.911207)
50.08239, (-5.392801, -0.461917, 3.847810), (-0.186492, 0.334530, 0.158238, 0.910094)
50.09541, (-5.399364, -0.461985, 3.833088), (-0.187972, 0.336485, 0.158473, 0.909027)
50.10838, (-5.405018, -0.458070, 3.817881), (-0.189063, 0.338036, 0.158277, 0.908260)
50.12219, (-5.410691, -0.460472, 3.802867), (-0.191493, 0.339682, 0.158503, 0.907096)
50.13598, (-5.412083, -0.459837, 3.786013), (-0.192509, 0.340786, 0.158786, 0.906418)
50.15006, (-5.414148, -0.461227, 3.770350), (-0.194216, 0.342398, 0.158578, 0.905482)
50.16385, (-5.415008, -0.460131, 3.754057), (-0.194777, 0.343118, 0.158665, 0.905073)
50.17757, (-5.419356, -0.461291, 3.738865), (-0.197509, 0.344232, 0.158080, 0.904160)
50.19129, (-5.421065, -0.459557, 3.722173), (-0.199451, 0.344825, 0.157434, 0.903620)
50.20523, (-5.420837, -0.459073, 3.704948), (-0.201452, 0.345346, 0.157267, 0.903006)
50.21891, (-5.419810, -0.456328, 3.689298), (-0.202141, 0.346515, 0.157355, 0.902389)
50.23281, (-5.417177, -0.452676, 3.672819), (-0.203367, 0.346807, 0.157297, 0.902011)
50.24666, (-5.415388, -0.449691, 3.656910), (-0.205574, 0.347456, 0.157321, 0.901257)
50.2609, (-5.412660, -0.445502, 3.641451), (-0.208318, 0.347855, 0.157057, 0.900519)
50.27504, (-5.410009, -0.441345, 3.623583), (-0.211459, 0.348134, 0.156741, 0.899733)
50.2892, (-5.407825, -0.437763, 3.607345), (-0.214326, 0.348595, 0.156598, 0.898901)
50.30271, (-5.404491, -0.434107, 3.592030), (-0.216457, 0.349048, 0.156905, 0.898161)
50.31671, (-5.400301, -0.431758, 3.576206), (-0.218251, 0.349516, 0.156321, 0.897646)
50.33042, (-5.396151, -0.428829, 3.559449), (-0.219700, 0.349531, 0.155871, 0.897365)
50.34432, (-5.392752, -0.425834, 3.543011), (-0.221867, 0.349415, 0.154712, 0.897078)
50.35826, (-5.386945, -0.421765, 3.527005), (-0.224490, 0.349005, 0.153696, 0.896760)
50.37228, (-5.379956, -0.418336, 3.512137), (-0.227214, 0.348841, 0.153132, 0.896234)
50.38616, (-5.373257, -0.413926, 3.497919), (-0.229518, 0.348874, 0.152569, 0.895730)
50.40015, (-5.366726, -0.409303, 3.483379), (-0.231901, 0.348731, 0.152121, 0.895248)
50.41402, (-5.357932, -0.405079, 3.468899), (-0.234394, 0.348245, 0.150897, 0.894994)
50.42783, (-5.349189, -0.400355, 3.454944), (-0.236161, 0.347943, 0.149802, 0.894831)
50.44188, (-5.341115, -0.397221, 3.443356), (-0.237907, 0.348201, 0.148855, 0.894427)
50.45576, (-5.331652, -0.395188, 3.430779), (-0.239614, 0.348200, 0.147831, 0.894141)
50.46971, (-5.320265, -0.395492, 3.420556), (-0.240292, 0.348738, 0.146396, 0.893985)
50.48358, (-5.310752, -0.393257, 3.407762), (-0.239827, 0.348686, 0.144370, 0.894460)
50.49748, (-5.301673, -0.387474, 3.396733), (-0.239367, 0.348178, 0.141329, 0.895266)
50.51134, (-5.288657, -0.379641, 3.388560), (-0.241510, 0.346572, 0.139962, 0.895529)
50.52526, (-5.269526, -0.369121, 3.380933), (-0.245031, 0.343908, 0.140670, 0.895488)
50.53899, (-5.255290, -0.355647, 3.377217), (-0.248018, 0.341250, 0.140962, 0.895637)
50.55327, (-5.240900, -0.342939, 3.376509), (-0.251108, 0.339628, 0.140471, 0.895469)
50.56709, (-5.224979, -0.329872, 3.375666), (-0.252725, 0.337967, 0.139838, 0.895742)
50.58096, (-5.201835, -0.329487, 3.382081), (-0.254490, 0.337572, 0.139866, 0.895387)
50.59492, (-5.179662, -0.326995, 3.390747), (-0.253587, 0.339313, 0.141327, 0.894756)
50.6088, (-5.158235, -0.322825, 3.398895), (-0.252832, 0.341022, 0.142272, 0.894170)
50.62275, (-5.132983, -0.319496, 3.410268), (-0.252219, 0.341934, 0.143536, 0.893792)
50.63633, (-5.111527, -0.316415, 3.424556), (-0.251353, 0.342733, 0.144126, 0.893635)
50.65039, (-5.089560, -0.316598, 3.439709), (-0.249010, 0.343234, 0.144865, 0.893979)
50.66423, (-5.064855, -0.321161, 3.456591), (-0.243966, 0.343056, 0.145764, 0.895291)
50.67838, (-5.041220, -0.332793, 3.475779), (-0.235127, 0.343089, 0.146196, 0.897570)
50.6924, (-5.017264, -0.343868, 3.493483), (-0.226770, 0.343213, 0.145743, 0.899744)
50.70601, (-4.995104, -0.353718, 3.511627), (-0.218688, 0.343686, 0.147170, 0.901330)
50.72013, (-4.970797, -0.362810, 3.529620), (-0.210829, 0.344202, 0.147840, 0.902895)
50.73384, (-4.947275, -0.377281, 3.549973), (-0.202624, 0.345659, 0.149115, 0.904007)
50.74765, (-4.921598, -0.390254, 3.570323), (-0.194473, 0.346703, 0.148145, 0.905555)
50.76155, (-4.899765, -0.404657, 3.591776), (-0.186531, 0.347821, 0.147567, 0.906891)
50.7755, (-4.881639, -0.420443, 3.611953), (-0.180503, 0.349362, 0.146390, 0.907708)
50.78929, (-4.860193, -0.433731, 3.630013), (-0.173879, 0.350023, 0.143087, 0.909272)
50.80293, (-4.836041, -0.448703, 3.648944), (-0.167222, 0.351568, 0.141115, 0.910233)
50.8172, (-4.812259, -0.465822, 3.666922), (-0.160594, 0.353338, 0.138095, 0.911203)
50.83082, (-4.792295, -0.479971, 3.685783), (-0.151829, 0.355181, 0.136239, 0.912268)
50.8446, (-4.771928, -0.493927, 3.703307), (-0.143471, 0.356743, 0.133581, 0.913404)
50.85871, (-4.750686, -0.509274, 3.724134), (-0.135253, 0.358932, 0.130188, 0.914290)
50.87269, (-4.725186, -0.522617, 3.741171), (-0.126187, 0.359519, 0.127261, 0.915766)
50.88623, (-4.704957, -0.532460, 3.758805), (-0.115749, 0.359882, 0.123671, 0.917493)
50.90005, (-4.688263, -0.542916, 3.776305), (-0.105038, 0.359582, 0.119297, 0.919476)
50.91407, (-4.666915, -0.558393, 3.792975), (-0.095402, 0.358348, 0.116074, 0.921419)
50.92812, (-4.645519, -0.574846, 3.809791), (-0.086170, 0.357981, 0.112536, 0.922909)
50.94193, (-4.627549, -0.590329, 3.826480), (-0.075274, 0.358057, 0.109339, 0.924215)
50.95592, (-4.611886, -0.605764, 3.839808), (-0.066422, 0.357446, 0.105704, 0.925552)
50.96994, (-4.593996, -0.623064, 3.852431), (-0.057894, 0.356764, 0.101371, 0.926872)
50.98399, (-4.576930, -0.643538, 3.866543), (-0.048327, 0.356594, 0.096684, 0.927986)
50.99825, (-4.558583, -0.665652, 3.879453), (-0.037928, 0.356156, 0.091357, 0.929176)
51.01174, (-4.540155, -0.686156, 3.889984), (-0.028988, 0.355296, 0.087163, 0.930230)
51.02531, (-4.525270, -0.705265, 3.899589), (-0.020543, 0.356002, 0.083276, 0.930541)
51.03927, (-4.510900, -0.721660, 3.906257), (-0.012375, 0.356421, 0.078775, 0.930916)
51.05321, (-4.496405, -0.739189, 3.910584), (-0.005779, 0.356084, 0.074355, 0.931473)
51.06721, (-4.481023, -0.756928, 3.917455), (0.001597, 0.356450, 0.070185, 0.931673)
51.08129, (-4.462649, -0.769792, 3.921103), (0.006609, 0.357123, 0.066931, 0.931633)
51.09539, (-4.446461, -0.780778, 3.926303), (0.009941, 0.357965, 0.062138, 0.931612)
51.10922, (-4.429771, -0.792562, 3.930485), (0.011715, 0.358435, 0.057864, 0.931686)
51.12302, (-4.408893, -0.799505, 3.933643), (0.014414, 0.357925, 0.053935, 0.932080)
51.1369, (-4.388504, -0.807132, 3.937164), (0.017865, 0.357845, 0.050359, 0.932251)
51.15102, (-4.369966, -0.818906, 3.939432), (0.021181, 0.358009, 0.047066, 0.932291)
51.16459, (-4.349427, -0.826061, 3.943968), (0.026228, 0.357763, 0.043001, 0.932453)
51.17876, (-4.326814, -0.827333, 3.944331), (0.028725, 0.357666, 0.040630, 0.932523)
51.19234, (-4.305504, -0.830140, 3.944588), (0.029660, 0.357267, 0.038211, 0.932749)
51.20609, (-4.283328, -0.828140, 3.948196), (0.028740, 0.356786, 0.036135, 0.933045)
51.22017, (-4.261049, -0.829816, 3.951090), (0.028380, 0.355761, 0.034135, 0.933522)
51.23418, (-4.237930, -0.829127, 3.954749), (0.028850, 0.354047, 0.031251, 0.934260)
51.24797, (-4.211252, -0.830824, 3.955911), (0.029992, 0.351883, 0.028292, 0.935136)
51.26181, (-4.186795, -0.831444, 3.957998), (0.031479, 0.350691, 0.025518, 0.935614)
51.27578, (-4.154866, -0.829819, 3.957192), (0.032794, 0.348316, 0.022898, 0.936524)
51.28951, (-4.125946, -0.829555, 3.956321), (0.033467, 0.346757, 0.019585, 0.937153)
51.3036, (-4.095520, -0.824090, 3.956684), (0.034126, 0.344789, 0.016703, 0.937911)
51.3173, (-4.063660, -0.820888, 3.955366), (0.032889, 0.343492, 0.013235, 0.938486)
51.33127, (-4.030010, -0.813323, 3.954298), (0.033180, 0.342722, 0.008580, 0.938812)
51.34518, (-3.992568, -0.807053, 3.951120), (0.032302, 0.340302, 0.004763, 0.939749)
51.35938, (-3.954135, -0.803696, 3.949047), (0.031165, 0.337562, -0.000007, 0.940787)
51.37327, (-3.913773, -0.797441, 3.948774), (0.030635, 0.334031, -0.004066, 0.942055)
51.38697, (-3.871846, -0.791519, 3.947721), (0.029670, 0.328576, -0.007917, 0.943978)
51.40091, (-3.831589, -0.778843, 3.946593), (0.029861, 0.323153, -0.011077, 0.945811)
51.41471, (-3.791015, -0.765724, 3.940781), (0.030637, 0.317817, -0.015017, 0.947538)
51.42856, (-3.746538, -0.755749, 3.932308), (0.031803, 0.312361, -0.018880, 0.949243)
51.44277, (-3.699182, -0.753269, 3.924917), (0.031656, 0.307984, -0.022119, 0.950607)
51.45644, (-3.652696, -0.747145, 3.920481), (0.032301, 0.304054, -0.025880, 0.951755)
51.47013, (-3.606935, -0.747628, 3.911849), (0.032129, 0.299132, -0.030926, 0.953169)
51.48413, (-3.564983, -0.744088, 3.906383), (0.033126, 0.294792, -0.036105, 0.954304)
51.49773, (-3.518301, -0.744335, 3.897107), (0.035245, 0.289436, -0.041919, 0.955629)
51.51189, (-3.472766, -0.740733, 3.888768), (0.038083, 0.285052, -0.045794, 0.956660)
51.52588, (-3.423967, -0.738455, 3.878687), (0.040829, 0.280878, -0.049156, 0.957614)
51.53977, (-3.378377, -0.739411, 3.870086), (0.043500, 0.277241, -0.051152, 0.958451)
51.5536, (-3.329725, -0.741919, 3.860981), (0.046530, 0.273691, -0.053629, 0.959193)
51.56749, (-3.282887, -0.746658, 3.853656), (0.050677, 0.270636, -0.055515, 0.959743)
51.58149, (-3.234576, -0.748537, 3.846481), (0.053634, 0.267104, -0.058510, 0.960393)
51.59511, (-3.187924, -0.750750, 3.838744), (0.055761, 0.263958, -0.062397, 0.960897)
51.60929, (-3.143103, -0.752294, 3.829762), (0.057281, 0.260851, -0.065589, 0.961444)
51.623, (-3.097247, -0.759761, 3.818740), (0.058594, 0.257624, -0.068182, 0.962054)
51.6368, (-3.050750, -0.769049, 3.807872), (0.062130, 0.254143, -0.069517, 0.962662)
51.65072, (-3.006081, -0.776742, 3.798263), (0.067178, 0.251183, -0.070266, 0.963046)
51.66449, (-2.959135, -0.785666, 3.787651), (0.071069, 0.247628, -0.071462, 0.963599)
51.67834, (-2.912642, -0.792220, 3.778071), (0.074130, 0.244165, -0.073630, 0.964089)
51.69226, (-2.866151, -0.798779, 3.768490), (0.077188, 0.240696, -0.075797, 0.964553)
51.70644, (-2.824135, -0.799021, 3.754789), (0.073648, 0.239838, -0.076885, 0.964957)
51.72022, (-2.780529, -0.805844, 3.739810), (0.072568, 0.238947, -0.077746, 0.965191)
51.73409, (-2.734160, -0.816633, 3.722204), (0.074132, 0.237284, -0.077878, 0.965472)
51.74814, (-2.692763, -0.822550, 3.704955), (0.076661, 0.235339, -0.078415, 0.965707)
51.75995, (-2.659744, -0.825437, 3.688995), (0.078581, 0.233560, -0.078522, 0.965976)
51.77396, (-2.622393, -0.828980, 3.670609), (0.078290, 0.231696, -0.078196, 0.966475)
51.78803, (-2.586391, -0.828801, 3.653292), (0.078126, 0.231621, -0.078667, 0.966468)
51.80176, (-2.551890, -0.830139, 3.634331), (0.075889, 0.232018, -0.079223, 0.966505)
51.81544, (-2.521128, -0.832722, 3.613288), (0.074193, 0.231527, -0.079189, 0.966758)
51.82946, (-2.492701, -0.836128, 3.591567), (0.072390, 0.230649, -0.078849, 0.967132)
51.84358, (-2.464009, -0.840100, 3.570483), (0.071849, 0.229283, -0.078045, 0.967562)
51.85721, (-2.439432, -0.845335, 3.546351), (0.071712, 0.227618, -0.075897, 0.968136)
51.87109, (-2.415953, -0.848182, 3.522574), (0.072383, 0.225307, -0.074344, 0.968747)
51.88505, (-2.396379, -0.850792, 3.498234), (0.072404, 0.223249, -0.073692, 0.969272)
51.8993, (-2.374927, -0.851651, 3.474661), (0.072762, 0.221319, -0.074249, 0.969645)
51.91315, (-2.355507, -0.852095, 3.449420), (0.072262, 0.220006, -0.075542, 0.969881)
51.92683, (-2.335966, -0.853767, 3.425271), (0.070716, 0.218859, -0.076347, 0.970191)
51.94109, (-2.317643, -0.856926, 3.400635), (0.068158, 0.217940, -0.076651, 0.970557)
51.95502, (-2.299894, -0.857945, 3.376687), (0.066758, 0.216753, -0.076818, 0.970907)
51.96878, (-2.285276, -0.860008, 3.353524), (0.065980, 0.215327, -0.076439, 0.971307)
51.98268, (-2.272454, -0.865287, 3.329758), (0.065046, 0.213237, -0.076280, 0.971844)
51.99648, (-2.264434, -0.870934, 3.309059), (0.064937, 0.211292, -0.075650, 0.972325)
52.01037, (-2.255702, -0.875578, 3.288587), (0.064946, 0.209307, -0.075442, 0.972770)
52.02387, (-2.246624, -0.880704, 3.269963), (0.065434, 0.207068, -0.075708, 0.973196)
52.03821, (-2.240035, -0.887743, 3.252430), (0.065824, 0.205338, -0.076197, 0.973498)
52.05179, (-2.236033, -0.891513, 3.234676), (0.066842, 0.203801, -0.077203, 0.973672)
52.06549, (-2.230638, -0.896510, 3.217103), (0.067147, 0.201974, -0.078149, 0.973956)
52.07939, (-2.226977, -0.902618, 3.202822), (0.067100, 0.199978, -0.079173, 0.974289)
52.09341, (-2.222485, -0.908732, 3.189532), (0.067271, 0.198107, -0.079970, 0.974594)
52.10736, (-2.217583, -0.914731, 3.177580), (0.067659, 0.196237, -0.080249, 0.974922)
52.12139, (-2.214319, -0.916691, 3.168597), (0.069045, 0.195131, -0.081015, 0.974984)
52.13502, (-2.211582, -0.921238, 3.160197), (0.069134, 0.194280, -0.081808, 0.975081)
52.14917, (-2.209594, -0.925304, 3.151967), (0.069086, 0.193724, -0.083271, 0.975071)
52.16308, (-2.208010, -0.928476, 3.145684), (0.069334, 0.193661, -0.083674, 0.975032)
52.17728, (-2.205948, -0.930879, 3.141720), (0.069784, 0.193286, -0.084135, 0.975034)
52.19061, (-2.206000, -0.932212, 3.138595), (0.069778, 0.192903, -0.084620, 0.975069)
52.20455, (-2.205613, -0.933483, 3.135958), (0.069235, 0.192101, -0.085667, 0.975174)
52.21872, (-2.206432, -0.933992, 3.133635), (0.069181, 0.191877, -0.086677, 0.975133)
52.23264, (-2.207077, -0.934030, 3.131328), (0.068908, 0.191409, -0.086707, 0.975242)
52.2466, (-2.207792, -0.932285, 3.131859), (0.069063, 0.191139, -0.087335, 0.975228)
52.26052, (-2.207073, -0.930780, 3.133628), (0.068944, 0.190485, -0.087920, 0.975312)
52.27423, (-2.208071, -0.926260, 3.138671), (0.068994, 0.189809, -0.088532, 0.975384)
52.28825, (-2.206369, -0.929250, 3.131829), (0.069165, 0.188948, -0.089144, 0.975484)
52.30211, (-2.207251, -0.924518, 3.138546), (0.069282, 0.187930, -0.089173, 0.975669)
52.31577, (-2.207628, -0.918616, 3.146833), (0.070272, 0.187240, -0.089417, 0.975709)
52.32977, (-2.206859, -0.906731, 3.164902), (0.070638, 0.186465, -0.089417, 0.975831)
52.34363, (-2.203572, -0.898275, 3.176759), (0.070698, 0.185725, -0.088836, 0.976021)
52.35768, (-2.200326, -0.891097, 3.187565), (0.070326, 0.185204, -0.088485, 0.976178)
52.37133, (-2.194625, -0.882856, 3.201219), (0.069882, 0.184061, -0.087725, 0.976495)
52.38511, (-2.188634, -0.874505, 3.214677), (0.069864, 0.182928, -0.087649, 0.976716)
52.39905, (-2.181816, -0.868503, 3.226864), (0.069380, 0.181765, -0.086919, 0.977033)
52.41306, (-2.175052, -0.865400, 3.238011), (0.068942, 0.180783, -0.086125, 0.977316)
52.42685, (-2.165682, -0.861878, 3.249386), (0.069735, 0.179303, -0.085533, 0.977585)
52.44091, (-2.154506, -0.857818, 3.262065), (0.071440, 0.177489, -0.085780, 0.977771)
52.45472, (-2.143219, -0.854648, 3.277120), (0.072949, 0.175807, -0.086744, 0.977878)
52.46869, (-2.129818, -0.850998, 3.294007), (0.074025, 0.174264, -0.088373, 0.977928)
52.48232, (-2.115769, -0.846028, 3.310398), (0.074992, 0.173372, -0.090442, 0.977823)
52.49613, (-2.100626, -0.840204, 3.326250), (0.075520, 0.172810, -0.092636, 0.977677)
52.51056, (-2.084666, -0.834731, 3.343130), (0.075183, 0.172811, -0.094742, 0.977501)
52.52412, (-2.069191, -0.830354, 3.363007), (0.075131, 0.172286, -0.095754, 0.977499)
52.53788, (-2.053164, -0.826777, 3.383857), (0.075889, 0.171249, -0.096121, 0.977587)
52.55202, (-2.039171, -0.821265, 3.404653), (0.077454, 0.170579, -0.096895, 0.977504)
52.56578, (-2.028573, -0.815089, 3.424402), (0.078802, 0.169635, -0.097483, 0.977503)
52.57972, (-2.015166, -0.809243, 3.444974), (0.080126, 0.168495, -0.098055, 0.977535)
52.59346, (-2.001499, -0.801731, 3.467844), (0.081629, 0.167777, -0.097574, 0.977582)
52.60762, (-1.989162, -0.793806, 3.491464), (0.083065, 0.167242, -0.096832, 0.977627)
52.62127, (-1.978493, -0.784826, 3.512150), (0.084437, 0.166714, -0.096103, 0.977671)
52.63511, (-1.968331, -0.774452, 3.531157), (0.086353, 0.166065, -0.094770, 0.977745)
52.64915, (-1.958384, -0.763838, 3.549688), (0.087261, 0.165692, -0.092117, 0.977981)
52.66326, (-1.947048, -0.755972, 3.569360), (0.087126, 0.165256, -0.089054, 0.978350)
52.67672, (-1.937188, -0.746024, 3.591624), (0.087365, 0.165581, -0.085640, 0.978579)
52.69054, (-1.925228, -0.733887, 3.613586), (0.087880, 0.165728, -0.083293, 0.978710)
52.70485, (-1.915029, -0.722970, 3.634348), (0.087434, 0.166567, -0.081646, 0.978746)
52.71878, (-1.904609, -0.713021, 3.654038), (0.087178, 0.167177, -0.080124, 0.978791)
52.7325, (-1.895634, -0.707569, 3.668509), (0.086535, 0.167382, -0.077816, 0.978999)
52.74632, (-1.889238, -0.701714, 3.681322), (0.088091, 0.166954, -0.076100, 0.979069)
52.76027, (-1.883078, -0.696930, 3.694134), (0.089294, 0.165643, -0.074542, 0.979302)
52.77398, (-1.878504, -0.690633, 3.706317), (0.091044, 0.163974, -0.073159, 0.979526)
52.78822, (-1.872877, -0.683345, 3.716110), (0.092023, 0.161637, -0.072410, 0.979879)
52.80232, (-1.867339, -0.677418, 3.724513), (0.092068, 0.159980, -0.072054, 0.980173)
52.81635, (-1.860856, -0.669781, 3.732086), (0.091834, 0.157964, -0.071284, 0.980578)
52.82998, (-1.853501, -0.664536, 3.739507), (0.091793, 0.155672, -0.071018, 0.980967)
52.8438, (-1.847729, -0.658726, 3.745929), (0.091728, 0.152967, -0.070223, 0.981456)
52.85762, (-1.842347, -0.653940, 3.752186), (0.091601, 0.150154, -0.070227, 0.981902)
52.87157, (-1.835377, -0.648252, 3.758869), (0.091500, 0.147475, -0.070241, 0.982316)
52.88543, (-1.826910, -0.641978, 3.760930), (0.091014, 0.144902, -0.070912, 0.982696)
52.89917, (-1.816121, -0.635256, 3.764416), (0.090830, 0.143361, -0.071122, 0.982924)
52.91299, (-1.804725, -0.629188, 3.769303), (0.090741, 0.142310, -0.071230, 0.983077)
52.92691, (-1.793337, -0.625943, 3.778150), (0.090677, 0.142069, -0.071099, 0.983127)
52.94098, (-1.781138, -0.624355, 3.786519), (0.090801, 0.141150, -0.071327, 0.983232)
52.95444, (-1.771793, -0.621699, 3.792462), (0.090733, 0.140281, -0.071574, 0.983344)
52.96875, (-1.762196, -0.617918, 3.801924), (0.092181, 0.139939, -0.072952, 0.983157)
52.98257, (-1.753393, -0.614860, 3.807217), (0.091731, 0.139614, -0.072687, 0.983265)
52.99623, (-1.742806, -0.611807, 3.813712), (0.091562, 0.139190, -0.072287, 0.983370)
53.00999, (-1.731349, -0.609152, 3.821500), (0.091029, 0.139124, -0.071589, 0.983480)
53.02394, (-1.720654, -0.607542, 3.830430), (0.090713, 0.138747, -0.070737, 0.983624)
53.03793, (-1.714560, -0.606633, 3.834029), (0.089863, 0.138792, -0.069587, 0.983778)
53.05174, (-1.710874, -0.609157, 3.834436), (0.088182, 0.139022, -0.069891, 0.983876)
53.06574, (-1.706289, -0.611939, 3.831455), (0.087467, 0.139318, -0.068775, 0.983977)
53.08018, (-1.702675, -0.613382, 3.826213), (0.088860, 0.139256, -0.066672, 0.984005)
53.09346, (-1.699360, -0.611515, 3.820675), (0.093026, 0.138884, -0.064271, 0.983833)
53.10783, (-1.695298, -0.608916, 3.818328), (0.098335, 0.138239, -0.063638, 0.983448)
53.12141, (-1.693799, -0.606401, 3.818875), (0.102570, 0.137927, -0.064880, 0.982978)
53.13504, (-1.692200, -0.603699, 3.818894), (0.103215, 0.137886, -0.065918, 0.982847)
53.14891, (-1.689566, -0.599148, 3.817214), (0.103255, 0.137062, -0.066012, 0.982952)
53.16304, (-1.692593, -0.591631, 3.810430), (0.102271, 0.138415, -0.066568, 0.982828)
53.17702, (-1.689256, -0.583706, 3.809924), (0.102066, 0.136302, -0.065817, 0.983195)
53.19085, (-1.684877, -0.576587, 3.812016), (0.103048, 0.134337, -0.063093, 0.983542)
53.20457, (-1.683248, -0.568665, 3.811977), (0.105973, 0.132623, -0.060433, 0.983630)
53.21898, (-1.677977, -0.561237, 3.815459), (0.108107, 0.131382, -0.058991, 0.983652)
53.23255, (-1.673904, -0.547724, 3.818494), (0.110092, 0.131806, -0.058226, 0.983421)
53.24637, (-1.668048, -0.539494, 3.821076), (0.110533, 0.134139, -0.059392, 0.982986)
53.26073, (-1.662927, -0.528470, 3.822277), (0.112994, 0.137002, -0.058115, 0.982388)
53.27439, (-1.655449, -0.521025, 3.821649), (0.115271, 0.139766, -0.056524, 0.981826)
53.288, (-1.642852, -0.514131, 3.824126), (0.117494, 0.143161, -0.054710, 0.981176)
53.30202, (-1.632896, -0.513368, 3.828640), (0.115937, 0.146096, -0.053968, 0.980970)
53.31599, (-1.622726, -0.497530, 3.840808), (0.106744, 0.147586, -0.053486, 0.981816)
53.32999, (-1.613067, -0.484881, 3.851516), (0.103262, 0.148792, -0.055626, 0.981888)
53.34363, (-1.603257, -0.476408, 3.857675), (0.099396, 0.149919, -0.055759, 0.982108)
53.35757, (-1.595065, -0.478339, 3.855904), (0.093616, 0.148595, -0.052825, 0.983039)
53.37172, (-1.585049, -0.470113, 3.860594), (0.092739, 0.148180, -0.051405, 0.983260)
53.38536, (-1.576688, -0.475693, 3.865265), (0.094300, 0.147280, -0.053344, 0.983143)
53.39917, (-1.567325, -0.476404, 3.868556), (0.094141, 0.147753, -0.053558, 0.983076)
53.41304, (-1.561408, -0.479113, 3.869142), (0.094678, 0.148573, -0.055545, 0.982790)
53.42678, (-1.554695, -0.481516, 3.871616), (0.094200, 0.147886, -0.057149, 0.982848)
53.44087, (-1.548445, -0.488491, 3.876621), (0.093408, 0.147755, -0.060136, 0.982765)
53.45486, (-1.542594, -0.490392, 3.884922), (0.095326, 0.146372, -0.061674, 0.982692)
53.46857, (-1.533058, -0.491830, 3.888963), (0.095336, 0.144282, -0.061929, 0.982985)
53.48246, (-1.524715, -0.491687, 3.895607), (0.095763, 0.142412, -0.062742, 0.983164)
53.49635, (-1.515696, -0.491947, 3.900479), (0.095112, 0.140838, -0.063852, 0.983383)
53.5102, (-1.504033, -0.487887, 3.906706), (0.095063, 0.139988, -0.065937, 0.983371)
53.52494, (-1.494097, -0.487747, 3.914179), (0.094476, 0.139190, -0.066895, 0.983476)
53.53808, (-1.484077, -0.488139, 3.920439), (0.093781, 0.138311, -0.067608, 0.983618)
53.55198, (-1.474868, -0.489034, 3.927155), (0.093610, 0.137489, -0.067138, 0.983782)
53.56575, (-1.465840, -0.492724, 3.932918), (0.092781, 0.136355, -0.066502, 0.984061)
53.57978, (-1.450622, -0.500941, 3.936824), (0.092899, 0.135103, -0.064129, 0.984380)
53.59354, (-1.444941, -0.496438, 3.946479), (0.094773, 0.135112, -0.063286, 0.984255)
53.60745, (-1.432948, -0.491746, 3.961207), (0.093404, 0.132844, -0.067166, 0.984437)
53.62172, (-1.425510, -0.493069, 3.974058), (0.090117, 0.131364, -0.070871, 0.984683)
53.63551, (-1.415710, -0.495623, 3.982972), (0.089853, 0.128427, -0.073646, 0.984891)
53.64923, (-1.403747, -0.499802, 3.991755), (0.090161, 0.124951, -0.075420, 0.985175)
53.6632, (-1.388906, -0.502656, 4.002313), (0.090604, 0.121418, -0.076493, 0.985494)
53.67709, (-1.376992, -0.504720, 4.014206), (0.091293, 0.118324, -0.077134, 0.985756)
53.69097, (-1.359926, -0.506241, 4.023926), (0.092232, 0.114920, -0.077755, 0.986023)
53.70498, (-1.346922, -0.504506, 4.036028), (0.095038, 0.112156, -0.080838, 0.985827)
53.71918, (-1.336088, -0.513936, 4.050356), (0.092923, 0.110349, -0.081848, 0.986149)
53.73257, (-1.320984, -0.508148, 4.066061), (0.096159, 0.108428, -0.084611, 0.985818)
53.74664, (-1.310415, -0.513753, 4.080286), (0.094248, 0.107664, -0.087037, 0.985875)
53.76021, (-1.303284, -0.508846, 4.106918), (0.098606, 0.107688, -0.085618, 0.985571)
53.7743, (-1.284850, -0.511845, 4.119351), (0.102268, 0.104919, -0.088888, 0.985207)
53.78793, (-1.273863, -0.517845, 4.136355), (0.102526, 0.102857, -0.087818, 0.985493)
53.80213, (-1.265935, -0.521840, 4.156667), (0.103665, 0.100771, -0.084344, 0.985893)
53.81591, (-1.254324, -0.519584, 4.178519), (0.106909, 0.098252, -0.082392, 0.985966)
53.8299, (-1.243350, -0.516112, 4.198722), (0.109357, 0.094393, -0.080196, 0.986255)
53.84351, (-1.231429, -0.523883, 4.216805), (0.108915, 0.090356, -0.075930, 0.987020)
53.85751, (-1.220090, -0.507200, 4.255401), (0.113772, 0.091112, -0.079276, 0.986139)
53.87159, (-1.204813, -0.509325, 4.284576), (0.107160, 0.090110, -0.080649, 0.986860)
53.88578, (-1.188831, -0.521127, 4.311033), (0.104091, 0.089045, -0.077551, 0.987533)
53.89926, (-1.168864, -0.508652, 4.333454), (0.108618, 0.087042, -0.082323, 0.986838)
53.91323, (-1.155514, -0.514599, 4.362716), (0.109481, 0.085623, -0.081343, 0.986948)
53.92698, (-1.138953, -0.522031, 4.392546), (0.110630, 0.084355, -0.079668, 0.987066)
53.94096, (-1.122298, -0.525168, 4.415698), (0.112611, 0.082076, -0.077060, 0.987241)
53.95466, (-1.105574, -0.531271, 4.442764), (0.114638, 0.080369, -0.076340, 0.987204)
53.96856, (-1.092564, -0.535402, 4.469280), (0.116614, 0.078682, -0.075889, 0.987143)
53.98251, (-1.079381, -0.536112, 4.497415), (0.118386, 0.076991, -0.077023, 0.986978)
53.99642, (-1.065460, -0.535724, 4.524307), (0.118948, 0.075242, -0.078290, 0.986945)
54.01044, (-1.051784, -0.535833, 4.549504), (0.120456, 0.072717, -0.078200, 0.986959)
54.02442, (-1.037331, -0.537995, 4.576344), (0.121425, 0.072423, -0.077974, 0.986879)
54.03846, (-1.021511, -0.537024, 4.600674), (0.122522, 0.071246, -0.078076, 0.986821)
54.0523, (-1.006387, -0.535846, 4.624438), (0.123391, 0.071124, -0.078201, 0.986712)
54.06634, (-0.990183, -0.533491, 4.644109), (0.124087, 0.071322, -0.078782, 0.986564)
54.0802, (-0.978614, -0.531992, 4.662523), (0.124158, 0.072487, -0.080910, 0.986298)
54.09389, (-0.965078, -0.532922, 4.681279), (0.124385, 0.072853, -0.082373, 0.986121)
54.10778, (-0.951012, -0.532010, 4.697298), (0.125570, 0.072249, -0.082347, 0.986018)
54.12178, (-0.938412, -0.531789, 4.715727), (0.127812, 0.071601, -0.081862, 0.985818)
54.13554, (-0.928053, -0.531462, 4.729923), (0.129100, 0.070356, -0.081149, 0.985798)
54.14914, (-0.918619, -0.529560, 4.744487), (0.130160, 0.069318, -0.080205, 0.985810)
54.16335, (-0.908980, -0.525544, 4.758039), (0.130880, 0.068431, -0.079987, 0.985794)
54.17736, (-0.901346, -0.520300, 4.770231), (0.129874, 0.067801, -0.080203, 0.985953)
54.19083, (-0.893806, -0.515846, 4.783431), (0.129101, 0.067321, -0.080410, 0.986071)
54.20463, (-0.885581, -0.511717, 4.798782), (0.128091, 0.066443, -0.079577, 0.986329)
54.21863, (-0.876821, -0.508142, 4.813924), (0.127285, 0.065469, -0.078345, 0.986597)
54.23258, (-0.868752, -0.505791, 4.829410), (0.126176, 0.064675, -0.077142, 0.986887)
54.24639, (-0.860827, -0.503355, 4.843844), (0.125875, 0.063805, -0.076533, 0.987030)
54.26038, (-0.855536, -0.504831, 4.855657), (0.125863, 0.063184, -0.076780, 0.987052)
54.27431, (-0.849868, -0.504854, 4.867076), (0.126065, 0.062798, -0.077016, 0.987032)
54.28815, (-0.844132, -0.506715, 4.878254), (0.126370, 0.062317, -0.076752, 0.987044)
54.30199, (-0.837328, -0.507760, 4.891649), (0.126881, 0.062133, -0.076040, 0.987045)
54.3159, (-0.830740, -0.507230, 4.904832), (0.127956, 0.061732, -0.074264, 0.987067)
54.33014, (-0.824727, -0.505112, 4.918694), (0.128847, 0.061108, -0.072574, 0.987116)
54.34412, (-0.818598, -0.501069, 4.933071), (0.128960, 0.060423, -0.071425, 0.987227)
54.35786, (-0.811886, -0.496246, 4.946770), (0.128341, 0.059617, -0.069762, 0.987475)
54.37157, (-0.804608, -0.491016, 4.957599), (0.128403, 0.058478, -0.067791, 0.987673)
54.38558, (-0.795936, -0.486898, 4.967363), (0.128162, 0.056856, -0.065518, 0.987952)
54.39935, (-0.789370, -0.482456, 4.977680), (0.128128, 0.055837, -0.063507, 0.988146)
54.41342, (-0.782240, -0.477624, 4.985689), (0.127017, 0.054313, -0.061594, 0.988495)
54.42708, (-0.774204, -0.472662, 4.994761), (0.126289, 0.053265, -0.060109, 0.988737)
54.44086, (-0.766533, -0.467122, 5.003197), (0.125881, 0.052177, -0.059024, 0.988912)
54.45547, (-0.755766, -0.460546, 5.008951), (0.125319, 0.050986, -0.057530, 0.989134)
54.46869, (-0.746624, -0.456532, 5.014274), (0.124520, 0.049977, -0.056035, 0.989372)
54.48244, (-0.736640, -0.453303, 5.021626), (0.123658, 0.048513, -0.054636, 0.989631)
54.49631, (-0.726595, -0.449880, 5.028210), (0.122813, 0.046975, -0.053520, 0.989872)
54.51024, (-0.716955, -0.448462, 5.032496), (0.122100, 0.045101, -0.052187, 0.990118)
54.52419, (-0.706913, -0.445361, 5.035438), (0.121995, 0.043577, -0.051208, 0.990251)
54.53807, (-0.694124, -0.443310, 5.037656), (0.121929, 0.042205, -0.050494, 0.990355)
54.55233, (-0.682770, -0.439947, 5.041353), (0.121875, 0.040991, -0.049648, 0.990455)
54.56581, (-0.668881, -0.439150, 5.044669), (0.121875, 0.039572, -0.049402, 0.990525)
54.5798, (-0.656861, -0.438615, 5.047940), (0.121756, 0.038259, -0.048470, 0.990637)
54.59393, (-0.642834, -0.437444, 5.049710), (0.121497, 0.036643, -0.047309, 0.990786)
54.60785, (-0.628487, -0.435424, 5.050104), (0.121332, 0.035152, -0.046329, 0.990907)
54.62161, (-0.614017, -0.432683, 5.048805), (0.120830, 0.033970, -0.045411, 0.991052)
54.63533, (-0.599460, -0.431153, 5.048330), (0.119548, 0.032729, -0.044606, 0.991286)
54.64913, (-0.584842, -0.431277, 5.046037), (0.118373, 0.031564, -0.043866, 0.991498)
54.66314, (-0.570454, -0.430520, 5.042958), (0.117759, 0.030667, -0.043874, 0.991598)
54.67702, (-0.556026, -0.430802, 5.037704), (0.116968, 0.029750, -0.043703, 0.991728)
54.69085, (-0.542696, -0.429437, 5.031219), (0.116696, 0.029562, -0.044678, 0.991722)
54.70481, (-0.529648, -0.428515, 5.026517), (0.115802, 0.029395, -0.045447, 0.991797)
54.71859, (-0.516877, -0.428340, 5.021544), (0.114391, 0.029280, -0.046560, 0.991912)
54.7326, (-0.504529, -0.427761, 5.018070), (0.113235, 0.029249, -0.047522, 0.992000)
54.74675, (-0.492880, -0.426264, 5.012944), (0.111806, 0.028857, -0.048134, 0.992144)
54.76035, (-0.480394, -0.421997, 5.008755), (0.110218, 0.028296, -0.048427, 0.992324)
54.77411, (-0.466814, -0.416914, 5.006831), (0.107669, 0.027706, -0.047922, 0.992645)
54.78807, (-0.454072, -0.412638, 5.007216), (0.104774, 0.026925, -0.046930, 0.993023)
54.80212, (-0.443085, -0.411131, 5.006413), (0.100987, 0.025959, -0.046144, 0.993478)
54.81602, (-0.430900, -0.408005, 5.004978), (0.098689, 0.024943, -0.045431, 0.993768)
54.82968, (-0.416467, -0.406017, 5.001062), (0.095765, 0.023312, -0.044028, 0.994157)
54.84359, (-0.404581, -0.406438, 4.998467), (0.093295, 0.022207, -0.043573, 0.994437)
54.8574, (-0.391212, -0.410088, 4.998155), (0.090400, 0.020617, -0.042333, 0.994792)
54.87151, (-0.376217, -0.414337, 5.000910), (0.087652, 0.018359, -0.042133, 0.995090)
54.88601, (-0.363641, -0.419462, 5.000972), (0.085616, 0.016496, -0.041667, 0.995320)
54.89922, (-0.346918, -0.421972, 5.001610), (0.084573, 0.013980, -0.041671, 0.995448)
54.91323, (-0.331572, -0.423163, 5.002225), (0.084194, 0.012719, -0.041815, 0.995490)
54.92687, (-0.313373, -0.425316, 5.003058), (0.082550, 0.011043, -0.042343, 0.995626)
54.94099, (-0.293604, -0.429642, 5.007523), (0.078739, 0.010181, -0.043483, 0.995895)
54.95482, (-0.275064, -0.433136, 5.014300), (0.075755, 0.008530, -0.043598, 0.996136)
54.96861, (-0.256604, -0.434831, 5.020152), (0.073448, 0.007288, -0.044142, 0.996295)
54.9825, (-0.237132, -0.436434, 5.027452), (0.071334, 0.006306, -0.044804, 0.996426)
54.99644, (-0.212842, -0.437465, 5.035325), (0.069330, 0.004244, -0.044148, 0.996607)
55.01067, (-0.190906, -0.440207, 5.045332), (0.066989, 0.002764, -0.044441, 0.996760)
55.0239, (-0.170404, -0.442388, 5.055229), (0.064933, 0.001230, -0.044877, 0.996879)
55.03782, (-0.149470, -0.448434, 5.070505), (0.063590, -0.000180, -0.045760, 0.996926)
55.05188, (-0.126383, -0.456371, 5.085229), (0.062851, -0.001109, -0.046407, 0.996943)
55.06545, (-0.101871, -0.461597, 5.097498), (0.062918, -0.002092, -0.046434, 0.996936)
55.07928, (-0.074713, -0.466281, 5.111332), (0.062608, -0.003608, -0.046633, 0.996942)
55.09322, (-0.049768, -0.472813, 5.126490), (0.061651, -0.004580, -0.047776, 0.996943)
55.10712, (-0.025257, -0.478594, 5.142094), (0.060944, -0.005595, -0.049395, 0.996903)
55.12111, (0.001403, -0.488849, 5.162206), (0.060019, -0.006285, -0.052293, 0.996807)
55.13505, (0.027010, -0.496203, 5.180496), (0.059801, -0.006427, -0.054596, 0.996696)
55.14926, (0.052963, -0.502313, 5.198547), (0.059945, -0.006298, -0.055868, 0.996617)
55.16296, (0.080879, -0.506893, 5.216941), (0.060672, -0.006371, -0.057408, 0.996485)
55.17665, (0.106639, -0.510000, 5.235324), (0.059880, -0.005970, -0.058965, 0.996445)
55.1907, (0.131245, -0.511607, 5.257140), (0.058688, -0.005661, -0.061073, 0.996390)
55.20454, (0.154376, -0.515577, 5.276212), (0.057078, -0.005117, -0.063507, 0.996335)
55.21864, (0.176207, -0.517901, 5.295925), (0.056237, -0.004344, -0.065219, 0.996276)
55.23205, (0.197290, -0.518966, 5.315333), (0.055707, -0.003482, -0.066408, 0.996230)
55.24586, (0.218085, -0.519013, 5.333942), (0.055378, -0.002693, -0.067593, 0.996171)
55.25971, (0.233041, -0.517298, 5.352666), (0.055195, -0.001744, -0.068348, 0.996132)
55.27374, (0.250123, -0.517310, 5.372676), (0.054129, -0.001747, -0.069434, 0.996115)
55.28823, (0.265252, -0.517669, 5.392357), (0.053505, -0.002051, -0.071088, 0.996032)
55.30151, (0.277294, -0.520432, 5.408442), (0.052971, -0.002196, -0.071915, 0.996001)
55.31535, (0.289359, -0.521629, 5.422714), (0.053215, -0.002290, -0.072909, 0.995915)
55.32918, (0.299124, -0.521051, 5.435738), (0.053531, -0.001830, -0.072812, 0.995906)
55.34308, (0.308778, -0.519613, 5.449457), (0.053388, -0.001214, -0.072594, 0.995931)
55.35696, (0.316992, -0.517355, 5.463691), (0.053054, -0.001015, -0.072095, 0.995985)
55.37096, (0.322974, -0.516002, 5.475848), (0.052246, -0.000914, -0.071970, 0.996037)
55.38478, (0.326600, -0.515487, 5.486419), (0.051917, -0.000680, -0.072210, 0.996037)
55.39859, (0.329929, -0.513785, 5.493366), (0.052204, -0.000076, -0.072401, 0.996009)
55.41265, (0.332415, -0.513300, 5.500364), (0.052263, 0.000968, -0.072220, 0.996018)
55.42662, (0.337029, -0.511062, 5.505977), (0.051953, 0.001879, -0.071103, 0.996113)
55.4403, (0.337431, -0.506560, 5.512234), (0.051573, 0.003391, -0.069645, 0.996232)
55.45398, (0.336082, -0.502337, 5.517806), (0.049841, 0.004006, -0.068683, 0.996385)
55.46801, (0.332807, -0.497512, 5.523988), (0.047805, 0.004397, -0.067912, 0.996536)
55.48177, (0.328459, -0.492582, 5.525949), (0.045860, 0.004197, -0.067268, 0.996672)
55.49569, (0.323611, -0.487701, 5.525370), (0.044464, 0.004119, -0.066354, 0.996797)
55.50967, (0.316307, -0.480211, 5.519762), (0.043212, 0.004340, -0.065079, 0.996935)
55.52343, (0.307997, -0.472748, 5.511330), (0.041534, 0.004923, -0.063373, 0.997113)
55.53728, (0.298591, -0.462678, 5.501225), (0.040236, 0.005400, -0.061198, 0.997300)
55.55125, (0.287935, -0.450214, 5.492052), (0.038697, 0.005512, -0.059139, 0.997484)
55.56515, (0.273362, -0.434855, 5.479011), (0.036841, 0.005261, -0.057383, 0.997658)
55.57899, (0.256055, -0.418357, 5.461136), (0.035164, 0.005199, -0.055405, 0.997831)
55.59286, (0.239119, -0.402811, 5.441203), (0.033568, 0.005465, -0.053553, 0.997986)
55.60682, (0.216613, -0.381985, 5.412068), (0.031826, 0.006246, -0.051938, 0.998124)
55.62073, (0.196974, -0.364758, 5.386321), (0.028906, 0.007166, -0.050101, 0.998300)
55.63443, (0.175944, -0.345117, 5.357665), (0.025261, 0.007946, -0.047848, 0.998504)
55.64832, (0.149495, -0.320864, 5.322918), (0.021151, 0.008917, -0.044574, 0.998742)
55.66283, (0.124524, -0.296764, 5.284944), (0.017697, 0.009233, -0.041208, 0.998951)
55.67648, (0.093756, -0.273221, 5.242199), (0.013514, 0.010640, -0.038446, 0.999113)
55.69009, (0.067863, -0.250601, 5.205950), (0.010285, 0.011258, -0.035951, 0.999237)
55.70397, (0.033963, -0.227948, 5.157259), (0.005404, 0.011398, -0.032121, 0.999404)
55.71766, (-0.001615, -0.207143, 5.110284), (0.001244, 0.012681, -0.028948, 0.999500)
55.73139, (-0.035034, -0.188536, 5.062135), (-0.002714, 0.013130, -0.026162, 0.999568)
55.74526, (-0.067874, -0.170226, 5.013551), (-0.005734, 0.013070, -0.023408, 0.999624)
55.7592, (-0.102790, -0.154197, 4.965302), (-0.007965, 0.013382, -0.020944, 0.999659)
55.77309, (-0.138799, -0.141262, 4.915536), (-0.009550, 0.013942, -0.017125, 0.999711)
55.78698, (-0.170003, -0.138129, 4.869422), (-0.010455, 0.013678, -0.013580, 0.999760)
55.80106, (-0.201084, -0.134800, 4.825344), (-0.010661, 0.013211, -0.010030, 0.999806)
55.81529, (-0.232526, -0.135033, 4.784239), (-0.008763, 0.013133, -0.007030, 0.999851)
55.82911, (-0.259178, -0.147057, 4.739845), (-0.007180, 0.011696, -0.006210, 0.999887)
55.84279, (-0.288647, -0.155698, 4.699746), (-0.002623, 0.012103, -0.005024, 0.999911)
55.85659, (-0.312332, -0.168654, 4.657883), (0.003011, 0.012419, -0.003960, 0.999911)
55.87043, (-0.335302, -0.182930, 4.616293), (0.006255, 0.014462, -0.003457, 0.999870)
55.88435, (-0.353764, -0.196753, 4.579497), (0.009667, 0.017515, -0.003701, 0.999793)
55.89834, (-0.378398, -0.213457, 4.542966), (0.012057, 0.022488, -0.005234, 0.999661)
55.91235, (-0.404336, -0.228823, 4.505717), (0.016359, 0.026867, -0.008249, 0.999471)
55.92628, (-0.421080, -0.244383, 4.463068), (0.020528, 0.029403, -0.011161, 0.999295)
55.94022, (-0.448184, -0.260110, 4.417476), (0.025030, 0.033053, -0.013779, 0.999045)
55.95451, (-0.469290, -0.276709, 4.379198), (0.028313, 0.035916, -0.014785, 0.998844)
55.96846, (-0.490284, -0.295777, 4.340510), (0.030360, 0.038106, -0.014748, 0.998704)
55.98207, (-0.507042, -0.310618, 4.306281), (0.032902, 0.038092, -0.012428, 0.998655)
55.99603, (-0.526332, -0.323377, 4.269563), (0.036328, 0.038090, -0.010953, 0.998554)
56.00985, (-0.543121, -0.334534, 4.231691), (0.039138, 0.037768, -0.009395, 0.998476)
56.02385, (-0.555302, -0.335556, 4.199454), (0.042417, 0.036473, -0.008038, 0.998402)
56.03776, (-0.570622, -0.339837, 4.170652), (0.042915, 0.035739, -0.008040, 0.998407)
56.05178, (-0.585580, -0.335532, 4.145502), (0.044503, 0.034212, -0.008552, 0.998387)
56.06562, (-0.598354, -0.336398, 4.121743), (0.044579, 0.032577, -0.009283, 0.998431)
56.07963, (-0.604151, -0.334095, 4.101297), (0.044924, 0.030971, -0.011306, 0.998446)
56.09365, (-0.608853, -0.332533, 4.080193), (0.045463, 0.030877, -0.013493, 0.998398)
56.10754, (-0.609354, -0.332580, 4.059284), (0.045541, 0.031229, -0.014829, 0.998364)
56.12178, (-0.607551, -0.332286, 4.040944), (0.044758, 0.032174, -0.015746, 0.998355)
56.13554, (-0.603231, -0.328521, 4.026672), (0.044754, 0.033568, -0.017629, 0.998278)
56.14927, (-0.593650, -0.334506, 4.010206), (0.043661, 0.034671, -0.018921, 0.998265)
56.16324, (-0.583770, -0.338763, 3.996607), (0.043841, 0.035666, -0.020911, 0.998183)
56.17729, (-0.568739, -0.345590, 3.985144), (0.044064, 0.036872, -0.022786, 0.998088)
56.19136, (-0.562242, -0.348350, 3.969689), (0.044380, 0.037535, -0.024145, 0.998017)
56.20517, (-0.534060, -0.358732, 3.968312), (0.043262, 0.038573, -0.026670, 0.997963)
56.21916, (-0.516785, -0.368078, 3.961966), (0.042755, 0.039347, -0.030046, 0.997858)
56.23328, (-0.498537, -0.378560, 3.956861), (0.043116, 0.039978, -0.033343, 0.997713)
56.24694, (-0.477690, -0.390322, 3.953001), (0.043537, 0.040680, -0.037339, 0.997525)
56.26072, (-0.453366, -0.401852, 3.953772), (0.043855, 0.041592, -0.041473, 0.997310)
56.27441, (-0.428473, -0.412368, 3.957429), (0.044357, 0.042749, -0.045086, 0.997082)
56.2887, (-0.402132, -0.420171, 3.964000), (0.045205, 0.043838, -0.049303, 0.996797)
56.30227, (-0.377013, -0.426537, 3.972300), (0.046318, 0.045565, -0.053555, 0.996449)
56.31604, (-0.341681, -0.436267, 3.984461), (0.046268, 0.045940, -0.058279, 0.996169)
56.3299, (-0.313308, -0.441588, 3.995836), (0.047249, 0.047645, -0.061461, 0.995852)
56.34383, (-0.279516, -0.449368, 4.012136), (0.048110, 0.048796, -0.064356, 0.995572)
56.35773, (-0.246901, -0.454130, 4.030014), (0.049134, 0.050197, -0.067063, 0.995273)
56.37203, (-0.206244, -0.460140, 4.054818), (0.049273, 0.050502, -0.069336, 0.995095)
56.38564, (-0.171558, -0.466481, 4.077962), (0.049121, 0.051823, -0.071704, 0.994867)
56.3994, (-0.136842, -0.476363, 4.100310), (0.048510, 0.053301, -0.075376, 0.994547)
56.41335, (-0.102453, -0.484242, 4.128220), (0.048955, 0.054254, -0.078952, 0.994196)
56.42731, (-0.065422, -0.493678, 4.157130), (0.050050, 0.054627, -0.081484, 0.993917)
56.44144, (-0.026741, -0.502136, 4.187006), (0.052285, 0.055076, -0.083774, 0.993587)
56.455, (0.015019, -0.510303, 4.220898), (0.055097, 0.054485, -0.084872, 0.993374)
56.46929, (0.055320, -0.514475, 4.256519), (0.057936, 0.053459, -0.086099, 0.993163)
56.48339, (0.093786, -0.518612, 4.293165), (0.059853, 0.052631, -0.087374, 0.992982)
56.49727, (0.135646, -0.524304, 4.333429), (0.061725, 0.050511, -0.087770, 0.992943)
56.51118, (0.176163, -0.528231, 4.373340), (0.064130, 0.049117, -0.088292, 0.992814)
56.52494, (0.217394, -0.533625, 4.414651), (0.066210, 0.047300, -0.088873, 0.992714)
56.53923, (0.258064, -0.537170, 4.457445), (0.067683, 0.045580, -0.089417, 0.992646)
56.55288, (0.301847, -0.540824, 4.501997), (0.068260, 0.042844, -0.090050, 0.992671)
56.56659, (0.344659, -0.540113, 4.546012), (0.069290, 0.040200, -0.090493, 0.992670)
56.58058, (0.386824, -0.538383, 4.587949), (0.070958, 0.037896, -0.091252, 0.992573)
56.59424, (0.428879, -0.534219, 4.627713), (0.073720, 0.035689, -0.091685, 0.992414)
56.6078, (0.472228, -0.532879, 4.666218), (0.075324, 0.032819, -0.091835, 0.992379)
56.62167, (0.512936, -0.531695, 4.702451), (0.076839, 0.029302, -0.091144, 0.992436)
56.63557, (0.549603, -0.530635, 4.734331), (0.077504, 0.025523, -0.089872, 0.992605)
56.64957, (0.587912, -0.525606, 4.765225), (0.077831, 0.021141, -0.087407, 0.992903)
56.66363, (0.628265, -0.519824, 4.797253), (0.078007, 0.016123, -0.085787, 0.993124)
56.67743, (0.666155, -0.511931, 4.828082), (0.076790, 0.010285, -0.083141, 0.993522)
56.69136, (0.701227, -0.506556, 4.858461), (0.075812, 0.003100, -0.081126, 0.993812)
56.70517, (0.734179, -0.503417, 4.886265), (0.075165, -0.003179, -0.079825, 0.993966)
56.71914, (0.762963, -0.496831, 4.909164), (0.076210, -0.012539, -0.079343, 0.993851)
56.73299, (0.784809, -0.495007, 4.922761), (0.074793, -0.020404, -0.080109, 0.993767)
56.74701, (0.808386, -0.496215, 4.942202), (0.073210, -0.029754, -0.079763, 0.993677)
56.76076, (0.841654, -0.489514, 4.967437), (0.073519, -0.041053, -0.080724, 0.993173)
56.77488, (0.867467, -0.489618, 4.982385), (0.074311, -0.052400, -0.081173, 0.992544)
56.78868, (0.889515, -0.485061, 4.994217), (0.074938, -0.063381, -0.080837, 0.991883)
56.8026, (0.908657, -0.479103, 5.002983), (0.074618, -0.074154, -0.080712, 0.991171)
56.81639, (0.931728, -0.476674, 5.012455), (0.072897, -0.085530, -0.081096, 0.990351)
56.83034, (0.950146, -0.471703, 5.017496), (0.072051, -0.095839, -0.079615, 0.989588)
56.84422, (0.969036, -0.468695, 5.022347), (0.071831, -0.106375, -0.079322, 0.988551)
56.85826, (0.989660, -0.461413, 5.025106), (0.072707, -0.116738, -0.078834, 0.987356)
56.87211, (1.004810, -0.460291, 5.020051), (0.072341, -0.124486, -0.080033, 0.986339)
56.88609, (1.022724, -0.454115, 5.017680), (0.072424, -0.131318, -0.081876, 0.985295)
56.89996, (1.043833, -0.452551, 5.016883), (0.070066, -0.137902, -0.083987, 0.984388)
56.91399, (1.057120, -0.442580, 5.013341), (0.070417, -0.142781, -0.085770, 0.983514)
56.92778, (1.071753, -0.444237, 5.004179), (0.068997, -0.145362, -0.087948, 0.983043)
56.94174, (1.085365, -0.441502, 4.994474), (0.069715, -0.148737, -0.088786, 0.982413)
56.9557, (1.100960, -0.441454, 4.983143), (0.069304, -0.151548, -0.088959, 0.981996)
56.96952, (1.114468, -0.436755, 4.972360), (0.069778, -0.153061, -0.087431, 0.981865)
56.98336, (1.129971, -0.435972, 4.962893), (0.069606, -0.156345, -0.087531, 0.981351)
56.99734, (1.141953, -0.433531, 4.950978), (0.068993, -0.156931, -0.084165, 0.981595)
57.01123, (1.153133, -0.432296, 4.937066), (0.069088, -0.158568, -0.082352, 0.981479)
57.02518, (1.161313, -0.429010, 4.921291), (0.069530, -0.160113, -0.080057, 0.981387)
57.03963, (1.171172, -0.426452, 4.906718), (0.069302, -0.162515, -0.078765, 0.981113)
57.05329, (1.179689, -0.424167, 4.892001), (0.068757, -0.165445, -0.076864, 0.980812)
57.06728, (1.188398, -0.421836, 4.877613), (0.068143, -0.168109, -0.074579, 0.980578)
57.08118, (1.198901, -0.419879, 4.867307), (0.067988, -0.172069, -0.072470, 0.980060)
57.09512, (1.209821, -0.420996, 4.853268), (0.068285, -0.176207, -0.069108, 0.979547)
57.10875, (1.218870, -0.419235, 4.838874), (0.068836, -0.179501, -0.065511, 0.979158)
57.12275, (1.231623, -0.419984, 4.825756), (0.069304, -0.182800, -0.062745, 0.978695)
57.13668, (1.242273, -0.418898, 4.812259), (0.069399, -0.186073, -0.060490, 0.978214)
57.15056, (1.256956, -0.418891, 4.802277), (0.069386, -0.189513, -0.055881, 0.977828)
57.16449, (1.272541, -0.421245, 4.791775), (0.070515, -0.192582, -0.052887, 0.977314)
57.17815, (1.286316, -0.420048, 4.779309), (0.071289, -0.195136, -0.050766, 0.976864)
57.19239, (1.300783, -0.417281, 4.769514), (0.071631, -0.197857, -0.049216, 0.976371)
57.20584, (1.315109, -0.413872, 4.760165), (0.071683, -0.200244, -0.047443, 0.975968)
57.21984, (1.330874, -0.411038, 4.751573), (0.071132, -0.202706, -0.046278, 0.975556)
57.23383, (1.343257, -0.406282, 4.740452), (0.071019, -0.204392, -0.045025, 0.975271)
57.24771, (1.357292, -0.403734, 4.729362), (0.070678, -0.206322, -0.044397, 0.974918)
57.26168, (1.369763, -0.399391, 4.716375), (0.070201, -0.207606, -0.043145, 0.974736)
57.27554, (1.384395, -0.394509, 4.706715), (0.070323, -0.209588, -0.041983, 0.974354)
57.28965, (1.397691, -0.391709, 4.694167), (0.069813, -0.210832, -0.041517, 0.974142)
57.30362, (1.409739, -0.389648, 4.681553), (0.068672, -0.212382, -0.040426, 0.973932)
57.31749, (1.421042, -0.386641, 4.668470), (0.068452, -0.214014, -0.039969, 0.973609)
57.33139, (1.431665, -0.383532, 4.654485), (0.068349, -0.215227, -0.038988, 0.973389)
57.34557, (1.442988, -0.380504, 4.641292), (0.067654, -0.216592, -0.037591, 0.973190)
57.35924, (1.452098, -0.376898, 4.628668), (0.066715, -0.217589, -0.035549, 0.973109)
57.37277, (1.460785, -0.374181, 4.615318), (0.065258, -0.218869, -0.033840, 0.972981)
57.38671, (1.468945, -0.372293, 4.603161), (0.063568, -0.220402, -0.032321, 0.972799)
57.40067, (1.474550, -0.369594, 4.590169), (0.062612, -0.222046, -0.030514, 0.972545)
57.41473, (1.479034, -0.365903, 4.575888), (0.062393, -0.222849, -0.029043, 0.972421)
57.42857, (1.484212, -0.363439, 4.562164), (0.061898, -0.223577, -0.027667, 0.972325)
57.44246, (1.488844, -0.359952, 4.549823), (0.061069, -0.224400, -0.026069, 0.972232)
57.45654, (1.493361, -0.356965, 4.539629), (0.059637, -0.225470, -0.024140, 0.972123)
57.47028, (1.496294, -0.354333, 4.529806), (0.058074, -0.226362, -0.022379, 0.972053)
57.48455, (1.498750, -0.350181, 4.519965), (0.056957, -0.227488, -0.020162, 0.971905)
57.4981, (1.499790, -0.350341, 4.507609), (0.055837, -0.227913, -0.018986, 0.971894)
57.51196, (1.501668, -0.348431, 4.496814), (0.055677, -0.228552, -0.017835, 0.971775)
57.52587, (1.502281, -0.347177, 4.487327), (0.055750, -0.228697, -0.016409, 0.971762)
57.53989, (1.503576, -0.346634, 4.478952), (0.055217, -0.229049, -0.015294, 0.971727)
57.55371, (1.503268, -0.346166, 4.470724), (0.054655, -0.229388, -0.014142, 0.971696)
57.56768, (1.502386, -0.347574, 4.461980), (0.054040, -0.229700, -0.013078, 0.971672)
57.58162, (1.502788, -0.348438, 4.452289), (0.053992, -0.230136, -0.012079, 0.971584)
57.5955, (1.503089, -0.348117, 4.444861), (0.054525, -0.230019, -0.010871, 0.971597)
57.60936, (1.503872, -0.348955, 4.438984), (0.054786, -0.229589, -0.009866, 0.971694)
57.6232, (1.504695, -0.348409, 4.433027), (0.054867, -0.229351, -0.009558, 0.971749)
57.63701, (1.504442, -0.349215, 4.427531), (0.054592, -0.228972, -0.009202, 0.971858)
57.65096, (1.504599, -0.350326, 4.423099), (0.054155, -0.228410, -0.009053, 0.972016)
57.66495, (1.505744, -0.352265, 4.419999), (0.054204, -0.227493, -0.008660, 0.972231)
57.67881, (1.507406, -0.355222, 4.416180), (0.054407, -0.226529, -0.008199, 0.972449)
57.69268, (1.509751, -0.357593, 4.413359), (0.054398, -0.225570, -0.007432, 0.972679)
57.70662, (1.512715, -0.359343, 4.412644), (0.054096, -0.224191, -0.006614, 0.973020)
57.72049, (1.517212, -0.363473, 4.414710), (0.053334, -0.223440, -0.005973, 0.973239)
57.73432, (1.521222, -0.367780, 4.417644), (0.052857, -0.222482, -0.005569, 0.973487)
57.74826, (1.528291, -0.374862, 4.421247), (0.052327, -0.221334, -0.006363, 0.973772)
57.76226, (1.535651, -0.380492, 4.425025), (0.052683, -0.219451, -0.007010, 0.974175)
57.77608, (1.546055, -0.385793, 4.431506), (0.053665, -0.217319, -0.008157, 0.974590)
57.79015, (1.556131, -0.390877, 4.442784), (0.053658, -0.214973, -0.008736, 0.975106)
57.80399, (1.569055, -0.394174, 4.457177), (0.054349, -0.212760, -0.010209, 0.975538)
57.81775, (1.579631, -0.402570, 4.468925), (0.055432, -0.210322, -0.011685, 0.975989)
57.83162, (1.593962, -0.406890, 4.482134), (0.056435, -0.207840, -0.013001, 0.976447)
57.84588, (1.609781, -0.409774, 4.497898), (0.057310, -0.204895, -0.013782, 0.977008)
57.85982, (1.627304, -0.408646, 4.515290), (0.058923, -0.202001, -0.014249, 0.977507)
57.87334, (1.643885, -0.408701, 4.530878), (0.060682, -0.198911, -0.014999, 0.978022)
57.88712, (1.661792, -0.411010, 4.547536), (0.062049, -0.196908, -0.016214, 0.978322)
57.901, (1.681495, -0.409502, 4.565660), (0.064064, -0.192457, -0.019317, 0.979021)
57.91496, (1.705129, -0.410519, 4.584178), (0.063994, -0.188963, -0.021993, 0.979650)
57.92941, (1.729215, -0.408288, 4.600992), (0.064435, -0.185005, -0.023920, 0.980331)
57.94307, (1.754988, -0.407349, 4.612914), (0.064688, -0.181197, -0.025026, 0.980998)
57.95689, (1.778452, -0.402448, 4.624506), (0.066351, -0.177282, -0.026008, 0.981576)
57.97034, (1.807940, -0.401825, 4.633728), (0.066264, -0.174538, -0.026894, 0.982050)
57.98407, (1.835038, -0.401957, 4.643066), (0.065655, -0.172846, -0.027154, 0.982383)
57.998, (1.863958, -0.402350, 4.652369), (0.064763, -0.172220, -0.027253, 0.982549)
58.0119, (1.892133, -0.402906, 4.658669), (0.063346, -0.171258, -0.027424, 0.982805)
58.02573, (1.924980, -0.406942, 4.664594), (0.060602, -0.171790, -0.027844, 0.982874)
58.03975, (1.957712, -0.411714, 4.670650), (0.058576, -0.171919, -0.028245, 0.982962)
58.05358, (1.993104, -0.417281, 4.679025), (0.057607, -0.172392, -0.028807, 0.982921)
58.068, (2.029435, -0.424371, 4.687433), (0.056537, -0.172223, -0.029996, 0.982977)
58.08138, (2.067070, -0.429883, 4.698742), (0.055826, -0.172275, -0.031106, 0.982974)
58.09507, (2.102977, -0.434991, 4.708869), (0.055381, -0.171874, -0.032167, 0.983035)
58.10914, (2.142375, -0.442914, 4.721843), (0.055389, -0.172447, -0.033841, 0.982878)
58.12308, (2.179270, -0.448587, 4.735863), (0.055783, -0.172617, -0.035947, 0.982751)
58.13692, (2.216710, -0.453862, 4.751101), (0.056235, -0.172651, -0.038520, 0.982622)
58.15067, (2.255216, -0.459240, 4.768166), (0.056822, -0.172664, -0.041795, 0.982452)
58.16467, (2.293743, -0.463787, 4.785052), (0.057214, -0.172444, -0.045035, 0.982325)
58.17863, (2.331473, -0.466708, 4.801737), (0.057935, -0.172060, -0.047976, 0.982210)
58.19231, (2.369387, -0.472080, 4.818092), (0.058304, -0.171827, -0.051056, 0.982074)
58.20623, (2.404714, -0.473360, 4.835349), (0.059342, -0.171460, -0.053263, 0.981959)
58.22059, (2.436988, -0.476848, 4.856582), (0.060423, -0.172653, -0.057631, 0.981437)
58.23406, (2.469352, -0.480977, 4.875623), (0.060644, -0.172612, -0.062407, 0.981139)
58.24807, (2.500727, -0.487635, 4.894126), (0.060142, -0.172327, -0.066812, 0.980929)
58.26173, (2.532791, -0.492867, 4.914301), (0.060796, -0.171779, -0.070835, 0.980703)
58.27559, (2.563208, -0.501643, 4.932390), (0.060694, -0.170910, -0.073769, 0.980645)
58.28957, (2.592325, -0.511087, 4.948771), (0.061761, -0.169330, -0.077845, 0.980537)
58.30379, (2.619830, -0.518327, 4.964789), (0.062571, -0.167894, -0.080586, 0.980511)
58.3176, (2.647865, -0.525152, 4.983258), (0.063410, -0.167219, -0.083045, 0.980368)
58.33126, (2.672144, -0.535075, 4.999234), (0.063531, -0.165398, -0.085656, 0.980444)
58.3453, (2.695265, -0.543459, 5.016531), (0.064488, -0.163650, -0.087803, 0.980485)
58.35918, (2.717981, -0.550876, 5.035040), (0.065266, -0.162321, -0.089153, 0.980533)
58.373, (2.736630, -0.555974, 5.052240), (0.066535, -0.160305, -0.090461, 0.980659)
58.38675, (2.755769, -0.562104, 5.069973), (0.067562, -0.158437, -0.091695, 0.980778)
58.40099, (2.775105, -0.568656, 5.086393), (0.068489, -0.156396, -0.093118, 0.980907)
58.41442, (2.792264, -0.574192, 5.103583), (0.069673, -0.153808, -0.094120, 0.981137)
58.42821, (2.810009, -0.580688, 5.120504), (0.071126, -0.151218, -0.095390, 0.981313)
58.44198, (2.827657, -0.586275, 5.137825), (0.072633, -0.148949, -0.096486, 0.981442)
58.45591, (2.842565, -0.588877, 5.153566), (0.074709, -0.145999, -0.097279, 0.981652)
58.46971, (2.851701, -0.589805, 5.165219), (0.076481, -0.141710, -0.096737, 0.982197)
58.48359, (2.866462, -0.592767, 5.180151), (0.077192, -0.138468, -0.097403, 0.982538)
58.49751, (2.879641, -0.595543, 5.193460), (0.078205, -0.135059, -0.097780, 0.982895)
58.51148, (2.891609, -0.600431, 5.205976), (0.078996, -0.131724, -0.098471, 0.983215)
58.52529, (2.902286, -0.605258, 5.218273), (0.079684, -0.128228, -0.099641, 0.983504)
58.53929, (2.909160, -0.606846, 5.230322), (0.080209, -0.124402, -0.100627, 0.983852)
58.55307, (2.917240, -0.610939, 5.240632), (0.080551, -0.120233, -0.102389, 0.984161)
58.56702, (2.924786, -0.614548, 5.249817), (0.081118, -0.116388, -0.103431, 0.984467)
58.5808, (2.929236, -0.618178, 5.257501), (0.081621, -0.112131, -0.103347, 0.984929)
58.59477, (2.936165, -0.622882, 5.268412), (0.082952, -0.108949, -0.104365, 0.985067)
58.60907, (2.939370, -0.626454, 5.278280), (0.083343, -0.106106, -0.103972, 0.985386)
58.62304, (2.938507, -0.626442, 5.285667), (0.084512, -0.102116, -0.104008, 0.985704)
58.63699, (2.940014, -0.629057, 5.292955), (0.085348, -0.099799, -0.103737, 0.985898)
58.65046, (2.940967, -0.628792, 5.301750), (0.087234, -0.096908, -0.103635, 0.986032)
58.66426, (2.938845, -0.632031, 5.307903), (0.087911, -0.094558, -0.103542, 0.986210)
58.67807, (2.935075, -0.631427, 5.315244), (0.088947, -0.091966, -0.102677, 0.986452)
58.69188, (2.930834, -0.631634, 5.320676), (0.089938, -0.089533, -0.102644, 0.986590)
58.70592, (2.926687, -0.629187, 5.327744), (0.091045, -0.087087, -0.101996, 0.986774)
58.71955, (2.920836, -0.627565, 5.332067), (0.091836, -0.084941, -0.101752, 0.986913)
58.73328, (2.914387, -0.626353, 5.335181), (0.092664, -0.082901, -0.101255, 0.987061)
58.74717, (2.904344, -0.624313, 5.337783), (0.093470, -0.080781, -0.100297, 0.987258)
58.7612, (2.895118, -0.620551, 5.339851), (0.094441, -0.078996, -0.099241, 0.987417)
58.77555, (2.886274, -0.618072, 5.340631), (0.094435, -0.077606, -0.097729, 0.987678)
58.78885, (2.875665, -0.614522, 5.341311), (0.094245, -0.076401, -0.096182, 0.987942)
58.80273, (2.863517, -0.610182, 5.341498), (0.093784, -0.076020, -0.094446, 0.988183)
58.81668, (2.850321, -0.605186, 5.339475), (0.093543, -0.075546, -0.093124, 0.988368)
58.83057, (2.835146, -0.600541, 5.335252), (0.093094, -0.075275, -0.092385, 0.988500)
58.84449, (2.820451, -0.595424, 5.331285), (0.092874, -0.075099, -0.091675, 0.988600)
58.85837, (2.807261, -0.591245, 5.328946), (0.092861, -0.074199, -0.090849, 0.988746)
58.87248, (2.789723, -0.585607, 5.324255), (0.092213, -0.075289, -0.090248, 0.988779)
58.88634, (2.773581, -0.580212, 5.320337), (0.091420, -0.075458, -0.089199, 0.988935)
58.90002, (2.756769, -0.573895, 5.316051), (0.090848, -0.075844, -0.088204, 0.989047)
58.91411, (2.739468, -0.568473, 5.310163), (0.090310, -0.075853, -0.087297, 0.989176)
58.92793, (2.721826, -0.562060, 5.305221), (0.090086, -0.075628, -0.086184, 0.989312)
58.94204, (2.704223, -0.556384, 5.300854), (0.089369, -0.075273, -0.084744, 0.989528)
58.95564, (2.686823, -0.551623, 5.295725), (0.088701, -0.074987, -0.083730, 0.989696)
58.96956, (2.666507, -0.545832, 5.289595), (0.088219, -0.074614, -0.082376, 0.989881)
58.98337, (2.645881, -0.540948, 5.282552), (0.087749, -0.074376, -0.081464, 0.990016)
58.99722, (2.625721, -0.536186, 5.275638), (0.087570, -0.074119, -0.080281, 0.990148)
59.0111, (2.604794, -0.531719, 5.267257), (0.087774, -0.074049, -0.078751, 0.990258)
59.02527, (2.584881, -0.527250, 5.259430), (0.088076, -0.073985, -0.077639, 0.990324)
59.03888, (2.563623, -0.522101, 5.251779), (0.088124, -0.074069, -0.076026, 0.990438)
59.05286, (2.538515, -0.515266, 5.243472), (0.088104, -0.073639, -0.074324, 0.990601)
59.06678, (2.513647, -0.507714, 5.236199), (0.087762, -0.073440, -0.073009, 0.990744)
59.08075, (2.487412, -0.499997, 5.227381), (0.087552, -0.073315, -0.071191, 0.990904)
59.09449, (2.461051, -0.493099, 5.217685), (0.087250, -0.072917, -0.069620, 0.991072)
59.1084, (2.434840, -0.485184, 5.208876), (0.086699, -0.073359, -0.066894, 0.991275)
59.12232, (2.407852, -0.477551, 5.199728), (0.086135, -0.073567, -0.064137, 0.991491)
59.13618, (2.379592, -0.470367, 5.190863), (0.085415, -0.074483, -0.061962, 0.991624)
59.15048, (2.349620, -0.461527, 5.181169), (0.084706, -0.075025, -0.059834, 0.991774)
59.16434, (2.317500, -0.454299, 5.168903), (0.083902, -0.075502, -0.058138, 0.991907)
59.17818, (2.285794, -0.445994, 5.158098), (0.083431, -0.076262, -0.056031, 0.992010)
59.19185, (2.254234, -0.436590, 5.148827), (0.082665, -0.077139, -0.053750, 0.992133)
59.20568, (2.219202, -0.428135, 5.139078), (0.081761, -0.077958, -0.050850, 0.992296)
59.2198, (2.185821, -0.420787, 5.128839), (0.080614, -0.079276, -0.048445, 0.992406)
59.23384, (2.150765, -0.412165, 5.117041), (0.080036, -0.080991, -0.046254, 0.992419)
59.24748, (2.115864, -0.403889, 5.105448), (0.079352, -0.081689, -0.044133, 0.992513)
59.2611, (2.078290, -0.391024, 5.094468), (0.079199, -0.083645, -0.042548, 0.992432)
59.27491, (2.043489, -0.380508, 5.083112), (0.078205, -0.084785, -0.040416, 0.992503)
59.28871, (2.007218, -0.369387, 5.069933), (0.077093, -0.085394, -0.037966, 0.992634)
59.30253, (1.972994, -0.361768, 5.056554), (0.076136, -0.086155, -0.035658, 0.992728)
59.31642, (1.936930, -0.356543, 5.041800), (0.073681, -0.085508, -0.034191, 0.993021)
59.33038, (1.901470, -0.348070, 5.028759), (0.072579, -0.086133, -0.032148, 0.993116)
59.34439, (1.865335, -0.336173, 5.017459), (0.071385, -0.083669, -0.030756, 0.993457)
59.35836, (1.827458, -0.328388, 5.007043), (0.068564, -0.081619, -0.030984, 0.993820)
59.37258, (1.788014, -0.321398, 4.994451), (0.067103, -0.079373, -0.030405, 0.994119)
59.38604, (1.750810, -0.315199, 4.982003), (0.065406, -0.077182, -0.030440, 0.994404)
59.39983, (1.713225, -0.308828, 4.969221), (0.064282, -0.074632, -0.029557, 0.994698)
59.41373, (1.674525, -0.306089, 4.960111), (0.062696, -0.072634, -0.028898, 0.994967)
59.42831, (1.635808, -0.298617, 4.948006), (0.061823, -0.070606, -0.027888, 0.995196)
59.44163, (1.600005, -0.293493, 4.935706), (0.060694, -0.069153, -0.026853, 0.995396)
59.45598, (1.562274, -0.287324, 4.923471), (0.059366, -0.067632, -0.025886, 0.995606)
59.46966, (1.514180, -0.290296, 4.919770), (0.058570, -0.063820, -0.024823, 0.995932)
59.48351, (1.469824, -0.285527, 4.911939), (0.057392, -0.060741, -0.024825, 0.996193)
59.49723, (1.429034, -0.281951, 4.905683), (0.056754, -0.059445, -0.025025, 0.996303)
59.51135, (1.383884, -0.277056, 4.895351), (0.058668, -0.056950, -0.023178, 0.996382)
59.52475, (1.343942, -0.276227, 4.888006), (0.059531, -0.055201, -0.021744, 0.996462)
59.5386, (1.300358, -0.275518, 4.882256), (0.061360, -0.052045, -0.020291, 0.996551)
59.55246, (1.258792, -0.270610, 4.878821), (0.061290, -0.048882, -0.019672, 0.996728)
59.56653, (1.219051, -0.267861, 4.876040), (0.058601, -0.045664, -0.019763, 0.997041)
59.5802, (1.176721, -0.260385, 4.872218), (0.058448, -0.040272, -0.021168, 0.997253)
59.59403, (1.135041, -0.251229, 4.867515), (0.060202, -0.037291, -0.022865, 0.997227)
59.60793, (1.091502, -0.251142, 4.866477), (0.057746, -0.032173, -0.023941, 0.997526)
59.62183, (1.051295, -0.248654, 4.867642), (0.056321, -0.027901, -0.024980, 0.997710)
59.63605, (1.009911, -0.250740, 4.861345), (0.057227, -0.023742, -0.027019, 0.997713)
59.64963, (0.967118, -0.247904, 4.851325), (0.058045, -0.020582, -0.027478, 0.997724)
59.66386, (0.932983, -0.255433, 4.843821), (0.057423, -0.020121, -0.027289, 0.997774)
59.6773, (0.883995, -0.262313, 4.847894), (0.058503, -0.014768, -0.026411, 0.997829)
59.69117, (0.846947, -0.262933, 4.840825), (0.056316, -0.012185, -0.026016, 0.998000)
59.70508, (0.805527, -0.258021, 4.839344), (0.056233, -0.009369, -0.027385, 0.997998)
59.71899, (0.763870, -0.257921, 4.836213), (0.055665, -0.006067, -0.030478, 0.997966)
59.73287, (0.719551, -0.262719, 4.833502), (0.053965, -0.002666, -0.030744, 0.998066)
59.74673, (0.678914, -0.266728, 4.832068), (0.053234, 0.000475, -0.031950, 0.998071)
59.76109, (0.638525, -0.276458, 4.835415), (0.052641, 0.003043, -0.031963, 0.998097)
59.77478, (0.597742, -0.284407, 4.836439), (0.051086, 0.005785, -0.032157, 0.998160)
59.78856, (0.555026, -0.288194, 4.841628), (0.049967, 0.008893, -0.032921, 0.998169)
59.80233, (0.511275, -0.295097, 4.843282), (0.049605, 0.012051, -0.033898, 0.998121)
59.81599, (0.468844, -0.304793, 4.846266), (0.049829, 0.014261, -0.033917, 0.998080)
59.8298, (0.424764, -0.317431, 4.852355), (0.050513, 0.016884, -0.033218, 0.998028)
59.84359, (0.377953, -0.327829, 4.858714), (0.051632, 0.019918, -0.032728, 0.997931)
59.85738, (0.335446, -0.341611, 4.865499), (0.051799, 0.022031, -0.032296, 0.997892)
59.87124, (0.285082, -0.351731, 4.879778), (0.054409, 0.025095, -0.031522, 0.997706)
59.88516, (0.241938, -0.362990, 4.888562), (0.054753, 0.028020, -0.032156, 0.997589)
59.89922, (0.196654, -0.372199, 4.903747), (0.054715, 0.032398, -0.031537, 0.997478)
59.91306, (0.150728, -0.379013, 4.922072), (0.053356, 0.036283, -0.030128, 0.997461)
59.92689, (0.105023, -0.388488, 4.938305), (0.052438, 0.039614, -0.029663, 0.997397)
59.9408, (0.059674, -0.395918, 4.955043), (0.052640, 0.043209, -0.029187, 0.997251)
59.95463, (0.017028, -0.402523, 4.970800), (0.052793, 0.046002, -0.028620, 0.997135)
59.96888, (-0.030900, -0.410860, 4.982529), (0.052660, 0.050377, -0.027400, 0.996965)
59.98238, (-0.074476, -0.419689, 4.997124), (0.052547, 0.053819, -0.026328, 0.996820)
59.99632, (-0.119715, -0.427767, 5.015452), (0.052043, 0.057312, -0.024676, 0.996694)
60.01006, (-0.164641, -0.435652, 5.033695), (0.049570, 0.059979, -0.022886, 0.996705)
60.02429, (-0.208363, -0.436505, 5.049870), (0.048176, 0.062760, -0.022928, 0.996602)
60.03824, (-0.254819, -0.437683, 5.060737), (0.047381, 0.066049, -0.022926, 0.996427)
60.05194, (-0.299669, -0.441351, 5.067213), (0.047743, 0.069007, -0.022936, 0.996209)
60.06604, (-0.341419, -0.447822, 5.076071), (0.050074, 0.071558, -0.021406, 0.995949)
60.07963, (-0.385566, -0.457598, 5.085562), (0.050580, 0.074677, -0.018748, 0.995748)
60.09343, (-0.428075, -0.462660, 5.099690), (0.051578, 0.077073, -0.016172, 0.995559)
60.10754, (-0.473154, -0.466515, 5.111851), (0.050966, 0.079557, -0.014417, 0.995422)
60.12111, (-0.516613, -0.464264, 5.125008), (0.050127, 0.081899, -0.014273, 0.995277)
60.13503, (-0.559179, -0.459091, 5.138231), (0.048012, 0.085500, -0.014105, 0.995081)
60.14886, (-0.600524, -0.459917, 5.149359), (0.045692, 0.089309, -0.013291, 0.994867)
60.1628, (-0.641191, -0.460509, 5.164087), (0.043362, 0.094003, -0.010756, 0.994569)
60.17673, (-0.678257, -0.467922, 5.179014), (0.040803, 0.098398, -0.007598, 0.994281)
60.19061, (-0.719127, -0.471467, 5.192603), (0.039856, 0.102524, -0.005105, 0.993919)
60.2044, (-0.755141, -0.472626, 5.206094), (0.040203, 0.104988, -0.003963, 0.993653)
60.21841, (-0.793112, -0.470233, 5.222302), (0.040628, 0.107257, -0.002071, 0.993399)
60.23222, (-0.824077, -0.473063, 5.239583), (0.039849, 0.107674, -0.000244, 0.993387)
60.24613, (-0.856237, -0.477572, 5.257665), (0.038328, 0.108585, 0.001358, 0.993347)
60.25997, (-0.887727, -0.477586, 5.277028), (0.038044, 0.109496, 0.003364, 0.993253)
60.27394, (-0.919107, -0.477537, 5.294953), (0.038880, 0.109027, 0.004364, 0.993269)
60.2879, (-0.952744, -0.477251, 5.312746), (0.038955, 0.110094, 0.004847, 0.993146)
60.30185, (-0.978723, -0.476085, 5.329763), (0.039200, 0.109575, 0.003492, 0.993199)
60.31561, (-1.004501, -0.479909, 5.347731), (0.039014, 0.109868, 0.003873, 0.993173)
60.3294, (-1.030784, -0.484387, 5.364075), (0.038219, 0.111282, 0.005168, 0.993040)
60.34312, (-1.055767, -0.488571, 5.380337), (0.038412, 0.112499, 0.005619, 0.992893)
60.35697, (-1.080841, -0.489625, 5.396693), (0.039129, 0.113829, 0.006008, 0.992711)
60.37083, (-1.103217, -0.492972, 5.410528), (0.038996, 0.114713, 0.005848, 0.992616)
60.3847, (-1.125019, -0.496082, 5.423535), (0.038125, 0.115101, 0.006417, 0.992601)
60.39869, (-1.145120, -0.499846, 5.434830), (0.036946, 0.115737, 0.007207, 0.992566)
60.41262, (-1.164611, -0.502950, 5.447765), (0.037054, 0.116714, 0.007539, 0.992446)
60.42678, (-1.183636, -0.507922, 5.458664), (0.036836, 0.117677, 0.008440, 0.992333)
60.44074, (-1.201938, -0.512892, 5.469681), (0.036990, 0.118884, 0.009236, 0.992176)
60.45417, (-1.220603, -0.516272, 5.481501), (0.038102, 0.120170, 0.009883, 0.991973)
60.46812, (-1.237388, -0.520312, 5.491051), (0.038500, 0.121054, 0.010341, 0.991845)
60.4819, (-1.253433, -0.523146, 5.499798), (0.038630, 0.121741, 0.011022, 0.991749)
60.49582, (-1.268019, -0.522934, 5.505214), (0.037467, 0.123780, 0.010586, 0.991546)
60.50938, (-1.284115, -0.524944, 5.512950), (0.035835, 0.125420, 0.011027, 0.991395)
60.52368, (-1.298442, -0.522977, 5.519516), (0.034498, 0.126795, 0.010921, 0.991269)
60.5374, (-1.312871, -0.526278, 5.525238), (0.032335, 0.127364, 0.012124, 0.991255)
60.55088, (-1.328551, -0.527319, 5.532497), (0.031239, 0.128121, 0.013022, 0.991181)
60.56491, (-1.342908, -0.526866, 5.538239), (0.030217, 0.127237, 0.014128, 0.991311)
60.57847, (-1.357636, -0.529599, 5.545733), (0.028994, 0.127534, 0.014433, 0.991305)
60.59269, (-1.373338, -0.532110, 5.552172), (0.027699, 0.127946, 0.014761, 0.991284)
60.60617, (-1.390679, -0.534895, 5.555193), (0.026237, 0.128821, 0.015403, 0.991201)
60.61998, (-1.407058, -0.537922, 5.560488), (0.025615, 0.129024, 0.016570, 0.991172)
60.63377, (-1.423904, -0.540569, 5.569425), (0.024368, 0.128571, 0.018553, 0.991227)
60.64796, (-1.440359, -0.542851, 5.578965), (0.022933, 0.127602, 0.019717, 0.991364)
60.6615, (-1.458115, -0.544782, 5.589367), (0.022909, 0.127142, 0.021120, 0.991395)
60.67616, (-1.473392, -0.550078, 5.598998), (0.021544, 0.126253, 0.023299, 0.991490)
60.68923, (-1.490149, -0.553926, 5.608990), (0.022141, 0.126151, 0.025583, 0.991434)
60.70354, (-1.504602, -0.559843, 5.619065), (0.023203, 0.125069, 0.028726, 0.991461)
60.71714, (-1.520461, -0.565435, 5.630419), (0.024395, 0.124507, 0.031401, 0.991422)
60.7314, (-1.534029, -0.571408, 5.643761), (0.025175, 0.123053, 0.033956, 0.991500)
60.74504, (-1.547284, -0.575666, 5.657630), (0.026016, 0.122570, 0.035702, 0.991476)
60.7593, (-1.562927, -0.581352, 5.670262), (0.025799, 0.122347, 0.037202, 0.991454)
60.77277, (-1.574229, -0.586851, 5.682587), (0.026500, 0.122031, 0.037809, 0.991452)
60.78668, (-1.584698, -0.594869, 5.691481), (0.029116, 0.121620, 0.039575, 0.991360)
60.80052, (-1.595545, -0.600584, 5.702078), (0.030605, 0.120792, 0.042072, 0.991314)
60.81451, (-1.604910, -0.605242, 5.713742), (0.032844, 0.120559, 0.044138, 0.991180)
60.82841, (-1.613368, -0.609280, 5.727010), (0.033637, 0.119916, 0.044657, 0.991209)
60.8422, (-1.623581, -0.611785, 5.740578), (0.034180, 0.119801, 0.045455, 0.991168)
60.85593, (-1.632879, -0.613623, 5.753324), (0.034821, 0.119438, 0.046078, 0.991160)
60.87006, (-1.641257, -0.615064, 5.761817), (0.033678, 0.119469, 0.045543, 0.991221)
60.88372, (-1.648622, -0.619248, 5.771754), (0.033582, 0.119220, 0.046237, 0.991222)
60.89751, (-1.655097, -0.622975, 5.780569), (0.033821, 0.119420, 0.047564, 0.991127)
60.91155, (-1.662617, -0.624677, 5.791909), (0.034735, 0.120174, 0.048544, 0.990957)
60.9258, (-1.670410, -0.626158, 5.803860), (0.034748, 0.120910, 0.049265, 0.990831)
60.93921, (-1.679370, -0.627350, 5.814645), (0.034616, 0.120963, 0.049829, 0.990801)
60.95284, (-1.686469, -0.629550, 5.823642), (0.033557, 0.120264, 0.050553, 0.990886)
60.96666, (-1.693814, -0.630685, 5.834879), (0.033684, 0.119972, 0.051286, 0.990879)
60.98098, (-1.699824, -0.633391, 5.845888), (0.032731, 0.119329, 0.053100, 0.990893)
60.99461, (-1.706239, -0.634832, 5.856849), (0.032863, 0.119671, 0.054026, 0.990798)
61.00852, (-1.711110, -0.636586, 5.866601), (0.032869, 0.119809, 0.054686, 0.990745)
61.02229, (-1.717479, -0.638548, 5.876992), (0.032840, 0.120657, 0.055040, 0.990623)
61.03644, (-1.721729, -0.640600, 5.887153), (0.033068, 0.120607, 0.055605, 0.990590)
61.0499, (-1.726451, -0.643654, 5.897119), (0.033374, 0.120650, 0.056778, 0.990508)
61.06387, (-1.730549, -0.647554, 5.907321), (0.033415, 0.120426, 0.057866, 0.990471)
61.07769, (-1.733902, -0.650417, 5.918870), (0.034138, 0.120541, 0.058642, 0.990387)
61.09196, (-1.736490, -0.652741, 5.931169), (0.034004, 0.120825, 0.058843, 0.990345)
61.10567, (-1.740151, -0.653133, 5.943913), (0.034447, 0.121483, 0.058421, 0.990274)
61.11982, (-1.741152, -0.653745, 5.955050), (0.034533, 0.121591, 0.057773, 0.990296)
61.13314, (-1.742433, -0.654987, 5.966250), (0.034904, 0.121914, 0.057958, 0.990232)
61.14749, (-1.741645, -0.655886, 5.977269), (0.035537, 0.122055, 0.059036, 0.990129)
61.16099, (-1.741599, -0.657331, 5.989381), (0.036297, 0.122345, 0.059668, 0.990027)
61.17485, (-1.740492, -0.657239, 6.002518), (0.036629, 0.121900, 0.059822, 0.990061)
61.18858, (-1.739960, -0.658453, 6.014756), (0.036895, 0.121776, 0.060048, 0.990052)
61.20297, (-1.739972, -0.658422, 6.025738), (0.037044, 0.121747, 0.059343, 0.990093)
61.21645, (-1.738307, -0.659201, 6.034811), (0.037835, 0.121464, 0.059471, 0.990090)
61.23046, (-1.736219, -0.662311, 6.043952), (0.038368, 0.121162, 0.059516, 0.990104)
61.24421, (-1.736022, -0.663384, 6.053773), (0.040107, 0.121313, 0.059289, 0.990030)
61.25856, (-1.733823, -0.666508, 6.060294), (0.041996, 0.121074, 0.058293, 0.990040)
61.27213, (-1.734487, -0.668979, 6.068809), (0.042835, 0.121378, 0.058173, 0.989974)
61.28661, (-1.731824, -0.667253, 6.073634), (0.043796, 0.122175, 0.057395, 0.989879)
61.30016, (-1.730434, -0.668564, 6.079173), (0.043377, 0.121896, 0.057816, 0.989908)
61.31435, (-1.728443, -0.669782, 6.084533), (0.043395, 0.121660, 0.058028, 0.989923)
61.32791, (-1.727216, -0.669891, 6.088678), (0.044056, 0.121438, 0.058511, 0.989893)
61.3414, (-1.725218, -0.669916, 6.093264), (0.044445, 0.121194, 0.058836, 0.989886)
61.35523, (-1.723386, -0.671217, 6.097709), (0.044391, 0.121573, 0.058727, 0.989849)
61.36886, (-1.722064, -0.673288, 6.101403), (0.044119, 0.121795, 0.058485, 0.989848)
61.38303, (-1.721686, -0.674796, 6.103549), (0.043577, 0.121686, 0.058633, 0.989877)
61.39676, (-1.721526, -0.676209, 6.104660), (0.043724, 0.121462, 0.059597, 0.989840)
61.41059, (-1.722890, -0.678138, 6.106916), (0.043971, 0.121738, 0.060843, 0.989720)
61.4244, (-1.721555, -0.680709, 6.110456), (0.044156, 0.121615, 0.061373, 0.989694)
61.4383, (-1.722856, -0.682343, 6.114493), (0.042911, 0.122627, 0.061462, 0.989618)
61.45212, (-1.721887, -0.684398, 6.118289), (0.042156, 0.123132, 0.061277, 0.989599)
61.46605, (-1.723716, -0.686870, 6.125340), (0.040109, 0.125012, 0.060960, 0.989468)
61.48017, (-1.724309, -0.690494, 6.129426), (0.038837, 0.125823, 0.061137, 0.989405)
61.49374, (-1.727304, -0.695659, 6.133938), (0.038883, 0.128460, 0.064036, 0.988881)
61.5075, (-1.728181, -0.698596, 6.139576), (0.038912, 0.130164, 0.065900, 0.988535)
61.52142, (-1.728410, -0.697589, 6.148887), (0.039081, 0.132109, 0.067235, 0.988180)
61.53512, (-1.730831, -0.699365, 6.159097), (0.038658, 0.134663, 0.067506, 0.987833)
61.54895, (-1.733566, -0.701908, 6.166489), (0.038536, 0.136749, 0.067902, 0.987524)
61.56287, (-1.736962, -0.703197, 6.172747), (0.039375, 0.139240, 0.069368, 0.987041)
61.57716, (-1.738312, -0.705366, 6.179362), (0.039502, 0.141281, 0.070216, 0.986686)
61.59084, (-1.736774, -0.703642, 6.186183), (0.042267, 0.144919, 0.073410, 0.985811)
61.60496, (-1.734630, -0.704145, 6.197265), (0.042798, 0.148248, 0.075829, 0.985110)
61.61878, (-1.733966, -0.702527, 6.207974), (0.042232, 0.152758, 0.077934, 0.984280)
61.63218, (-1.731790, -0.701317, 6.217126), (0.041883, 0.155945, 0.079392, 0.983679)
61.64605, (-1.731467, -0.689290, 6.228842), (0.033802, 0.167216, 0.080658, 0.982034)
61.66017, (-1.730544, -0.684599, 6.235109), (0.025660, 0.177564, 0.087050, 0.979916)
61.67391, (-1.729205, -0.685515, 6.240448), (0.020263, 0.189091, 0.096074, 0.977038)
61.6878, (-1.732780, -0.689340, 6.246872), (0.016882, 0.199658, 0.105737, 0.973998)
61.7016, (-1.738792, -0.693030, 6.256883), (0.013735, 0.210399, 0.116098, 0.970600)
61.7155, (-1.743760, -0.683696, 6.262326), (0.011418, 0.217843, 0.125056, 0.967872)
61.72932, (-1.755955, -0.678716, 6.262111), (0.007329, 0.225297, 0.135345, 0.964816)
61.74323, (-1.762446, -0.675641, 6.264207), (0.004464, 0.231349, 0.144134, 0.962124)
61.7571, (-1.770775, -0.675644, 6.264956), (0.002892, 0.237340, 0.152410, 0.959392)
61.77099, (-1.782157, -0.674099, 6.266006), (0.001704, 0.245087, 0.159125, 0.956352)
61.78474, (-1.789458, -0.671916, 6.269097), (-0.000838, 0.252228, 0.166441, 0.953246)
61.7987, (-1.804984, -0.673194, 6.252900), (-0.003729, 0.254878, 0.164868, 0.952807)
61.81261, (-1.817458, -0.671728, 6.250556), (-0.008237, 0.256351, 0.164606, 0.952429)
61.82655, (-1.833075, -0.670694, 6.247767), (-0.010029, 0.258568, 0.164547, 0.951823)
61.84042, (-1.847733, -0.668519, 6.244765), (-0.010954, 0.260521, 0.166658, 0.950912)
61.85428, (-1.858569, -0.661346, 6.240467), (-0.012104, 0.262048, 0.167209, 0.950382)
61.86829, (-1.868705, -0.655675, 6.234478), (-0.015321, 0.263573, 0.169406, 0.949524)
61.88223, (-1.877199, -0.651373, 6.228718), (-0.019441, 0.264989, 0.171270, 0.948720)
61.896, (-1.888309, -0.645499, 6.225434), (-0.023809, 0.267656, 0.173102, 0.947538)
61.91005, (-1.903428, -0.642178, 6.219037), (-0.027808, 0.270415, 0.175365, 0.946229)
61.92406, (-1.921938, -0.639987, 6.210123), (-0.031170, 0.273206, 0.177315, 0.944958)
61.93797, (-1.936156, -0.639880, 6.200904), (-0.034363, 0.274635, 0.179237, 0.944071)
61.95186, (-1.951975, -0.635171, 6.195033), (-0.036128, 0.276449, 0.181626, 0.943018)
61.96529, (-1.963499, -0.632151, 6.189835), (-0.038673, 0.277670, 0.183815, 0.942134)
61.97913, (-1.977972, -0.630102, 6.184403), (-0.041665, 0.278719, 0.185022, 0.941460)
61.99306, (-1.995286, -0.623127, 6.176712), (-0.044317, 0.278565, 0.185727, 0.941245)
62.00691, (-2.014527, -0.618162, 6.169508), (-0.047865, 0.278863, 0.187297, 0.940672)
62.02086, (-2.029620, -0.613703, 6.163048), (-0.050685, 0.279717, 0.187819, 0.940167)
62.03479, (-2.041757, -0.610561, 6.152865), (-0.053138, 0.279645, 0.188999, 0.939816)
62.04866, (-2.054962, -0.609918, 6.143746), (-0.056359, 0.279901, 0.191435, 0.939059)
62.06249, (-2.070877, -0.605846, 6.136587), (-0.058302, 0.280233, 0.193093, 0.938502)
62.07651, (-2.089437, -0.604397, 6.131068), (-0.061041, 0.279966, 0.194535, 0.938109)
62.09033, (-2.105925, -0.599269, 6.123090), (-0.063760, 0.279739, 0.195063, 0.937887)
62.10424, (-2.124095, -0.593481, 6.115592), (-0.066825, 0.279075, 0.197083, 0.937449)
62.11818, (-2.137743, -0.588729, 6.106667), (-0.070849, 0.278457, 0.198411, 0.937057)
62.13203, (-2.153280, -0.583400, 6.098624), (-0.073927, 0.278273, 0.200341, 0.936463)
62.14631, (-2.169924, -0.578358, 6.087644), (-0.076281, 0.278492, 0.201020, 0.936063)
62.15999, (-2.181935, -0.576025, 6.077669), (-0.079193, 0.277982, 0.201115, 0.935953)
62.17397, (-2.194063, -0.569111, 6.070628), (-0.081071, 0.277080, 0.200985, 0.936087)
62.18753, (-2.205997, -0.562142, 6.063594), (-0.083348, 0.275964, 0.200763, 0.936265)
62.20137, (-2.218590, -0.556537, 6.057635), (-0.085492, 0.274760, 0.200378, 0.936508)
62.21531, (-2.223998, -0.547459, 6.048193), (-0.086873, 0.271265, 0.201497, 0.937159)
62.22942, (-2.229256, -0.538114, 6.039182), (-0.088431, 0.269151, 0.201590, 0.937603)
62.2429, (-2.234379, -0.529922, 6.030215), (-0.089154, 0.267085, 0.200547, 0.938349)
62.25676, (-2.238084, -0.521631, 6.021885), (-0.089756, 0.265020, 0.198557, 0.939299)
62.27098, (-2.238927, -0.514661, 6.013927), (-0.090151, 0.262464, 0.196186, 0.940477)
62.28467, (-2.238962, -0.507927, 6.004849), (-0.090442, 0.260168, 0.194978, 0.941338)
62.29834, (-2.235003, -0.497856, 5.993621), (-0.090180, 0.258026, 0.193536, 0.942250)
62.31222, (-2.231551, -0.487068, 5.981951), (-0.090650, 0.255823, 0.192318, 0.943054)
62.32613, (-2.222092, -0.473641, 5.969467), (-0.091674, 0.254652, 0.190488, 0.943643)
62.34004, (-2.214287, -0.460335, 5.958636), (-0.092987, 0.252989, 0.188531, 0.944355)
62.35396, (-2.205709, -0.449938, 5.945696), (-0.094953, 0.251415, 0.185920, 0.945097)
62.36783, (-2.194705, -0.436852, 5.931580), (-0.096125, 0.249420, 0.183945, 0.945893)
62.38222, (-2.179257, -0.426616, 5.917080), (-0.096802, 0.248139, 0.182717, 0.946399)
62.39575, (-2.162429, -0.415515, 5.901715), (-0.097508, 0.246786, 0.181397, 0.946934)
62.40949, (-2.150794, -0.403467, 5.888424), (-0.098219, 0.246164, 0.179527, 0.947379)
62.42334, (-2.133522, -0.393108, 5.871931), (-0.099505, 0.244822, 0.177006, 0.948066)
62.43727, (-2.116390, -0.380112, 5.853007), (-0.100938, 0.243942, 0.174632, 0.948582)
62.45117, (-2.098926, -0.367968, 5.835203), (-0.102042, 0.243113, 0.173028, 0.948970)
62.46521, (-2.076503, -0.355002, 5.814823), (-0.103833, 0.241449, 0.171613, 0.949458)
62.47926, (-2.056226, -0.342133, 5.796623), (-0.105613, 0.239920, 0.170029, 0.949934)
62.49305, (-2.034839, -0.330747, 5.775960), (-0.107540, 0.238439, 0.168656, 0.950335)
62.50695, (-2.011777, -0.317875, 5.754319), (-0.109266, 0.236556, 0.166906, 0.950918)
62.52064, (-1.989381, -0.306268, 5.733095), (-0.111404, 0.234855, 0.164944, 0.951434)
62.53479, (-1.968604, -0.295438, 5.713120), (-0.113364, 0.233559, 0.163024, 0.951852)
62.54879, (-1.935613, -0.284990, 5.687132), (-0.116686, 0.231881, 0.159901, 0.952390)
62.56256, (-1.908789, -0.270995, 5.663947), (-0.118477, 0.229966, 0.157852, 0.952975)
62.57649, (-1.881210, -0.265392, 5.641441), (-0.121006, 0.228152, 0.154811, 0.953592)
62.59037, (-1.852777, -0.257663, 5.618435), (-0.122776, 0.225486, 0.152895, 0.954309)
62.60435, (-1.823124, -0.248015, 5.595025), (-0.123895, 0.222935, 0.150787, 0.955099)
62.61816, (-1.792971, -0.239384, 5.572977), (-0.125695, 0.221100, 0.148693, 0.955618)
62.63192, (-1.758960, -0.227103, 5.553374), (-0.127395, 0.218663, 0.146299, 0.956323)
62.64586, (-1.722466, -0.213513, 5.531068), (-0.129728, 0.215446, 0.142958, 0.957244)
62.65963, (-1.684585, -0.199062, 5.510766), (-0.132563, 0.212455, 0.140035, 0.957956)
62.6736, (-1.646311, -0.188030, 5.489245), (-0.135547, 0.209935, 0.136612, 0.958588)
62.68767, (-1.603577, -0.178560, 5.466907), (-0.138649, 0.207177, 0.133091, 0.959240)
62.70142, (-1.565462, -0.164853, 5.445446), (-0.140500, 0.205125, 0.129908, 0.959848)
62.71532, (-1.513569, -0.152116, 5.427840), (-0.143710, 0.202990, 0.123438, 0.960680)
62.72945, (-1.467583, -0.138323, 5.410642), (-0.146416, 0.200777, 0.117833, 0.961440)
62.74326, (-1.419057, -0.124891, 5.391829), (-0.148896, 0.197614, 0.113872, 0.962191)
62.75724, (-1.369706, -0.109557, 5.372334), (-0.150551, 0.194624, 0.110582, 0.962927)
62.7711, (-1.316220, -0.093579, 5.353706), (-0.152932, 0.191383, 0.106465, 0.963665)
62.7851, (-1.264239, -0.079880, 5.335683), (-0.156475, 0.188457, 0.101736, 0.964183)
62.79892, (-1.207461, -0.059209, 5.315691), (-0.158711, 0.184078, 0.095594, 0.965292)
62.81301, (-1.149557, -0.042599, 5.292720), (-0.161529, 0.178982, 0.090643, 0.966260)
62.82654, (-1.088842, -0.026842, 5.271280), (-0.164412, 0.173975, 0.085653, 0.967143)
62.84073, (-1.029550, -0.011693, 5.250139), (-0.167275, 0.169513, 0.079447, 0.967973)
62.85467, (-0.965104, 0.002358, 5.225827), (-0.170775, 0.163021, 0.071421, 0.969102)
62.8686, (-0.905077, 0.017164, 5.201130), (-0.174146, 0.157613, 0.063567, 0.969944)
62.88255, (-0.839060, 0.035919, 5.176742), (-0.176548, 0.152248, 0.053388, 0.970980)
62.89634, (-0.770947, 0.058221, 5.154157), (-0.180611, 0.148258, 0.046393, 0.971209)
62.91033, (-0.702309, 0.076094, 5.132980), (-0.184356, 0.144519, 0.038021, 0.971433)
62.92418, (-0.637342, 0.089884, 5.111823), (-0.187676, 0.142098, 0.031222, 0.971396)
62.93787, (-0.571906, 0.099822, 5.088837), (-0.190867, 0.138764, 0.024676, 0.971445)
62.95229, (-0.507935, 0.108293, 5.068243), (-0.193213, 0.135758, 0.018536, 0.971543)
62.9657, (-0.445090, 0.117135, 5.058208), (-0.190319, 0.135325, 0.016735, 0.972207)
62.97948, (-0.382168, 0.126830, 5.043528), (-0.190927, 0.132731, 0.014685, 0.972478)
62.99345, (-0.323957, 0.137529, 5.028325), (-0.192016, 0.130014, 0.012629, 0.972660)
63.00731, (-0.262507, 0.145097, 5.013412), (-0.194021, 0.126961, 0.009787, 0.972698)
63.02151, (-0.195841, 0.147964, 5.004953), (-0.195927, 0.123579, 0.007431, 0.972772)
63.03545, (-0.132512, 0.155432, 4.995943), (-0.197001, 0.121388, 0.003020, 0.972855)
63.04917, (-0.069815, 0.164264, 4.984892), (-0.197913, 0.118816, -0.001330, 0.972991)
63.06303, (-0.005802, 0.168039, 4.977201), (-0.198084, 0.115401, -0.006974, 0.973343)
63.07713, (0.056692, 0.171815, 4.969574), (-0.197297, 0.113086, -0.011908, 0.973727)
63.09084, (0.124487, 0.176026, 4.965372), (-0.197017, 0.110557, -0.015465, 0.974024)
63.10479, (0.190669, 0.179927, 4.962840), (-0.197248, 0.108850, -0.019292, 0.974101)
63.11864, (0.257816, 0.183904, 4.962272), (-0.197111, 0.106611, -0.023590, 0.974282)
63.13262, (0.324329, 0.186404, 4.960961), (-0.197195, 0.103799, -0.027719, 0.974460)
63.14656, (0.385993, 0.188398, 4.963707), (-0.196285, 0.101776, -0.032500, 0.974709)
63.16039, (0.450879, 0.192159, 4.965971), (-0.195317, 0.099174, -0.036772, 0.975020)
63.17435, (0.516929, 0.194255, 4.972286), (-0.194165, 0.096630, -0.041313, 0.975324)
63.18825, (0.580157, 0.191054, 4.978790), (-0.193013, 0.094620, -0.045471, 0.975564)
63.20206, (0.644285, 0.187496, 4.985897), (-0.190974, 0.091900, -0.048995, 0.976055)
63.21608, (0.708265, 0.181161, 4.990990), (-0.188645, 0.088972, -0.053256, 0.976556)
63.22993, (0.773173, 0.180142, 4.995255), (-0.187595, 0.086391, -0.057440, 0.976753)
63.2437, (0.842809, 0.175626, 5.006457), (-0.184246, 0.081915, -0.061508, 0.977528)
63.25766, (0.908885, 0.173591, 5.012567), (-0.182816, 0.078994, -0.065670, 0.977766)
63.27162, (0.973852, 0.172737, 5.025604), (-0.179773, 0.074595, -0.072191, 0.978216)
63.28544, (1.031903, 0.165871, 5.033294), (-0.177097, 0.067923, -0.081490, 0.978459)
63.29971, (1.086994, 0.160548, 5.037880), (-0.173830, 0.059423, -0.089394, 0.978908)
63.31351, (1.140854, 0.160655, 5.039010), (-0.170785, 0.050550, -0.094807, 0.979433)
63.32711, (1.197729, 0.159251, 5.041120), (-0.168396, 0.041475, -0.100391, 0.979716)
63.34093, (1.257981, 0.159630, 5.047382), (-0.166304, 0.034944, -0.105515, 0.979790)
63.35468, (1.319041, 0.160118, 5.055104), (-0.166055, 0.028843, -0.111320, 0.979389)
63.36835, (1.375871, 0.161669, 5.057350), (-0.167327, 0.022819, -0.115133, 0.978890)
63.38237, (1.432610, 0.165255, 5.062022), (-0.168155, 0.015934, -0.119989, 0.978301)
63.3969, (1.485501, 0.172535, 5.066347), (-0.169065, 0.010254, -0.123773, 0.977749)
63.41036, (1.545333, 0.168260, 5.075544), (-0.170589, 0.003544, -0.128389, 0.976936)
63.42437, (1.601807, 0.164959, 5.082398), (-0.170641, -0.000306, -0.132549, 0.976377)
63.43817, (1.655117, 0.161525, 5.087139), (-0.170747, -0.002854, -0.136756, 0.975774)
63.45206, (1.705758, 0.157017, 5.095212), (-0.170283, -0.004396, -0.141090, 0.975232)
63.46583, (1.753829, 0.153689, 5.104992), (-0.169237, -0.005039, -0.144853, 0.974860)
63.47964, (1.798533, 0.149450, 5.114687), (-0.167711, -0.005397, -0.148616, 0.974555)
63.49373, (1.840346, 0.148265, 5.122306), (-0.165970, -0.006354, -0.150234, 0.974599)
63.50724, (1.883342, 0.145339, 5.129996), (-0.164528, -0.008444, -0.152843, 0.974422)
63.52098, (1.926050, 0.141790, 5.137842), (-0.164032, -0.011177, -0.155263, 0.974096)
63.5349, (1.955885, 0.133706, 5.144104), (-0.162836, -0.014853, -0.155400, 0.974225)
63.54892, (1.988931, 0.129243, 5.148518), (-0.160324, -0.018699, -0.157034, 0.974313)
63.56293, (2.021166, 0.121517, 5.150477), (-0.158118, -0.024164, -0.156427, 0.974652)
63.577, (2.055215, 0.120460, 5.152193), (-0.155419, -0.029006, -0.156976, 0.974865)
63.59064, (2.086979, 0.114584, 5.156863), (-0.154475, -0.032609, -0.156948, 0.974906)
63.60453, (2.121348, 0.110922, 5.162504), (-0.153665, -0.034618, -0.157845, 0.974820)
63.61856, (2.153638, 0.104175, 5.165664), (-0.154612, -0.036191, -0.159132, 0.974404)
63.63224, (2.185821, 0.096104, 5.168267), (-0.154661, -0.038581, -0.160629, 0.974058)
63.6461, (2.215821, 0.088892, 5.168068), (-0.155083, -0.039429, -0.163598, 0.973463)
63.66005, (2.244142, 0.083333, 5.166863), (-0.154366, -0.039252, -0.165181, 0.973317)
63.67397, (2.275864, 0.077350, 5.169010), (-0.153754, -0.041404, -0.166762, 0.973055)
63.68808, (2.301104, 0.068823, 5.174994), (-0.152784, -0.040131, -0.168022, 0.973044)
63.702, (2.323016, 0.059886, 5.177934), (-0.150509, -0.038569, -0.169926, 0.973131)
63.71615, (2.347497, 0.052179, 5.179510), (-0.149441, -0.038950, -0.171492, 0.973006)
63.72997, (2.365895, 0.043601, 5.180554), (-0.145438, -0.038572, -0.174850, 0.973030)
63.74377, (2.386521, 0.033360, 5.181598), (-0.142957, -0.038324, -0.176372, 0.973133)
63.75754, (2.396940, 0.025481, 5.186543), (-0.138927, -0.036239, -0.174609, 0.974114)
63.77134, (2.411971, 0.017773, 5.192065), (-0.135377, -0.035306, -0.175382, 0.974509)
63.78508, (2.423791, 0.008960, 5.193539), (-0.132459, -0.034008, -0.175716, 0.974896)
63.79884, (2.436289, 0.000914, 5.192346), (-0.129640, -0.033312, -0.175723, 0.975298)
63.81284, (2.447543, -0.005392, 5.191443), (-0.126729, -0.032922, -0.174615, 0.975892)
63.8266, (2.458198, -0.013281, 5.194587), (-0.123772, -0.032629, -0.173112, 0.976549)
63.84037, (2.463356, -0.020452, 5.198019), (-0.119871, -0.031871, -0.169685, 0.977662)
63.85432, (2.465416, -0.027605, 5.198516), (-0.116194, -0.030195, -0.167471, 0.978540)
63.86775, (2.469580, -0.032963, 5.195872), (-0.112342, -0.029746, -0.165550, 0.979330)
63.88144, (2.471820, -0.034610, 5.190036), (-0.108172, -0.029399, -0.163187, 0.980206)
63.89532, (2.469780, -0.041680, 5.184272), (-0.106209, -0.029706, -0.160091, 0.980922)
63.91001, (2.469401, -0.048777, 5.184300), (-0.104555, -0.030340, -0.154298, 0.982008)
63.92324, (2.460104, -0.054052, 5.191838), (-0.101328, -0.028791, -0.144842, 0.983832)
63.937, (2.453321, -0.057172, 5.191867), (-0.097068, -0.027918, -0.137835, 0.985292)
63.9508, (2.444300, -0.057524, 5.185884), (-0.092600, -0.027356, -0.132949, 0.986408)
63.96481, (2.433879, -0.055802, 5.171616), (-0.085436, -0.030133, -0.128240, 0.987597)
63.97867, (2.426708, -0.057144, 5.168518), (-0.077939, -0.031401, -0.119627, 0.989257)
63.99286, (2.419845, -0.063189, 5.168680), (-0.070506, -0.031657, -0.107638, 0.991182)
64.00626, (2.408903, -0.072424, 5.163159), (-0.065073, -0.031572, -0.096408, 0.992711)
64.02013, (2.401124, -0.075876, 5.152688), (-0.060011, -0.033590, -0.088004, 0.993743)
64.03399, (2.392964, -0.069594, 5.143676), (-0.057407, -0.036004, -0.083218, 0.994225)
64.04794, (2.383295, -0.068203, 5.141607), (-0.059807, -0.037901, -0.082240, 0.994094)
64.06187, (2.382373, -0.066848, 5.133757), (-0.059355, -0.041005, -0.079562, 0.994216)
64.07571, (2.374202, -0.068721, 5.128027), (-0.056605, -0.042399, -0.075160, 0.994660)
64.08965, (2.358649, -0.096275, 5.115448), (-0.054059, -0.042497, -0.071902, 0.995039)
64.10356, (2.350017, -0.121043, 5.103608), (-0.047699, -0.042436, -0.067207, 0.995694)
64.11746, (2.342430, -0.135061, 5.089912), (-0.041201, -0.041823, -0.062265, 0.996331)
64.1316, (2.335386, -0.145005, 5.077664), (-0.036454, -0.039644, -0.061266, 0.996667)
64.14583, (2.330703, -0.150071, 5.071654), (-0.032054, -0.037770, -0.060779, 0.996921)
64.1593, (2.330494, -0.154038, 5.065178), (-0.029018, -0.037079, -0.060626, 0.997050)
64.17309, (2.322760, -0.156267, 5.056605), (-0.027193, -0.034797, -0.060651, 0.997182)
64.18712, (2.321462, -0.155351, 5.047379), (-0.025141, -0.034145, -0.058780, 0.997370)
64.20097, (2.324159, -0.155995, 5.037370), (-0.024098, -0.034509, -0.056368, 0.997523)
64.21497, (2.321343, -0.155345, 5.030931), (-0.020611, -0.035541, -0.054398, 0.997674)
64.22888, (2.315160, -0.156833, 5.024961), (-0.019956, -0.037363, -0.050599, 0.997820)
64.24283, (2.309539, -0.157006, 5.017326), (-0.018163, -0.039325, -0.049147, 0.997852)
64.25697, (2.303965, -0.155866, 5.006521), (-0.018597, -0.040356, -0.046928, 0.997910)
64.27077, (2.297573, -0.155041, 4.995832), (-0.020035, -0.039895, -0.046435, 0.997923)
64.28494, (2.295782, -0.156455, 4.984396), (-0.021110, -0.037530, -0.047614, 0.997937)
64.29885, (2.293538, -0.161907, 4.972658), (-0.021323, -0.036419, -0.047128, 0.997997)
64.31258, (2.292020, -0.164855, 4.966525), (-0.019279, -0.035771, -0.047042, 0.998066)
64.32624, (2.290813, -0.165433, 4.958705), (-0.017632, -0.035019, -0.046338, 0.998156)
64.3401, (2.290714, -0.168002, 4.949548), (-0.016191, -0.035045, -0.045895, 0.998200)
64.35406, (2.300282, -0.164048, 4.943676), (-0.016326, -0.034274, -0.046950, 0.998176)
64.36796, (2.308244, -0.158484, 4.939544), (-0.018102, -0.033377, -0.048634, 0.998095)
64.38197, (2.313627, -0.154854, 4.934688), (-0.019643, -0.032134, -0.051148, 0.997981)
64.39602, (2.319165, -0.153852, 4.927454), (-0.019574, -0.031463, -0.053701, 0.997869)
64.40991, (2.325015, -0.154834, 4.920518), (-0.020020, -0.031319, -0.055401, 0.997772)
64.42371, (2.328632, -0.155402, 4.912659), (-0.019184, -0.031898, -0.056362, 0.997716)
64.43793, (2.329724, -0.156893, 4.905668), (-0.018157, -0.033587, -0.056754, 0.997658)
64.45172, (2.332786, -0.161599, 4.897512), (-0.017653, -0.035755, -0.056468, 0.997608)
64.46549, (2.337811, -0.163642, 4.891778), (-0.017519, -0.037267, -0.057360, 0.997504)
64.47916, (2.340697, -0.165038, 4.889084), (-0.017090, -0.036992, -0.058483, 0.997456)
64.49311, (2.343806, -0.169467, 4.886303), (-0.017611, -0.035983, -0.059525, 0.997423)
64.50706, (2.341923, -0.173291, 4.881682), (-0.017444, -0.034246, -0.059590, 0.997483)
64.52102, (2.337797, -0.182208, 4.874262), (-0.015658, -0.033492, -0.057568, 0.997657)
64.53487, (2.334812, -0.192069, 4.868521), (-0.012933, -0.035232, -0.055162, 0.997772)
64.54877, (2.326390, -0.192885, 4.869146), (-0.007636, -0.036639, -0.053691, 0.997856)
64.56275, (2.323805, -0.194752, 4.869901), (-0.004791, -0.039698, -0.051237, 0.997886)
64.57678, (2.320124, -0.195907, 4.870701), (-0.001423, -0.042380, -0.051301, 0.997783)
64.59115, (2.315374, -0.202239, 4.870983), (0.001758, -0.044184, -0.050864, 0.997726)
64.60453, (2.309893, -0.211860, 4.866835), (0.005054, -0.046927, -0.050067, 0.997630)
64.61835, (2.304135, -0.218563, 4.867048), (0.010415, -0.048685, -0.049747, 0.997520)
64.6323, (2.297702, -0.231103, 4.860322), (0.012321, -0.050339, -0.048310, 0.997487)
64.64638, (2.294314, -0.236399, 4.859437), (0.016763, -0.052061, -0.046801, 0.997406)
64.66037, (2.292772, -0.241553, 4.855928), (0.021060, -0.053545, -0.045365, 0.997312)
64.67439, (2.287303, -0.246679, 4.851023), (0.023867, -0.055162, -0.044524, 0.997199)
64.68823, (2.284514, -0.251194, 4.845323), (0.023101, -0.055957, -0.044725, 0.997163)
64.70209, (2.285215, -0.249480, 4.840580), (0.022159, -0.057447, -0.045118, 0.997082)
64.71613, (2.285493, -0.244701, 4.840717), (0.018825, -0.056096, -0.047254, 0.997129)
64.73037, (2.287014, -0.242779, 4.836603), (0.014668, -0.054679, -0.047882, 0.997247)
64.74396, (2.285909, -0.242630, 4.831226), (0.014165, -0.054746, -0.047943, 0.997248)
64.75771, (2.285546, -0.245132, 4.821133), (0.008635, -0.054191, -0.048831, 0.997299)
64.77168, (2.286081, -0.244319, 4.816178), (0.006269, -0.054823, -0.049548, 0.997246)
64.78513, (2.286829, -0.245016, 4.811331), (0.004891, -0.055246, -0.049972, 0.997209)
64.79906, (2.292518, -0.245576, 4.814576), (0.003298, -0.055187, -0.049817, 0.997227)
64.81295, (2.294207, -0.244762, 4.816358), (0.001416, -0.055186, -0.050091, 0.997218)
64.827, (2.296412, -0.242120, 4.820375), (-0.001875, -0.056359, -0.051636, 0.997073)
64.84079, (2.295425, -0.242319, 4.815205), (-0.003932, -0.057732, -0.053856, 0.996871)
64.85474, (2.297129, -0.240238, 4.819456), (-0.005669, -0.059204, -0.055287, 0.996698)
64.86868, (2.300541, -0.236877, 4.833507), (-0.006239, -0.060144, -0.057265, 0.996526)
64.88244, (2.308270, -0.238576, 4.866647), (-0.008341, -0.062587, -0.056564, 0.996400)
64.89627, (2.310256, -0.235828, 4.882366), (-0.009015, -0.063143, -0.056967, 0.996337)
64.91035, (2.310969, -0.234660, 4.900201), (-0.009433, -0.064081, -0.057844, 0.996222)
64.9241, (2.310239, -0.233827, 4.919243), (-0.009010, -0.064991, -0.059417, 0.996075)
64.93826, (2.311476, -0.238287, 4.937335), (-0.008397, -0.066203, -0.060470, 0.995937)
64.95214, (2.310916, -0.237618, 4.954416), (-0.007779, -0.067070, -0.061157, 0.995842)
64.96625, (2.315771, -0.237705, 4.980334), (-0.005016, -0.067501, -0.060745, 0.995856)
64.98003, (2.318453, -0.236845, 5.003648), (-0.005185, -0.067826, -0.060807, 0.995829)
64.99391, (2.319376, -0.232130, 5.028775), (-0.004682, -0.068264, -0.061421, 0.995764)
65.00784, (2.320265, -0.230016, 5.052824), (-0.005405, -0.068653, -0.062498, 0.995666)
65.02158, (2.322101, -0.227356, 5.076602), (-0.005649, -0.069008, -0.064084, 0.995540)
65.03545, (2.323373, -0.229185, 5.098422), (-0.007399, -0.069006, -0.064434, 0.995506)
65.04935, (2.325234, -0.226259, 5.122605), (-0.008113, -0.069186, -0.064970, 0.995453)
65.06287, (2.326226, -0.224245, 5.145319), (-0.008505, -0.069227, -0.065432, 0.995417)
65.0768, (2.326324, -0.220825, 5.168946), (-0.008161, -0.069504, -0.066100, 0.995356)
65.09065, (2.325895, -0.221087, 5.191825), (-0.008208, -0.069778, -0.067136, 0.995267)
65.10455, (2.328721, -0.223241, 5.213631), (-0.008810, -0.070587, -0.066422, 0.995253)
65.1184, (2.327016, -0.220231, 5.236768), (-0.010711, -0.070431, -0.068066, 0.995134)
65.13233, (2.326668, -0.220329, 5.259325), (-0.010870, -0.070744, -0.068417, 0.995086)
65.14655, (2.327112, -0.219674, 5.281080), (-0.010879, -0.071234, -0.069178, 0.994998)
65.16015, (2.325207, -0.220845, 5.301096), (-0.010730, -0.071335, -0.069242, 0.994988)
65.17405, (2.324945, -0.220002, 5.320857), (-0.009343, -0.071551, -0.069968, 0.994936)
65.18781, (2.323665, -0.222092, 5.341040), (-0.008834, -0.071417, -0.069958, 0.994951)
65.20181, (2.320907, -0.223754, 5.358445), (-0.007257, -0.071080, -0.070629, 0.994941)
65.21603, (2.319388, -0.222633, 5.378731), (-0.006789, -0.071349, -0.071778, 0.994842)
65.2297, (2.313893, -0.220045, 5.398004), (-0.006708, -0.070194, -0.072824, 0.994849)
65.24336, (2.309002, -0.217205, 5.414943), (-0.006949, -0.069819, -0.073142, 0.994850)
65.2572, (2.302946, -0.215402, 5.431941), (-0.007280, -0.069570, -0.072947, 0.994880)
65.27118, (2.294997, -0.213528, 5.447578), (-0.007507, -0.069447, -0.072626, 0.994910)
65.28524, (2.286432, -0.212730, 5.463604), (-0.008204, -0.069559, -0.072047, 0.994939)
65.29903, (2.275487, -0.210496, 5.477511), (-0.007850, -0.069595, -0.071817, 0.994956)
65.3128, (2.263562, -0.208020, 5.487208), (-0.006468, -0.069945, -0.070992, 0.995001)
65.32664, (2.250117, -0.206965, 5.498108), (-0.005889, -0.069600, -0.070507, 0.995063)
65.34061, (2.235806, -0.204591, 5.508842), (-0.005451, -0.069392, -0.069575, 0.995145)
65.35439, (2.224912, -0.203083, 5.520912), (-0.005235, -0.069430, -0.069211, 0.995169)
65.36826, (2.207210, -0.203924, 5.531280), (-0.005930, -0.068735, -0.067976, 0.995299)
65.38216, (2.185004, -0.202222, 5.532701), (-0.005204, -0.069235, -0.066523, 0.995366)
65.39599, (2.167651, -0.199366, 5.535924), (-0.004904, -0.068953, -0.064545, 0.995518)
65.4099, (2.149063, -0.195291, 5.542393), (-0.004518, -0.068600, -0.062369, 0.995683)
65.42377, (2.130186, -0.193942, 5.548128), (-0.004772, -0.068433, -0.060588, 0.995803)
65.43783, (2.107239, -0.193805, 5.551548), (-0.005262, -0.068580, -0.058082, 0.995940)
65.45184, (2.085649, -0.189596, 5.555725), (-0.003947, -0.067972, -0.055899, 0.996112)
65.46547, (2.066120, -0.187297, 5.561075), (-0.003660, -0.067777, -0.054319, 0.996214)
65.47959, (2.047576, -0.185365, 5.555772), (-0.004304, -0.067392, -0.052189, 0.996351)
65.4933, (2.028782, -0.182476, 5.555806), (-0.004008, -0.067255, -0.050452, 0.996451)
65.50738, (2.010177, -0.178324, 5.556405), (-0.003645, -0.066906, -0.049709, 0.996514)
65.52144, (1.988503, -0.178767, 5.556658), (-0.004886, -0.065734, -0.049145, 0.996614)
65.5352, (1.968585, -0.180181, 5.550101), (-0.005571, -0.065051, -0.048559, 0.996684)
65.54923, (1.941518, -0.172219, 5.548110), (-0.004285, -0.064154, -0.048800, 0.996737)
65.56287, (1.922067, -0.168713, 5.546076), (-0.004476, -0.064010, -0.048406, 0.996765)
65.57681, (1.897244, -0.165912, 5.540035), (-0.005742, -0.063247, -0.047292, 0.996860)
65.59064, (1.873513, -0.158596, 5.541236), (-0.004863, -0.063090, -0.045828, 0.996943)
65.60466, (1.850966, -0.158877, 5.535794), (-0.006567, -0.063107, -0.044978, 0.996971)
65.61837, (1.825189, -0.157280, 5.535595), (-0.007496, -0.063037, -0.043556, 0.997032)
65.63201, (1.799352, -0.155361, 5.532019), (-0.006872, -0.063402, -0.042201, 0.997072)
65.64612, (1.773464, -0.153244, 5.529025), (-0.006593, -0.063805, -0.040908, 0.997102)
65.65979, (1.744337, -0.148114, 5.525945), (-0.005856, -0.063949, -0.038967, 0.997175)
65.67365, (1.719416, -0.146550, 5.524078), (-0.006244, -0.064463, -0.037855, 0.997182)
65.68761, (1.691801, -0.139765, 5.521429), (-0.005813, -0.065072, -0.036013, 0.997214)
65.70157, (1.667543, -0.138234, 5.522373), (-0.005895, -0.065474, -0.033586, 0.997272)
65.71545, (1.642635, -0.139157, 5.522278), (-0.006417, -0.065516, -0.031810, 0.997324)
65.72937, (1.617922, -0.140388, 5.525445), (-0.007338, -0.064796, -0.029192, 0.997445)
65.74331, (1.596587, -0.133309, 5.525563), (-0.006919, -0.065272, -0.029582, 0.997405)
65.75742, (1.569503, -0.129043, 5.537053), (-0.006744, -0.064078, -0.027935, 0.997531)
65.77128, (1.547685, -0.132299, 5.532373), (-0.007346, -0.063953, -0.025986, 0.997588)
65.78523, (1.529174, -0.130637, 5.532660), (-0.006111, -0.064792, -0.023676, 0.997599)
65.79906, (1.507678, -0.136024, 5.537615), (-0.006899, -0.064200, -0.019506, 0.997723)
65.81274, (1.491930, -0.127229, 5.539563), (-0.004416, -0.064151, -0.018642, 0.997756)
65.82707, (1.472558, -0.127095, 5.545418), (-0.004566, -0.063602, -0.017137, 0.997818)
65.84098, (1.453668, -0.125620, 5.550228), (-0.003835, -0.062482, -0.016296, 0.997906)
65.85444, (1.436247, -0.125591, 5.554193), (-0.003399, -0.061408, -0.015222, 0.997991)
65.86827, (1.420272, -0.122957, 5.560181), (-0.002968, -0.060056, -0.013625, 0.998098)
65.88219, (1.403074, -0.119758, 5.567478), (-0.002916, -0.058589, -0.012069, 0.998205)
65.89616, (1.384843, -0.116068, 5.574384), (-0.003008, -0.056895, -0.010736, 0.998318)
65.91025, (1.365534, -0.112943, 5.581378), (-0.002628, -0.055061, -0.009351, 0.998436)
65.92406, (1.346336, -0.111560, 5.585752), (-0.001719, -0.052732, -0.008076, 0.998575)
65.9379, (1.327423, -0.110797, 5.592621), (-0.000851, -0.050748, -0.006441, 0.998690)
65.95194, (1.306494, -0.109569, 5.598128), (0.000092, -0.048115, -0.005203, 0.998828)
65.96558, (1.283424, -0.106657, 5.603413), (0.000623, -0.045267, -0.003537, 0.998969)
65.97952, (1.258890, -0.104052, 5.608232), (0.000675, -0.043105, -0.002425, 0.999067)
65.99332, (1.233827, -0.103390, 5.613587), (0.001038, -0.040717, -0.000548, 0.999170)
66.00733, (1.207869, -0.104123, 5.618278), (0.001678, -0.038226, 0.001466, 0.999267)
66.0213, (1.178055, -0.106732, 5.620981), (0.001523, -0.035440, 0.004325, 0.999361)
66.03513, (1.148229, -0.100952, 5.623981), (0.003843, -0.033231, 0.006984, 0.999416)
66.0491, (1.117279, -0.101003, 5.626617), (0.004082, -0.031137, 0.009143, 0.999465)
66.063, (1.083439, -0.100502, 5.629721), (0.003875, -0.028757, 0.011779, 0.999510)
66.0767, (1.049618, -0.106446, 5.633488), (0.002368, -0.026898, 0.014916, 0.999524)
66.09055, (1.014276, -0.104685, 5.634852), (0.003556, -0.025290, 0.018495, 0.999503)
66.10458, (0.979824, -0.107812, 5.634092), (0.004010, -0.023878, 0.021966, 0.999466)
66.11864, (0.942063, -0.106356, 5.633379), (0.004705, -0.021524, 0.025229, 0.999439)
66.13226, (0.906920, -0.108734, 5.632042), (0.003960, -0.019656, 0.028995, 0.999378)
66.1461, (0.870567, -0.108358, 5.632091), (0.003853, -0.017772, 0.032432, 0.999309)
66.16005, (0.833681, -0.109495, 5.630164), (0.003220, -0.017052, 0.036758, 0.999174)
66.17393, (0.797637, -0.113214, 5.627677), (0.002451, -0.016975, 0.039429, 0.999075)
66.1878, (0.762490, -0.115739, 5.625520), (0.001849, -0.017477, 0.042066, 0.998960)
66.20178, (0.726893, -0.119205, 5.623890), (0.000860, -0.018094, 0.044200, 0.998859)
66.21592, (0.689875, -0.118998, 5.619488), (0.001698, -0.017357, 0.045882, 0.998795)
66.22952, (0.651714, -0.120655, 5.613748), (0.001152, -0.016684, 0.047365, 0.998738)
66.24345, (0.613200, -0.117947, 5.610125), (0.002028, -0.015383, 0.048418, 0.998707)
66.25732, (0.575381, -0.120081, 5.608424), (0.001888, -0.014910, 0.049386, 0.998667)
66.27117, (0.533993, -0.121942, 5.606700), (0.002711, -0.014038, 0.050724, 0.998610)
66.28506, (0.494090, -0.121653, 5.604018), (0.003258, -0.013293, 0.052553, 0.998524)
66.2992, (0.447758, -0.120831, 5.604174), (0.004468, -0.011787, 0.053062, 0.998512)
66.31303, (0.403886, -0.118241, 5.602974), (0.004260, -0.009715, 0.053952, 0.998487)
66.32693, (0.358377, -0.119056, 5.603924), (0.002429, -0.007123, 0.054977, 0.998459)
66.34082, (0.311702, -0.120502, 5.602612), (0.001720, -0.004722, 0.056495, 0.998390)
66.35515, (0.262167, -0.122347, 5.600934), (0.001785, -0.002358, 0.059075, 0.998249)
66.36871, (0.213553, -0.127198, 5.600686), (0.001675, -0.000102, 0.061984, 0.998076)
66.38278, (0.160507, -0.132783, 5.599430), (0.001538, 0.002491, 0.065040, 0.997878)
66.39636, (0.113236, -0.133399, 5.597038), (0.002374, 0.004102, 0.067508, 0.997708)
66.41045, (0.064591, -0.137476, 5.594753), (0.002478, 0.005903, 0.070695, 0.997477)
66.42398, (0.018004, -0.142927, 5.591870), (0.002807, 0.007674, 0.073703, 0.997247)
66.43784, (-0.031383, -0.145991, 5.588181), (0.003508, 0.010116, 0.075934, 0.997055)
66.45173, (-0.081981, -0.152029, 5.586169), (0.002631, 0.013193, 0.078687, 0.996809)
66.46564, (-0.130523, -0.156668, 5.582251), (0.002614, 0.015413, 0.081654, 0.996538)
66.47958, (-0.179645, -0.156137, 5.577760), (0.003951, 0.017492, 0.084550, 0.996258)
66.49358, (-0.228010, -0.160229, 5.573723), (0.004291, 0.019569, 0.087166, 0.995992)
66.50755, (-0.269080, -0.168296, 5.569897), (0.003998, 0.021208, 0.089995, 0.995708)
66.52134, (-0.313765, -0.171092, 5.566827), (0.003825, 0.023982, 0.092418, 0.995424)
66.53528, (-0.354327, -0.173097, 5.565861), (0.003991, 0.026263, 0.093379, 0.995276)
66.54909, (-0.397996, -0.179051, 5.560308), (0.003834, 0.029903, 0.093621, 0.995151)
66.5631, (-0.435148, -0.186365, 5.556110), (0.003848, 0.033327, 0.092791, 0.995120)
66.57703, (-0.472432, -0.192205, 5.551763), (0.004781, 0.037760, 0.092116, 0.995021)
66.5909, (-0.509342, -0.197814, 5.547483), (0.005040, 0.041384, 0.092523, 0.994838)
66.60474, (-0.545524, -0.198946, 5.544922), (0.005981, 0.045287, 0.092681, 0.994647)
66.61859, (-0.584103, -0.202898, 5.539898), (0.005366, 0.050847, 0.091480, 0.994494)
66.63268, (-0.617978, -0.203730, 5.535941), (0.005684, 0.055255, 0.089208, 0.994463)
66.64672, (-0.651331, -0.207801, 5.531508), (0.006617, 0.059583, 0.087524, 0.994357)
66.66034, (-0.684376, -0.213374, 5.525257), (0.006765, 0.063670, 0.086714, 0.994174)
66.67413, (-0.713399, -0.211779, 5.522609), (0.007801, 0.066994, 0.085844, 0.994023)
66.68805, (-0.747106, -0.214824, 5.518449), (0.008119, 0.070793, 0.085483, 0.993788)
66.70206, (-0.776507, -0.220727, 5.512550), (0.007870, 0.074017, 0.085145, 0.993584)
66.71592, (-0.802411, -0.216674, 5.508943), (0.009944, 0.075682, 0.084924, 0.993459)
66.72977, (-0.829724, -0.219574, 5.504525), (0.010234, 0.078052, 0.085507, 0.993223)
66.74413, (-0.846915, -0.216205, 5.498650), (0.012405, 0.078859, 0.085967, 0.993095)
66.75784, (-0.873339, -0.215957, 5.490191), (0.013518, 0.081786, 0.084395, 0.992978)
66.77155, (-0.893776, -0.215895, 5.484002), (0.014341, 0.083638, 0.084316, 0.992819)
66.78587, (-0.908761, -0.213883, 5.477203), (0.017613, 0.085702, 0.082487, 0.992744)
66.80008, (-0.929979, -0.215690, 5.469927), (0.018432, 0.087952, 0.082067, 0.992567)
66.81361, (-0.942966, -0.213913, 5.461372), (0.018136, 0.088521, 0.084972, 0.992278)
66.82744, (-0.960931, -0.206435, 5.454903), (0.019806, 0.089399, 0.084365, 0.992219)
66.84131, (-0.972854, -0.203143, 5.448051), (0.018232, 0.086610, 0.084320, 0.992500)
66.85538, (-0.990851, -0.201557, 5.444544), (0.017499, 0.086853, 0.083401, 0.992570)
66.86902, (-1.002913, -0.198143, 5.438664), (0.015790, 0.085555, 0.080863, 0.992921)
66.88307, (-1.019403, -0.195463, 5.432448), (0.015852, 0.086148, 0.080255, 0.992918)
66.89654, (-1.012910, -0.193771, 5.420482), (0.007455, 0.082772, 0.075553, 0.993672)
66.9105, (-1.017537, -0.187943, 5.401438), (0.007987, 0.084374, 0.075613, 0.993529)
66.92437, (-1.016972, -0.184461, 5.392495), (0.013232, 0.083403, 0.079255, 0.993271)
66.93867, (-1.013387, -0.189520, 5.377856), (0.018067, 0.081149, 0.082344, 0.993130)
66.95242, (-1.007678, -0.194322, 5.362628), (0.019585, 0.080818, 0.085010, 0.992904)
66.96622, (-0.997798, -0.192241, 5.342818), (0.017759, 0.080453, 0.082761, 0.993158)
66.98003, (-0.992037, -0.173173, 5.319383), (0.016840, 0.080433, 0.077842, 0.993573)
66.9939, (-0.975808, -0.160965, 5.299580), (0.015989, 0.080780, 0.072949, 0.993930)
67.00785, (-0.965677, -0.155066, 5.284134), (0.015972, 0.080622, 0.071473, 0.994051)
67.02186, (-0.929886, -0.159278, 5.261368), (0.012577, 0.079567, 0.072986, 0.994075)
67.03568, (-0.906923, -0.153980, 5.246321), (0.012801, 0.079279, 0.071825, 0.994179)
67.04974, (-0.888314, -0.143318, 5.231721), (0.012178, 0.081445, 0.068808, 0.994225)
67.06396, (-0.860190, -0.133895, 5.208837), (0.010449, 0.080919, 0.064822, 0.994556)
67.07785, (-0.833954, -0.129874, 5.189906), (0.008821, 0.082097, 0.063988, 0.994529)
67.09199, (-0.808064, -0.130667, 5.172025), (0.005521, 0.084642, 0.064443, 0.994310)
67.10545, (-0.789336, -0.119776, 5.149875), (0.007875, 0.085551, 0.064053, 0.994242)
67.11941, (-0.770809, -0.122210, 5.123217), (0.005995, 0.085322, 0.065007, 0.994212)
67.13331, (-0.747365, -0.110145, 5.099267), (0.006992, 0.084532, 0.062702, 0.994421)
67.14695, (-0.729165, -0.108703, 5.079679), (0.005311, 0.085269, 0.060953, 0.994478)
67.16106, (-0.703573, -0.107958, 5.057871), (0.002154, 0.086531, 0.059582, 0.994464)
67.17469, (-0.677774, -0.109829, 5.036106), (0.003856, 0.088448, 0.059629, 0.994287)
67.18849, (-0.657036, -0.114399, 5.013948), (0.004912, 0.090415, 0.059979, 0.994084)
67.20252, (-0.636295, -0.120108, 4.989500), (0.006039, 0.091615, 0.060282, 0.993950)
67.21649, (-0.616515, -0.122870, 4.963306), (0.009796, 0.091812, 0.060428, 0.993893)
67.23035, (-0.582919, -0.127639, 4.944895), (0.011866, 0.092043, 0.062468, 0.993723)
67.24428, (-0.556135, -0.128630, 4.930368), (0.018596, 0.095260, 0.065024, 0.993152)
67.25818, (-0.535010, -0.121313, 4.912973), (0.019082, 0.095060, 0.065825, 0.993110)
67.27219, (-0.514721, -0.112912, 4.896444), (0.019336, 0.093294, 0.064077, 0.993386)
67.28603, (-0.490659, -0.114913, 4.881394), (0.018561, 0.092659, 0.061431, 0.993628)
67.29994, (-0.464257, -0.115000, 4.861114), (0.017489, 0.093675, 0.060127, 0.993632)
67.31384, (-0.435927, -0.113637, 4.842763), (0.018071, 0.093292, 0.060778, 0.993618)
67.32782, (-0.409052, -0.122814, 4.815945), (0.017916, 0.093660, 0.064640, 0.993342)
67.34173, (-0.383200, -0.127758, 4.800457), (0.020143, 0.096433, 0.066251, 0.992928)
67.35559, (-0.351209, -0.138148, 4.789435), (0.020180, 0.097753, 0.069560, 0.992572)
67.36954, (-0.331320, -0.145439, 4.767768), (0.022104, 0.101067, 0.071334, 0.992073)
67.38401, (-0.304931, -0.149967, 4.764833), (0.024124, 0.105286, 0.072010, 0.991538)
67.39741, (-0.281186, -0.161659, 4.745631), (0.025810, 0.107728, 0.069248, 0.991430)
67.41138, (-0.256309, -0.164824, 4.730253), (0.027185, 0.108012, 0.067976, 0.991450)
67.42527, (-0.241843, -0.162289, 4.714453), (0.024221, 0.105844, 0.060553, 0.992242)
67.43896, (-0.223092, -0.157934, 4.710158), (0.027091, 0.104529, 0.052491, 0.992766)
67.45289, (-0.198472, -0.166200, 4.702596), (0.026563, 0.103200, 0.051177, 0.992988)
67.46682, (-0.171711, -0.168616, 4.692866), (0.022648, 0.100605, 0.052643, 0.993275)
67.48067, (-0.154011, -0.157293, 4.683862), (0.019764, 0.099250, 0.050768, 0.993570)
67.49459, (-0.138907, -0.140282, 4.671064), (0.022744, 0.100582, 0.047013, 0.993557)
67.50861, (-0.121777, -0.140053, 4.649194), (0.024184, 0.102455, 0.046076, 0.993376)
67.52243, (-0.105409, -0.141057, 4.632592), (0.020834, 0.103906, 0.047053, 0.993255)
67.53676, (-0.081907, -0.148426, 4.608916), (0.016523, 0.102014, 0.048291, 0.993473)
67.55016, (-0.063242, -0.152557, 4.579373), (0.014350, 0.098488, 0.051471, 0.993703)
67.56387, (-0.020733, -0.181438, 4.573997), (0.013679, 0.099883, 0.063248, 0.992893)
67.5779, (-0.009825, -0.179703, 4.511934), (0.022947, 0.089137, 0.065231, 0.993616)
67.59186, (0.004951, -0.138363, 4.480693), (0.029271, 0.079129, 0.055079, 0.994911)
67.60554, (0.014830, -0.143160, 4.474702), (0.030395, 0.072651, 0.047471, 0.995763)
67.61967, (0.031105, -0.139558, 4.484353), (0.032839, 0.073023, 0.045616, 0.995745)
67.63386, (0.064823, -0.141377, 4.486291), (0.024429, 0.072923, 0.044654, 0.996038)
67.64774, (0.096399, -0.122118, 4.476933), (0.021633, 0.073339, 0.040291, 0.996258)
67.66181, (0.135563, -0.108587, 4.465695), (0.021781, 0.076237, 0.039833, 0.996056)
67.67569, (0.163410, -0.106227, 4.454879), (0.021653, 0.078067, 0.039831, 0.995917)
67.68929, (0.186393, -0.104295, 4.439261), (0.020397, 0.077129, 0.040415, 0.995993)
67.70298, (0.209275, -0.101641, 4.428890), (0.019889, 0.076131, 0.040187, 0.996089)
67.71675, (0.229388, -0.100162, 4.418045), (0.020443, 0.075735, 0.039923, 0.996119)
67.73056, (0.250408, -0.103116, 4.407303), (0.021387, 0.077065, 0.038974, 0.996034)
67.74414, (0.271509, -0.111196, 4.391403), (0.020607, 0.076696, 0.038667, 0.996091)
67.75803, (0.293865, -0.103656, 4.373454), (0.021224, 0.075259, 0.035326, 0.996312)
67.77202, (0.322546, -0.099065, 4.362389), (0.021492, 0.073982, 0.029458, 0.996593)
67.78616, (0.348653, -0.102533, 4.354843), (0.021717, 0.075181, 0.027326, 0.996559)
67.79988, (0.370720, -0.111560, 4.351098), (0.015861, 0.081014, 0.026075, 0.996246)
67.81406, (0.395175, -0.107528, 4.336822), (0.011230, 0.080626, 0.023688, 0.996400)
67.82759, (0.421737, -0.105113, 4.328743), (0.006917, 0.079727, 0.022228, 0.996545)
67.84149, (0.447332, -0.092388, 4.318473), (0.005251, 0.077900, 0.019056, 0.996765)
67.85529, (0.463173, -0.062660, 4.310724), (0.015179, 0.077545, 0.014729, 0.996765)
67.86937, (0.486899, -0.077510, 4.308670), (0.008815, 0.078375, 0.013929, 0.996788)
67.88315, (0.517307, -0.067335, 4.303234), (0.005058, 0.077544, 0.015543, 0.996855)
67.89699, (0.537422, -0.056427, 4.304842), (0.001742, 0.080491, 0.013009, 0.996669)
67.91103, (0.557914, -0.046706, 4.298441), (-0.001460, 0.081879, 0.011189, 0.996579)
67.92504, (0.574348, -0.026690, 4.293770), (-0.001815, 0.085703, 0.005916, 0.996302)
67.93885, (0.592714, -0.018256, 4.288786), (-0.004576, 0.087801, 0.003115, 0.996123)
67.95251, (0.613434, -0.007770, 4.284100), (-0.006498, 0.089095, 0.000727, 0.996002)
67.96683, (0.634151, 0.002716, 4.279415), (-0.008420, 0.090388, -0.001661, 0.995870)
67.98013, (0.654862, 0.013198, 4.274732), (-0.010341, 0.091679, -0.004048, 0.995727)
67.99382, (0.670352, 0.025783, 4.279025), (-0.015455, 0.095078, -0.007657, 0.995320)
68.0079, (0.696891, 0.091904, 4.303157), (-0.023859, 0.100844, -0.016994, 0.994471)
68.02161, (0.716751, 0.068835, 4.289034), (-0.020250, 0.103175, -0.010062, 0.994406)
68.03564, (0.713282, 0.069946, 4.267708), (-0.014868, 0.089079, -0.006371, 0.995893)
68.0494, (0.727736, 0.074705, 4.266385), (-0.017283, 0.084708, -0.004347, 0.996247)
68.06323, (0.738548, 0.080044, 4.263410), (-0.023544, 0.080276, -0.004562, 0.996484)
68.07719, (0.749531, 0.085530, 4.251927), (-0.028724, 0.075652, -0.004134, 0.996712)
68.09096, (0.752487, 0.094061, 4.238905), (-0.033655, 0.071223, -0.006661, 0.996870)
68.10475, (0.762128, 0.111629, 4.231567), (-0.037355, 0.066566, -0.008566, 0.997046)
68.1188, (0.769001, 0.131062, 4.220829), (-0.040045, 0.065048, -0.014982, 0.996966)
68.13231, (0.786461, 0.139300, 4.216701), (-0.042359, 0.064398, -0.019599, 0.996832)
68.14611, (0.803055, 0.143592, 4.220454), (-0.046727, 0.065343, -0.020225, 0.996563)
68.15985, (0.816596, 0.147191, 4.218479), (-0.055115, 0.065580, -0.021003, 0.996103)
68.17359, (0.824728, 0.156562, 4.215937), (-0.058643, 0.065676, -0.022767, 0.995856)
68.18747, (0.835868, 0.159917, 4.214842), (-0.062873, 0.064581, -0.022892, 0.995667)
68.20127, (0.843835, 0.158535, 4.211688), (-0.068228, 0.062237, -0.022266, 0.995478)
68.2153, (0.851783, 0.153093, 4.205249), (-0.070026, 0.058124, -0.018696, 0.995675)
68.22913, (0.861055, 0.148206, 4.194732), (-0.069002, 0.052536, -0.015142, 0.996117)
68.24306, (0.861404, 0.147885, 4.176998), (-0.062205, 0.046901, -0.014657, 0.996853)
68.25661, (0.860708, 0.151347, 4.164034), (-0.055705, 0.041894, -0.016424, 0.997433)
68.27055, (0.862980, 0.143509, 4.156854), (-0.055484, 0.039948, -0.016857, 0.997518)
68.28438, (0.868234, 0.150095, 4.160967), (-0.053659, 0.041574, -0.017748, 0.997536)
68.29832, (0.879301, 0.150809, 4.166471), (-0.057161, 0.044450, -0.014893, 0.997264)
68.31241, (0.893569, 0.161252, 4.166258), (-0.062947, 0.047429, -0.010580, 0.996833)
68.32606, (0.904869, 0.171571, 4.159482), (-0.065486, 0.047019, -0.007173, 0.996719)
68.33995, (0.914507, 0.177736, 4.151792), (-0.068253, 0.044915, -0.004335, 0.996647)
68.35384, (0.924106, 0.186631, 4.140880), (-0.068207, 0.040468, -0.000557, 0.996850)
68.36777, (0.932353, 0.194736, 4.135559), (-0.071336, 0.036251, 0.000236, 0.996793)
68.38162, (0.939176, 0.205509, 4.136389), (-0.075816, 0.037265, -0.001974, 0.996423)
68.39548, (0.945474, 0.219460, 4.135917), (-0.078842, 0.037870, -0.003028, 0.996163)
68.40936, (0.946551, 0.227339, 4.136445), (-0.087637, 0.043391, -0.008452, 0.995171)
68.42349, (0.948942, 0.233920, 4.129755), (-0.094311, 0.045372, -0.011410, 0.994443)
68.43714, (0.952547, 0.235407, 4.123143), (-0.099691, 0.046055, -0.012780, 0.993870)
68.4512, (0.957364, 0.236629, 4.101412), (-0.098884, 0.042864, -0.015171, 0.994060)
68.46481, (0.959943, 0.237314, 4.086778), (-0.099966, 0.041507, -0.017688, 0.993967)
68.4788, (0.965946, 0.237654, 4.075229), (-0.100114, 0.042267, -0.019359, 0.993889)
68.49309, (0.972706, 0.236695, 4.072243), (-0.101614, 0.042942, -0.018559, 0.993723)
68.50696, (0.977590, 0.235297, 4.066262), (-0.102667, 0.044102, -0.018015, 0.993574)
68.52051, (0.979826, 0.232359, 4.059477), (-0.103774, 0.044364, -0.016677, 0.993471)
68.53419, (0.983798, 0.234361, 4.051803), (-0.104765, 0.043595, -0.017067, 0.993394)
68.54805, (0.988027, 0.234879, 4.043999), (-0.106501, 0.043624, -0.017440, 0.993202)
68.56194, (0.991929, 0.236332, 4.036808), (-0.107837, 0.043408, -0.018013, 0.993057)
68.57626, (0.985026, 0.240017, 4.041536), (-0.103249, 0.044093, -0.018136, 0.993512)
68.5897, (0.987148, 0.241035, 4.036155), (-0.104022, 0.044176, -0.018459, 0.993422)
68.60364, (0.981651, 0.230875, 4.033924), (-0.102418, 0.044616, -0.017968, 0.993578)
68.61774, (0.978455, 0.227678, 4.028031), (-0.103183, 0.042087, -0.017960, 0.993609)
68.63158, (0.970449, 0.234457, 4.020057), (-0.099323, 0.041761, -0.019141, 0.993994)
68.64534, (0.967842, 0.237289, 4.020850), (-0.098966, 0.042608, -0.020047, 0.993976)
68.65926, (0.965888, 0.238471, 4.025211), (-0.100987, 0.044825, -0.019899, 0.993678)
68.6731, (0.963717, 0.240006, 4.026777), (-0.103460, 0.046123, -0.019177, 0.993379)
68.68702, (0.962019, 0.242529, 4.021521), (-0.104183, 0.045865, -0.018022, 0.993337)
68.70078, (0.954909, 0.243734, 4.016918), (-0.103811, 0.044976, -0.017555, 0.993425)
68.71464, (0.947119, 0.247676, 4.015316), (-0.102223, 0.044255, -0.016886, 0.993633)
68.72871, (0.939872, 0.250893, 4.018397), (-0.102118, 0.045337, -0.016333, 0.993604)
68.74245, (0.933931, 0.253184, 4.020479), (-0.103351, 0.046395, -0.015882, 0.993435)
68.75629, (0.925454, 0.256991, 4.020466), (-0.104746, 0.046504, -0.014765, 0.993302)
68.77048, (0.917004, 0.260202, 4.018836), (-0.105160, 0.046407, -0.014519, 0.993266)
68.7842, (0.906369, 0.267121, 4.016125), (-0.104494, 0.046000, -0.015365, 0.993342)
68.79799, (0.898476, 0.270904, 4.015133), (-0.104751, 0.046124, -0.015135, 0.993313)
68.81184, (0.881708, 0.273100, 4.027039), (-0.103342, 0.045889, -0.022751, 0.993326)
68.82574, (0.868959, 0.270751, 4.027099), (-0.102714, 0.047731, -0.023403, 0.993289)
68.83956, (0.858143, 0.272747, 4.028584), (-0.102628, 0.048150, -0.024247, 0.993258)
68.85344, (0.847320, 0.274745, 4.030071), (-0.102541, 0.048569, -0.025093, 0.993225)
68.8674, (0.822729, 0.273533, 4.024369), (-0.101842, 0.050210, -0.018928, 0.993352)
68.88155, (0.809293, 0.274957, 4.024599), (-0.101640, 0.050767, -0.018836, 0.993347)
68.8955, (0.786185, 0.271083, 4.016929), (-0.101034, 0.049677, -0.018185, 0.993476)
68.90939, (0.770958, 0.271618, 4.015801), (-0.100773, 0.050013, -0.018014, 0.993488)
68.92313, (0.744004, 0.271627, 4.019219), (-0.098898, 0.049490, -0.016519, 0.993729)
68.93715, (0.705359, 0.268698, 4.030172), (-0.099632, 0.052346, -0.014536, 0.993540)
68.95107, (0.666661, 0.268226, 4.032751), (-0.100737, 0.052593, -0.010414, 0.993468)
68.96484, (0.632602, 0.268887, 4.035386), (-0.100494, 0.049544, -0.009285, 0.993660)
68.97846, (0.600473, 0.271608, 4.040646), (-0.100137, 0.048403, -0.008445, 0.993760)
68.99257, (0.562007, 0.271860, 4.053036), (-0.100727, 0.048164, -0.006374, 0.993727)
69.00643, (0.529961, 0.272707, 4.057931), (-0.100777, 0.047977, -0.004908, 0.993740)
69.02009, (0.489952, 0.268527, 4.061445), (-0.101589, 0.046256, -0.000637, 0.993750)
69.0339, (0.453499, 0.269364, 4.066790), (-0.101296, 0.045007, 0.001640, 0.993836)
69.04769, (0.415299, 0.270702, 4.074410), (-0.100704, 0.044434, 0.003700, 0.993917)
69.06144, (0.377061, 0.268550, 4.086741), (-0.101862, 0.045244, 0.006195, 0.993750)
69.07513, (0.339985, 0.268124, 4.094517), (-0.103047, 0.046928, 0.009161, 0.993527)
69.08894, (0.300167, 0.265966, 4.100004), (-0.103801, 0.048136, 0.011927, 0.993361)
69.10276, (0.263796, 0.266138, 4.101909), (-0.103779, 0.048326, 0.013807, 0.993330)
69.11653, (0.231251, 0.267252, 4.107130), (-0.103664, 0.049413, 0.012716, 0.993303)
69.13036, (0.202125, 0.267872, 4.113417), (-0.103501, 0.051872, 0.011983, 0.993204)
69.14421, (0.171636, 0.266417, 4.119128), (-0.105665, 0.053929, 0.011510, 0.992872)
69.15835, (0.136896, 0.267346, 4.124207), (-0.107502, 0.055591, 0.010766, 0.992591)
69.17242, (0.105866, 0.268673, 4.130604), (-0.110961, 0.055975, 0.008538, 0.992210)
69.18632, (0.072214, 0.267550, 4.137861), (-0.113884, 0.056873, 0.006077, 0.991846)
69.20013, (0.038894, 0.263033, 4.143156), (-0.116258, 0.057384, 0.004027, 0.991552)
69.21391, (0.003180, 0.256003, 4.145349), (-0.116834, 0.057929, 0.002440, 0.991458)
69.22775, (-0.034034, 0.250942, 4.145891), (-0.115832, 0.057740, 0.001678, 0.991588)
69.24156, (-0.070821, 0.246261, 4.149547), (-0.113725, 0.057866, 0.000395, 0.991826)
69.25529, (-0.107854, 0.242962, 4.152961), (-0.110968, 0.059762, 0.000566, 0.992025)
69.26949, (-0.144024, 0.238767, 4.156412), (-0.109435, 0.060138, 0.001621, 0.992172)
69.28312, (-0.180252, 0.234959, 4.160196), (-0.106441, 0.060497, 0.003540, 0.992471)
69.29696, (-0.214998, 0.234314, 4.165400), (-0.103698, 0.060063, 0.005235, 0.992780)
69.31093, (-0.247846, 0.235949, 4.172365), (-0.101403, 0.059084, 0.008389, 0.993054)
69.32487, (-0.286926, 0.240098, 4.179977), (-0.100076, 0.058876, 0.010400, 0.993182)
69.33868, (-0.322665, 0.242422, 4.189024), (-0.099076, 0.059310, 0.011126, 0.993248)
69.35243, (-0.359022, 0.242559, 4.195410), (-0.097777, 0.059479, 0.012121, 0.993355)
69.36629, (-0.395373, 0.242699, 4.201796), (-0.096478, 0.059647, 0.013116, 0.993460)
69.38028, (-0.428333, 0.249515, 4.219283), (-0.096529, 0.060896, 0.014293, 0.993363)
69.39408, (-0.464256, 0.250648, 4.227287), (-0.095391, 0.061191, 0.015310, 0.993439)
69.40809, (-0.499901, 0.257151, 4.241610), (-0.096987, 0.063371, 0.015736, 0.993142)
69.42197, (-0.531650, 0.266451, 4.253026), (-0.099114, 0.072398, 0.013408, 0.992348)
69.43585, (-0.561967, 0.263603, 4.258769), (-0.101026, 0.074824, 0.015394, 0.991947)
69.45014, (-0.595018, 0.262953, 4.263058), (-0.101738, 0.075831, 0.016839, 0.991774)
69.46358, (-0.629129, 0.264360, 4.271025), (-0.101710, 0.077380, 0.017743, 0.991641)
69.47767, (-0.664644, 0.263557, 4.272936), (-0.101218, 0.079117, 0.018288, 0.991545)
69.49137, (-0.694481, 0.251287, 4.277548), (-0.102849, 0.082678, 0.019048, 0.991072)
69.50519, (-0.725103, 0.238630, 4.284125), (-0.105375, 0.082584, 0.020306, 0.990789)
69.51898, (-0.758105, 0.232716, 4.289774), (-0.105570, 0.081895, 0.020657, 0.990819)
69.53273, (-0.787433, 0.226110, 4.300542), (-0.105900, 0.081855, 0.021394, 0.990771)
69.54654, (-0.817275, 0.220965, 4.312864), (-0.105667, 0.082797, 0.023392, 0.990673)
69.56036, (-0.846796, 0.213432, 4.324131), (-0.106128, 0.083868, 0.025074, 0.990492)
69.57422, (-0.877293, 0.203444, 4.335057), (-0.105608, 0.084829, 0.026556, 0.990427)
69.5881, (-0.906604, 0.195334, 4.346241), (-0.104499, 0.085064, 0.027660, 0.990494)
69.60214, (-0.940057, 0.184768, 4.360807), (-0.102815, 0.086086, 0.029382, 0.990533)
69.6157, (-0.971860, 0.179597, 4.380505), (-0.100341, 0.087599, 0.031014, 0.990604)
69.62929, (-1.000407, 0.173281, 4.400577), (-0.098903, 0.089565, 0.032084, 0.990539)
69.64306, (-1.025953, 0.169021, 4.422320), (-0.098493, 0.090577, 0.033330, 0.990446)
69.65719, (-1.051385, 0.167426, 4.445238), (-0.098068, 0.091690, 0.034071, 0.990361)
69.67085, (-1.075833, 0.163318, 4.465532), (-0.098318, 0.093256, 0.035941, 0.990124)
69.68436, (-1.100203, 0.156962, 4.480947), (-0.099047, 0.093474, 0.037948, 0.989956)
69.69807, (-1.122811, 0.154740, 4.493823), (-0.098397, 0.092354, 0.039870, 0.990050)
69.71224, (-1.145367, 0.151683, 4.509623), (-0.097428, 0.091480, 0.040391, 0.990206)
69.72611, (-1.165370, 0.150635, 4.525075), (-0.096916, 0.091192, 0.040318, 0.990286)
69.74015, (-1.184642, 0.149318, 4.538251), (-0.095986, 0.092306, 0.039928, 0.990289)
69.7542, (-1.202210, 0.145626, 4.549791), (-0.095329, 0.093384, 0.040605, 0.990224)
69.76807, (-1.218050, 0.142940, 4.559243), (-0.094559, 0.093576, 0.041415, 0.990246)
69.78197, (-1.235175, 0.143241, 4.566803), (-0.093632, 0.093438, 0.042697, 0.990293)
69.79578, (-1.250689, 0.149912, 4.578081), (-0.092038, 0.093230, 0.043042, 0.990447)
69.80975, (-1.263572, 0.154989, 4.593715), (-0.091186, 0.094094, 0.042168, 0.990481)
69.82346, (-1.273173, 0.155952, 4.608411), (-0.092721, 0.094731, 0.042646, 0.990258)
69.83709, (-1.283126, 0.154456, 4.621721), (-0.092815, 0.094738, 0.043721, 0.990201)
69.85098, (-1.292776, 0.154160, 4.627105), (-0.093060, 0.093918, 0.045135, 0.990193)
69.86491, (-1.301889, 0.156016, 4.634513), (-0.092314, 0.093427, 0.045352, 0.990299)
69.87883, (-1.306267, 0.155252, 4.644566), (-0.092945, 0.093429, 0.045938, 0.990213)
69.89259, (-1.312600, 0.153185, 4.655208), (-0.093392, 0.094370, 0.047335, 0.990016)
69.90668, (-1.317701, 0.149580, 4.664357), (-0.092892, 0.094535, 0.048616, 0.989985)
69.92039, (-1.326267, 0.144296, 4.674341), (-0.091018, 0.095086, 0.049753, 0.990050)
69.93427, (-1.333864, 0.138878, 4.685213), (-0.089743, 0.096083, 0.049573, 0.990079)
69.94769, (-1.337563, 0.133842, 4.694663), (-0.089805, 0.096668, 0.049605, 0.990015)
69.96165, (-1.338780, 0.127959, 4.701558), (-0.090306, 0.097457, 0.050817, 0.989831)
69.97552, (-1.340904, 0.125103, 4.708369), (-0.089307, 0.097630, 0.051641, 0.989862)
69.98944, (-1.344674, 0.124639, 4.717754), (-0.086858, 0.097847, 0.052251, 0.990026)
70.00336, (-1.348703, 0.126226, 4.730408), (-0.084632, 0.098907, 0.051277, 0.990164)
70.0173, (-1.351681, 0.124790, 4.742816), (-0.084530, 0.100724, 0.050547, 0.990027)
70.03156, (-1.354678, 0.122801, 4.748960), (-0.086029, 0.101855, 0.051424, 0.989737)
70.04531, (-1.355464, 0.123763, 4.752995), (-0.086026, 0.101289, 0.052334, 0.989748)
70.05941, (-1.357784, 0.128139, 4.755428), (-0.085546, 0.100385, 0.052821, 0.989856)
70.0733, (-1.358390, 0.130224, 4.761358), (-0.085430, 0.099678, 0.052993, 0.989928)
70.08693, (-1.356901, 0.131353, 4.769840), (-0.087156, 0.099431, 0.053359, 0.989783)
70.10061, (-1.357838, 0.131015, 4.775360), (-0.089007, 0.099549, 0.053518, 0.989598)
70.11467, (-1.359254, 0.129677, 4.777946), (-0.090673, 0.099485, 0.053784, 0.989439)
70.12836, (-1.360640, 0.127145, 4.775849), (-0.092036, 0.099098, 0.054325, 0.989322)
70.14223, (-1.364419, 0.127884, 4.778811), (-0.092941, 0.099385, 0.053687, 0.989243)
70.15634, (-1.363840, 0.130680, 4.781633), (-0.094021, 0.100688, 0.052699, 0.989063)
70.17023, (-1.363274, 0.133991, 4.787724), (-0.096955, 0.103350, 0.051847, 0.988550)
70.18399, (-1.362112, 0.135815, 4.790513), (-0.100450, 0.105339, 0.050937, 0.988038)
70.19784, (-1.363296, 0.136373, 4.792645), (-0.102406, 0.106572, 0.050486, 0.987728)
70.21177, (-1.365351, 0.135342, 4.792356), (-0.102664, 0.105897, 0.051029, 0.987746)
70.2256, (-1.371279, 0.129890, 4.794958), (-0.102528, 0.105389, 0.051931, 0.987768)
70.23948, (-1.372561, 0.129925, 4.798301), (-0.101097, 0.104858, 0.053301, 0.987898)
70.25341, (-1.372489, 0.129349, 4.803628), (-0.100155, 0.104847, 0.053970, 0.987959)
70.26769, (-1.372309, 0.131168, 4.808436), (-0.100897, 0.105227, 0.054072, 0.987838)
70.2814, (-1.373146, 0.133284, 4.813474), (-0.101086, 0.105679, 0.053319, 0.987811)
70.29528, (-1.373737, 0.132855, 4.817782), (-0.101245, 0.106654, 0.053562, 0.987677)
70.30896, (-1.371320, 0.130006, 4.824625), (-0.100875, 0.106786, 0.054110, 0.987671)
70.32294, (-1.372566, 0.128051, 4.830463), (-0.100620, 0.106819, 0.055621, 0.987609)
70.33679, (-1.372548, 0.128664, 4.836921), (-0.099696, 0.105801, 0.056533, 0.987761)
70.3507, (-1.373140, 0.128999, 4.845168), (-0.099310, 0.105704, 0.056887, 0.987790)
70.36449, (-1.375544, 0.132811, 4.854602), (-0.097464, 0.105914, 0.056802, 0.987956)
70.37845, (-1.378823, 0.124463, 4.865431), (-0.099851, 0.107104, 0.058342, 0.987499)
70.39249, (-1.379751, 0.119461, 4.876766), (-0.098439, 0.107539, 0.059714, 0.987512)
70.40631, (-1.381714, 0.119389, 4.883456), (-0.097788, 0.107690, 0.059986, 0.987543)
70.42057, (-1.382612, 0.123318, 4.891749), (-0.097176, 0.106881, 0.058652, 0.987772)
70.43412, (-1.383279, 0.126087, 4.908555), (-0.094952, 0.107183, 0.056639, 0.988073)
70.44791, (-1.386684, 0.123226, 4.921535), (-0.098609, 0.108919, 0.055712, 0.987577)
70.46173, (-1.387376, 0.120485, 4.936000), (-0.097898, 0.109162, 0.055869, 0.987613)
70.47567, (-1.391722, 0.119203, 4.947460), (-0.097438, 0.111117, 0.056503, 0.987404)
70.48952, (-1.393247, 0.117647, 4.958048), (-0.096340, 0.111546, 0.057051, 0.987432)
70.50346, (-1.395574, 0.118387, 4.970834), (-0.096238, 0.112099, 0.057026, 0.987380)
70.51725, (-1.395063, 0.117321, 4.986293), (-0.096756, 0.112206, 0.057343, 0.987299)
70.53115, (-1.397946, 0.115691, 5.002030), (-0.096838, 0.113482, 0.057476, 0.987138)
70.54509, (-1.401317, 0.113140, 5.016923), (-0.096099, 0.114314, 0.058034, 0.987081)
70.55908, (-1.407466, 0.110472, 5.031123), (-0.094403, 0.114345, 0.058397, 0.987220)
70.57307, (-1.411505, 0.110872, 5.043085), (-0.092867, 0.114037, 0.058487, 0.987396)
70.5867, (-1.415459, 0.111101, 5.055873), (-0.091701, 0.113959, 0.058860, 0.987492)
70.60136, (-1.419495, 0.110868, 5.069275), (-0.090672, 0.113559, 0.059017, 0.987624)
70.61472, (-1.420990, 0.111030, 5.084754), (-0.089365, 0.112941, 0.060577, 0.987719)
70.62863, (-1.425432, 0.113760, 5.096817), (-0.088312, 0.112453, 0.061997, 0.987781)
70.6422, (-1.427202, 0.116239, 5.108912), (-0.087735, 0.111569, 0.062579, 0.987896)
70.65609, (-1.429689, 0.118154, 5.121552), (-0.087203, 0.111239, 0.062778, 0.987968)
70.66994, (-1.431984, 0.119348, 5.134348), (-0.087339, 0.110902, 0.062693, 0.987999)
70.68398, (-1.433602, 0.118969, 5.145778), (-0.087775, 0.111317, 0.061922, 0.987962)
70.69798, (-1.435558, 0.117723, 5.155313), (-0.088417, 0.111481, 0.061722, 0.987899)
70.71178, (-1.436923, 0.116230, 5.162806), (-0.088341, 0.111562, 0.061799, 0.987892)
70.72579, (-1.438221, 0.114595, 5.169133), (-0.087952, 0.111382, 0.062044, 0.987932)
70.73938, (-1.439296, 0.114467, 5.176991), (-0.087089, 0.111546, 0.061451, 0.988027)
70.75326, (-1.440317, 0.114912, 5.187280), (-0.086643, 0.112344, 0.060753, 0.988019)
70.76718, (-1.442444, 0.115728, 5.196537), (-0.086394, 0.113309, 0.059667, 0.987997)
70.78111, (-1.445023, 0.118828, 5.205934), (-0.085123, 0.114084, 0.058892, 0.988064)
70.79498, (-1.445341, 0.120366, 5.215189), (-0.083628, 0.114549, 0.057954, 0.988193)
70.809, (-1.446103, 0.121944, 5.224388), (-0.081911, 0.114701, 0.058008, 0.988316)
70.82278, (-1.445195, 0.123552, 5.233982), (-0.079521, 0.114243, 0.059020, 0.988505)
70.83662, (-1.444883, 0.123904, 5.242354), (-0.078940, 0.113934, 0.059574, 0.988554)
70.85052, (-1.444853, 0.125200, 5.251538), (-0.078670, 0.113180, 0.060483, 0.988607)
70.86441, (-1.443448, 0.122346, 5.249283), (-0.079625, 0.111691, 0.061327, 0.988648)
70.8783, (-1.441546, 0.124295, 5.253366), (-0.080488, 0.110105, 0.060963, 0.988778)
70.8924, (-1.441368, 0.124415, 5.259195), (-0.080929, 0.110075, 0.060408, 0.988780)
70.90607, (-1.438594, 0.122777, 5.264833), (-0.082241, 0.110432, 0.060643, 0.988617)
70.92017, (-1.437615, 0.123047, 5.262444), (-0.081554, 0.110534, 0.060828, 0.988651)
70.93404, (-1.435320, 0.122815, 5.265100), (-0.081236, 0.111075, 0.060723, 0.988623)
70.94778, (-1.429479, 0.122446, 5.266356), (-0.081108, 0.111350, 0.060596, 0.988611)
70.96181, (-1.424668, 0.123512, 5.269392), (-0.081304, 0.112155, 0.060296, 0.988522)
70.97568, (-1.418653, 0.125237, 5.271887), (-0.081431, 0.113096, 0.059477, 0.988454)
70.98955, (-1.414225, 0.125134, 5.273861), (-0.081652, 0.113604, 0.059245, 0.988391)
71.00333, (-1.407421, 0.124219, 5.275381), (-0.081540, 0.113437, 0.059214, 0.988422)
71.01757, (-1.402210, 0.122230, 5.275054), (-0.081142, 0.113335, 0.059308, 0.988460)
71.03153, (-1.395670, 0.122056, 5.273921), (-0.079582, 0.112762, 0.059011, 0.988670)
71.0452, (-1.389415, 0.121040, 5.275076), (-0.078568, 0.112752, 0.058916, 0.988758)
71.0592, (-1.382603, 0.121160, 5.274621), (-0.078314, 0.112991, 0.058610, 0.988769)
71.07313, (-1.373634, 0.123318, 5.273216), (-0.078251, 0.113235, 0.057245, 0.988827)
71.08682, (-1.363826, 0.124223, 5.272209), (-0.078232, 0.113644, 0.056391, 0.988830)
71.10043, (-1.356001, 0.123774, 5.271646), (-0.078222, 0.114106, 0.055850, 0.988808)
71.11472, (-1.344880, 0.122113, 5.267696), (-0.078767, 0.114048, 0.055811, 0.988774)
71.12836, (-1.334694, 0.118603, 5.263336), (-0.078518, 0.113327, 0.055966, 0.988868)
71.14211, (-1.326102, 0.119708, 5.258153), (-0.078041, 0.113345, 0.055637, 0.988922)
71.15601, (-1.315001, 0.126010, 5.253006), (-0.076370, 0.113339, 0.054901, 0.989095)
71.1702, (-1.301693, 0.128640, 5.250008), (-0.076865, 0.113260, 0.054912, 0.989065)
71.18382, (-1.286859, 0.129149, 5.244740), (-0.077625, 0.113048, 0.054684, 0.989042)
71.19773, (-1.273963, 0.131285, 5.235601), (-0.077765, 0.113017, 0.054950, 0.989020)
71.21169, (-1.259576, 0.132179, 5.228629), (-0.075574, 0.112656, 0.054368, 0.989263)
71.22556, (-1.246279, 0.133261, 5.222830), (-0.072491, 0.113114, 0.053829, 0.989471)
71.23968, (-1.227180, 0.132996, 5.219002), (-0.071790, 0.113745, 0.053219, 0.989483)
71.25352, (-1.209003, 0.130115, 5.210552), (-0.071776, 0.114483, 0.053552, 0.989381)
71.2673, (-1.192114, 0.123320, 5.198899), (-0.073059, 0.114845, 0.055002, 0.989165)
71.2812, (-1.170762, 0.124633, 5.184221), (-0.070354, 0.112849, 0.054422, 0.989623)
71.29536, (-1.157910, 0.125983, 5.168153), (-0.065999, 0.111797, 0.052788, 0.990131)
71.30925, (-1.141919, 0.127029, 5.158910), (-0.063257, 0.111556, 0.050277, 0.990468)
71.32317, (-1.125384, 0.131072, 5.150487), (-0.060975, 0.110916, 0.048554, 0.990768)
71.33704, (-1.110790, 0.143515, 5.140285), (-0.059835, 0.111632, 0.044757, 0.990936)
71.35098, (-1.086260, 0.157950, 5.131177), (-0.061456, 0.112032, 0.040210, 0.990987)
71.3647, (-1.058795, 0.177020, 5.123458), (-0.068068, 0.113616, 0.037529, 0.990480)
71.37865, (-1.032247, 0.187749, 5.112877), (-0.068944, 0.114327, 0.035973, 0.990395)
71.39272, (-1.007033, 0.192722, 5.102215), (-0.081793, 0.114417, 0.037544, 0.989348)
71.40628, (-0.976362, 0.201587, 5.083839), (-0.084212, 0.112236, 0.038491, 0.989358)
71.42016, (-0.953648, 0.211439, 5.067536), (-0.092194, 0.109621, 0.040327, 0.988867)
71.43405, (-0.948065, 0.209575, 5.065288), (-0.098091, 0.105865, 0.037209, 0.988831)
71.44801, (-0.927745, 0.223113, 5.070587), (-0.109188, 0.097125, 0.041992, 0.988373)
71.46238, (-0.898919, 0.242477, 5.051203), (-0.113299, 0.094257, 0.041839, 0.988195)
71.47581, (-0.890556, 0.269524, 5.042238), (-0.117720, 0.095568, 0.040527, 0.987606)
71.48966, (-0.877305, 0.277034, 5.032202), (-0.124167, 0.099297, 0.037802, 0.986557)
71.50356, (-0.862367, 0.298851, 5.014261), (-0.125686, 0.101338, 0.037693, 0.986161)
71.5178, (-0.834963, 0.313113, 4.999106), (-0.125533, 0.101459, 0.040007, 0.986077)
71.5319, (-0.810580, 0.327562, 4.983389), (-0.123675, 0.099630, 0.042816, 0.986380)
71.54549, (-0.784475, 0.348170, 4.970752), (-0.120752, 0.095809, 0.045612, 0.986995)
71.55938, (-0.763049, 0.358144, 4.960057), (-0.119478, 0.091096, 0.049782, 0.987395)
71.5732, (-0.742215, 0.365334, 4.947530), (-0.124159, 0.087454, 0.053765, 0.986938)
71.58717, (-0.718216, 0.375707, 4.937448), (-0.129875, 0.087914, 0.053879, 0.986155)
71.60114, (-0.700785, 0.388814, 4.918576), (-0.133329, 0.089094, 0.054455, 0.985556)
71.61509, (-0.676026, 0.403562, 4.902010), (-0.136226, 0.092674, 0.053267, 0.984894)
71.62907, (-0.650262, 0.411626, 4.885625), (-0.138541, 0.092618, 0.054775, 0.984494)
71.64299, (-0.640774, 0.423995, 4.863098), (-0.133067, 0.095078, 0.058623, 0.984793)
71.65705, (-0.611760, 0.425649, 4.842991), (-0.131515, 0.092177, 0.059271, 0.985238)
71.67085, (-0.584956, 0.430964, 4.824155), (-0.131836, 0.090227, 0.059433, 0.985366)
71.68475, (-0.567217, 0.444102, 4.804756), (-0.129677, 0.088784, 0.064556, 0.985461)
71.69879, (-0.547186, 0.453230, 4.783252), (-0.126373, 0.085423, 0.067560, 0.985986)
71.71263, (-0.530076, 0.459485, 4.763766), (-0.123803, 0.081981, 0.070070, 0.986429)
71.72655, (-0.508402, 0.457966, 4.749243), (-0.123247, 0.080873, 0.070510, 0.986559)
71.74049, (-0.492171, 0.454133, 4.734303), (-0.123553, 0.081528, 0.072215, 0.986343)
71.75434, (-0.473066, 0.455471, 4.722195), (-0.127885, 0.083503, 0.071863, 0.985651)
71.76852, (-0.459703, 0.464420, 4.709220), (-0.130294, 0.086313, 0.071385, 0.985128)
71.78231, (-0.443872, 0.470177, 4.698067), (-0.133420, 0.087928, 0.071275, 0.984575)
71.79615, (-0.426600, 0.474401, 4.685584), (-0.133905, 0.085050, 0.072286, 0.984688)
71.81004, (-0.408497, 0.475490, 4.674767), (-0.132820, 0.078837, 0.071268, 0.985426)
71.82389, (-0.388181, 0.476166, 4.669722), (-0.133386, 0.075169, 0.066587, 0.985964)
71.83768, (-0.369891, 0.479649, 4.660269), (-0.133784, 0.073378, 0.065949, 0.986087)
71.85165, (-0.353683, 0.482878, 4.650876), (-0.133896, 0.071855, 0.064568, 0.986276)
71.866, (-0.328382, 0.479224, 4.658837), (-0.141327, 0.074555, 0.063036, 0.985137)
71.87997, (-0.309296, 0.483214, 4.649920), (-0.143021, 0.073548, 0.062198, 0.985021)
71.89378, (-0.288507, 0.491999, 4.643178), (-0.143676, 0.071235, 0.062656, 0.985067)
71.90836, (-0.270644, 0.496156, 4.634483), (-0.144186, 0.069005, 0.061800, 0.985205)
71.92153, (-0.251858, 0.499384, 4.627147), (-0.145478, 0.067649, 0.061210, 0.985146)
71.93538, (-0.232626, 0.503643, 4.619204), (-0.144962, 0.064545, 0.060170, 0.985495)
71.94961, (-0.218221, 0.505295, 4.608267), (-0.141784, 0.058934, 0.055971, 0.986555)
71.96296, (-0.199905, 0.508459, 4.600519), (-0.142421, 0.056957, 0.054947, 0.986637)
71.97704, (-0.152454, 0.515081, 4.612600), (-0.142524, 0.062287, 0.056111, 0.986235)
71.9907, (-0.131650, 0.519179, 4.604567), (-0.141698, 0.059571, 0.057090, 0.986465)
72.00457, (-0.112985, 0.524101, 4.596568), (-0.138746, 0.058536, 0.058059, 0.986890)
72.01849, (-0.092738, 0.523976, 4.589691), (-0.136844, 0.058015, 0.057913, 0.987195)
72.03269, (-0.075787, 0.527304, 4.582485), (-0.130680, 0.057801, 0.057415, 0.988072)
72.04639, (-0.057323, 0.531744, 4.574699), (-0.127410, 0.056900, 0.056735, 0.988590)
72.06038, (-0.035670, 0.530163, 4.572405), (-0.125799, 0.055272, 0.055461, 0.988961)
72.07418, (-0.012433, 0.525554, 4.572248), (-0.128467, 0.054563, 0.055486, 0.988656)
72.08803, (0.004497, 0.527518, 4.568555), (-0.130986, 0.054053, 0.056661, 0.988287)
72.1021, (0.019546, 0.527941, 4.565036), (-0.132723, 0.053899, 0.057026, 0.988042)
72.11568, (0.032856, 0.533340, 4.559292), (-0.132005, 0.052311, 0.057198, 0.988214)
72.1296, (0.047432, 0.534099, 4.553972), (-0.131992, 0.049827, 0.056517, 0.988383)
72.14376, (0.060989, 0.532649, 4.547948), (-0.131779, 0.046467, 0.055634, 0.988625)
72.15803, (0.069412, 0.534121, 4.541621), (-0.131768, 0.043899, 0.054699, 0.988796)
72.17152, (0.080194, 0.532032, 4.536024), (-0.133271, 0.042345, 0.053383, 0.988735)
72.18764, (0.087140, 0.532297, 4.530356), (-0.133373, 0.043320, 0.051042, 0.988802)
72.20099, (0.096060, 0.530880, 4.525282), (-0.134181, 0.044703, 0.049498, 0.988710)
72.21446, (0.104455, 0.526993, 4.521207), (-0.134816, 0.046603, 0.048011, 0.988609)
72.2281, (0.114396, 0.525258, 4.517054), (-0.135817, 0.047123, 0.047361, 0.988479)
72.24182, (0.124131, 0.523695, 4.512994), (-0.136052, 0.046933, 0.046921, 0.988477)
72.25565, (0.130774, 0.528079, 4.508795), (-0.133441, 0.045541, 0.046463, 0.988919)
72.26925, (0.139469, 0.529265, 4.506975), (-0.131156, 0.043765, 0.046300, 0.989313)
72.283, (0.148353, 0.527427, 4.505219), (-0.129590, 0.041970, 0.045243, 0.989645)
72.29684, (0.156087, 0.526027, 4.505571), (-0.128833, 0.040815, 0.044768, 0.989814)
72.3106, (0.166303, 0.525022, 4.508094), (-0.130416, 0.041006, 0.043966, 0.989635)
72.32442, (0.173721, 0.523979, 4.510753), (-0.130936, 0.042960, 0.044303, 0.989468)
72.33851, (0.181002, 0.522443, 4.514141), (-0.131273, 0.044530, 0.045447, 0.989302)
72.35224, (0.189536, 0.523747, 4.515960), (-0.130012, 0.043816, 0.045114, 0.989516)
72.36598, (0.200607, 0.521336, 4.520202), (-0.129218, 0.041337, 0.044361, 0.989761)
72.37994, (0.206867, 0.520409, 4.523276), (-0.129381, 0.039033, 0.044755, 0.989815)
72.39355, (0.213355, 0.519115, 4.526609), (-0.130133, 0.036940, 0.044213, 0.989821)
72.40735, (0.217489, 0.521252, 4.528891), (-0.129687, 0.035510, 0.042994, 0.989986)
72.4213, (0.224139, 0.520922, 4.532339), (-0.128879, 0.034607, 0.041673, 0.990180)
72.43612, (0.230249, 0.518014, 4.535548), (-0.128194, 0.034444, 0.039855, 0.990349)
72.44975, (0.234980, 0.517371, 4.538812), (-0.127726, 0.034322, 0.038900, 0.990452)
72.46372, (0.242400, 0.514337, 4.542143), (-0.130059, 0.034395, 0.037061, 0.990216)
72.47758, (0.249096, 0.514604, 4.545756), (-0.133039, 0.035468, 0.035910, 0.989825)
72.49139, (0.255629, 0.514162, 4.547523), (-0.135306, 0.035887, 0.035872, 0.989504)
72.50542, (0.262069, 0.510286, 4.546869), (-0.137361, 0.035322, 0.035843, 0.989242)
72.51912, (0.266582, 0.513215, 4.543509), (-0.135139, 0.033229, 0.035865, 0.989620)
72.53313, (0.271585, 0.512792, 4.540823), (-0.132107, 0.030862, 0.035763, 0.990109)
72.54698, (0.275811, 0.512766, 4.538343), (-0.130991, 0.029331, 0.035501, 0.990314)
72.56105, (0.280008, 0.511135, 4.535302), (-0.130671, 0.030425, 0.034496, 0.990358)
72.57469, (0.282159, 0.512064, 4.531873), (-0.129774, 0.033386, 0.034399, 0.990384)
72.58869, (0.286660, 0.514139, 4.529787), (-0.128209, 0.036450, 0.034779, 0.990467)
72.60304, (0.293893, 0.514369, 4.529185), (-0.126992, 0.039082, 0.036063, 0.990477)
72.61622, (0.297900, 0.512567, 4.529231), (-0.126366, 0.041317, 0.038075, 0.990391)
72.63061, (0.300773, 0.511845, 4.527828), (-0.125447, 0.041235, 0.040767, 0.990404)
72.64438, (0.303105, 0.514571, 4.526080), (-0.123363, 0.039383, 0.041496, 0.990711)
72.65808, (0.307080, 0.513579, 4.526263), (-0.123611, 0.037239, 0.040884, 0.990789)
72.67199, (0.308949, 0.511912, 4.527467), (-0.124953, 0.036162, 0.040728, 0.990667)
72.68606, (0.311275, 0.511346, 4.530037), (-0.125341, 0.036254, 0.041237, 0.990593)
72.70052, (0.309850, 0.508484, 4.532457), (-0.126143, 0.037262, 0.041188, 0.990456)
72.71377, (0.314742, 0.509623, 4.529920), (-0.126507, 0.037261, 0.040498, 0.990438)
72.72765, (0.314755, 0.508676, 4.530993), (-0.126441, 0.037284, 0.040236, 0.990456)
72.74163, (0.312620, 0.508462, 4.531821), (-0.126228, 0.037306, 0.039090, 0.990529)
72.75571, (0.309753, 0.508286, 4.533326), (-0.126561, 0.037661, 0.037790, 0.990523)
72.7691, (0.308785, 0.507686, 4.535204), (-0.126274, 0.038397, 0.038068, 0.990521)
72.783, (0.308144, 0.506858, 4.537314), (-0.125603, 0.038587, 0.038964, 0.990564)
72.79632, (0.308319, 0.506694, 4.539753), (-0.124032, 0.037404, 0.039206, 0.990798)
72.81053, (0.307336, 0.506504, 4.541928), (-0.122969, 0.036017, 0.039919, 0.990953)
72.82449, (0.305387, 0.506064, 4.543676), (-0.121941, 0.033995, 0.040004, 0.991148)
72.83838, (0.302010, 0.505856, 4.544834), (-0.121455, 0.032509, 0.038680, 0.991310)
72.85266, (0.300040, 0.506097, 4.546624), (-0.120349, 0.032167, 0.037187, 0.991513)
72.86614, (0.297600, 0.506189, 4.549037), (-0.119261, 0.032387, 0.036902, 0.991648)
72.88009, (0.294629, 0.505101, 4.552186), (-0.119543, 0.032658, 0.036954, 0.991603)
72.89462, (0.289739, 0.501540, 4.558191), (-0.120663, 0.032171, 0.036936, 0.991484)
72.90852, (0.282714, 0.501493, 4.559443), (-0.121067, 0.031161, 0.037431, 0.991449)
72.92232, (0.276835, 0.503852, 4.559999), (-0.120672, 0.029640, 0.036777, 0.991568)
72.9357, (0.273704, 0.505550, 4.560833), (-0.119718, 0.028263, 0.035930, 0.991755)
72.94989, (0.269785, 0.505883, 4.563060), (-0.119062, 0.027758, 0.035534, 0.991862)
72.96291, (0.266593, 0.504202, 4.566177), (-0.118625, 0.027576, 0.035766, 0.991912)
72.97735, (0.264138, 0.504239, 4.569022), (-0.118373, 0.027464, 0.035859, 0.991941)
72.9913, (0.265497, 0.502495, 4.575161), (-0.119673, 0.028187, 0.034841, 0.991801)
73.0051, (0.265787, 0.500070, 4.579653), (-0.121777, 0.029668, 0.034674, 0.991508)
73.01912, (0.264658, 0.497519, 4.581831), (-0.123915, 0.030404, 0.035823, 0.991180)
73.03344, (0.261518, 0.498905, 4.579409), (-0.123412, 0.030031, 0.036531, 0.991228)
73.04675, (0.258856, 0.500912, 4.577970), (-0.121895, 0.029827, 0.036071, 0.991439)
73.06074, (0.258055, 0.500972, 4.578468), (-0.117588, 0.028647, 0.035680, 0.992008)
73.07454, (0.256498, 0.498276, 4.582864), (-0.116743, 0.027466, 0.035800, 0.992137)
73.08812, (0.257018, 0.495471, 4.584037), (-0.118957, 0.028233, 0.036167, 0.991839)
73.10197, (0.258042, 0.492470, 4.585913), (-0.121055, 0.030027, 0.037450, 0.991485)
73.11594, (0.257718, 0.490390, 4.587493), (-0.121772, 0.031339, 0.038447, 0.991318)
73.12997, (0.258020, 0.487679, 4.587252), (-0.119579, 0.032299, 0.039406, 0.991516)
73.14379, (0.256152, 0.487089, 4.585855), (-0.115389, 0.032204, 0.039342, 0.992018)
73.15773, (0.252840, 0.488048, 4.582845), (-0.110837, 0.031552, 0.038650, 0.992586)
73.17156, (0.250914, 0.486475, 4.583013), (-0.111096, 0.031526, 0.039097, 0.992540)
73.18564, (0.249517, 0.483900, 4.584686), (-0.112191, 0.030848, 0.040355, 0.992388)
73.20007, (0.248074, 0.479279, 4.588119), (-0.114976, 0.029741, 0.040055, 0.992115)
73.21333, (0.244837, 0.474722, 4.590420), (-0.116814, 0.028731, 0.038257, 0.992001)
73.22778, (0.240720, 0.478220, 4.590906), (-0.115955, 0.028822, 0.037110, 0.992142)
73.24117, (0.237196, 0.479610, 4.592114), (-0.115296, 0.029670, 0.036228, 0.992227)
73.25484, (0.231917, 0.480142, 4.592719), (-0.115449, 0.030586, 0.036339, 0.992177)
73.26879, (0.229634, 0.479456, 4.592810), (-0.117143, 0.029930, 0.035606, 0.992025)
73.28274, (0.230492, 0.476438, 4.593604), (-0.120111, 0.029535, 0.034511, 0.991721)
73.29674, (0.227534, 0.479344, 4.593487), (-0.121771, 0.029865, 0.034664, 0.991503)
73.31052, (0.224236, 0.479525, 4.594096), (-0.121222, 0.031242, 0.034978, 0.991517)
73.32404, (0.223367, 0.483127, 4.593882), (-0.120168, 0.032011, 0.036215, 0.991576)
73.33794, (0.223484, 0.486776, 4.594123), (-0.119975, 0.032306, 0.039088, 0.991481)
73.35185, (0.222937, 0.488828, 4.594831), (-0.120629, 0.032149, 0.041369, 0.991314)
73.36734, (0.223936, 0.492365, 4.595396), (-0.119463, 0.028083, 0.045230, 0.991410)
73.38013, (0.224017, 0.496674, 4.594475), (-0.117374, 0.023694, 0.046031, 0.991738)
73.39398, (0.224795, 0.501738, 4.593652), (-0.115393, 0.020251, 0.046736, 0.992013)
73.40849, (0.228981, 0.514047, 4.595338), (-0.113483, 0.018984, 0.048868, 0.992156)
73.42221, (0.230396, 0.517355, 4.597800), (-0.112798, 0.018347, 0.050605, 0.992159)
73.43574, (0.234073, 0.514655, 4.606078), (-0.113934, 0.018593, 0.055331, 0.991772)
73.48386, (0.232437, 0.511919, 4.606843), (-0.115026, 0.018875, 0.057483, 0.991518)