42.25689, (1.035553, 2.353021, 5.013973), (-0.111098, 0.394512, 0.202453, 0.889399)
42.27087, (1.044928, 2.349387, 5.015335), (-0.109562, 0.394669, 0.201563, 0.889722)
42.2847, (1.055874, 2.349086, 5.012470), (-0.106578, 0.394810, 0.201088, 0.890129)
42.29853, (1.067336, 2.349194, 5.012007), (-0.103177, 0.395299, 0.200296, 0.890491)
42.31247, (1.079718, 2.354653, 5.011818), (-0.100421, 0.395328, 0.199862, 0.890891)
42.3267, (1.097045, 2.361498, 5.010995), (-0.099122, 0.393896, 0.198450, 0.891986)
42.34055, (1.114863, 2.367756, 5.008207), (-0.097999, 0.392745, 0.196902, 0.892960)
42.35457, (1.135912, 2.372867, 5.002613), (-0.097545, 0.391731, 0.194633, 0.893952)
42.36822, (1.158098, 2.379948, 4.997009), (-0.096164, 0.391563, 0.192759, 0.894581)
42.38214, (1.181315, 2.385260, 4.989882), (-0.095280, 0.391864, 0.190528, 0.895022)
42.39631, (1.205839, 2.390604, 4.981062), (-0.094161, 0.391958, 0.188448, 0.895539)
42.41007, (1.231140, 2.394977, 4.971772), (-0.092969, 0.392949, 0.185732, 0.895797)
42.42359, (1.259253, 2.400383, 4.961109), (-0.091494, 0.393002, 0.183128, 0.896461)
42.43732, (1.284969, 2.406949, 4.951701), (-0.090014, 0.393241, 0.180981, 0.896942)
42.45143, (1.311519, 2.414250, 4.942060), (-0.088505, 0.393193, 0.179117, 0.897487)
42.4654, (1.343208, 2.424085, 4.929262), (-0.087696, 0.392667, 0.177101, 0.898197)
42.47923, (1.376125, 2.430999, 4.916217), (-0.087743, 0.392429, 0.174688, 0.898769)
42.493, (1.408218, 2.437140, 4.901500), (-0.087151, 0.392139, 0.172252, 0.899423)
42.50688, (1.441301, 2.443825, 4.887057), (-0.085909, 0.392299, 0.168924, 0.900103)
42.52077, (1.477736, 2.448695, 4.872674), (-0.085364, 0.392484, 0.165572, 0.900697)
42.53471, (1.515450, 2.455305, 4.856168), (-0.084236, 0.392019, 0.161886, 0.901675)
42.54856, (1.551131, 2.462420, 4.839605), (-0.082540, 0.391890, 0.158765, 0.902443)
42.56257, (1.593383, 2.472955, 4.822111), (-0.081187, 0.391628, 0.156100, 0.903144)
42.57701, (1.634499, 2.481365, 4.803640), (-0.081171, 0.391442, 0.154000, 0.903587)
42.59058, (1.677248, 2.487887, 4.783875), (-0.081378, 0.391672, 0.150495, 0.904059)
42.60446, (1.719851, 2.496357, 4.764739), (-0.080742, 0.392433, 0.147357, 0.904303)
42.61835, (1.764127, 2.500384, 4.744617), (-0.081066, 0.393411, 0.143720, 0.904434)
42.63236, (1.809218, 2.508311, 4.722624), (-0.079657, 0.393878, 0.140077, 0.904928)
42.6461, (1.854249, 2.511662, 4.699832), (-0.078704, 0.394189, 0.136198, 0.905467)
42.65978, (1.898589, 2.518659, 4.678349), (-0.076841, 0.394523, 0.132163, 0.906080)
42.67397, (1.945025, 2.525214, 4.655753), (-0.075288, 0.394282, 0.128209, 0.906882)
42.68778, (1.990702, 2.530583, 4.633768), (-0.074630, 0.393954, 0.124306, 0.907623)
42.7014, (2.037874, 2.541503, 4.611627), (-0.073594, 0.393413, 0.119587, 0.908575)
42.71536, (2.087081, 2.546505, 4.587636), (-0.074593, 0.392945, 0.114433, 0.909360)
42.72935, (2.137859, 2.554368, 4.562248), (-0.074014, 0.392353, 0.109796, 0.910234)
42.74322, (2.185325, 2.561710, 4.538776), (-0.072808, 0.392262, 0.105286, 0.910903)
42.75713, (2.237119, 2.564973, 4.513475), (-0.072221, 0.390934, 0.100382, 0.912074)
42.77147, (2.282904, 2.570392, 4.492497), (-0.070952, 0.390918, 0.095821, 0.912671)
42.78506, (2.332268, 2.574625, 4.468873), (-0.069996, 0.389687, 0.090425, 0.913820)
42.79885, (2.381260, 2.578207, 4.444808), (-0.069393, 0.389047, 0.084193, 0.914734)
42.81274, (2.431236, 2.582037, 4.421901), (-0.069072, 0.388133, 0.077809, 0.915712)
42.82679, (2.480261, 2.583423, 4.400216), (-0.069099, 0.386853, 0.072103, 0.916718)
42.84044, (2.530611, 2.587110, 4.378067), (-0.068511, 0.385417, 0.065844, 0.917837)
42.8543, (2.579619, 2.588340, 4.357162), (-0.067958, 0.383796, 0.059986, 0.918958)
42.86818, (2.627855, 2.589978, 4.335785), (-0.067007, 0.382185, 0.054717, 0.920028)
42.88234, (2.674557, 2.590619, 4.317175), (-0.065422, 0.380916, 0.050109, 0.920930)
42.89608, (2.722194, 2.590880, 4.297755), (-0.064174, 0.379492, 0.044704, 0.921884)
42.90996, (2.769561, 2.591761, 4.278407), (-0.063112, 0.378051, 0.039742, 0.922776)
42.92388, (2.815454, 2.592419, 4.260482), (-0.062420, 0.377018, 0.035183, 0.923430)
42.9378, (2.863694, 2.591131, 4.241990), (-0.061894, 0.374526, 0.030252, 0.924654)
42.95195, (2.904003, 2.590724, 4.225697), (-0.060792, 0.372563, 0.026268, 0.925641)
42.96581, (2.951384, 2.590977, 4.208023), (-0.059911, 0.370719, 0.022058, 0.926548)
42.97953, (2.998941, 2.594148, 4.190722), (-0.058138, 0.369258, 0.017463, 0.927342)
42.99338, (3.045343, 2.591647, 4.170281), (-0.057164, 0.367759, 0.012919, 0.928073)
43.00729, (3.091893, 2.592876, 4.150014), (-0.055567, 0.366578, 0.007911, 0.928693)
43.02118, (3.137437, 2.594352, 4.132623), (-0.055143, 0.366107, 0.001961, 0.928936)
43.03518, (3.184997, 2.593560, 4.113893), (-0.055532, 0.365125, -0.003633, 0.929294)
43.04927, (3.230200, 2.591542, 4.094670), (-0.055330, 0.364590, -0.009319, 0.929476)
43.06288, (3.276321, 2.590261, 4.075644), (-0.054263, 0.363930, -0.014686, 0.929729)
43.07676, (3.320935, 2.585446, 4.055187), (-0.054011, 0.363668, -0.020152, 0.929743)
43.09075, (3.368309, 2.586408, 4.035143), (-0.052450, 0.363040, -0.025110, 0.929957)
43.10481, (3.412302, 2.588269, 4.015031), (-0.051480, 0.363338, -0.029560, 0.929764)
43.11864, (3.454124, 2.586977, 3.994354), (-0.052744, 0.363480, -0.035246, 0.929440)
43.13238, (3.493673, 2.586479, 3.974793), (-0.053339, 0.363680, -0.040318, 0.929121)
43.14623, (3.535028, 2.584739, 3.953502), (-0.053619, 0.363477, -0.044640, 0.928987)
43.16019, (3.578247, 2.585852, 3.930752), (-0.053549, 0.362274, -0.047874, 0.929300)
43.17437, (3.617829, 2.588116, 3.910078), (-0.053348, 0.362150, -0.051163, 0.929184)
43.18832, (3.656382, 2.589945, 3.884999), (-0.054176, 0.362015, -0.054406, 0.929005)
43.2025, (3.694581, 2.594593, 3.860401), (-0.055781, 0.361505, -0.058577, 0.928855)
43.21572, (3.727715, 2.597541, 3.840173), (-0.058720, 0.361449, -0.063490, 0.928373)
43.2299, (3.761464, 2.599889, 3.819522), (-0.061334, 0.360763, -0.068736, 0.928097)
43.24378, (3.794891, 2.601773, 3.798503), (-0.062866, 0.359646, -0.074623, 0.927973)
43.25758, (3.821997, 2.600923, 3.778934), (-0.063848, 0.359307, -0.079596, 0.927624)
43.27153, (3.854189, 2.601256, 3.757917), (-0.063960, 0.357085, -0.083740, 0.928109)
43.28554, (3.875394, 2.607696, 3.742132), (-0.061075, 0.354703, -0.085966, 0.929013)
43.29939, (3.902102, 2.612045, 3.724230), (-0.060332, 0.352217, -0.087599, 0.929855)
43.31327, (3.929623, 2.619798, 3.709119), (-0.060201, 0.349774, -0.089638, 0.930591)
43.32685, (3.954924, 2.634867, 3.694846), (-0.061633, 0.347134, -0.091308, 0.931323)
43.34109, (3.978640, 2.646294, 3.681345), (-0.064962, 0.344972, -0.092898, 0.931743)
43.35468, (4.003948, 2.656069, 3.667096), (-0.067945, 0.343296, -0.094720, 0.931965)
43.36852, (4.027653, 2.660153, 3.653227), (-0.071106, 0.342208, -0.095826, 0.932017)
43.38252, (4.054011, 2.668329, 3.638973), (-0.072786, 0.340954, -0.096577, 0.932269)
43.39638, (4.076831, 2.672839, 3.624339), (-0.074373, 0.340643, -0.097604, 0.932151)
43.41038, (4.101648, 2.677648, 3.608295), (-0.075280, 0.340181, -0.099416, 0.932055)
43.42443, (4.125386, 2.680520, 3.594191), (-0.076942, 0.340400, -0.101186, 0.931649)
43.43811, (4.148981, 2.683135, 3.579250), (-0.078426, 0.340752, -0.103788, 0.931110)
43.4523, (4.172729, 2.683345, 3.565596), (-0.080200, 0.341060, -0.106927, 0.930491)
43.466, (4.195165, 2.685626, 3.551582), (-0.081405, 0.341344, -0.109863, 0.929940)
43.47983, (4.218229, 2.685879, 3.536997), (-0.083092, 0.341435, -0.113464, 0.929325)
43.494, (4.238867, 2.687076, 3.523740), (-0.084666, 0.342348, -0.116387, 0.928485)
43.50753, (4.262279, 2.685120, 3.510979), (-0.086687, 0.343089, -0.119231, 0.927664)
43.52136, (4.283456, 2.686257, 3.501290), (-0.087522, 0.344292, -0.122220, 0.926750)
43.53525, (4.301795, 2.687776, 3.492978), (-0.087951, 0.345115, -0.124951, 0.926039)
43.54924, (4.323133, 2.688012, 3.484025), (-0.088588, 0.345099, -0.127424, 0.925647)
43.5631, (4.343013, 2.688013, 3.477209), (-0.089371, 0.345757, -0.129819, 0.924993)
43.57697, (4.361903, 2.688380, 3.469420), (-0.089935, 0.346553, -0.131736, 0.924369)
43.59093, (4.382888, 2.688955, 3.461239), (-0.089466, 0.346826, -0.132924, 0.924142)
43.6048, (4.400490, 2.687033, 3.454627), (-0.089908, 0.347606, -0.134717, 0.923546)
43.61869, (4.414217, 2.686727, 3.449265), (-0.088759, 0.347952, -0.135541, 0.923407)
43.6326, (4.430692, 2.687349, 3.444877), (-0.088234, 0.348327, -0.137248, 0.923064)
43.64645, (4.445611, 2.686527, 3.439454), (-0.088431, 0.348655, -0.138491, 0.922735)
43.66034, (4.460656, 2.686167, 3.434144), (-0.088238, 0.348925, -0.140098, 0.922409)
43.67427, (4.474787, 2.685457, 3.429251), (-0.087812, 0.349304, -0.141223, 0.922134)
43.68817, (4.487562, 2.683760, 3.424920), (-0.087480, 0.349952, -0.141721, 0.921844)
43.70213, (4.498554, 2.681220, 3.420151), (-0.087087, 0.350697, -0.142168, 0.921529)
43.71605, (4.508618, 2.680980, 3.415770), (-0.086250, 0.351322, -0.143090, 0.921227)
43.72999, (4.517241, 2.681215, 3.412065), (-0.086050, 0.351724, -0.143874, 0.920970)
43.74386, (4.526259, 2.680446, 3.408145), (-0.086460, 0.352186, -0.144658, 0.920632)
43.75776, (4.535110, 2.679763, 3.404106), (-0.086461, 0.353037, -0.145169, 0.920226)
43.77191, (4.543533, 2.678591, 3.399387), (-0.086578, 0.353832, -0.145659, 0.919832)
43.78575, (4.550364, 2.678806, 3.394917), (-0.086877, 0.354742, -0.145965, 0.919405)
43.79966, (4.555573, 2.680418, 3.391519), (-0.087145, 0.355614, -0.146327, 0.918985)
43.81358, (4.560264, 2.682159, 3.388131), (-0.088218, 0.356362, -0.146682, 0.918536)
43.8272, (4.565111, 2.684448, 3.384434), (-0.089223, 0.356780, -0.147515, 0.918143)
43.84109, (4.569265, 2.685320, 3.379415), (-0.090377, 0.356802, -0.147850, 0.917968)
43.85498, (4.572890, 2.684323, 3.376491), (-0.091393, 0.356990, -0.147636, 0.917829)
43.8688, (4.574141, 2.684684, 3.374159), (-0.091935, 0.357255, -0.147253, 0.917733)
43.88273, (4.575192, 2.685764, 3.370824), (-0.092341, 0.357216, -0.147453, 0.917675)
43.89667, (4.575441, 2.688233, 3.368433), (-0.093209, 0.356939, -0.147736, 0.917649)
43.91055, (4.577079, 2.689730, 3.364842), (-0.093877, 0.356716, -0.148028, 0.917621)
43.9244, (4.580727, 2.693125, 3.361265), (-0.094165, 0.356136, -0.148202, 0.917789)
43.93829, (4.582057, 2.695410, 3.358961), (-0.094824, 0.355405, -0.147864, 0.918059)
43.95238, (4.581733, 2.696507, 3.356433), (-0.095319, 0.354532, -0.147465, 0.918409)
43.96619, (4.579622, 2.699144, 3.352976), (-0.095394, 0.353646, -0.147721, 0.918702)
43.98021, (4.580419, 2.701589, 3.349888), (-0.095492, 0.352960, -0.148569, 0.918819)
43.99394, (4.580090, 2.703459, 3.347681), (-0.096289, 0.353123, -0.149006, 0.918602)
44.00776, (4.579622, 2.704984, 3.345211), (-0.097053, 0.353519, -0.148885, 0.918389)
44.02198, (4.579549, 2.707130, 3.342731), (-0.097573, 0.353968, -0.148732, 0.918186)
44.03574, (4.577641, 2.708853, 3.341540), (-0.098396, 0.355000, -0.147957, 0.917825)
44.0495, (4.576552, 2.709602, 3.340930), (-0.099847, 0.355728, -0.147575, 0.917448)
44.06345, (4.574289, 2.710893, 3.341292), (-0.100928, 0.356698, -0.147051, 0.917037)
44.07747, (4.575172, 2.713476, 3.338105), (-0.101553, 0.357367, -0.146423, 0.916808)
44.09163, (4.572290, 2.714369, 3.338264), (-0.101658, 0.358359, -0.145923, 0.916489)
44.10543, (4.569264, 2.714773, 3.338705), (-0.102069, 0.359121, -0.145418, 0.916225)
44.11938, (4.565316, 2.714380, 3.339896), (-0.102115, 0.359490, -0.144966, 0.916146)
44.13314, (4.552240, 2.712431, 3.347213), (-0.101489, 0.359568, -0.144742, 0.916221)
44.14674, (4.545754, 2.713492, 3.351133), (-0.101417, 0.359372, -0.144134, 0.916402)
44.1606, (4.537873, 2.713401, 3.355250), (-0.101756, 0.359208, -0.143511, 0.916526)
44.1745, (4.528804, 2.714677, 3.359690), (-0.101243, 0.358860, -0.142458, 0.916883)
44.18843, (4.517942, 2.715561, 3.365872), (-0.101153, 0.358476, -0.141232, 0.917233)
44.20236, (4.504809, 2.717192, 3.371535), (-0.100705, 0.357843, -0.140280, 0.917676)
44.21629, (4.489404, 2.719071, 3.380589), (-0.100527, 0.357365, -0.138864, 0.918097)
44.23015, (4.469415, 2.720535, 3.388320), (-0.098919, 0.356248, -0.137255, 0.918947)
44.24404, (4.446346, 2.719716, 3.398580), (-0.098058, 0.355238, -0.135277, 0.919723)
44.25799, (4.426510, 2.718918, 3.410468), (-0.097419, 0.354548, -0.133255, 0.920352)
44.27188, (4.403958, 2.719318, 3.424129), (-0.097485, 0.353970, -0.131373, 0.920838)
44.28573, (4.378253, 2.720244, 3.439146), (-0.098260, 0.353386, -0.129560, 0.921237)
44.29996, (4.349311, 2.720209, 3.452841), (-0.098184, 0.352456, -0.127565, 0.921879)
44.31355, (4.320446, 2.719816, 3.467454), (-0.097735, 0.351596, -0.125002, 0.922607)
44.32737, (4.283060, 2.719791, 3.485321), (-0.096104, 0.349994, -0.120805, 0.923945)
44.3413, (4.246066, 2.720097, 3.504251), (-0.094857, 0.348224, -0.117580, 0.925158)
44.35518, (4.205800, 2.718669, 3.522034), (-0.093916, 0.346190, -0.114608, 0.926390)
44.369, (4.161946, 2.715886, 3.541885), (-0.092427, 0.344514, -0.111554, 0.927536)
44.3829, (4.118871, 2.713997, 3.562832), (-0.091012, 0.342714, -0.108451, 0.928710)
44.39678, (4.071180, 2.710540, 3.583711), (-0.089731, 0.340994, -0.104815, 0.929885)
44.41106, (4.019627, 2.712362, 3.606186), (-0.088585, 0.339345, -0.102078, 0.930902)
44.42513, (3.970050, 2.714305, 3.628429), (-0.087822, 0.337308, -0.097862, 0.932166)
44.43896, (3.919148, 2.715482, 3.650064), (-0.087732, 0.336008, -0.094175, 0.933024)
44.45263, (3.864465, 2.714633, 3.672188), (-0.088767, 0.335463, -0.090088, 0.933525)
44.46644, (3.810595, 2.713801, 3.694983), (-0.089171, 0.335153, -0.086261, 0.933960)
44.48025, (3.749185, 2.711595, 3.718472), (-0.088941, 0.335591, -0.081464, 0.934255)
44.49418, (3.691725, 2.706276, 3.740687), (-0.088094, 0.334625, -0.076650, 0.935088)
44.50801, (3.627882, 2.697865, 3.770259), (-0.089071, 0.335323, -0.071298, 0.935169)
44.52199, (3.563990, 2.702066, 3.795831), (-0.089131, 0.334801, -0.066930, 0.935673)
44.53586, (3.500230, 2.700590, 3.821326), (-0.089757, 0.333787, -0.063579, 0.936209)
44.54942, (3.431085, 2.693341, 3.850849), (-0.090552, 0.334172, -0.059401, 0.936270)
44.56327, (3.365027, 2.688681, 3.879745), (-0.090724, 0.334030, -0.054982, 0.936574)
44.57735, (3.297017, 2.679724, 3.903468), (-0.091137, 0.332610, -0.050957, 0.937266)
44.59105, (3.224324, 2.669215, 3.931437), (-0.089994, 0.331280, -0.046410, 0.938084)
44.60524, (3.149259, 2.655901, 3.963275), (-0.087605, 0.330436, -0.041125, 0.938854)
44.61903, (3.079938, 2.643981, 3.994084), (-0.086613, 0.329831, -0.036264, 0.939359)
44.63284, (3.008178, 2.632102, 4.031491), (-0.084387, 0.330522, -0.031305, 0.939497)
44.64663, (2.933935, 2.620050, 4.066096), (-0.083658, 0.331091, -0.027067, 0.939493)
44.66053, (2.862887, 2.606806, 4.098415), (-0.082344, 0.330246, -0.021864, 0.940042)
44.67445, (2.785576, 2.594362, 4.132216), (-0.079786, 0.330238, -0.017468, 0.940357)
44.6887, (2.712687, 2.576863, 4.166348), (-0.076030, 0.329228, -0.011716, 0.941112)
44.70256, (2.637523, 2.562339, 4.199599), (-0.071874, 0.329065, -0.006304, 0.941547)
44.71637, (2.570338, 2.548734, 4.235082), (-0.067155, 0.329976, -0.000561, 0.941597)
44.73077, (2.499980, 2.534857, 4.267760), (-0.063525, 0.330082, 0.005396, 0.941797)
44.74441, (2.430633, 2.521847, 4.304062), (-0.060846, 0.330972, 0.011155, 0.941611)
44.75804, (2.366875, 2.513858, 4.330850), (-0.058702, 0.331121, 0.016526, 0.941616)
44.7718, (2.304067, 2.505909, 4.359476), (-0.055857, 0.330722, 0.022370, 0.941808)
44.78576, (2.243026, 2.499267, 4.391709), (-0.053585, 0.332052, 0.028382, 0.941310)
44.79956, (2.184961, 2.489462, 4.413593), (-0.053654, 0.332562, 0.032940, 0.940978)
44.81338, (2.128434, 2.481571, 4.442375), (-0.054059, 0.334817, 0.037141, 0.939998)
44.82734, (2.077150, 2.477877, 4.467933), (-0.054135, 0.337055, 0.040937, 0.939036)
44.84093, (2.024067, 2.467104, 4.488731), (-0.054893, 0.339181, 0.044792, 0.938049)
44.85511, (1.971366, 2.458875, 4.510967), (-0.053688, 0.341331, 0.048342, 0.937163)
44.86892, (1.923956, 2.445829, 4.537038), (-0.054051, 0.344313, 0.052069, 0.935850)
44.88264, (1.881158, 2.439299, 4.560473), (-0.054708, 0.347054, 0.054370, 0.934668)
44.89656, (1.834407, 2.430923, 4.582080), (-0.055717, 0.350610, 0.055214, 0.933231)
44.91051, (1.792217, 2.421062, 4.602390), (-0.056162, 0.353479, 0.056384, 0.932051)
44.92441, (1.749519, 2.411650, 4.622617), (-0.056128, 0.357237, 0.058146, 0.930511)
44.93832, (1.708374, 2.403917, 4.640542), (-0.055118, 0.361194, 0.060054, 0.928921)
44.95236, (1.668244, 2.397431, 4.660235), (-0.054153, 0.363643, 0.062756, 0.927843)
44.96638, (1.631322, 2.392396, 4.679746), (-0.053058, 0.365647, 0.066345, 0.926869)
44.98013, (1.593173, 2.385319, 4.698602), (-0.053785, 0.367434, 0.069516, 0.925887)
44.99388, (1.556622, 2.379333, 4.715102), (-0.054252, 0.369036, 0.071553, 0.925067)
45.00793, (1.519899, 2.371399, 4.731012), (-0.054676, 0.370529, 0.074901, 0.924180)
45.02183, (1.484921, 2.365460, 4.746885), (-0.054342, 0.372349, 0.077321, 0.923269)
45.03562, (1.448602, 2.355113, 4.758425), (-0.054417, 0.373564, 0.079622, 0.922577)
45.04974, (1.416075, 2.351630, 4.771981), (-0.052423, 0.374004, 0.082219, 0.922287)
45.06357, (1.382091, 2.344550, 4.785969), (-0.052624, 0.375281, 0.084071, 0.921589)
45.07745, (1.351140, 2.336247, 4.796234), (-0.053601, 0.375898, 0.085961, 0.921107)
45.09124, (1.317940, 2.330025, 4.808201), (-0.054039, 0.377007, 0.087518, 0.920481)
45.10512, (1.286764, 2.322553, 4.817691), (-0.054788, 0.378227, 0.090189, 0.919678)
45.11899, (1.257621, 2.314910, 4.825675), (-0.055249, 0.379718, 0.092926, 0.918764)
45.13294, (1.230123, 2.310591, 4.834476), (-0.055135, 0.381651, 0.095698, 0.917685)
45.14687, (1.205604, 2.303659, 4.841137), (-0.057137, 0.383415, 0.098132, 0.916569)
45.16078, (1.179171, 2.297908, 4.850219), (-0.058730, 0.384775, 0.100882, 0.915599)
45.17465, (1.152769, 2.291845, 4.859301), (-0.059898, 0.386177, 0.102482, 0.914755)
45.18854, (1.129667, 2.283189, 4.865361), (-0.060993, 0.387230, 0.104899, 0.913963)
45.20242, (1.108707, 2.277122, 4.870555), (-0.060728, 0.388041, 0.108130, 0.913260)
45.21677, (1.086291, 2.269926, 4.876777), (-0.061281, 0.389056, 0.111619, 0.912371)
45.23026, (1.066110, 2.264332, 4.882525), (-0.062498, 0.389577, 0.113789, 0.911798)
45.24459, (1.042977, 2.257241, 4.889883), (-0.063722, 0.390350, 0.115909, 0.911116)
45.25805, (1.025705, 2.251590, 4.895368), (-0.064660, 0.389880, 0.117394, 0.911060)
45.27211, (1.008997, 2.246195, 4.901464), (-0.064925, 0.390472, 0.118123, 0.910694)
45.28585, (0.994737, 2.239490, 4.906413), (-0.065604, 0.390733, 0.119202, 0.910393)
45.30016, (0.981844, 2.232094, 4.909712), (-0.065922, 0.390914, 0.120346, 0.910141)
45.31413, (0.968337, 2.226555, 4.913709), (-0.065652, 0.391120, 0.121716, 0.909890)
45.32803, (0.955954, 2.221770, 4.917160), (-0.065165, 0.391465, 0.123134, 0.909586)
45.34171, (0.943206, 2.216977, 4.922043), (-0.065008, 0.392117, 0.124827, 0.909086)
45.35591, (0.935026, 2.214376, 4.926595), (-0.065122, 0.392178, 0.126014, 0.908887)
45.36962, (0.926287, 2.212139, 4.931618), (-0.065310, 0.392059, 0.126687, 0.908832)
45.38343, (0.918580, 2.209312, 4.937105), (-0.065436, 0.391898, 0.127448, 0.908786)
45.39724, (0.913475, 2.206473, 4.939785), (-0.065004, 0.391771, 0.128823, 0.908677)
45.41144, (0.909393, 2.204978, 4.941094), (-0.064355, 0.391837, 0.129384, 0.908615)
45.4248, (0.904105, 2.205660, 4.943312), (-0.063225, 0.392573, 0.129747, 0.908325)
45.4392, (0.901410, 2.207017, 4.945960), (-0.062820, 0.392820, 0.129629, 0.908263)
45.45245, (0.899028, 2.207243, 4.949079), (-0.062891, 0.392996, 0.130088, 0.908117)
45.46667, (0.898736, 2.207023, 4.949897), (-0.063410, 0.392962, 0.130356, 0.908057)
45.48023, (0.898518, 2.207905, 4.950579), (-0.063065, 0.393111, 0.130526, 0.907992)
45.49418, (0.898975, 2.209899, 4.950931), (-0.062710, 0.393513, 0.130877, 0.907792)
45.50805, (0.901959, 2.212235, 4.951488), (-0.062950, 0.394295, 0.130483, 0.907493)
45.52234, (0.905395, 2.216514, 4.951882), (-0.062996, 0.395173, 0.130458, 0.907111)
45.53626, (0.901968, 2.214901, 4.953829), (-0.063633, 0.395671, 0.130270, 0.906877)
45.54994, (0.908595, 2.219568, 4.952283), (-0.063558, 0.396043, 0.130193, 0.906731)
45.56396, (0.927536, 2.232319, 4.944916), (-0.063619, 0.396980, 0.130426, 0.906283)
45.57802, (0.937633, 2.240057, 4.942753), (-0.064054, 0.398250, 0.130430, 0.905694)
45.59141, (0.950079, 2.248778, 4.940514), (-0.065560, 0.399588, 0.129944, 0.905067)
45.6054, (0.963211, 2.258184, 4.935177), (-0.065932, 0.401204, 0.128417, 0.904543)
45.61925, (0.981098, 2.265326, 4.929317), (-0.066771, 0.402209, 0.126644, 0.904285)
45.63356, (0.999808, 2.271284, 4.923925), (-0.066920, 0.403726, 0.124598, 0.903882)
45.64695, (1.016734, 2.275834, 4.918090), (-0.066598, 0.405766, 0.122834, 0.903234)
45.66096, (1.036185, 2.280434, 4.911441), (-0.065941, 0.407712, 0.120731, 0.902689)
45.67481, (1.057373, 2.287123, 4.904352), (-0.065155, 0.409877, 0.118580, 0.902050)
45.68948, (1.078919, 2.295071, 4.896751), (-0.064660, 0.411699, 0.116901, 0.901475)
45.7028, (1.100679, 2.302595, 4.890841), (-0.064404, 0.413331, 0.115285, 0.900954)
45.71703, (1.123810, 2.310559, 4.883522), (-0.064001, 0.414247, 0.114390, 0.900676)
45.73046, (1.147745, 2.318307, 4.874922), (-0.063809, 0.415410, 0.113303, 0.900292)
45.74468, (1.174241, 2.325748, 4.864650), (-0.063646, 0.416112, 0.112621, 0.900065)
45.75818, (1.200843, 2.332693, 4.853706), (-0.063596, 0.416740, 0.111768, 0.899884)
45.7721, (1.227451, 2.341646, 4.841292), (-0.062873, 0.417140, 0.110616, 0.899892)
45.786, (1.255422, 2.348112, 4.828263), (-0.062984, 0.417318, 0.109168, 0.899978)
45.80024, (1.283089, 2.352450, 4.814872), (-0.063511, 0.417765, 0.107917, 0.899885)
45.8138, (1.311318, 2.355874, 4.797621), (-0.063457, 0.418089, 0.106876, 0.899863)
45.82776, (1.340835, 2.362370, 4.779858), (-0.062419, 0.418204, 0.105980, 0.899988)
45.84164, (1.372516, 2.372384, 4.762016), (-0.061272, 0.418086, 0.104922, 0.900245)
45.85593, (1.404449, 2.382233, 4.745790), (-0.061211, 0.418050, 0.103667, 0.900412)
45.86941, (1.442405, 2.394634, 4.724932), (-0.062964, 0.417521, 0.101387, 0.900796)
45.88335, (1.475844, 2.405064, 4.706049), (-0.063908, 0.417697, 0.099870, 0.900817)
45.89719, (1.516722, 2.413050, 4.681784), (-0.065188, 0.417432, 0.097474, 0.901111)
45.91158, (1.555637, 2.423388, 4.660332), (-0.064927, 0.417928, 0.094915, 0.901172)
45.92508, (1.597392, 2.432284, 4.636223), (-0.065467, 0.418022, 0.092015, 0.901391)
45.93906, (1.639916, 2.441750, 4.612332), (-0.065817, 0.418188, 0.089368, 0.901555)
45.953, (1.685317, 2.451241, 4.587247), (-0.066086, 0.417906, 0.087085, 0.901889)
45.96722, (1.733176, 2.460973, 4.562364), (-0.067034, 0.417503, 0.084906, 0.902213)
45.9806, (1.780946, 2.470239, 4.537681), (-0.068619, 0.416837, 0.082265, 0.902647)
45.99454, (1.829701, 2.479742, 4.512588), (-0.070108, 0.416249, 0.078990, 0.903096)
46.00852, (1.879618, 2.487717, 4.485802), (-0.071033, 0.415385, 0.075461, 0.903723)
46.02282, (1.933260, 2.496837, 4.457516), (-0.070683, 0.414220, 0.072116, 0.904558)
46.03638, (1.986718, 2.507777, 4.431785), (-0.070304, 0.413272, 0.069156, 0.905252)
46.05023, (2.047903, 2.515374, 4.405789), (-0.070594, 0.411931, 0.065641, 0.906102)
46.06397, (2.109905, 2.525754, 4.377800), (-0.071713, 0.410053, 0.061541, 0.907153)
46.07822, (2.168812, 2.534747, 4.352273), (-0.073167, 0.409172, 0.057171, 0.907721)
46.0918, (2.236334, 2.546220, 4.323167), (-0.073506, 0.407667, 0.052562, 0.908648)
46.10573, (2.304604, 2.557005, 4.294152), (-0.072928, 0.406977, 0.048266, 0.909243)
46.11938, (2.376157, 2.566617, 4.263717), (-0.072804, 0.405886, 0.044618, 0.909926)
46.13372, (2.446427, 2.575614, 4.234903), (-0.073585, 0.405365, 0.040383, 0.910293)
46.14755, (2.522731, 2.584838, 4.204476), (-0.074553, 0.404165, 0.035241, 0.910961)
46.16116, (2.598055, 2.594664, 4.173805), (-0.075193, 0.402917, 0.030119, 0.911645)
46.17496, (2.670138, 2.601880, 4.145627), (-0.076174, 0.402309, 0.025635, 0.911969)
46.18922, (2.749131, 2.610061, 4.113610), (-0.077020, 0.400613, 0.020234, 0.912780)
46.20313, (2.828720, 2.617583, 4.081911), (-0.077164, 0.398608, 0.014761, 0.913750)
46.217, (2.907794, 2.628856, 4.049818), (-0.077098, 0.396233, 0.010461, 0.914848)
46.23103, (2.992416, 2.631819, 4.014441), (-0.076867, 0.392253, 0.004896, 0.916627)
46.24508, (3.071325, 2.633973, 3.981509), (-0.078195, 0.390041, -0.000104, 0.917472)
46.25841, (3.148947, 2.637069, 3.948420), (-0.078848, 0.387823, -0.004790, 0.918343)
46.27231, (3.228910, 2.641042, 3.914371), (-0.079492, 0.385219, -0.009790, 0.919343)
46.28612, (3.302620, 2.637491, 3.875759), (-0.081200, 0.381120, -0.014391, 0.920841)
46.30048, (3.375589, 2.641088, 3.845590), (-0.082171, 0.378446, -0.020017, 0.921752)
46.314, (3.450189, 2.637322, 3.812633), (-0.084675, 0.374303, -0.024746, 0.923101)
46.3279, (3.520391, 2.633407, 3.779751), (-0.086901, 0.370061, -0.030699, 0.924424)
46.34203, (3.584040, 2.631118, 3.749429), (-0.087709, 0.366238, -0.035635, 0.925693)
46.35627, (3.647522, 2.630240, 3.717513), (-0.087812, 0.362361, -0.040791, 0.926995)
46.36951, (3.710852, 2.634497, 3.685729), (-0.087574, 0.358404, -0.045469, 0.928337)
46.38344, (3.777788, 2.637292, 3.654736), (-0.087695, 0.354590, -0.050435, 0.929533)
46.39712, (3.841078, 2.638190, 3.625283), (-0.088980, 0.350783, -0.055518, 0.930565)
46.41134, (3.903084, 2.643952, 3.596062), (-0.089626, 0.347122, -0.060427, 0.931570)
46.42485, (3.952456, 2.653465, 3.569096), (-0.090177, 0.342865, -0.063773, 0.932869)
46.4388, (4.006366, 2.661479, 3.541756), (-0.091670, 0.338507, -0.067479, 0.934054)
46.45259, (4.060774, 2.671437, 3.515356), (-0.092738, 0.333863, -0.070634, 0.935386)
46.46692, (4.115976, 2.678462, 3.485910), (-0.094273, 0.329567, -0.073751, 0.936514)
46.48042, (4.167470, 2.683043, 3.456262), (-0.094951, 0.325433, -0.075995, 0.937711)
46.49417, (4.218048, 2.688653, 3.424515), (-0.095006, 0.322284, -0.077646, 0.938658)
46.50786, (4.272201, 2.696627, 3.389770), (-0.095531, 0.318761, -0.080033, 0.939606)
46.52227, (4.326138, 2.701672, 3.356010), (-0.097228, 0.315532, -0.081491, 0.940397)
46.53551, (4.377392, 2.705853, 3.322788), (-0.099741, 0.312774, -0.084518, 0.940788)
46.54992, (4.428812, 2.709728, 3.288836), (-0.102307, 0.309878, -0.087877, 0.941162)
46.56351, (4.481361, 2.711785, 3.253133), (-0.104975, 0.307019, -0.091843, 0.941427)
46.57766, (4.533693, 2.714381, 3.219368), (-0.106891, 0.304567, -0.096157, 0.941577)
46.59116, (4.582452, 2.711543, 3.186360), (-0.111197, 0.303483, -0.100924, 0.940929)
46.60497, (4.628567, 2.711996, 3.155608), (-0.113734, 0.303602, -0.105242, 0.940114)
46.61866, (4.674790, 2.710491, 3.122794), (-0.116361, 0.303848, -0.110203, 0.939144)
46.63295, (4.722858, 2.703022, 3.092745), (-0.119528, 0.304171, -0.115960, 0.937948)
46.64629, (4.765676, 2.699410, 3.065108), (-0.121424, 0.305683, -0.120559, 0.936632)
46.66024, (4.808835, 2.695254, 3.038977), (-0.123537, 0.307337, -0.125250, 0.935198)
46.6742, (4.852963, 2.691648, 3.013310), (-0.125843, 0.307918, -0.129159, 0.934167)
46.68854, (4.898917, 2.688332, 2.984827), (-0.128087, 0.307894, -0.133708, 0.933229)
46.70218, (4.934602, 2.692415, 2.971268), (-0.127499, 0.309535, -0.134162, 0.932702)
46.71589, (4.979184, 2.688963, 2.948110), (-0.129075, 0.307822, -0.135871, 0.932805)
46.72967, (5.017087, 2.683301, 2.927420), (-0.130460, 0.307448, -0.138113, 0.932406)
46.74394, (5.053014, 2.680233, 2.907967), (-0.130010, 0.306801, -0.139665, 0.932451)
46.75739, (5.091259, 2.672679, 2.887672), (-0.130546, 0.305909, -0.141865, 0.932337)
46.77138, (5.124949, 2.665269, 2.870564), (-0.129008, 0.304856, -0.143205, 0.932691)
46.78526, (5.160241, 2.658972, 2.852574), (-0.128060, 0.304224, -0.146186, 0.932565)
46.79962, (5.194046, 2.651178, 2.836104), (-0.127862, 0.303989, -0.149740, 0.932105)
46.81338, (5.231140, 2.642721, 2.819013), (-0.128286, 0.303430, -0.152515, 0.931779)
46.82722, (5.268052, 2.635000, 2.804342), (-0.128117, 0.304377, -0.155293, 0.931034)
46.84113, (5.304393, 2.624879, 2.787847), (-0.128315, 0.304817, -0.158155, 0.930381)
46.85543, (5.339489, 2.617011, 2.773266), (-0.127658, 0.305293, -0.159889, 0.930019)
46.86887, (5.370141, 2.606798, 2.761091), (-0.126242, 0.305824, -0.162173, 0.929642)
46.88306, (5.404167, 2.599899, 2.749381), (-0.125858, 0.306114, -0.164270, 0.929231)
46.89656, (5.440389, 2.590824, 2.736321), (-0.126397, 0.306273, -0.166436, 0.928719)
46.91039, (5.474973, 2.579195, 2.726248), (-0.126876, 0.306357, -0.168124, 0.928322)
46.92376, (5.503716, 2.566626, 2.716260), (-0.126356, 0.306180, -0.170956, 0.927934)
46.93767, (5.531444, 2.554401, 2.705767), (-0.125425, 0.306006, -0.173792, 0.927591)
46.95157, (5.557370, 2.541944, 2.697580), (-0.123379, 0.305547, -0.176733, 0.927461)
46.96587, (5.587132, 2.530529, 2.687847), (-0.121385, 0.304754, -0.180252, 0.927308)
46.97916, (5.615294, 2.519512, 2.678046), (-0.120342, 0.304318, -0.183189, 0.927012)
46.99298, (5.645688, 2.509069, 2.669717), (-0.119128, 0.303136, -0.186822, 0.926830)
47.00705, (5.669897, 2.496417, 2.662233), (-0.118225, 0.302464, -0.189559, 0.926610)
47.0214, (5.692975, 2.486479, 2.654963), (-0.116051, 0.301222, -0.191127, 0.926967)
47.03469, (5.718271, 2.476712, 2.645798), (-0.114578, 0.299988, -0.192586, 0.927249)
47.04857, (5.743210, 2.470890, 2.637054), (-0.113772, 0.298676, -0.193281, 0.927627)
47.06235, (5.769260, 2.466073, 2.628717), (-0.113360, 0.296975, -0.194150, 0.928042)
47.07669, (5.790241, 2.459124, 2.622020), (-0.114461, 0.295808, -0.195688, 0.927956)
47.09018, (5.811738, 2.451931, 2.613096), (-0.114419, 0.294916, -0.197108, 0.927945)
47.10416, (5.830173, 2.440890, 2.602838), (-0.114463, 0.294941, -0.198349, 0.927667)
47.11794, (5.852723, 2.432293, 2.593527), (-0.114055, 0.294115, -0.199970, 0.927631)
47.13225, (5.866179, 2.428050, 2.586508), (-0.113411, 0.294671, -0.201913, 0.927113)
47.14554, (5.883747, 2.422068, 2.578053), (-0.113221, 0.294184, -0.203563, 0.926930)
47.15969, (5.898488, 2.419720, 2.570329), (-0.113648, 0.293577, -0.205607, 0.926619)
47.17337, (5.915946, 2.414435, 2.561643), (-0.113583, 0.293131, -0.206863, 0.926489)
47.18766, (5.930202, 2.412304, 2.554649), (-0.114174, 0.294351, -0.207748, 0.925831)
47.20118, (5.942053, 2.412759, 2.549138), (-0.114792, 0.295340, -0.208251, 0.925326)
47.21506, (5.956045, 2.411822, 2.543573), (-0.115532, 0.295469, -0.208944, 0.925037)
47.2288, (5.969222, 2.410867, 2.537810), (-0.116098, 0.295314, -0.209559, 0.924876)
47.24312, (5.981565, 2.409831, 2.531548), (-0.116904, 0.294384, -0.209322, 0.925125)
47.25648, (5.990686, 2.407191, 2.526215), (-0.118836, 0.294036, -0.209168, 0.925024)
47.27034, (5.999537, 2.404485, 2.520263), (-0.120301, 0.293582, -0.209049, 0.925006)
47.28414, (6.008867, 2.401291, 2.515542), (-0.121327, 0.293294, -0.209358, 0.924893)
47.29828, (6.016688, 2.397274, 2.512174), (-0.122542, 0.293479, -0.210575, 0.924398)
47.31163, (6.023686, 2.393955, 2.509168), (-0.123265, 0.292976, -0.211876, 0.924164)
47.32574, (6.027690, 2.389346, 2.507477), (-0.123192, 0.292403, -0.213512, 0.923979)
47.33936, (6.030240, 2.385542, 2.508441), (-0.123161, 0.291835, -0.214706, 0.923886)
47.35371, (6.033665, 2.382767, 2.507653), (-0.123285, 0.291734, -0.215167, 0.923794)
47.36697, (6.036915, 2.381915, 2.509422), (-0.123637, 0.291686, -0.216046, 0.923557)
47.38089, (6.037358, 2.380564, 2.513013), (-0.124343, 0.291956, -0.217037, 0.923144)
47.3943, (6.035884, 2.379330, 2.520076), (-0.124602, 0.292455, -0.218017, 0.922721)
47.40881, (6.032486, 2.379390, 2.529607), (-0.124798, 0.292772, -0.218347, 0.922516)
47.422, (6.030758, 2.379013, 2.537322), (-0.124833, 0.292836, -0.218810, 0.922381)
47.43623, (6.026034, 2.381434, 2.548784), (-0.124528, 0.292657, -0.218025, 0.922665)
47.44973, (6.020308, 2.384331, 2.561646), (-0.124325, 0.291405, -0.216975, 0.923336)
47.4641, (6.013302, 2.384616, 2.576832), (-0.123910, 0.289674, -0.215959, 0.924174)
47.47726, (6.005976, 2.385223, 2.592101), (-0.122397, 0.288200, -0.214545, 0.925165)
47.49143, (6.000901, 2.385229, 2.605743), (-0.119880, 0.286436, -0.212579, 0.926495)
47.50508, (5.996128, 2.384343, 2.621156), (-0.117189, 0.284507, -0.210103, 0.927998)
47.51934, (5.987299, 2.383709, 2.636725), (-0.115439, 0.283293, -0.208168, 0.929024)
47.53252, (5.978841, 2.383208, 2.654216), (-0.113398, 0.281411, -0.206487, 0.930222)
47.54667, (5.970615, 2.381268, 2.671632), (-0.111687, 0.279313, -0.205547, 0.931269)
47.56023, (5.960646, 2.377646, 2.688923), (-0.109023, 0.276990, -0.204823, 0.932437)
47.57451, (5.948806, 2.373568, 2.703023), (-0.105537, 0.274560, -0.203900, 0.933758)
47.58802, (5.932696, 2.369637, 2.719940), (-0.101576, 0.272512, -0.202957, 0.935002)
47.60195, (5.920672, 2.363175, 2.735860), (-0.097599, 0.270014, -0.202078, 0.936339)
47.61584, (5.905612, 2.357816, 2.751028), (-0.094208, 0.267711, -0.200474, 0.937692)
47.63006, (5.889887, 2.353498, 2.766574), (-0.091710, 0.264588, -0.198663, 0.939210)
47.64375, (5.873700, 2.350610, 2.778872), (-0.089857, 0.260659, -0.198010, 0.940625)
47.65796, (5.855927, 2.348558, 2.787981), (-0.087329, 0.255807, -0.195822, 0.942651)
47.67167, (5.836119, 2.342156, 2.797979), (-0.084951, 0.251768, -0.193523, 0.944428)
47.68599, (5.818570, 2.334588, 2.805412), (-0.081841, 0.247144, -0.190433, 0.946550)
47.69904, (5.795222, 2.331307, 2.811504), (-0.079401, 0.244213, -0.188254, 0.947954)
47.71302, (5.774628, 2.330890, 2.817633), (-0.076587, 0.240096, -0.186422, 0.949597)
47.72676, (5.752218, 2.327062, 2.822189), (-0.074907, 0.236884, -0.185018, 0.950812)
47.74106, (5.736376, 2.327570, 2.820546), (-0.073514, 0.233424, -0.182152, 0.952329)
47.75449, (5.717412, 2.328140, 2.821919), (-0.072648, 0.232367, -0.180088, 0.953046)
47.76877, (5.699254, 2.329056, 2.820585), (-0.072802, 0.231000, -0.176929, 0.953958)
47.7823, (5.679895, 2.328879, 2.822445), (-0.071190, 0.228299, -0.174376, 0.955199)
47.79659, (5.657225, 2.331085, 2.817269), (-0.071935, 0.229291, -0.173120, 0.955134)
47.81006, (5.639987, 2.332398, 2.814828), (-0.071703, 0.228387, -0.170500, 0.955839)
47.82409, (5.623024, 2.333233, 2.810539), (-0.072328, 0.228242, -0.168241, 0.956227)
47.83812, (5.606983, 2.339051, 2.806963), (-0.072814, 0.228118, -0.165720, 0.956660)
47.85229, (5.583790, 2.343317, 2.804013), (-0.073979, 0.229281, -0.162844, 0.956786)
47.8657, (5.558648, 2.348874, 2.799269), (-0.074683, 0.229867, -0.160187, 0.957039)
47.87968, (5.533204, 2.352003, 2.797925), (-0.076548, 0.230194, -0.157159, 0.957315)
47.89336, (5.504951, 2.355392, 2.796826), (-0.078952, 0.230554, -0.152965, 0.957713)
47.90771, (5.476892, 2.362305, 2.796226), (-0.081320, 0.230644, -0.147684, 0.958321)
47.92127, (5.444448, 2.366914, 2.799196), (-0.085155, 0.231733, -0.141652, 0.958636)
47.93515, (5.410924, 2.374775, 2.801502), (-0.089726, 0.232978, -0.134214, 0.958988)
47.94906, (5.377431, 2.380562, 2.812456), (-0.095393, 0.235170, -0.127082, 0.958877)
47.96365, (5.343569, 2.390064, 2.825096), (-0.101817, 0.237405, -0.120884, 0.958467)
47.9769, (5.310177, 2.402917, 2.838358), (-0.106702, 0.239148, -0.116325, 0.958066)
47.99072, (5.276928, 2.416993, 2.849888), (-0.109156, 0.240221, -0.111544, 0.958090)
48.00452, (5.240898, 2.421252, 2.864055), (-0.111965, 0.241168, -0.106016, 0.958156)
48.01894, (5.204726, 2.424445, 2.879028), (-0.114734, 0.242544, -0.100312, 0.958095)
48.0322, (5.170246, 2.432573, 2.898888), (-0.116458, 0.243488, -0.095844, 0.958105)
48.04612, (5.136361, 2.448895, 2.920260), (-0.118016, 0.245443, -0.092468, 0.957747)
48.06002, (5.101707, 2.464700, 2.937589), (-0.120515, 0.246820, -0.089422, 0.957371)
48.07439, (5.070944, 2.481720, 2.959287), (-0.123228, 0.248862, -0.085647, 0.956842)
48.08808, (5.035403, 2.490524, 2.975290), (-0.126746, 0.250033, -0.082225, 0.956378)
48.10199, (4.997090, 2.498126, 2.996445), (-0.128834, 0.251709, -0.078639, 0.955961)
48.11552, (4.959470, 2.502244, 3.015676), (-0.129239, 0.252296, -0.074980, 0.956045)
48.12983, (4.925012, 2.506393, 3.036158), (-0.129847, 0.251664, -0.071641, 0.956385)
48.1434, (4.889578, 2.514865, 3.056500), (-0.128443, 0.251351, -0.069073, 0.956846)
48.15728, (4.855110, 2.520020, 3.073810), (-0.128459, 0.250716, -0.065369, 0.957270)
48.17108, (4.818531, 2.525376, 3.090500), (-0.128186, 0.250379, -0.064272, 0.957470)
48.18559, (4.780268, 2.526585, 3.107977), (-0.129834, 0.250812, -0.060980, 0.957349)
48.19893, (4.748388, 2.524452, 3.119006), (-0.128942, 0.251467, -0.060671, 0.957318)
48.21283, (4.717950, 2.522632, 3.132435), (-0.128673, 0.253817, -0.059026, 0.956836)
48.22667, (4.683147, 2.525096, 3.148099), (-0.129165, 0.254533, -0.056509, 0.956732)
48.2409, (4.648341, 2.527556, 3.163764), (-0.129656, 0.255248, -0.053993, 0.956621)
48.25453, (4.617323, 2.521869, 3.173712), (-0.128926, 0.258531, -0.052324, 0.955930)
48.26849, (4.587724, 2.492980, 3.177023), (-0.119664, 0.268427, -0.050517, 0.954503)
48.28236, (4.561328, 2.487495, 3.185036), (-0.117493, 0.274232, -0.048397, 0.953232)
48.29664, (4.529489, 2.478801, 3.197418), (-0.118184, 0.280762, -0.046009, 0.951361)
48.31016, (4.497742, 2.474177, 3.206865), (-0.120089, 0.286150, -0.044509, 0.949587)
48.32435, (4.459497, 2.468956, 3.218063), (-0.119589, 0.292249, -0.042621, 0.947878)
48.33832, (4.421863, 2.457598, 3.229946), (-0.117732, 0.297715, -0.038699, 0.946577)
48.35224, (4.386511, 2.445939, 3.238933), (-0.114531, 0.302590, -0.033244, 0.945630)
48.36557, (4.350627, 2.436450, 3.250097), (-0.111615, 0.307071, -0.028875, 0.944678)
48.37952, (4.315074, 2.433779, 3.259883), (-0.109071, 0.310898, -0.024312, 0.943851)
48.39331, (4.276019, 2.432646, 3.268919), (-0.108693, 0.313341, -0.020122, 0.943185)
48.4077, (4.234150, 2.428609, 3.279225), (-0.108055, 0.316758, -0.016442, 0.942188)
48.42122, (4.195621, 2.426589, 3.285853), (-0.107273, 0.317998, -0.012621, 0.941918)
48.43524, (4.155019, 2.423046, 3.291038), (-0.106631, 0.318536, -0.009361, 0.941848)
48.44903, (4.110531, 2.415596, 3.296884), (-0.107128, 0.319297, -0.004725, 0.941568)
48.46331, (4.065860, 2.416248, 3.303029), (-0.107151, 0.320321, -0.002163, 0.941227)
48.47677, (4.023211, 2.414321, 3.305981), (-0.107637, 0.321409, -0.000217, 0.940803)
48.49081, (3.984076, 2.416118, 3.305438), (-0.106811, 0.322448, 0.002798, 0.940538)
48.50473, (3.948121, 2.418714, 3.305112), (-0.106898, 0.324310, 0.006115, 0.939871)
48.51891, (3.911967, 2.425750, 3.305639), (-0.106893, 0.325894, 0.010135, 0.939289)
48.53257, (3.881111, 2.431489, 3.302596), (-0.109689, 0.326233, 0.013362, 0.938809)
48.54644, (3.843691, 2.438766, 3.301763), (-0.112083, 0.327310, 0.015632, 0.938116)
48.56021, (3.808152, 2.445011, 3.300413), (-0.113854, 0.328085, 0.017888, 0.937591)
48.57452, (3.779282, 2.446513, 3.294458), (-0.116024, 0.328421, 0.020679, 0.937150)
48.58801, (3.750783, 2.449285, 3.288904), (-0.117883, 0.329448, 0.023703, 0.936486)
48.60207, (3.721944, 2.453874, 3.283273), (-0.119508, 0.331155, 0.025663, 0.935626)
48.61632, (3.697376, 2.458649, 3.276057), (-0.121896, 0.331992, 0.027137, 0.934979)
48.63021, (3.674277, 2.464310, 3.269182), (-0.123725, 0.332189, 0.028284, 0.934635)
48.64392, (3.654252, 2.468879, 3.259935), (-0.125493, 0.332496, 0.029349, 0.934257)
48.65783, (3.637928, 2.471321, 3.247005), (-0.127565, 0.332546, 0.030885, 0.933909)
48.67155, (3.626147, 2.475104, 3.233748), (-0.128415, 0.333844, 0.031816, 0.933298)
48.68618, (3.616028, 2.479659, 3.217492), (-0.129894, 0.335340, 0.032371, 0.932538)
48.6996, (3.604349, 2.481499, 3.202702), (-0.131824, 0.336839, 0.032933, 0.931707)
48.71342, (3.595662, 2.482333, 3.187039), (-0.134146, 0.338302, 0.032676, 0.930854)
48.72703, (3.595114, 2.484244, 3.169473), (-0.136597, 0.339647, 0.031707, 0.930041)
48.7416, (3.592399, 2.486464, 3.151498), (-0.138711, 0.340369, 0.032005, 0.929454)
48.75507, (3.594213, 2.488831, 3.131986), (-0.140414, 0.340505, 0.033033, 0.929112)
48.76866, (3.601586, 2.493501, 3.109758), (-0.141554, 0.340042, 0.034067, 0.929071)
48.78241, (3.611142, 2.497052, 3.086465), (-0.143537, 0.340482, 0.033685, 0.928620)
48.79682, (3.624714, 2.500581, 3.060616), (-0.145959, 0.340745, 0.032939, 0.928172)
48.81033, (3.639770, 2.500850, 3.032816), (-0.149082, 0.341266, 0.030337, 0.927573)
48.8243, (3.656028, 2.501422, 3.004351), (-0.151828, 0.341193, 0.027569, 0.927241)
48.83815, (3.673382, 2.501919, 2.976655), (-0.154087, 0.342139, 0.023674, 0.926627)
48.85251, (3.696224, 2.503198, 2.947072), (-0.156517, 0.342762, 0.019259, 0.926092)
48.86597, (3.720007, 2.501708, 2.916586), (-0.158992, 0.343230, 0.014877, 0.925577)
48.87996, (3.747767, 2.504386, 2.884407), (-0.159894, 0.344406, 0.009967, 0.925051)
48.89383, (3.774165, 2.505839, 2.853137), (-0.161437, 0.346134, 0.005573, 0.924174)
48.90858, (3.804697, 2.507684, 2.821054), (-0.163279, 0.347655, 0.001157, 0.923296)
48.92203, (3.829830, 2.507308, 2.791360), (-0.165618, 0.349149, -0.002254, 0.922313)
48.9359, (3.854340, 2.508432, 2.761268), (-0.167608, 0.350176, -0.005590, 0.921549)
48.95001, (3.880969, 2.509257, 2.730519), (-0.169501, 0.352154, -0.009454, 0.920417)
48.96413, (3.933370, 2.504734, 2.687224), (-0.170299, 0.359187, -0.013104, 0.917503)
48.97764, (3.964768, 2.500781, 2.652204), (-0.172332, 0.362109, -0.016046, 0.915927)
48.99173, (3.996213, 2.496284, 2.615952), (-0.175216, 0.364323, -0.019984, 0.914423)
49.00574, (4.026455, 2.495025, 2.579486), (-0.178031, 0.366348, -0.022792, 0.913003)
49.01971, (4.055914, 2.497896, 2.544872), (-0.180579, 0.368108, -0.027332, 0.911669)
49.03298, (4.082301, 2.501311, 2.514560), (-0.185571, 0.369367, -0.030928, 0.910041)
49.04679, (4.110079, 2.505209, 2.483387), (-0.189399, 0.369009, -0.035363, 0.909236)
49.06079, (4.136850, 2.504569, 2.451712), (-0.192815, 0.367984, -0.037649, 0.908841)
49.07513, (4.158667, 2.502595, 2.422669), (-0.194890, 0.368394, -0.040488, 0.908110)
49.08864, (4.183692, 2.501450, 2.393683), (-0.195621, 0.367944, -0.042226, 0.908057)
49.10262, (4.203415, 2.503232, 2.371762), (-0.195846, 0.368533, -0.044934, 0.907639)
49.11648, (4.223280, 2.501891, 2.349133), (-0.197741, 0.368214, -0.047572, 0.907223)
49.13086, (4.237491, 2.501956, 2.332633), (-0.198999, 0.368818, -0.049939, 0.906575)
49.1444, (4.249565, 2.498190, 2.318289), (-0.200468, 0.368262, -0.051134, 0.906411)
49.1583, (4.262394, 2.496889, 2.305235), (-0.200858, 0.367117, -0.053327, 0.906663)
49.17209, (4.269262, 2.493232, 2.299502), (-0.201405, 0.365621, -0.054609, 0.907070)
49.18641, (4.272948, 2.495068, 2.295456), (-0.201011, 0.362246, -0.055753, 0.908441)
49.19992, (4.272882, 2.496767, 2.295346), (-0.200105, 0.356343, -0.055962, 0.910959)
49.21389, (4.268954, 2.495824, 2.299590), (-0.198852, 0.348763, -0.056647, 0.914119)
49.22782, (4.263916, 2.494218, 2.304683), (-0.196961, 0.341085, -0.057823, 0.917346)
49.24229, (4.256808, 2.488394, 2.321952), (-0.190893, 0.323883, -0.060415, 0.924667)
49.2557, (4.250093, 2.478557, 2.336859), (-0.186395, 0.308373, -0.065551, 0.930519)
49.26948, (4.241582, 2.467215, 2.355106), (-0.180838, 0.289887, -0.072621, 0.937011)
49.28326, (4.232005, 2.453812, 2.369761), (-0.175340, 0.273256, -0.080000, 0.942437)
49.29754, (4.217945, 2.438585, 2.385420), (-0.165863, 0.251815, -0.092088, 0.948999)
49.31099, (4.207589, 2.420200, 2.403010), (-0.159933, 0.232397, -0.103321, 0.953802)
49.32486, (4.197659, 2.414221, 2.424441), (-0.151312, 0.210898, -0.115672, 0.958773)
49.33867, (4.183454, 2.407593, 2.450671), (-0.142691, 0.188982, -0.130213, 0.962793)
49.35276, (4.169325, 2.397649, 2.475541), (-0.134864, 0.170532, -0.137526, 0.966342)
49.36626, (4.162198, 2.392777, 2.501971), (-0.125649, 0.152261, -0.142312, 0.969936)
49.38007, (4.150826, 2.381973, 2.531128), (-0.118277, 0.137933, -0.142492, 0.972975)
49.39376, (4.140791, 2.374973, 2.557465), (-0.112652, 0.123566, -0.141283, 0.975746)
49.40812, (4.123933, 2.376645, 2.586670), (-0.107516, 0.111868, -0.141138, 0.977756)
49.42143, (4.113068, 2.366701, 2.615035), (-0.103111, 0.096623, -0.142430, 0.979666)
49.43565, (4.101038, 2.374382, 2.646487), (-0.100547, 0.088475, -0.138488, 0.981266)
49.44902, (4.086377, 2.378342, 2.676700), (-0.094570, 0.076519, -0.135732, 0.983249)
49.46328, (4.071718, 2.376570, 2.707571), (-0.090071, 0.065389, -0.131594, 0.985035)
49.4766, (4.059542, 2.378386, 2.738560), (-0.084932, 0.053972, -0.128370, 0.986608)
49.49049, (4.052826, 2.372667, 2.768495), (-0.082657, 0.044563, -0.124996, 0.987703)
49.50418, (4.041322, 2.375931, 2.792432), (-0.079521, 0.035999, -0.124766, 0.988339)
49.51854, (4.033274, 2.382725, 2.817862), (-0.076949, 0.029804, -0.124895, 0.988732)
49.53224, (4.028386, 2.384645, 2.841099), (-0.075488, 0.024017, -0.125214, 0.988962)
49.54618, (4.025758, 2.383934, 2.866247), (-0.073128, 0.021143, -0.123235, 0.989454)
49.5597, (4.020037, 2.380819, 2.886560), (-0.070803, 0.017817, -0.120524, 0.990022)
49.57412, (4.017569, 2.381958, 2.908995), (-0.067970, 0.015371, -0.118003, 0.990565)
49.58744, (4.016535, 2.379022, 2.932336), (-0.065761, 0.010630, -0.115577, 0.991062)
49.60128, (4.011425, 2.383308, 2.953643), (-0.063153, 0.006803, -0.112912, 0.991573)
49.61504, (4.009036, 2.379811, 2.973957), (-0.060356, 0.001091, -0.110342, 0.992059)
49.62936, (4.003569, 2.374076, 2.991724), (-0.056032, -0.004795, -0.108474, 0.992507)
49.64288, (3.998708, 2.363620, 3.008411), (-0.052883, -0.011519, -0.106678, 0.992820)
49.65633, (3.994485, 2.355975, 3.024142), (-0.047902, -0.018345, -0.104379, 0.993214)
49.67023, (3.994150, 2.343370, 3.040317), (-0.042933, -0.025442, -0.102301, 0.993501)
49.68441, (3.990526, 2.328048, 3.056342), (-0.038598, -0.033629, -0.099178, 0.993752)
49.69786, (3.983917, 2.311851, 3.070717), (-0.032370, -0.042473, -0.096855, 0.993865)
49.71191, (3.974894, 2.294202, 3.079760), (-0.025226, -0.054142, -0.092510, 0.993919)
49.72567, (3.970087, 2.276883, 3.087750), (-0.015431, -0.068547, -0.089533, 0.993502)
49.73995, (3.963780, 2.265147, 3.099128), (-0.006952, -0.081844, -0.087261, 0.992793)
49.75358, (3.960782, 2.250187, 3.112086), (-0.001029, -0.094291, -0.085652, 0.991853)
49.76756, (3.956530, 2.236339, 3.112697), (0.005304, -0.105102, -0.087564, 0.990585)
49.78145, (3.963908, 2.219613, 3.121098), (0.013611, -0.115441, -0.088864, 0.989238)
49.79576, (3.968402, 2.204580, 3.122124), (0.023907, -0.124095, -0.090941, 0.987805)
49.80947, (3.973919, 2.180612, 3.128261), (0.033292, -0.129523, -0.091858, 0.986751)
49.8234, (3.965852, 2.151802, 3.131536), (0.036141, -0.131254, -0.089253, 0.986661)
49.83804, (3.980500, 2.153724, 3.140897), (0.047105, -0.134247, -0.083639, 0.986288)
49.85205, (3.994074, 2.138344, 3.141095), (0.048372, -0.136528, -0.082354, 0.986022)
49.86532, (3.997809, 2.132907, 3.140610), (0.050944, -0.138500, -0.084915, 0.985399)
49.87923, (4.007065, 2.127284, 3.148215), (0.049108, -0.144253, -0.087124, 0.984474)
49.8936, (4.014543, 2.126709, 3.148717), (0.049767, -0.149977, -0.087465, 0.983555)
49.90782, (4.027523, 2.113950, 3.144731), (0.050510, -0.155408, -0.083841, 0.982989)
49.92102, (4.037801, 2.104640, 3.141371), (0.052076, -0.158611, -0.078773, 0.982815)
49.9351, (4.051901, 2.100787, 3.139078), (0.054967, -0.162160, -0.075370, 0.982345)
49.94889, (4.060089, 2.096751, 3.134664), (0.057691, -0.165131, -0.073193, 0.981859)
49.96334, (4.075576, 2.090671, 3.124999), (0.058879, -0.167976, -0.070491, 0.981503)
49.97696, (4.084440, 2.090751, 3.109422), (0.062037, -0.170007, -0.067167, 0.981192)
49.99088, (4.091438, 2.086827, 3.101161), (0.063155, -0.171912, -0.063401, 0.981039)
50.00471, (4.094831, 2.080694, 3.096220), (0.065605, -0.173139, -0.059807, 0.980888)
50.01909, (4.097037, 2.083966, 3.098746), (0.067496, -0.172747, -0.056457, 0.981028)
50.03269, (4.099248, 2.087079, 3.101061), (0.064434, -0.171892, -0.055654, 0.981430)
50.04661, (4.106874, 2.092879, 3.098215), (0.064510, -0.173474, -0.056529, 0.981096)
50.06051, (4.109511, 2.087168, 3.085983), (0.060797, -0.176598, -0.056312, 0.980788)
50.0747, (4.110460, 2.083403, 3.076045), (0.060636, -0.179537, -0.054338, 0.980376)
50.08828, (4.110528, 2.078499, 3.065075), (0.062525, -0.183299, -0.049292, 0.979828)
50.10229, (4.111852, 2.071867, 3.059269), (0.063244, -0.187029, -0.046070, 0.979233)
50.11613, (4.107786, 2.074034, 3.055117), (0.064495, -0.191390, -0.042277, 0.978480)
50.13047, (4.104000, 2.072735, 3.049500), (0.065287, -0.196239, -0.039753, 0.977572)
50.14412, (4.100000, 2.065691, 3.040745), (0.064856, -0.202152, -0.037249, 0.976494)
50.15797, (4.094157, 2.062091, 3.033286), (0.065066, -0.206513, -0.034337, 0.975674)
50.17184, (4.085920, 2.058548, 3.024104), (0.065329, -0.209548, -0.031693, 0.975099)
50.18625, (4.083199, 2.050925, 3.019494), (0.066192, -0.213471, -0.028447, 0.974289)
50.19972, (4.075898, 2.039893, 3.011499), (0.064919, -0.216147, -0.024250, 0.973899)
50.21408, (4.067299, 2.031058, 3.004992), (0.063667, -0.220637, -0.018514, 0.973100)
50.22766, (4.055152, 2.016271, 2.999594), (0.064097, -0.223083, -0.010952, 0.972628)
50.24238, (4.047522, 2.001849, 2.997684), (0.067340, -0.225004, -0.004041, 0.972020)
50.25579, (4.043316, 1.992073, 2.992944), (0.070738, -0.227163, 0.001901, 0.971283)
50.26941, (4.039929, 1.992191, 2.972784), (0.078146, -0.226787, 0.003828, 0.970797)
50.28315, (4.028807, 1.985984, 2.966306), (0.081926, -0.227062, 0.005823, 0.970411)
50.29756, (4.010877, 1.993065, 2.972991), (0.085439, -0.228692, 0.005679, 0.969726)
50.31099, (3.993266, 1.993408, 2.981123), (0.086432, -0.232418, 0.007267, 0.968741)
50.32497, (3.979029, 1.987882, 2.984085), (0.083573, -0.236288, 0.008582, 0.968044)
50.33882, (3.964758, 1.988523, 2.981832), (0.082267, -0.238981, 0.009614, 0.967485)
50.35332, (3.954656, 1.991609, 2.979710), (0.082097, -0.240775, 0.011180, 0.967038)
50.36682, (3.942032, 1.992767, 2.979932), (0.083805, -0.241454, 0.012949, 0.966700)
50.38076, (3.927346, 1.991463, 2.981222), (0.085097, -0.243096, 0.015228, 0.966142)
50.39462, (3.909106, 1.981608, 2.978594), (0.084312, -0.246037, 0.016678, 0.965443)
50.40896, (3.893402, 1.980827, 2.976380), (0.086455, -0.249012, 0.018378, 0.964459)
50.42282, (3.878164, 1.979142, 2.977339), (0.090104, -0.252505, 0.019378, 0.963196)
50.43692, (3.863204, 1.973335, 2.978841), (0.091105, -0.255149, 0.021209, 0.962367)
50.45047, (3.852821, 1.973184, 2.983766), (0.093473, -0.258052, 0.023415, 0.961314)
50.46497, (3.834265, 1.968609, 2.986955), (0.095553, -0.259427, 0.026168, 0.960668)
50.47807, (3.818841, 1.967195, 2.990055), (0.097385, -0.261015, 0.026291, 0.960050)
50.49197, (3.803054, 1.966443, 2.994061), (0.097508, -0.263063, 0.026321, 0.959478)
50.50581, (3.788605, 1.968356, 3.000389), (0.096978, -0.265194, 0.026470, 0.958940)
50.52016, (3.773916, 1.966108, 3.004403), (0.094401, -0.266986, 0.028210, 0.958651)
50.53401, (3.757775, 1.974765, 3.011497), (0.096258, -0.269553, 0.031181, 0.957655)
50.54759, (3.741006, 1.975105, 3.017641), (0.094756, -0.271980, 0.032537, 0.957074)
50.56158, (3.721230, 1.976581, 3.027701), (0.090987, -0.273996, 0.033430, 0.956834)
50.5754, (3.705791, 1.983824, 3.042590), (0.089315, -0.277457, 0.035356, 0.955924)
50.58932, (3.687749, 1.981690, 3.052990), (0.083920, -0.279824, 0.039001, 0.955581)
50.6031, (3.680668, 1.973110, 3.063053), (0.079484, -0.283195, 0.045482, 0.954680)
50.61705, (3.666153, 1.980550, 3.061631), (0.078897, -0.283654, 0.049071, 0.954415)
50.63089, (3.657894, 1.978827, 3.062319), (0.075107, -0.283461, 0.049445, 0.954759)
50.64493, (3.648454, 1.975249, 3.069568), (0.070971, -0.283008, 0.048775, 0.955244)
50.6587, (3.639760, 1.981634, 3.087312), (0.068733, -0.280539, 0.048197, 0.956165)
50.67277, (3.631153, 1.987590, 3.102542), (0.067761, -0.277610, 0.048412, 0.957078)
50.68722, (3.622524, 1.983664, 3.114929), (0.065763, -0.275641, 0.049322, 0.957740)
50.70041, (3.619265, 1.987914, 3.121981), (0.067949, -0.272021, 0.051562, 0.958504)
50.71429, (3.620825, 1.983852, 3.122352), (0.068926, -0.269473, 0.053294, 0.959059)
50.72816, (3.617647, 1.986783, 3.131801), (0.071254, -0.266368, 0.053896, 0.959722)
50.74205, (3.616383, 1.986238, 3.145794), (0.071272, -0.263388, 0.054336, 0.960518)
50.75606, (3.616765, 1.988761, 3.153580), (0.070282, -0.259806, 0.054621, 0.961550)
50.77037, (3.617374, 1.989236, 3.155290), (0.068629, -0.259662, 0.055077, 0.961682)
50.78404, (3.622564, 1.989921, 3.151252), (0.068724, -0.259626, 0.053404, 0.961779)
50.79792, (3.626125, 1.991537, 3.152552), (0.068451, -0.258685, 0.052711, 0.962090)
50.81189, (3.628537, 1.993525, 3.159288), (0.072619, -0.256472, 0.049348, 0.962556)
50.8257, (3.629931, 1.992210, 3.163495), (0.070893, -0.252193, 0.047240, 0.963920)
50.83939, (3.636531, 1.991637, 3.164539), (0.068799, -0.250042, 0.046291, 0.964678)
50.85332, (3.640909, 1.988869, 3.161564), (0.068026, -0.247130, 0.045849, 0.965504)
50.86695, (3.646115, 1.987627, 3.162104), (0.067848, -0.245225, 0.045775, 0.966005)
50.88105, (3.651203, 1.985763, 3.161096), (0.069736, -0.241561, 0.044906, 0.966834)
50.89488, (3.657372, 1.981757, 3.161860), (0.069629, -0.239238, 0.043535, 0.967482)
50.90853, (3.664437, 1.985289, 3.164907), (0.071381, -0.236405, 0.042592, 0.968093)
50.92249, (3.671583, 1.987569, 3.167458), (0.069006, -0.233528, 0.038210, 0.969146)
50.93632, (3.672265, 1.985992, 3.166647), (0.070219, -0.229729, 0.036182, 0.970044)
50.95053, (3.680304, 1.988417, 3.163227), (0.073800, -0.228423, 0.037422, 0.970039)
50.96426, (3.685652, 1.984276, 3.169394), (0.074596, -0.225118, 0.037424, 0.970751)
50.97813, (3.688291, 1.981677, 3.173229), (0.073898, -0.221065, 0.039377, 0.971658)
50.99198, (3.704265, 1.982960, 3.177120), (0.074395, -0.216986, 0.043107, 0.972381)
51.00916, (3.713348, 1.980119, 3.177211), (0.076273, -0.210812, 0.048396, 0.973344)
51.02305, (3.723060, 1.978558, 3.177145), (0.077822, -0.206030, 0.050996, 0.974113)
51.03688, (3.724029, 1.980603, 3.175388), (0.078680, -0.200992, 0.053456, 0.974964)
51.06168, (3.721212, 1.982803, 3.171085), (0.077221, -0.199258, 0.052492, 0.975489)
51.07737, (3.719576, 1.988798, 3.167836), (0.077777, -0.199008, 0.052186, 0.975512)
51.0904, (3.722767, 1.998026, 3.161623), (0.076622, -0.196841, 0.052193, 0.976042)
51.1028, (3.724065, 2.005016, 3.161078), (0.074177, -0.197331, 0.052397, 0.976121)
51.11623, (3.724360, 2.015209, 3.161757), (0.070223, -0.197761, 0.053496, 0.976267)
51.1307, (3.726131, 2.023137, 3.158000), (0.063212, -0.197099, 0.053637, 0.976872)
51.14412, (3.725782, 2.030771, 3.155442), (0.057734, -0.196382, 0.053549, 0.977360)
51.15808, (3.729531, 2.035160, 3.152106), (0.052006, -0.194590, 0.052827, 0.978080)
51.17208, (3.731174, 2.038873, 3.153899), (0.048476, -0.194752, 0.053444, 0.978195)
51.18594, (3.728505, 2.056464, 3.152578), (0.045144, -0.196190, 0.054391, 0.978015)
51.19987, (3.734090, 2.055453, 3.139713), (0.043454, -0.191639, 0.053092, 0.979065)
51.21371, (3.737210, 2.050320, 3.142408), (0.041958, -0.190751, 0.050995, 0.979415)
51.22744, (3.735711, 2.052476, 3.136103), (0.040664, -0.188946, 0.049732, 0.979884)
51.24134, (3.740726, 2.060372, 3.131137), (0.043795, -0.189143, 0.050441, 0.979675)
51.25555, (3.747356, 2.065247, 3.122289), (0.044881, -0.187750, 0.051949, 0.979815)
51.26912, (3.750386, 2.063923, 3.119456), (0.043855, -0.185554, 0.049626, 0.980400)
51.28307, (3.753999, 2.071422, 3.126081), (0.042945, -0.183760, 0.050173, 0.980750)
51.29712, (3.761876, 2.079495, 3.124508), (0.042222, -0.180886, 0.052420, 0.981198)
51.31099, (3.769037, 2.080414, 3.120614), (0.041729, -0.178074, 0.053853, 0.981656)
51.32505, (3.774681, 2.078806, 3.109814), (0.043449, -0.174964, 0.054339, 0.982114)
51.33861, (3.776925, 2.079352, 3.105066), (0.045540, -0.175461, 0.052799, 0.982014)
51.35256, (3.781023, 2.080431, 3.096493), (0.043881, -0.173805, 0.048536, 0.982604)
51.36652, (3.783814, 2.084211, 3.092201), (0.041526, -0.173050, 0.047024, 0.982913)
51.38036, (3.781183, 2.090899, 3.090182), (0.039273, -0.172978, 0.045764, 0.983078)
51.39455, (3.780504, 2.100986, 3.094610), (0.034537, -0.175382, 0.044567, 0.982885)
51.40812, (3.777027, 2.104297, 3.094876), (0.031845, -0.175389, 0.040365, 0.983156)
51.42183, (3.774886, 2.111746, 3.097003), (0.028948, -0.175390, 0.038378, 0.983325)
51.43591, (3.777060, 2.116791, 3.098746), (0.025912, -0.175337, 0.037323, 0.983460)
51.44973, (3.784314, 2.113941, 3.089036), (0.024214, -0.173468, 0.038108, 0.983804)
51.46346, (3.791812, 2.108369, 3.084824), (0.023937, -0.171749, 0.036963, 0.984156)
51.4775, (3.796739, 2.106407, 3.079941), (0.023850, -0.169909, 0.036080, 0.984510)
51.49133, (3.799807, 2.107029, 3.075980), (0.022388, -0.168901, 0.035009, 0.984757)
51.50539, (3.807023, 2.116756, 3.079109), (0.026937, -0.164823, 0.033745, 0.985378)
51.51936, (3.809868, 2.117916, 3.079426), (0.026074, -0.160710, 0.033522, 0.986088)
51.53321, (3.816282, 2.116710, 3.081254), (0.025141, -0.157996, 0.031874, 0.986605)
51.54684, (3.817775, 2.122192, 3.083840), (0.021366, -0.156723, 0.030334, 0.986946)
51.56068, (3.809752, 2.140117, 3.083378), (0.013932, -0.157379, 0.028145, 0.987039)
51.57458, (3.802843, 2.164090, 3.086780), (0.007253, -0.158893, 0.030142, 0.986809)
51.58851, (3.808081, 2.182251, 3.092302), (0.001752, -0.160203, 0.032311, 0.986554)
51.60236, (3.811739, 2.166706, 3.083678), (-0.002959, -0.157545, 0.030987, 0.987021)
51.61616, (3.810558, 2.165936, 3.075626), (-0.004279, -0.156012, 0.028963, 0.987321)
51.63062, (3.803611, 2.168608, 3.075092), (-0.005800, -0.157325, 0.027269, 0.987153)
51.64412, (3.799629, 2.177815, 3.072887), (-0.007765, -0.158346, 0.025134, 0.987033)
51.65829, (3.802904, 2.182182, 3.068800), (-0.010600, -0.157393, 0.022625, 0.987220)
51.67197, (3.809115, 2.185858, 3.070643), (-0.012090, -0.156551, 0.020273, 0.987388)
51.68562, (3.809739, 2.185352, 3.058262), (-0.014469, -0.154504, 0.018645, 0.987710)
51.69973, (3.811047, 2.197425, 3.057629), (-0.016111, -0.151810, 0.019816, 0.988080)
51.71359, (3.815143, 2.203093, 3.059849), (-0.020385, -0.149618, 0.020021, 0.988331)
51.72762, (3.815722, 2.212526, 3.057547), (-0.024777, -0.147449, 0.020372, 0.988549)
51.74139, (3.821002, 2.221934, 3.057005), (-0.032108, -0.147553, 0.020607, 0.988318)
51.75507, (3.821840, 2.227404, 3.048468), (-0.039309, -0.146697, 0.019893, 0.988200)
51.76884, (3.822947, 2.237467, 3.041585), (-0.045240, -0.146994, 0.019085, 0.987918)
51.78254, (3.828335, 2.242216, 3.036952), (-0.049981, -0.148984, 0.018289, 0.987406)
51.79662, (3.828445, 2.250491, 3.025092), (-0.050109, -0.147138, 0.018020, 0.987682)
51.81036, (3.832671, 2.254933, 3.021542), (-0.055125, -0.147451, 0.017204, 0.987382)
51.82436, (3.836599, 2.267283, 3.015372), (-0.059578, -0.147354, 0.016002, 0.987158)
51.83814, (3.839560, 2.275647, 3.008483), (-0.063739, -0.146981, 0.015331, 0.986965)
51.85182, (3.842520, 2.284011, 3.001594), (-0.067898, -0.146606, 0.014660, 0.986753)
51.8661, (3.842686, 2.285053, 2.981128), (-0.071928, -0.146269, 0.014791, 0.986516)
51.87971, (3.850501, 2.294312, 2.975801), (-0.072287, -0.148216, 0.013795, 0.986213)
51.894, (3.854789, 2.302634, 2.966018), (-0.074344, -0.148965, 0.012657, 0.985963)
51.90785, (3.854875, 2.310474, 2.951772), (-0.078611, -0.148266, 0.011014, 0.985757)
51.92133, (3.859455, 2.321762, 2.940445), (-0.082266, -0.147926, 0.009347, 0.985527)
51.93499, (3.866372, 2.326322, 2.930085), (-0.087691, -0.147633, 0.007702, 0.985117)
51.94888, (3.870867, 2.336771, 2.919077), (-0.091608, -0.148252, 0.007657, 0.984668)
51.9631, (3.875127, 2.346764, 2.904485), (-0.096109, -0.149062, 0.005669, 0.984130)
51.97683, (3.877764, 2.354513, 2.889423), (-0.100650, -0.150048, 0.002717, 0.983538)
51.99061, (3.881925, 2.361045, 2.872305), (-0.104329, -0.149626, 0.001759, 0.983222)
52.00481, (3.886842, 2.363167, 2.859415), (-0.110476, -0.149329, 0.001455, 0.982596)
52.01855, (3.891415, 2.377936, 2.844528), (-0.114019, -0.148986, 0.000020, 0.982244)
52.03239, (3.895982, 2.385329, 2.831903), (-0.118644, -0.148964, -0.000574, 0.981699)
52.0463, (3.903650, 2.393590, 2.817542), (-0.123887, -0.149840, -0.001227, 0.980917)
52.06013, (3.905646, 2.397555, 2.802444), (-0.129171, -0.149603, -0.002498, 0.980269)
52.07416, (3.909121, 2.403864, 2.789941), (-0.133999, -0.148833, -0.003983, 0.979733)
52.08793, (3.919733, 2.416328, 2.773681), (-0.135626, -0.148670, -0.003311, 0.979537)
52.1019, (3.934980, 2.444924, 2.772116), (-0.129387, -0.153367, 0.000897, 0.979662)
52.11583, (3.921289, 2.410849, 2.753426), (-0.139127, -0.147713, -0.002007, 0.979194)
52.12954, (3.925728, 2.410582, 2.739090), (-0.139514, -0.147537, -0.001894, 0.979165)
52.14368, (3.932976, 2.406609, 2.727103), (-0.138954, -0.146589, -0.001169, 0.979389)
52.15787, (3.936490, 2.407898, 2.720120), (-0.139024, -0.145129, -0.001058, 0.979596)
52.17144, (3.941027, 2.407691, 2.706032), (-0.138729, -0.142569, -0.001344, 0.980014)
52.18524, (3.945878, 2.405410, 2.702736), (-0.138511, -0.141749, -0.001360, 0.980163)
52.19913, (3.947356, 2.403607, 2.697585), (-0.138846, -0.140005, -0.001421, 0.980367)
52.21294, (3.946020, 2.395794, 2.692657), (-0.139401, -0.138436, -0.001494, 0.980511)
52.22679, (3.946543, 2.392770, 2.686658), (-0.138535, -0.137848, -0.000744, 0.980717)
52.24078, (3.943510, 2.381593, 2.684411), (-0.138278, -0.137214, -0.000690, 0.980842)
52.25469, (3.945950, 2.384423, 2.681918), (-0.138794, -0.137134, -0.000271, 0.980781)
52.26864, (3.947162, 2.380705, 2.676728), (-0.139191, -0.136297, -0.000136, 0.980841)
52.28246, (3.944247, 2.379695, 2.681155), (-0.139389, -0.135068, -0.000546, 0.980983)
52.2964, (3.939087, 2.376171, 2.687144), (-0.140074, -0.130855, -0.004157, 0.981447)
52.31048, (3.929050, 2.376555, 2.694936), (-0.142038, -0.126753, -0.004906, 0.981700)
52.32408, (3.924227, 2.377595, 2.702515), (-0.141804, -0.124216, -0.006074, 0.982052)
52.33801, (3.914428, 2.376114, 2.714553), (-0.141917, -0.120553, -0.007752, 0.982480)
52.35192, (3.904290, 2.377506, 2.729104), (-0.141391, -0.117061, -0.008721, 0.982970)
52.36576, (3.909770, 2.382131, 2.754488), (-0.143570, -0.114597, -0.010580, 0.982926)
52.37971, (3.891148, 2.383792, 2.754978), (-0.139230, -0.111587, -0.011325, 0.983888)
52.39357, (3.877576, 2.390116, 2.783463), (-0.137105, -0.108796, -0.011655, 0.984495)
52.4074, (3.871762, 2.399502, 2.806863), (-0.135143, -0.105780, -0.013207, 0.985075)
52.42134, (3.871034, 2.403144, 2.828382), (-0.135285, -0.104499, -0.015768, 0.985154)
52.43509, (3.862329, 2.409778, 2.847648), (-0.131788, -0.103913, -0.018439, 0.985644)
52.44894, (3.858652, 2.415618, 2.866782), (-0.126618, -0.104338, -0.019174, 0.986263)
52.46354, (3.848331, 2.418662, 2.894469), (-0.122805, -0.105259, -0.019364, 0.986643)
52.47689, (3.838885, 2.410107, 2.923602), (-0.128355, -0.109197, -0.021003, 0.985475)
52.49077, (3.838362, 2.422318, 2.936470), (-0.116273, -0.109797, -0.020999, 0.986906)
52.50459, (3.827659, 2.441939, 2.948261), (-0.107614, -0.118052, -0.026664, 0.986799)
52.51825, (3.820803, 2.449172, 2.967271), (-0.103886, -0.119524, -0.028587, 0.986967)
52.53218, (3.801846, 2.452846, 2.993166), (-0.109609, -0.118233, -0.034195, 0.986325)
52.54638, (3.785658, 2.466087, 3.017472), (-0.111270, -0.114927, -0.036526, 0.986446)
52.56034, (3.767832, 2.478085, 3.040700), (-0.112519, -0.112134, -0.038449, 0.986553)
52.57417, (3.747988, 2.484659, 3.064528), (-0.115512, -0.110897, -0.039554, 0.986303)
52.58778, (3.726966, 2.488240, 3.088749), (-0.116439, -0.110266, -0.039206, 0.986279)
52.60181, (3.700390, 2.485869, 3.114170), (-0.116563, -0.108719, -0.034930, 0.986597)
52.61554, (3.667468, 2.485790, 3.142347), (-0.115885, -0.106772, -0.029808, 0.987057)
52.62936, (3.634022, 2.488317, 3.167889), (-0.114431, -0.104498, -0.027010, 0.987551)
52.64331, (3.598866, 2.486761, 3.192847), (-0.113369, -0.102722, -0.024133, 0.987934)
52.65727, (3.561362, 2.486082, 3.220102), (-0.111385, -0.100950, -0.021980, 0.988392)
52.67121, (3.519836, 2.479085, 3.253007), (-0.109510, -0.097714, -0.018892, 0.988991)
52.68489, (3.476172, 2.471778, 3.286582), (-0.107179, -0.093290, -0.014838, 0.989742)
52.69868, (3.433880, 2.466468, 3.318935), (-0.102554, -0.088881, -0.009607, 0.990702)
52.71259, (3.388989, 2.459337, 3.350119), (-0.098163, -0.083936, -0.002034, 0.991622)
52.72653, (3.341886, 2.453207, 3.379619), (-0.093568, -0.080533, 0.004192, 0.992342)
52.74046, (3.291949, 2.449746, 3.410873), (-0.088622, -0.078564, 0.010371, 0.992908)
52.75435, (3.238683, 2.441285, 3.440976), (-0.085667, -0.077585, 0.014868, 0.993187)
52.76851, (3.189394, 2.438580, 3.470571), (-0.082843, -0.076096, 0.018594, 0.993479)
52.78242, (3.133997, 2.435679, 3.490737), (-0.081117, -0.074488, 0.019951, 0.993717)
52.79626, (3.080524, 2.435085, 3.509633), (-0.078767, -0.075449, 0.021192, 0.993808)
52.81001, (3.024645, 2.423089, 3.527093), (-0.077652, -0.075581, 0.023605, 0.993831)
52.82385, (2.969184, 2.419398, 3.546627), (-0.075301, -0.075742, 0.026113, 0.993937)
52.83762, (2.911467, 2.414681, 3.563318), (-0.074062, -0.074368, 0.027876, 0.994086)
52.85164, (2.853385, 2.416443, 3.579165), (-0.074487, -0.071543, 0.028435, 0.994246)
52.86557, (2.799509, 2.413529, 3.595179), (-0.076190, -0.068375, 0.029140, 0.994319)
52.8797, (2.740827, 2.408597, 3.609456), (-0.077310, -0.064060, 0.030608, 0.994476)
52.89331, (2.681518, 2.403886, 3.622136), (-0.078392, -0.059728, 0.032631, 0.994597)
52.90749, (2.616897, 2.400426, 3.633738), (-0.079003, -0.055697, 0.034721, 0.994711)
52.92107, (2.555738, 2.393739, 3.647759), (-0.079508, -0.052355, 0.036773, 0.994779)
52.93504, (2.493723, 2.388254, 3.658858), (-0.079989, -0.048890, 0.039121, 0.994827)
52.94876, (2.427689, 2.381452, 3.667156), (-0.080219, -0.045645, 0.040066, 0.994925)
52.96298, (2.363858, 2.376271, 3.674271), (-0.079598, -0.043890, 0.042362, 0.994959)
52.97674, (2.299388, 2.370609, 3.678049), (-0.077951, -0.043745, 0.044920, 0.994984)
52.99017, (2.236998, 2.367016, 3.680466), (-0.075822, -0.044939, 0.049225, 0.994891)
53.00407, (2.174152, 2.364590, 3.678671), (-0.073154, -0.046957, 0.052750, 0.994817)
53.01807, (2.113802, 2.361604, 3.678822), (-0.071216, -0.048865, 0.056027, 0.994687)
53.03202, (2.055770, 2.360957, 3.678539), (-0.071650, -0.050688, 0.057249, 0.994495)
53.04588, (1.993805, 2.364256, 3.675434), (-0.072165, -0.050205, 0.057583, 0.994463)
53.0599, (1.935584, 2.362471, 3.670781), (-0.073910, -0.049156, 0.056790, 0.994433)
53.07372, (1.878919, 2.359869, 3.666171), (-0.075597, -0.047310, 0.057367, 0.994362)
53.08767, (1.820128, 2.358391, 3.663094), (-0.076888, -0.044700, 0.058573, 0.994314)
53.10162, (1.762360, 2.356596, 3.661125), (-0.078399, -0.041743, 0.060650, 0.994200)
53.11561, (1.703715, 2.356579, 3.658260), (-0.079803, -0.038905, 0.062888, 0.994064)
53.12948, (1.647537, 2.359247, 3.653865), (-0.081801, -0.035249, 0.065417, 0.993875)
53.14357, (1.592109, 2.356858, 3.648159), (-0.084607, -0.031850, 0.068025, 0.993579)
53.15738, (1.536448, 2.356079, 3.645416), (-0.086746, -0.028836, 0.071631, 0.993233)
53.17107, (1.478634, 2.354459, 3.643624), (-0.089161, -0.024995, 0.075614, 0.992828)
53.18515, (1.425423, 2.350698, 3.641622), (-0.090910, -0.022019, 0.078740, 0.992497)
53.19881, (1.369636, 2.343737, 3.639014), (-0.092472, -0.018295, 0.081476, 0.992208)
53.21285, (1.315668, 2.336701, 3.634747), (-0.093385, -0.015250, 0.084340, 0.991934)
53.22646, (1.262960, 2.334629, 3.632093), (-0.093846, -0.012670, 0.086782, 0.991716)
53.2406, (1.209538, 2.325418, 3.626325), (-0.093655, -0.010582, 0.089596, 0.991509)
53.25429, (1.154724, 2.318335, 3.620917), (-0.093424, -0.007931, 0.093111, 0.991231)
53.26803, (1.104100, 2.311953, 3.616226), (-0.092948, -0.005989, 0.096321, 0.990983)
53.28185, (1.053903, 2.309921, 3.613038), (-0.091771, -0.004166, 0.099476, 0.990790)
53.29598, (1.001280, 2.307101, 3.611255), (-0.091587, -0.001566, 0.101230, 0.990637)
53.30974, (0.958205, 2.303237, 3.609360), (-0.092440, -0.000710, 0.102740, 0.990403)
53.32365, (0.906285, 2.300516, 3.605229), (-0.092266, 0.002050, 0.104705, 0.990212)
53.33775, (0.871626, 2.297971, 3.596026), (-0.093367, 0.003052, 0.108344, 0.989715)
53.35146, (0.828919, 2.295008, 3.590827), (-0.094618, 0.004373, 0.112249, 0.989155)
53.36535, (0.787525, 2.292511, 3.585867), (-0.095407, 0.004957, 0.114901, 0.988772)
53.37929, (0.742968, 2.290545, 3.581240), (-0.095603, 0.006131, 0.116676, 0.988539)
53.3933, (0.702661, 2.288966, 3.576268), (-0.096588, 0.006930, 0.117698, 0.988317)
53.40713, (0.665686, 2.288883, 3.572133), (-0.098253, 0.007064, 0.118209, 0.988091)
53.421, (0.623561, 2.286743, 3.567816), (-0.099064, 0.008270, 0.120204, 0.987760)
53.43493, (0.593571, 2.283303, 3.561435), (-0.101146, 0.006777, 0.122079, 0.987330)
53.44902, (0.559733, 2.282354, 3.556322), (-0.101325, 0.006225, 0.124897, 0.986963)
53.46301, (0.523922, 2.282875, 3.552418), (-0.101518, 0.006538, 0.127105, 0.986659)
53.47651, (0.495369, 2.283914, 3.550765), (-0.104138, 0.005598, 0.128431, 0.986220)
53.49041, (0.470211, 2.281594, 3.546250), (-0.106605, 0.003501, 0.131203, 0.985601)
53.5042, (0.444393, 2.275634, 3.541394), (-0.107522, 0.002327, 0.133844, 0.985150)
53.51806, (0.423748, 2.267429, 3.535583), (-0.106467, 0.001206, 0.137678, 0.984738)
53.53196, (0.405680, 2.260516, 3.530656), (-0.104443, -0.000160, 0.140685, 0.984530)
53.54578, (0.387951, 2.250602, 3.527349), (-0.101835, -0.000597, 0.142306, 0.984570)
53.55991, (0.372499, 2.245601, 3.528116), (-0.099309, -0.001277, 0.143539, 0.984649)
53.57403, (0.363075, 2.242031, 3.529327), (-0.097665, -0.001372, 0.143613, 0.984802)
53.58762, (0.355875, 2.237099, 3.528535), (-0.097558, -0.001529, 0.144364, 0.984703)
53.60156, (0.353178, 2.231784, 3.529508), (-0.097445, -0.001738, 0.145044, 0.984614)
53.61567, (0.342235, 2.227478, 3.529388), (-0.096628, -0.002205, 0.146741, 0.984442)
53.62939, (0.354853, 2.219011, 3.531598), (-0.092238, -0.001999, 0.147419, 0.984762)
53.64323, (0.361132, 2.214272, 3.536431), (-0.088591, -0.000760, 0.147367, 0.985106)
53.65704, (0.368166, 2.209833, 3.539009), (-0.086311, 0.000035, 0.146925, 0.985375)
53.67098, (0.384918, 2.203921, 3.542129), (-0.084143, 0.001881, 0.145081, 0.985834)
53.68511, (0.401804, 2.197604, 3.544376), (-0.081514, 0.004440, 0.143420, 0.986289)
53.69905, (0.423344, 2.191353, 3.547676), (-0.078003, 0.008062, 0.141284, 0.986858)
53.71288, (0.449199, 2.187930, 3.553697), (-0.074534, 0.014207, 0.139044, 0.987375)
53.7267, (0.478786, 2.188237, 3.560206), (-0.071786, 0.020657, 0.135688, 0.987932)
53.74076, (0.508804, 2.189128, 3.566375), (-0.071219, 0.028473, 0.131883, 0.988294)
53.75481, (0.541176, 2.189767, 3.573922), (-0.070299, 0.035811, 0.128330, 0.988588)
53.76928, (0.578870, 2.188060, 3.581489), (-0.069501, 0.044588, 0.124404, 0.988790)
53.78279, (0.616963, 2.190976, 3.590186), (-0.068781, 0.054418, 0.120652, 0.988813)
53.79654, (0.658775, 2.200133, 3.598375), (-0.067948, 0.063899, 0.116735, 0.988774)
53.81027, (0.699422, 2.207220, 3.606306), (-0.068655, 0.072607, 0.113384, 0.988514)
53.8241, (0.742143, 2.220839, 3.616483), (-0.070656, 0.082319, 0.110033, 0.987990)
53.83802, (0.782621, 2.230020, 3.622872), (-0.073351, 0.091693, 0.108504, 0.987137)
53.85191, (0.832003, 2.236593, 3.622483), (-0.078474, 0.099443, 0.106861, 0.986171)
53.86577, (0.874554, 2.247515, 3.626542), (-0.079826, 0.107818, 0.103678, 0.985522)
53.87941, (0.925626, 2.248236, 3.621505), (-0.083735, 0.115210, 0.100554, 0.984685)
53.89374, (0.973037, 2.258383, 3.615776), (-0.083564, 0.122428, 0.098085, 0.984077)
53.90719, (1.023072, 2.260629, 3.610822), (-0.083885, 0.129416, 0.095113, 0.983447)
53.92122, (1.071700, 2.263174, 3.604180), (-0.083302, 0.138004, 0.090500, 0.982764)
53.93505, (1.124906, 2.264735, 3.597670), (-0.083909, 0.145543, 0.085912, 0.982037)
53.94896, (1.171889, 2.266487, 3.589898), (-0.084769, 0.154623, 0.080252, 0.981053)
53.96309, (1.221849, 2.271086, 3.582622), (-0.085513, 0.162948, 0.074026, 0.980130)
53.97687, (1.269943, 2.272142, 3.572437), (-0.086890, 0.170489, 0.069242, 0.979076)
53.99114, (1.317750, 2.273654, 3.564075), (-0.087774, 0.177190, 0.065453, 0.978067)
54.00505, (1.359318, 2.272644, 3.555384), (-0.088081, 0.183747, 0.062474, 0.977024)
54.01894, (1.406012, 2.272692, 3.546059), (-0.087248, 0.189062, 0.059249, 0.976285)
54.03327, (1.451550, 2.272205, 3.534780), (-0.086584, 0.194163, 0.056480, 0.975507)
54.04682, (1.495958, 2.276156, 3.524380), (-0.085339, 0.200140, 0.053155, 0.974595)
54.06074, (1.542920, 2.275078, 3.511359), (-0.085578, 0.204924, 0.049285, 0.973783)
54.07467, (1.584597, 2.278816, 3.499507), (-0.084889, 0.208527, 0.046247, 0.973227)
54.08884, (1.628094, 2.275440, 3.485342), (-0.085441, 0.210922, 0.043285, 0.972799)
54.10273, (1.672202, 2.271180, 3.470857), (-0.085663, 0.210776, 0.039780, 0.972961)
54.1163, (1.716262, 2.270465, 3.457565), (-0.084890, 0.212332, 0.036790, 0.972808)
54.13017, (1.758896, 2.268505, 3.439467), (-0.083375, 0.208144, 0.033044, 0.973978)
54.1442, (1.796548, 2.267914, 3.423559), (-0.082314, 0.204067, 0.026632, 0.975127)
54.15808, (1.838075, 2.265537, 3.408391), (-0.083115, 0.201438, 0.018701, 0.975790)
54.17201, (1.877115, 2.264633, 3.392509), (-0.083711, 0.200444, 0.011187, 0.976058)
54.18625, (1.920448, 2.253752, 3.375678), (-0.085246, 0.198124, 0.002220, 0.976461)
54.19977, (1.954434, 2.242478, 3.357430), (-0.085014, 0.197311, -0.005560, 0.976632)
54.21378, (1.984293, 2.227662, 3.340505), (-0.082879, 0.195065, -0.014589, 0.977173)
54.22795, (2.013617, 2.218114, 3.327125), (-0.079741, 0.192436, -0.022044, 0.977816)
54.24181, (2.034829, 2.209101, 3.317156), (-0.077337, 0.188903, -0.030408, 0.978473)
54.25568, (2.056127, 2.198133, 3.307250), (-0.075884, 0.184682, -0.037193, 0.979158)
54.26961, (2.074386, 2.180786, 3.299463), (-0.073216, 0.179575, -0.042354, 0.980101)
54.28339, (2.090369, 2.162852, 3.290596), (-0.068343, 0.174817, -0.047294, 0.981087)
54.29725, (2.101086, 2.140393, 3.280112), (-0.059607, 0.167757, -0.051396, 0.982682)
54.31128, (2.104595, 2.122153, 3.271802), (-0.049310, 0.160868, -0.054155, 0.984255)
54.32505, (2.113332, 2.105190, 3.264208), (-0.041857, 0.153904, -0.058046, 0.985491)
54.33908, (2.111140, 2.091070, 3.258747), (-0.032977, 0.147240, -0.062497, 0.986573)
54.35294, (2.112406, 2.077236, 3.253658), (-0.024252, 0.141109, -0.068150, 0.987348)
54.36678, (2.106409, 2.059639, 3.251145), (-0.014989, 0.134656, -0.072581, 0.988117)
54.3808, (2.102808, 2.039473, 3.247315), (-0.007160, 0.128490, -0.078324, 0.988587)
54.39464, (2.091589, 2.024741, 3.244443), (0.003886, 0.120222, -0.082127, 0.989337)
54.40893, (2.083047, 2.007902, 3.245116), (0.015044, 0.113237, -0.085768, 0.989745)
54.42253, (2.075933, 1.988937, 3.248171), (0.022755, 0.108079, -0.086425, 0.990117)
54.43627, (2.070413, 1.979378, 3.249190), (0.028922, 0.103523, -0.086592, 0.990428)
54.45026, (2.060066, 1.970161, 3.253505), (0.034913, 0.098988, -0.087928, 0.990581)
54.46424, (2.047911, 1.962503, 3.260142), (0.039205, 0.093548, -0.089198, 0.990836)
54.47831, (2.026316, 1.957062, 3.266149), (0.045590, 0.088169, -0.092020, 0.990798)
54.49195, (2.003174, 1.943295, 3.272780), (0.051141, 0.081192, -0.091063, 0.991211)
54.50611, (1.988998, 1.928507, 3.276273), (0.056890, 0.075466, -0.092408, 0.991226)
54.51979, (1.974807, 1.916647, 3.280792), (0.063386, 0.069652, -0.094193, 0.991090)
54.53369, (1.946331, 1.911278, 3.288946), (0.067499, 0.062644, -0.083417, 0.992251)
54.54759, (1.911686, 1.903812, 3.291236), (0.073599, 0.051589, -0.080171, 0.992721)
54.5615, (1.880360, 1.890379, 3.293916), (0.079267, 0.039805, -0.078228, 0.992982)
54.57566, (1.852716, 1.880224, 3.297418), (0.083031, 0.029145, -0.072150, 0.993504)
54.58915, (1.823615, 1.876984, 3.299965), (0.086768, 0.018993, -0.067654, 0.993747)
54.60311, (1.789952, 1.877826, 3.302322), (0.088328, 0.008739, -0.064381, 0.993970)
54.61684, (1.754003, 1.880450, 3.305483), (0.086858, -0.000786, -0.064519, 0.994129)
54.63095, (1.724043, 1.879145, 3.309667), (0.083067, -0.010208, -0.063460, 0.994469)
54.64482, (1.689976, 1.880633, 3.315168), (0.084854, -0.018486, -0.062556, 0.994256)
54.65866, (1.656389, 1.876218, 3.314033), (0.084666, -0.025829, -0.059782, 0.994279)
54.67296, (1.625611, 1.872228, 3.310373), (0.086003, -0.032691, -0.057098, 0.994120)
54.68686, (1.594372, 1.873573, 3.307130), (0.087531, -0.039645, -0.053597, 0.993929)
54.70042, (1.564656, 1.874572, 3.309663), (0.088624, -0.047121, -0.050123, 0.993687)
54.71422, (1.533822, 1.874868, 3.310050), (0.087202, -0.053331, -0.046837, 0.993659)
54.7283, (1.499861, 1.877632, 3.310270), (0.088357, -0.059784, -0.044035, 0.993318)
54.74213, (1.468892, 1.881288, 3.312028), (0.088844, -0.065793, -0.040670, 0.993038)
54.75597, (1.438629, 1.884096, 3.308882), (0.088945, -0.070889, -0.037539, 0.992801)
54.7702, (1.411260, 1.887716, 3.306407), (0.088284, -0.076832, -0.033392, 0.992566)
54.7837, (1.383082, 1.891812, 3.305653), (0.089486, -0.081972, -0.029567, 0.992169)
54.79767, (1.355646, 1.889070, 3.303044), (0.090079, -0.087075, -0.025725, 0.991787)
54.81147, (1.326939, 1.892408, 3.300310), (0.089867, -0.091218, -0.023927, 0.991479)
54.82543, (1.300217, 1.898818, 3.299978), (0.089147, -0.094297, -0.022809, 0.991282)
54.83951, (1.276016, 1.908770, 3.296186), (0.089086, -0.096825, -0.021638, 0.991070)
54.8534, (1.258716, 1.911238, 3.292505), (0.085852, -0.098479, -0.018749, 0.991252)
54.86725, (1.241044, 1.919775, 3.290053), (0.082666, -0.098380, -0.014728, 0.991600)
54.88132, (1.226085, 1.942466, 3.298127), (0.079276, -0.097025, -0.012582, 0.992040)
54.8951, (1.207186, 1.963719, 3.304526), (0.072193, -0.093262, -0.012545, 0.992942)
54.90911, (1.205024, 2.005019, 3.317845), (0.056668, -0.089572, -0.013179, 0.994280)
54.9232, (1.192982, 2.039256, 3.324783), (0.042849, -0.084218, -0.014100, 0.995426)
54.93686, (1.190336, 2.068809, 3.323305), (0.025668, -0.078142, -0.014262, 0.996510)
54.9507, (1.186659, 2.082133, 3.305479), (0.007014, -0.073171, -0.013721, 0.997200)
54.96483, (1.181225, 2.095689, 3.284474), (-0.008200, -0.070066, -0.010253, 0.997456)
54.97862, (1.173935, 2.108773, 3.263647), (-0.022971, -0.067202, -0.005457, 0.997460)
54.99246, (1.169123, 2.127420, 3.252680), (-0.033971, -0.065417, -0.002269, 0.997277)
55.00603, (1.162965, 2.143043, 3.240012), (-0.047090, -0.063906, -0.000867, 0.996844)
55.01973, (1.155213, 2.163917, 3.228627), (-0.058692, -0.064915, -0.001586, 0.996162)
55.03358, (1.148889, 2.183247, 3.209059), (-0.068648, -0.066348, -0.003586, 0.995426)
55.0474, (1.136981, 2.200345, 3.184728), (-0.076949, -0.067877, -0.005935, 0.994704)
55.06153, (1.131240, 2.212660, 3.157793), (-0.085738, -0.072230, -0.007675, 0.993666)
55.07479, (1.125685, 2.227139, 3.136568), (-0.094201, -0.074899, -0.009717, 0.992684)
55.08863, (1.120911, 2.243805, 3.116379), (-0.102692, -0.077955, -0.011475, 0.991588)
55.10236, (1.117773, 2.260536, 3.089370), (-0.113496, -0.081400, -0.012172, 0.990124)
55.11607, (1.111763, 2.282687, 3.063068), (-0.120788, -0.084523, -0.013525, 0.988981)
55.12999, (1.106300, 2.296153, 3.036243), (-0.129377, -0.087066, -0.013737, 0.987670)
55.14384, (1.104522, 2.305706, 3.008053), (-0.138561, -0.090308, -0.014106, 0.986127)
55.15796, (1.100729, 2.318603, 2.979706), (-0.148472, -0.092877, -0.015166, 0.984429)
55.17194, (1.096692, 2.332990, 2.954048), (-0.159579, -0.095097, -0.016491, 0.982456)
55.18548, (1.095182, 2.347524, 2.924942), (-0.168884, -0.097367, -0.017506, 0.980659)
55.19935, (1.094303, 2.357519, 2.893971), (-0.177443, -0.099500, -0.017688, 0.978928)
55.21334, (1.093426, 2.363367, 2.864458), (-0.186414, -0.101912, -0.017016, 0.977023)
55.22723, (1.089073, 2.368597, 2.832417), (-0.194440, -0.103415, -0.016004, 0.975317)
55.24129, (1.090183, 2.371793, 2.801007), (-0.201817, -0.106391, -0.015852, 0.973499)
55.25552, (1.086049, 2.378037, 2.769063), (-0.207991, -0.107965, -0.015661, 0.972028)
55.26938, (1.081407, 2.381235, 2.737521), (-0.214004, -0.109032, -0.015674, 0.970602)
55.28318, (1.082705, 2.383183, 2.706854), (-0.217599, -0.110805, -0.014447, 0.969621)
55.29704, (1.080433, 2.385629, 2.675295), (-0.222578, -0.113380, -0.014271, 0.968195)
55.31107, (1.076351, 2.390758, 2.642871), (-0.228701, -0.115240, -0.013737, 0.966554)
55.32499, (1.071432, 2.392918, 2.612578), (-0.231561, -0.116391, -0.013057, 0.965744)
55.3386, (1.070949, 2.389826, 2.579904), (-0.233010, -0.118142, -0.011694, 0.965201)
55.35314, (1.066219, 2.388080, 2.546738), (-0.234782, -0.118987, -0.010135, 0.964685)
55.36686, (1.063851, 2.386509, 2.517970), (-0.236332, -0.120016, -0.008471, 0.964195)
55.38048, (1.058748, 2.383440, 2.486467), (-0.240717, -0.121159, -0.007136, 0.962977)
55.39435, (1.053547, 2.383152, 2.453326), (-0.244108, -0.121927, -0.006904, 0.962028)
55.40837, (1.045682, 2.385831, 2.419007), (-0.244388, -0.124131, -0.006540, 0.961677)
55.42241, (1.040718, 2.385737, 2.385804), (-0.247659, -0.125610, -0.005773, 0.960653)
55.43617, (1.033739, 2.385259, 2.353104), (-0.247451, -0.127778, -0.005724, 0.960421)
55.45013, (1.032552, 2.387143, 2.321369), (-0.252796, -0.129687, -0.003477, 0.958782)
55.46402, (1.030029, 2.391478, 2.291193), (-0.257209, -0.130689, -0.000591, 0.957478)
55.47801, (1.023391, 2.392468, 2.258262), (-0.260445, -0.131735, 0.000674, 0.956459)
55.49182, (1.014071, 2.394444, 2.225574), (-0.265034, -0.132438, 0.001238, 0.955100)
55.50584, (1.011531, 2.401612, 2.196305), (-0.268793, -0.134962, 0.002556, 0.953692)
55.51944, (1.005746, 2.406360, 2.165233), (-0.272476, -0.135993, 0.005278, 0.952489)
55.53336, (1.001676, 2.405224, 2.142558), (-0.277353, -0.138314, 0.007745, 0.950729)
55.54726, (0.962866, 2.431549, 2.103607), (-0.281659, -0.136326, 0.007465, 0.949751)
55.56145, (0.981064, 2.408886, 2.097873), (-0.284410, -0.142707, 0.010560, 0.947963)
55.57526, (0.972276, 2.404349, 2.076660), (-0.287070, -0.143333, 0.011498, 0.947056)
55.5893, (0.967747, 2.402925, 2.051625), (-0.290314, -0.144936, 0.013819, 0.945791)
55.60316, (0.959516, 2.401236, 2.028478), (-0.290568, -0.145739, 0.015772, 0.945559)
55.61699, (0.952392, 2.397727, 2.009443), (-0.292894, -0.147532, 0.018862, 0.944506)
55.631, (0.942910, 2.392904, 1.991301), (-0.293810, -0.149222, 0.021263, 0.943905)
55.64486, (0.935963, 2.388877, 1.972997), (-0.294739, -0.151232, 0.023038, 0.943254)
55.65894, (0.929197, 2.386938, 1.953237), (-0.296438, -0.152943, 0.024298, 0.942413)
55.67267, (0.924973, 2.385564, 1.937799), (-0.298557, -0.155149, 0.024847, 0.941369)
55.68699, (0.920280, 2.383866, 1.920603), (-0.299344, -0.157341, 0.026436, 0.940711)
55.70065, (0.913949, 2.378805, 1.907798), (-0.299355, -0.159694, 0.026457, 0.940311)
55.7146, (0.904513, 2.375040, 1.891639), (-0.298766, -0.160943, 0.027208, 0.940264)
55.72846, (0.897261, 2.373011, 1.877268), (-0.298687, -0.163026, 0.027938, 0.939909)
55.74224, (0.891120, 2.372117, 1.866214), (-0.299150, -0.165454, 0.028577, 0.939318)
55.7562, (0.882831, 2.368474, 1.854117), (-0.300679, -0.168455, 0.028949, 0.938284)
55.77013, (0.875662, 2.368250, 1.841687), (-0.300891, -0.172256, 0.030134, 0.937489)
55.78394, (0.868698, 2.366749, 1.829003), (-0.300896, -0.175285, 0.031255, 0.936889)
55.79792, (0.861670, 2.364763, 1.820914), (-0.302585, -0.178501, 0.033088, 0.935674)
55.81189, (0.853195, 2.363400, 1.816433), (-0.304604, -0.182342, 0.035053, 0.934205)
55.82579, (0.843098, 2.358712, 1.809316), (-0.304979, -0.186687, 0.035995, 0.933188)
55.83966, (0.833111, 2.356154, 1.798194), (-0.304117, -0.191811, 0.038422, 0.932333)
55.85386, (0.823414, 2.351602, 1.790605), (-0.304168, -0.197626, 0.040556, 0.931011)
55.86768, (0.811862, 2.350596, 1.782902), (-0.303871, -0.203636, 0.042801, 0.929711)
55.8819, (0.799469, 2.344563, 1.776117), (-0.303723, -0.209458, 0.045544, 0.928335)
55.89558, (0.790017, 2.336512, 1.771824), (-0.302325, -0.216931, 0.048915, 0.926902)
55.90949, (0.778163, 2.329897, 1.765490), (-0.300421, -0.224375, 0.052568, 0.925548)
55.92345, (0.767524, 2.323296, 1.758188), (-0.299030, -0.231299, 0.055587, 0.924117)
55.93724, (0.753502, 2.317206, 1.754134), (-0.292930, -0.246506, 0.059086, 0.921920)
55.95133, (0.743471, 2.312313, 1.750414), (-0.290797, -0.255808, 0.062770, 0.919815)
55.96519, (0.732481, 2.306393, 1.744090), (-0.289183, -0.263376, 0.065568, 0.917991)
55.97921, (0.721492, 2.300472, 1.737768), (-0.287549, -0.270925, 0.068362, 0.916102)
55.99293, (0.712532, 2.293575, 1.743764), (-0.285556, -0.277702, 0.071553, 0.914450)
56.00692, (0.701927, 2.287328, 1.739373), (-0.283849, -0.285119, 0.074372, 0.912472)
56.02086, (0.695270, 2.270577, 1.733667), (-0.283102, -0.287380, 0.076493, 0.911819)
56.03458, (0.700533, 2.299293, 1.751873), (-0.277813, -0.284873, 0.076798, 0.914204)
56.04823, (0.707308, 2.297848, 1.764914), (-0.282442, -0.275360, 0.072337, 0.916063)
56.06223, (0.705660, 2.297295, 1.772002), (-0.281746, -0.274285, 0.072747, 0.916567)
56.07618, (0.704376, 2.296654, 1.778313), (-0.281751, -0.274762, 0.072140, 0.916471)
56.08987, (0.704181, 2.297733, 1.782415), (-0.281325, -0.275438, 0.071032, 0.916485)
56.10392, (0.703372, 2.295907, 1.787215), (-0.281373, -0.276359, 0.070468, 0.916236)
56.118, (0.702959, 2.296611, 1.792557), (-0.280502, -0.277030, 0.069121, 0.916404)
56.13178, (0.703747, 2.295789, 1.797870), (-0.279850, -0.276975, 0.067875, 0.916713)
56.14574, (0.705291, 2.298499, 1.806208), (-0.278729, -0.276859, 0.066660, 0.917178)
56.15929, (0.704772, 2.301255, 1.813412), (-0.278903, -0.275958, 0.065487, 0.917481)
56.17318, (0.707329, 2.301574, 1.818109), (-0.279581, -0.275397, 0.064211, 0.917534)
56.18703, (0.707874, 2.301475, 1.823677), (-0.279621, -0.275049, 0.063695, 0.917662)
56.20092, (0.708132, 2.301252, 1.831415), (-0.279629, -0.275559, 0.064187, 0.917472)
56.21478, (0.709013, 2.302010, 1.838325), (-0.278943, -0.275896, 0.063871, 0.917602)
56.22869, (0.710533, 2.303458, 1.844778), (-0.278764, -0.275055, 0.062643, 0.917993)
56.24254, (0.712993, 2.305105, 1.849056), (-0.279038, -0.273763, 0.061555, 0.918370)
56.25666, (0.715358, 2.305700, 1.853825), (-0.280527, -0.271994, 0.061307, 0.918458)
56.27042, (0.713992, 2.304688, 1.860004), (-0.281628, -0.271323, 0.061711, 0.918293)
56.28437, (0.714125, 2.304918, 1.865070), (-0.281844, -0.271633, 0.062246, 0.918099)
56.29819, (0.714971, 2.303032, 1.871066), (-0.281268, -0.272026, 0.062008, 0.918175)
56.31195, (0.717316, 2.304602, 1.874995), (-0.280187, -0.270722, 0.062600, 0.918850)
56.32606, (0.719550, 2.305167, 1.879353), (-0.281086, -0.268755, 0.062151, 0.919184)
56.33984, (0.720847, 2.307039, 1.884761), (-0.281525, -0.267203, 0.062103, 0.919505)
56.35399, (0.719568, 2.307312, 1.890068), (-0.281965, -0.265967, 0.062728, 0.919686)
56.36775, (0.720400, 2.306991, 1.894446), (-0.281069, -0.265787, 0.063094, 0.919987)
56.38137, (0.721504, 2.307118, 1.898834), (-0.281065, -0.264984, 0.063171, 0.920215)
56.39525, (0.724064, 2.308115, 1.905408), (-0.278423, -0.263891, 0.062997, 0.921344)
56.40947, (0.726057, 2.308947, 1.910864), (-0.277811, -0.262550, 0.062601, 0.921938)
56.4231, (0.730603, 2.317046, 1.918607), (-0.277082, -0.256089, 0.061336, 0.924057)
56.43702, (0.741817, 2.320187, 1.929289), (-0.278478, -0.246127, 0.059754, 0.926446)
56.45093, (0.755988, 2.324096, 1.944092), (-0.277056, -0.234776, 0.059686, 0.929816)
56.46479, (0.769938, 2.328404, 1.960449), (-0.276635, -0.222790, 0.058205, 0.932979)
56.47858, (0.789242, 2.332518, 1.976457), (-0.276154, -0.208943, 0.056178, 0.936443)
56.49253, (0.810459, 2.341815, 1.995542), (-0.274434, -0.187478, 0.052657, 0.941682)
56.50639, (0.833256, 2.352815, 2.017078), (-0.273935, -0.165820, 0.049143, 0.946070)
56.52029, (0.864813, 2.361320, 2.042556), (-0.276466, -0.143073, 0.045027, 0.949247)
56.53394, (0.900178, 2.367160, 2.064981), (-0.278241, -0.118712, 0.042148, 0.952215)
56.54781, (0.935820, 2.364978, 2.086095), (-0.281160, -0.090824, 0.039254, 0.954547)
56.56184, (0.975530, 2.369782, 2.102838), (-0.283310, -0.066916, 0.035172, 0.956044)
56.57543, (1.008213, 2.382437, 2.118353), (-0.283655, -0.043237, 0.029158, 0.957507)
56.58911, (1.044294, 2.388551, 2.132936), (-0.284855, -0.021438, 0.024135, 0.958027)
56.60291, (1.080582, 2.389461, 2.145245), (-0.284105, -0.000964, 0.022254, 0.958534)
56.61672, (1.117256, 2.387433, 2.157146), (-0.283666, 0.018497, 0.022283, 0.958486)
56.63058, (1.149229, 2.387043, 2.165952), (-0.281651, 0.037249, 0.021823, 0.958545)
56.64437, (1.183191, 2.384295, 2.174396), (-0.279914, 0.051486, 0.021691, 0.958398)
56.65808, (1.216111, 2.391565, 2.180598), (-0.281736, 0.062663, 0.019272, 0.957250)
56.67215, (1.236591, 2.403488, 2.188690), (-0.286852, 0.070611, 0.014557, 0.955258)
56.68618, (1.259548, 2.407476, 2.194334), (-0.291288, 0.079383, 0.011081, 0.953272)
56.69958, (1.287842, 2.408468, 2.199566), (-0.294616, 0.085470, 0.008401, 0.951749)
56.71359, (1.313536, 2.405012, 2.203771), (-0.297859, 0.087896, 0.008635, 0.950516)
56.72751, (1.341585, 2.409346, 2.207928), (-0.299534, 0.094162, 0.007957, 0.949394)
56.74118, (1.359356, 2.413086, 2.215657), (-0.301153, 0.097575, 0.008477, 0.948533)
56.75502, (1.379789, 2.419043, 2.219119), (-0.302214, 0.101400, 0.008268, 0.947796)
56.76917, (1.395450, 2.425877, 2.223325), (-0.304137, 0.103832, 0.007788, 0.946921)
56.78329, (1.415076, 2.430198, 2.228651), (-0.307102, 0.105097, 0.007212, 0.945828)
56.79691, (1.430547, 2.436783, 2.234984), (-0.310217, 0.105936, 0.006827, 0.944721)
56.81087, (1.444792, 2.443753, 2.240450), (-0.313204, 0.106224, 0.006881, 0.943702)
56.8245, (1.455229, 2.449896, 2.244794), (-0.314732, 0.107104, 0.007513, 0.943089)
56.83843, (1.471142, 2.452428, 2.251900), (-0.316327, 0.109300, 0.008222, 0.942297)
56.85252, (1.483123, 2.457675, 2.263824), (-0.316859, 0.109868, 0.010179, 0.942033)
56.86628, (1.491323, 2.465023, 2.272684), (-0.318176, 0.110886, 0.010922, 0.941461)
56.88011, (1.499891, 2.470875, 2.281954), (-0.320150, 0.110315, 0.010710, 0.940861)
56.89404, (1.508399, 2.477053, 2.291916), (-0.321661, 0.111131, 0.010302, 0.940254)
56.90792, (1.519349, 2.481477, 2.301342), (-0.322732, 0.112212, 0.010155, 0.939760)
56.92197, (1.526365, 2.485198, 2.312062), (-0.324115, 0.114244, 0.010921, 0.939031)
56.93583, (1.531753, 2.491236, 2.322473), (-0.326242, 0.115816, 0.011524, 0.938094)
56.94975, (1.532354, 2.499447, 2.330050), (-0.328853, 0.117871, 0.012760, 0.936910)
56.96367, (1.537680, 2.507358, 2.336694), (-0.331439, 0.119298, 0.014519, 0.935791)
56.97745, (1.540361, 2.514191, 2.344081), (-0.337273, 0.121984, 0.016026, 0.933333)
56.99151, (1.542931, 2.526025, 2.350808), (-0.342107, 0.124536, 0.017633, 0.931205)
57.00571, (1.542758, 2.534536, 2.358397), (-0.349034, 0.127784, 0.018134, 0.928180)
57.01933, (1.539761, 2.544903, 2.361468), (-0.354173, 0.131332, 0.020627, 0.925682)
57.03306, (1.535961, 2.554535, 2.365143), (-0.361966, 0.135151, 0.022594, 0.922065)
57.047, (1.532578, 2.566050, 2.366900), (-0.369924, 0.138461, 0.024609, 0.918357)
57.06096, (1.524686, 2.572950, 2.370186), (-0.377230, 0.142000, 0.027747, 0.914748)
57.07499, (1.513078, 2.574358, 2.376330), (-0.383332, 0.144647, 0.029508, 0.911737)
57.08886, (1.499363, 2.580363, 2.378812), (-0.386562, 0.147510, 0.032918, 0.909795)
57.10312, (1.488334, 2.578688, 2.382819), (-0.388446, 0.148245, 0.035863, 0.908761)
57.11578, (1.475626, 2.576554, 2.383737), (-0.389032, 0.149269, 0.040039, 0.908169)
57.12955, (1.463527, 2.576468, 2.386243), (-0.388219, 0.149318, 0.046078, 0.908222)
57.14358, (1.454837, 2.578039, 2.388336), (-0.389492, 0.149269, 0.050762, 0.907435)
57.15749, (1.440845, 2.586241, 2.388778), (-0.388978, 0.149895, 0.053047, 0.907422)
57.17115, (1.429034, 2.586199, 2.388229), (-0.389446, 0.150368, 0.054341, 0.907066)
57.18483, (1.417775, 2.583129, 2.386197), (-0.390306, 0.150917, 0.056078, 0.906499)
57.19889, (1.405661, 2.583002, 2.379757), (-0.389781, 0.152448, 0.057825, 0.906359)
57.21257, (1.394900, 2.581711, 2.376612), (-0.390853, 0.153750, 0.060605, 0.905496)
57.22652, (1.386414, 2.581918, 2.371989), (-0.391879, 0.154005, 0.062827, 0.904857)
57.24063, (1.374038, 2.580972, 2.366588), (-0.391956, 0.154303, 0.064407, 0.904662)
57.25448, (1.364126, 2.577797, 2.359790), (-0.392216, 0.154096, 0.064341, 0.904589)
57.26838, (1.351686, 2.576808, 2.350831), (-0.392742, 0.154369, 0.064972, 0.904269)
57.28221, (1.343157, 2.571218, 2.343070), (-0.394665, 0.154541, 0.065924, 0.903333)
57.29628, (1.337101, 2.568351, 2.334973), (-0.395424, 0.154900, 0.067151, 0.902849)
57.31033, (1.327639, 2.564136, 2.327559), (-0.395944, 0.154864, 0.067846, 0.902575)
57.32392, (1.317863, 2.561680, 2.319825), (-0.396603, 0.155197, 0.069233, 0.902123)
57.33796, (1.310309, 2.559373, 2.309935), (-0.397224, 0.154301, 0.068836, 0.902035)
57.3517, (1.304396, 2.555308, 2.300072), (-0.397497, 0.153841, 0.068110, 0.902048)
57.36562, (1.298187, 2.548281, 2.291162), (-0.396977, 0.153773, 0.067998, 0.902297)
57.37973, (1.292144, 2.541957, 2.281767), (-0.395466, 0.154281, 0.067775, 0.902890)
57.39377, (1.289570, 2.540263, 2.271055), (-0.395753, 0.154968, 0.068679, 0.902578)
57.40755, (1.285277, 2.540812, 2.257504), (-0.397194, 0.155177, 0.069070, 0.901880)
57.42133, (1.280347, 2.540890, 2.243572), (-0.398817, 0.154242, 0.068668, 0.901354)
57.43553, (1.274926, 2.539426, 2.230780), (-0.401144, 0.153367, 0.068297, 0.900499)
57.4492, (1.271975, 2.540017, 2.218989), (-0.402689, 0.153298, 0.068414, 0.899812)
57.46275, (1.270221, 2.539426, 2.204896), (-0.404342, 0.153615, 0.068859, 0.898982)
57.47676, (1.267849, 2.537599, 2.192130), (-0.406212, 0.153858, 0.068943, 0.898091)
57.49051, (1.266319, 2.534950, 2.180715), (-0.407880, 0.154276, 0.068437, 0.897301)
57.50442, (1.262264, 2.534649, 2.168944), (-0.408604, 0.154948, 0.068118, 0.896880)
57.51842, (1.259852, 2.534407, 2.158006), (-0.409462, 0.155009, 0.068139, 0.896476)
57.53239, (1.256988, 2.534285, 2.146983), (-0.410578, 0.154632, 0.068405, 0.896011)
57.54641, (1.254155, 2.534320, 2.137640), (-0.411764, 0.153380, 0.068397, 0.895683)
57.56034, (1.253060, 2.532800, 2.130198), (-0.412948, 0.151395, 0.068629, 0.895457)
57.57411, (1.250415, 2.531294, 2.122226), (-0.412815, 0.150119, 0.069118, 0.895696)
57.58822, (1.249373, 2.528452, 2.115890), (-0.412534, 0.149263, 0.069969, 0.895902)
57.60191, (1.250070, 2.526070, 2.111337), (-0.411821, 0.148585, 0.070410, 0.896308)
57.61604, (1.247747, 2.523419, 2.109218), (-0.410156, 0.148690, 0.070569, 0.897041)
57.62996, (1.246376, 2.519984, 2.107080), (-0.408818, 0.147911, 0.070851, 0.897759)
57.64365, (1.245219, 2.517632, 2.104408), (-0.407452, 0.146638, 0.070675, 0.898602)
57.65758, (1.244893, 2.516922, 2.103504), (-0.406044, 0.144716, 0.070645, 0.899553)
57.67139, (1.246757, 2.513577, 2.103928), (-0.405042, 0.143088, 0.070412, 0.900283)
57.68535, (1.248016, 2.511072, 2.104215), (-0.402992, 0.141804, 0.070969, 0.901362)
57.69939, (1.248916, 2.508942, 2.103686), (-0.401286, 0.140604, 0.071100, 0.902300)
57.71302, (1.250067, 2.508665, 2.102205), (-0.400317, 0.139020, 0.071869, 0.902914)
57.72719, (1.250720, 2.507870, 2.100312), (-0.400957, 0.136952, 0.072824, 0.902870)
57.74073, (1.252899, 2.508065, 2.096956), (-0.401541, 0.133915, 0.073632, 0.903000)
57.75449, (1.253142, 2.505821, 2.096080), (-0.402050, 0.130948, 0.073441, 0.903225)
57.76844, (1.254903, 2.506417, 2.093969), (-0.402810, 0.128271, 0.071796, 0.903403)
57.7823, (1.257350, 2.506764, 2.091949), (-0.403435, 0.127011, 0.070119, 0.903434)
57.79623, (1.260763, 2.506148, 2.091344), (-0.403293, 0.126531, 0.068566, 0.903683)
57.81014, (1.264884, 2.504923, 2.091539), (-0.402416, 0.126673, 0.067197, 0.904157)
57.82407, (1.271167, 2.503459, 2.093921), (-0.401717, 0.126949, 0.066038, 0.904515)
57.83802, (1.280606, 2.499096, 2.107006), (-0.399836, 0.127102, 0.065314, 0.905379)
57.85194, (1.283616, 2.496597, 2.114691), (-0.397536, 0.126803, 0.064640, 0.906481)
57.86585, (1.286846, 2.494395, 2.131378), (-0.392861, 0.125803, 0.063503, 0.908736)
57.87982, (1.291779, 2.488960, 2.148245), (-0.389418, 0.124807, 0.062253, 0.910440)
57.89359, (1.296426, 2.483673, 2.167289), (-0.383858, 0.123978, 0.060429, 0.913034)
57.90742, (1.298863, 2.476560, 2.187009), (-0.378582, 0.123570, 0.058192, 0.915434)
57.92146, (1.304082, 2.468460, 2.208611), (-0.371404, 0.123872, 0.056010, 0.918465)
57.93516, (1.310534, 2.462925, 2.233425), (-0.365992, 0.123966, 0.053882, 0.920749)
57.94928, (1.315786, 2.458516, 2.257090), (-0.361969, 0.123380, 0.052215, 0.922513)
57.96333, (1.321204, 2.454226, 2.283400), (-0.358354, 0.121485, 0.049874, 0.924303)
57.9771, (1.324242, 2.455413, 2.313411), (-0.355319, 0.117459, 0.047150, 0.926136)
57.99096, (1.325748, 2.452542, 2.342956), (-0.351340, 0.113749, 0.045029, 0.928221)
58.00511, (1.325686, 2.451142, 2.376019), (-0.346007, 0.109356, 0.043337, 0.930829)
58.01905, (1.325857, 2.448702, 2.410513), (-0.340712, 0.105062, 0.042225, 0.933324)
58.03253, (1.328625, 2.446352, 2.444142), (-0.335214, 0.100517, 0.040959, 0.935869)
58.04633, (1.327492, 2.444803, 2.481306), (-0.330050, 0.096346, 0.040715, 0.938151)
58.0603, (1.325929, 2.447646, 2.521653), (-0.325444, 0.092110, 0.038618, 0.940272)
58.07407, (1.326171, 2.448826, 2.561736), (-0.321734, 0.087525, 0.036152, 0.942083)
58.08792, (1.326718, 2.452182, 2.602577), (-0.316447, 0.083038, 0.034212, 0.944349)
58.10147, (1.327294, 2.453730, 2.642996), (-0.311190, 0.079122, 0.032286, 0.946498)
58.11572, (1.327327, 2.454389, 2.681281), (-0.306362, 0.075286, 0.030492, 0.948443)
58.1296, (1.328363, 2.462521, 2.725351), (-0.300273, 0.072058, 0.028073, 0.950713)
58.14317, (1.333920, 2.484789, 2.765604), (-0.294764, 0.066928, 0.023959, 0.952922)
58.15691, (1.335031, 2.490869, 2.805484), (-0.289625, 0.062957, 0.021738, 0.954820)
58.17074, (1.336142, 2.496949, 2.845361), (-0.284472, 0.058983, 0.019515, 0.956669)
58.18457, (1.337253, 2.503031, 2.885242), (-0.279304, 0.055006, 0.017291, 0.958470)
58.19856, (1.334819, 2.540337, 2.922302), (-0.276748, 0.049238, 0.010353, 0.959625)
58.21237, (1.329973, 2.579532, 2.952518), (-0.271879, 0.038411, 0.000769, 0.961564)
58.22619, (1.324373, 2.595990, 2.982675), (-0.265523, 0.028608, -0.003964, 0.963672)
58.24035, (1.334751, 2.622873, 2.992839), (-0.268468, 0.013216, 0.001338, 0.963197)
58.25445, (1.341463, 2.639115, 3.023534), (-0.270188, 0.005527, -0.001071, 0.962791)
58.26835, (1.350456, 2.643226, 3.049748), (-0.273835, 0.000870, -0.003652, 0.961770)
58.28177, (1.358615, 2.653474, 3.080709), (-0.272059, -0.002388, -0.005380, 0.962263)
58.29573, (1.368917, 2.661234, 3.112073), (-0.271093, -0.004951, -0.007256, 0.962513)
58.30946, (1.379465, 2.672951, 3.141440), (-0.269339, -0.007325, -0.009046, 0.962975)
58.32314, (1.389301, 2.678039, 3.172397), (-0.269086, -0.008902, -0.010674, 0.963016)
58.33704, (1.406705, 2.680475, 3.204058), (-0.268449, -0.010185, -0.012942, 0.963153)
58.35095, (1.422155, 2.685275, 3.235306), (-0.266299, -0.011030, -0.012704, 0.963744)
58.36503, (1.443617, 2.691145, 3.266803), (-0.263703, -0.013808, -0.012189, 0.964428)
58.37871, (1.464841, 2.701545, 3.294494), (-0.260092, -0.015449, -0.011900, 0.965387)
58.39276, (1.492689, 2.714761, 3.322727), (-0.257540, -0.017365, -0.013356, 0.966019)
58.40653, (1.521217, 2.726376, 3.348024), (-0.255979, -0.019616, -0.014121, 0.966380)
58.42035, (1.560583, 2.736334, 3.367979), (-0.255837, -0.023015, -0.016008, 0.966313)
58.43425, (1.600502, 2.748114, 3.388011), (-0.255211, -0.026893, -0.017631, 0.966350)
58.44848, (1.644627, 2.758969, 3.404880), (-0.255588, -0.031318, -0.020084, 0.966070)
58.46212, (1.694069, 2.769104, 3.422042), (-0.255673, -0.036498, -0.023705, 0.965783)
58.4759, (1.748509, 2.782232, 3.437112), (-0.255178, -0.041787, -0.029231, 0.965549)
58.48975, (1.802615, 2.798069, 3.451577), (-0.255150, -0.045489, -0.036936, 0.965125)
58.50396, (1.862499, 2.817436, 3.466904), (-0.254845, -0.049492, -0.045379, 0.964648)
58.51766, (1.914486, 2.828227, 3.484468), (-0.255373, -0.053434, -0.050734, 0.964031)
58.53144, (1.964638, 2.841645, 3.501732), (-0.254911, -0.057324, -0.055288, 0.963679)
58.54525, (2.051830, 2.867362, 3.504577), (-0.255850, -0.057415, -0.065544, 0.962781)
58.55915, (2.120049, 2.877491, 3.520980), (-0.256741, -0.058227, -0.069329, 0.962230)
58.57307, (2.184446, 2.893249, 3.533253), (-0.255867, -0.059123, -0.071949, 0.962216)
58.58694, (2.251893, 2.906129, 3.544995), (-0.255727, -0.059598, -0.075043, 0.961988)
58.60116, (2.322389, 2.925251, 3.553709), (-0.255549, -0.059759, -0.077363, 0.961841)
58.61488, (2.394583, 2.944174, 3.562493), (-0.256795, -0.059449, -0.079213, 0.961378)
58.62874, (2.465598, 2.966120, 3.572162), (-0.258428, -0.058805, -0.081995, 0.960747)
58.64252, (2.539765, 2.983067, 3.583251), (-0.260766, -0.059821, -0.084377, 0.959845)
58.65642, (2.614146, 2.991701, 3.588696), (-0.262080, -0.062144, -0.084949, 0.959289)
58.67024, (2.686741, 3.000691, 3.592483), (-0.261078, -0.064020, -0.085941, 0.959351)
58.68415, (2.761324, 3.006133, 3.596908), (-0.260953, -0.065851, -0.087087, 0.959157)
58.69802, (2.835926, 3.014168, 3.601159), (-0.260680, -0.067413, -0.088316, 0.959011)
58.71188, (2.908600, 3.020552, 3.603479), (-0.260716, -0.068886, -0.090107, 0.958730)
58.72578, (2.985050, 3.026571, 3.602126), (-0.260337, -0.071346, -0.092185, 0.958455)
58.73975, (3.062092, 3.031144, 3.599691), (-0.259633, -0.073764, -0.094984, 0.958190)
58.75387, (3.136258, 3.037423, 3.601359), (-0.259838, -0.075455, -0.096906, 0.957810)
58.76756, (3.213500, 3.039122, 3.601653), (-0.259907, -0.077369, -0.100564, 0.957261)
58.78137, (3.284980, 3.037527, 3.601349), (-0.260920, -0.077837, -0.105897, 0.956372)
58.79525, (3.356837, 3.036371, 3.600384), (-0.262204, -0.078448, -0.109581, 0.955556)
58.80907, (3.429305, 3.038325, 3.602061), (-0.263462, -0.078778, -0.112520, 0.954841)
58.82301, (3.500581, 3.047383, 3.606685), (-0.265223, -0.078567, -0.116155, 0.953935)
58.8369, (3.572195, 3.052531, 3.610011), (-0.268381, -0.078773, -0.121291, 0.952394)
58.85083, (3.646492, 3.062954, 3.611941), (-0.270814, -0.078878, -0.127299, 0.950912)
58.86474, (3.721096, 3.072042, 3.614505), (-0.272448, -0.078351, -0.132981, 0.949710)
58.87897, (3.795768, 3.077589, 3.619290), (-0.273988, -0.077537, -0.138461, 0.948550)
58.8928, (3.869353, 3.084065, 3.622342), (-0.275444, -0.077766, -0.142925, 0.947447)
58.90702, (3.935366, 3.096018, 3.628755), (-0.271971, -0.075503, -0.152349, 0.947165)
58.92047, (4.004164, 3.105595, 3.634010), (-0.272052, -0.076975, -0.158404, 0.946029)
58.93425, (4.070969, 3.114324, 3.638052), (-0.271863, -0.078581, -0.163357, 0.945108)
58.94798, (4.137158, 3.116618, 3.643824), (-0.271975, -0.081145, -0.167007, 0.944221)
58.96193, (4.204817, 3.116784, 3.652102), (-0.271201, -0.084029, -0.168887, 0.943857)
58.97585, (4.266677, 3.114685, 3.658333), (-0.268713, -0.085070, -0.169245, 0.944412)
58.98964, (4.333426, 3.113412, 3.665534), (-0.266792, -0.086598, -0.171003, 0.944500)
59.00352, (4.397977, 3.108785, 3.673799), (-0.265314, -0.087725, -0.173439, 0.944369)
59.0174, (4.460408, 3.104154, 3.682496), (-0.263474, -0.088414, -0.177148, 0.944131)
59.0313, (4.520557, 3.096786, 3.691028), (-0.261380, -0.088927, -0.182443, 0.943656)
59.04515, (4.575002, 3.083490, 3.702131), (-0.260101, -0.088559, -0.187273, 0.943098)
59.05939, (4.627368, 3.071966, 3.715393), (-0.258244, -0.087806, -0.191122, 0.942907)
59.07311, (4.671028, 3.057510, 3.729332), (-0.255523, -0.086211, -0.194459, 0.943113)
59.08685, (4.720158, 3.045690, 3.746803), (-0.252481, -0.087227, -0.197044, 0.943302)
59.10072, (4.764412, 3.036828, 3.761401), (-0.248887, -0.087880, -0.199083, 0.943768)
59.11462, (4.804805, 3.024974, 3.776156), (-0.245880, -0.087595, -0.201122, 0.944150)
59.12849, (4.841415, 3.012564, 3.790221), (-0.241305, -0.086671, -0.203292, 0.944951)
59.1424, (4.875840, 2.999017, 3.804026), (-0.236036, -0.086110, -0.205662, 0.945820)
59.1563, (4.903210, 2.987282, 3.817374), (-0.230091, -0.085069, -0.209397, 0.946559)
59.17006, (4.942039, 2.975484, 3.832136), (-0.226385, -0.084788, -0.212343, 0.946822)
59.18399, (4.959764, 2.967056, 3.849021), (-0.218827, -0.085187, -0.214032, 0.948181)
59.1979, (4.984130, 2.957475, 3.864498), (-0.212947, -0.085364, -0.215511, 0.949169)
59.2121, (4.994020, 2.948214, 3.878157), (-0.209344, -0.085929, -0.214472, 0.950154)
59.22661, (5.009432, 2.943472, 3.892856), (-0.206781, -0.086769, -0.213341, 0.950894)
59.23973, (5.026836, 2.938324, 3.907984), (-0.204144, -0.087907, -0.212229, 0.951607)
59.25353, (5.035891, 2.932270, 3.920834), (-0.201847, -0.089940, -0.209828, 0.952439)
59.26743, (5.043170, 2.924237, 3.935058), (-0.198308, -0.091414, -0.208881, 0.953250)
59.28126, (5.049390, 2.914345, 3.949572), (-0.194727, -0.093230, -0.207312, 0.954155)
59.29486, (5.052619, 2.902758, 3.964659), (-0.191243, -0.095273, -0.205441, 0.955062)
59.30905, (5.055423, 2.888743, 3.981376), (-0.187492, -0.097814, -0.203793, 0.955902)
59.32255, (5.055651, 2.874715, 3.995623), (-0.183135, -0.100365, -0.202087, 0.956843)
59.33642, (5.053051, 2.862929, 4.006959), (-0.177097, -0.102405, -0.200782, 0.958038)
59.35035, (5.049025, 2.847650, 4.020991), (-0.171706, -0.104455, -0.199669, 0.959030)
59.36451, (5.042811, 2.830395, 4.036549), (-0.166084, -0.105944, -0.198716, 0.960054)
59.37813, (5.034448, 2.813659, 4.052279), (-0.160981, -0.107030, -0.197304, 0.961094)
59.39194, (5.026474, 2.795222, 4.068881), (-0.156463, -0.108687, -0.195376, 0.962047)
59.40581, (5.016703, 2.779634, 4.086080), (-0.150958, -0.109901, -0.193589, 0.963150)
59.41968, (5.007300, 2.762570, 4.102496), (-0.145561, -0.110806, -0.191665, 0.964261)
59.43353, (4.997633, 2.744288, 4.117386), (-0.140290, -0.111741, -0.188977, 0.965464)
59.44741, (4.984883, 2.720714, 4.133939), (-0.135587, -0.112531, -0.186934, 0.966441)
59.46136, (4.970907, 2.696271, 4.151808), (-0.130602, -0.113639, -0.185020, 0.967366)
59.47522, (4.950006, 2.675229, 4.166046), (-0.124017, -0.114604, -0.183221, 0.968461)
59.48916, (4.933632, 2.652383, 4.181513), (-0.117213, -0.116747, -0.181339, 0.969406)
59.50329, (4.916008, 2.629464, 4.196413), (-0.110990, -0.118073, -0.179507, 0.970318)
59.51742, (4.899512, 2.604886, 4.212369), (-0.106186, -0.119130, -0.176592, 0.971261)
59.53114, (4.883110, 2.575121, 4.227798), (-0.102151, -0.119939, -0.174004, 0.972061)
59.54487, (4.863947, 2.544414, 4.243687), (-0.097749, -0.120594, -0.170626, 0.973031)
59.55871, (4.845357, 2.517490, 4.260051), (-0.091080, -0.121654, -0.168000, 0.974002)
59.57277, (4.827852, 2.492253, 4.275098), (-0.084192, -0.122997, -0.166549, 0.974702)
59.58631, (4.803389, 2.468511, 4.286180), (-0.077865, -0.122509, -0.166246, 0.975341)
59.60022, (4.783002, 2.445306, 4.299857), (-0.070747, -0.122564, -0.165671, 0.975974)
59.61399, (4.759451, 2.417777, 4.312130), (-0.064026, -0.121812, -0.165546, 0.976554)
59.62764, (4.736973, 2.390900, 4.327688), (-0.057993, -0.121901, -0.162726, 0.977393)
59.64227, (4.712086, 2.362530, 4.339154), (-0.053348, -0.122604, -0.158913, 0.978197)
59.6557, (4.687076, 2.342925, 4.350390), (-0.046962, -0.123984, -0.155412, 0.978913)
59.6693, (4.664538, 2.325070, 4.361037), (-0.041106, -0.125892, -0.152518, 0.979388)
59.68327, (4.639271, 2.308776, 4.369223), (-0.036631, -0.128234, -0.149470, 0.979731)
59.69708, (4.613594, 2.289547, 4.380456), (-0.031101, -0.129175, -0.147102, 0.980157)
59.71118, (4.585447, 2.270385, 4.388397), (-0.028660, -0.130999, -0.143423, 0.980534)
59.72495, (4.558596, 2.249603, 4.394081), (-0.025008, -0.132431, -0.140115, 0.980920)
59.73887, (4.534804, 2.232639, 4.400057), (-0.021739, -0.134921, -0.136293, 0.981197)
59.75288, (4.509676, 2.220414, 4.406051), (-0.019388, -0.137724, -0.133464, 0.981246)
59.76686, (4.484359, 2.213304, 4.413270), (-0.016024, -0.140513, -0.132149, 0.981089)
59.78078, (4.461163, 2.202111, 4.421121), (-0.012450, -0.143048, -0.130637, 0.980977)
59.7953, (4.434665, 2.196525, 4.422982), (-0.009944, -0.144392, -0.132782, 0.980521)
59.8087, (4.406458, 2.190551, 4.425468), (-0.007717, -0.144859, -0.131970, 0.980582)
59.82287, (4.379085, 2.182550, 4.430782), (-0.005856, -0.145891, -0.130357, 0.980657)
59.83667, (4.351995, 2.177930, 4.437692), (-0.003552, -0.147427, -0.128382, 0.980699)
59.85045, (4.320321, 2.179430, 4.441084), (-0.003229, -0.148817, -0.126331, 0.980757)
59.86444, (4.290404, 2.177874, 4.443317), (-0.001926, -0.150224, -0.124595, 0.980768)
59.87876, (4.254932, 2.180327, 4.441614), (-0.000975, -0.151514, -0.122128, 0.980881)
59.89238, (4.219484, 2.183026, 4.442964), (0.000605, -0.153046, -0.119483, 0.980969)
59.90633, (4.182098, 2.181969, 4.445673), (0.001999, -0.154756, -0.116767, 0.981026)
59.92044, (4.138257, 2.180443, 4.445075), (0.003421, -0.156584, -0.112559, 0.981224)
59.93406, (4.095533, 2.179028, 4.442763), (0.005167, -0.159890, -0.108115, 0.981183)
59.94834, (4.049160, 2.181464, 4.438375), (0.007098, -0.163251, -0.103147, 0.981152)
59.96224, (4.004242, 2.183412, 4.437879), (0.008526, -0.166302, -0.099012, 0.981054)
59.97584, (3.956089, 2.185724, 4.439283), (0.008812, -0.169761, -0.095026, 0.980854)
59.98985, (3.907936, 2.189809, 4.442200), (0.009808, -0.171598, -0.091742, 0.980837)
60.00368, (3.858865, 2.194947, 4.442320), (0.009666, -0.172532, -0.089827, 0.980852)
60.01763, (3.812591, 2.205365, 4.442227), (0.008874, -0.172684, -0.089303, 0.980881)
60.03158, (3.766963, 2.212690, 4.442260), (0.004966, -0.171802, -0.089792, 0.981018)
60.04555, (3.722272, 2.219268, 4.444801), (0.002744, -0.171643, -0.088594, 0.981164)
60.0596, (3.676316, 2.223966, 4.445719), (0.000251, -0.171136, -0.086288, 0.981462)
60.07346, (3.629911, 2.223328, 4.441811), (-0.002396, -0.168590, -0.078777, 0.982530)
60.08774, (3.580994, 2.224971, 4.438241), (-0.003063, -0.167122, -0.072478, 0.983264)
60.10165, (3.528737, 2.233236, 4.439059), (-0.003697, -0.165677, -0.067828, 0.983838)
60.11525, (3.471906, 2.239859, 4.438695), (-0.006314, -0.163310, -0.065906, 0.984351)
60.12904, (3.418102, 2.245446, 4.437919), (-0.008722, -0.162205, -0.064656, 0.984598)
60.14324, (3.359179, 2.246976, 4.433218), (-0.011016, -0.159962, -0.063347, 0.985027)
60.15697, (3.298517, 2.249660, 4.428856), (-0.012100, -0.158036, -0.059903, 0.985540)
60.17087, (3.235479, 2.250313, 4.424805), (-0.013064, -0.156152, -0.056476, 0.986031)
60.18528, (3.173721, 2.253537, 4.423145), (-0.014032, -0.155054, -0.052554, 0.986407)
60.19869, (3.106450, 2.257538, 4.418386), (-0.016121, -0.153719, -0.048420, 0.986796)
60.21246, (3.038914, 2.261589, 4.415471), (-0.018118, -0.152163, -0.044997, 0.987164)
60.2262, (2.966373, 2.262228, 4.412485), (-0.020827, -0.150149, -0.041515, 0.987572)
60.2402, (2.894171, 2.261651, 4.410240), (-0.024218, -0.148546, -0.038178, 0.987872)
60.25382, (2.816927, 2.264944, 4.409143), (-0.026403, -0.146679, -0.032923, 0.988284)
60.2678, (2.742730, 2.262803, 4.406295), (-0.029576, -0.144683, -0.027710, 0.988648)
60.28172, (2.668615, 2.263638, 4.405198), (-0.030956, -0.142871, -0.020412, 0.989047)
60.29567, (2.592620, 2.266603, 4.403375), (-0.031334, -0.141057, -0.010851, 0.989446)
60.30946, (2.518004, 2.265426, 4.401865), (-0.032715, -0.139795, 0.000263, 0.989640)
60.32374, (2.447197, 2.264929, 4.400309), (-0.034389, -0.138518, 0.009847, 0.989714)
60.33743, (2.370349, 2.270012, 4.397328), (-0.035701, -0.134658, 0.017796, 0.990089)
60.35122, (2.294150, 2.274987, 4.398965), (-0.038745, -0.130586, 0.021986, 0.990436)
60.36552, (2.216278, 2.279422, 4.399771), (-0.044187, -0.125363, 0.023454, 0.990849)
60.3789, (2.135691, 2.282244, 4.399140), (-0.048873, -0.120430, 0.025256, 0.991196)
60.3926, (2.057270, 2.277530, 4.394824), (-0.052209, -0.115989, 0.027506, 0.991496)
60.40662, (1.980060, 2.271686, 4.389934), (-0.052593, -0.112433, 0.030545, 0.991796)
60.42054, (1.903671, 2.262702, 4.387788), (-0.051302, -0.109634, 0.035700, 0.992005)
60.43436, (1.826553, 2.258317, 4.388323), (-0.050042, -0.107408, 0.042456, 0.992047)
60.44823, (1.748773, 2.255361, 4.387260), (-0.051299, -0.104213, 0.047295, 0.992105)
60.46218, (1.670325, 2.254374, 4.386263), (-0.051501, -0.103732, 0.051266, 0.991947)
60.47623, (1.590960, 2.259169, 4.383049), (-0.053302, -0.103081, 0.054038, 0.991773)
60.48987, (1.511249, 2.255234, 4.380980), (-0.055717, -0.101405, 0.057960, 0.991591)
60.50382, (1.434288, 2.249579, 4.382578), (-0.056262, -0.100336, 0.062447, 0.991397)
60.51761, (1.359801, 2.243171, 4.382671), (-0.055893, -0.099068, 0.066721, 0.991267)
60.53175, (1.284691, 2.239729, 4.382920), (-0.056096, -0.098206, 0.071235, 0.991027)
60.54559, (1.217162, 2.235047, 4.382558), (-0.056766, -0.097452, 0.075917, 0.990716)
60.55939, (1.147712, 2.230254, 4.384503), (-0.058622, -0.096988, 0.080009, 0.990331)
60.57323, (1.074486, 2.229149, 4.388222), (-0.060162, -0.094973, 0.085026, 0.990016)
60.58713, (1.010661, 2.224233, 4.393289), (-0.062704, -0.093559, 0.089687, 0.989581)
60.60104, (0.945123, 2.219543, 4.397328), (-0.065250, -0.091797, 0.093141, 0.989263)
60.61494, (0.882149, 2.215705, 4.402094), (-0.067032, -0.089797, 0.095924, 0.989061)
60.62882, (0.817659, 2.207395, 4.407835), (-0.069254, -0.087926, 0.099492, 0.988724)
60.64304, (0.764021, 2.199302, 4.419576), (-0.070298, -0.086627, 0.102734, 0.988433)
60.65659, (0.707452, 2.186779, 4.429014), (-0.071082, -0.084767, 0.106368, 0.988154)
60.67064, (0.649401, 2.176747, 4.437566), (-0.070471, -0.082901, 0.110747, 0.987875)
60.68443, (0.597050, 2.165070, 4.447714), (-0.068833, -0.080972, 0.113519, 0.987836)
60.69831, (0.546786, 2.158982, 4.458363), (-0.067346, -0.079672, 0.116729, 0.987670)
60.71228, (0.498564, 2.152303, 4.469190), (-0.066289, -0.079170, 0.119710, 0.987425)
60.7261, (0.452561, 2.146711, 4.478937), (-0.065202, -0.078772, 0.122916, 0.987135)
60.73993, (0.410569, 2.136625, 4.490851), (-0.064495, -0.078828, 0.125320, 0.986875)
60.75414, (0.367395, 2.123576, 4.501333), (-0.064347, -0.078540, 0.127194, 0.986668)
60.76778, (0.328807, 2.113781, 4.510782), (-0.062737, -0.079002, 0.129353, 0.986454)
60.78167, (0.293067, 2.102089, 4.519600), (-0.061246, -0.078890, 0.130758, 0.986371)
60.79565, (0.257721, 2.092490, 4.530401), (-0.059664, -0.078234, 0.133112, 0.986205)
60.8094, (0.228564, 2.082872, 4.541057), (-0.059023, -0.077861, 0.135356, 0.985968)
60.82343, (0.199131, 2.073749, 4.551130), (-0.058488, -0.077639, 0.136923, 0.985801)
60.8372, (0.172591, 2.066066, 4.560068), (-0.058392, -0.077484, 0.138009, 0.985667)
60.85141, (0.146663, 2.057235, 4.569058), (-0.058419, -0.076802, 0.139069, 0.985570)
60.86522, (0.124484, 2.046385, 4.578331), (-0.059150, -0.075481, 0.140296, 0.985455)
60.87893, (0.099722, 2.038010, 4.588538), (-0.058679, -0.074837, 0.141838, 0.985311)
60.89303, (0.071386, 2.028770, 4.598279), (-0.058356, -0.074227, 0.143567, 0.985126)
60.90684, (0.065699, 2.019193, 4.607837), (-0.058894, -0.070733, 0.144603, 0.985200)
60.92062, (0.051523, 2.012004, 4.616111), (-0.058799, -0.068691, 0.146233, 0.985109)
60.93449, (0.038847, 2.007449, 4.625744), (-0.057806, -0.067966, 0.148062, 0.984945)
60.9484, (0.027836, 2.002708, 4.634155), (-0.056778, -0.067634, 0.149769, 0.984770)
60.96272, (0.021008, 1.998993, 4.640782), (-0.056455, -0.067388, 0.151114, 0.984600)
60.9763, (0.014752, 1.995894, 4.647589), (-0.056068, -0.066495, 0.152431, 0.984479)
60.99054, (0.009812, 1.992832, 4.654632), (-0.055891, -0.065506, 0.154100, 0.984296)
61.0043, (0.008522, 1.990983, 4.662871), (-0.055939, -0.064583, 0.154797, 0.984245)
61.01782, (0.010462, 1.991726, 4.669415), (-0.056174, -0.063909, 0.154799, 0.984275)
61.03165, (0.012977, 1.994350, 4.675959), (-0.055708, -0.063267, 0.154561, 0.984380)
61.04561, (0.018157, 1.997643, 4.680717), (-0.055708, -0.061720, 0.154224, 0.984531)
61.05949, (0.026898, 2.003181, 4.686019), (-0.056186, -0.060683, 0.153566, 0.984672)
61.07343, (0.035734, 2.006371, 4.690464), (-0.057468, -0.059234, 0.152339, 0.984877)
61.08734, (0.042963, 2.009425, 4.695990), (-0.057721, -0.057888, 0.151616, 0.985053)
61.10128, (0.059068, 2.013940, 4.697769), (-0.057586, -0.055863, 0.149767, 0.985461)
61.11536, (0.072088, 2.019258, 4.699821), (-0.057391, -0.054532, 0.148690, 0.985710)
61.12942, (0.088681, 2.024881, 4.701521), (-0.057029, -0.053665, 0.147406, 0.985971)
61.14304, (0.104632, 2.030176, 4.701977), (-0.057183, -0.052721, 0.145892, 0.986238)
61.15688, (0.123445, 2.035605, 4.701772), (-0.057575, -0.052029, 0.144270, 0.986491)
61.17117, (0.142501, 2.041547, 4.702232), (-0.057884, -0.050880, 0.142721, 0.986758)
61.18484, (0.163143, 2.046663, 4.700504), (-0.058485, -0.049463, 0.141403, 0.986984)
61.19845, (0.185519, 2.053418, 4.698694), (-0.058555, -0.048640, 0.140129, 0.987203)
61.2124, (0.209988, 2.061292, 4.696796), (-0.058383, -0.048002, 0.138488, 0.987476)
61.22598, (0.235172, 2.068111, 4.693642), (-0.058609, -0.047242, 0.136965, 0.987711)
61.23975, (0.261867, 2.074856, 4.691225), (-0.058742, -0.046633, 0.134885, 0.988019)
61.25365, (0.289778, 2.082428, 4.686513), (-0.058990, -0.045521, 0.133148, 0.988291)
61.26778, (0.320034, 2.089028, 4.681921), (-0.059074, -0.044256, 0.131313, 0.988589)
61.28151, (0.351062, 2.098055, 4.675908), (-0.058401, -0.042605, 0.130433, 0.988818)
61.29531, (0.378818, 2.107481, 4.670131), (-0.056774, -0.039727, 0.128231, 0.989321)
61.30957, (0.408703, 2.114720, 4.662337), (-0.057044, -0.036144, 0.125009, 0.989855)
61.32369, (0.437629, 2.116084, 4.650083), (-0.059794, -0.029482, 0.122434, 0.990235)
61.3373, (0.467446, 2.118996, 4.637269), (-0.060037, -0.023480, 0.122385, 0.990387)
61.35117, (0.498144, 2.121217, 4.627537), (-0.060097, -0.016393, 0.123045, 0.990444)
61.36495, (0.524627, 2.131934, 4.621759), (-0.060221, -0.010614, 0.123952, 0.990402)
61.37883, (0.558040, 2.137932, 4.618031), (-0.063607, -0.007937, 0.125517, 0.990019)
61.39251, (0.585996, 2.153591, 4.615893), (-0.065943, -0.006154, 0.128467, 0.989500)
61.40636, (0.620345, 2.165930, 4.609700), (-0.068629, -0.006754, 0.132292, 0.988809)
61.42008, (0.660562, 2.175429, 4.602352), (-0.069817, -0.007738, 0.135259, 0.988317)
61.4339, (0.695187, 2.186265, 4.597474), (-0.070870, -0.006250, 0.137522, 0.987940)
61.44779, (0.745528, 2.193751, 4.595910), (-0.073238, -0.004744, 0.138085, 0.987698)
61.46169, (0.791488, 2.205406, 4.592969), (-0.074021, -0.002421, 0.136382, 0.987884)
61.47552, (0.844533, 2.211463, 4.586523), (-0.075831, 0.001952, 0.132154, 0.988322)
61.48981, (0.898365, 2.216541, 4.579323), (-0.076360, 0.006497, 0.128415, 0.988755)
61.50351, (0.955321, 2.222282, 4.574559), (-0.075557, 0.011655, 0.124827, 0.989229)
61.51748, (1.014760, 2.225606, 4.569115), (-0.075892, 0.017181, 0.121616, 0.989523)
61.5312, (1.071065, 2.235736, 4.565135), (-0.074756, 0.022578, 0.117789, 0.989963)
61.54491, (1.125807, 2.244827, 4.560450), (-0.075292, 0.026873, 0.113778, 0.990285)
61.55885, (1.183204, 2.257208, 4.555385), (-0.074924, 0.030250, 0.111084, 0.990521)
61.57297, (1.248856, 2.268785, 4.552965), (-0.075162, 0.030892, 0.109410, 0.990669)
61.58658, (1.312704, 2.277606, 4.548797), (-0.075355, 0.031680, 0.107483, 0.990841)
61.60051, (1.372705, 2.292045, 4.547657), (-0.073983, 0.031700, 0.105260, 0.991182)
61.61472, (1.437701, 2.309289, 4.547509), (-0.073810, 0.029391, 0.100517, 0.991758)
61.6286, (1.502671, 2.329051, 4.549087), (-0.075457, 0.025343, 0.093287, 0.992452)
61.64247, (1.576728, 2.339473, 4.549569), (-0.077036, 0.021581, 0.085881, 0.993088)
61.65636, (1.658234, 2.343600, 4.549118), (-0.075395, 0.018794, 0.078850, 0.993854)
61.67041, (1.740245, 2.347418, 4.545968), (-0.073067, 0.017262, 0.072576, 0.994533)
61.68409, (1.821350, 2.349429, 4.543561), (-0.068680, 0.018178, 0.064993, 0.995354)
61.69773, (1.906042, 2.352589, 4.540211), (-0.065398, 0.018549, 0.056480, 0.996087)
61.71221, (1.996630, 2.358905, 4.539042), (-0.063104, 0.018354, 0.046471, 0.996756)
61.72573, (2.081033, 2.362418, 4.537858), (-0.062014, 0.018558, 0.038977, 0.997141)
61.73943, (2.172000, 2.365719, 4.536495), (-0.060421, 0.018548, 0.031393, 0.997507)
61.75319, (2.264609, 2.371384, 4.534835), (-0.057940, 0.018968, 0.025002, 0.997827)
61.76717, (2.355710, 2.377418, 4.533554), (-0.056645, 0.019848, 0.019362, 0.998009)
61.78107, (2.448759, 2.382228, 4.532476), (-0.057146, 0.019688, 0.013027, 0.998087)
61.795, (2.535558, 2.387079, 4.530089), (-0.057091, 0.019858, 0.006323, 0.998151)
61.80927, (2.626417, 2.388391, 4.527077), (-0.057305, 0.019126, -0.000843, 0.998173)
61.82306, (2.711289, 2.388875, 4.520013), (-0.057865, 0.014917, -0.007013, 0.998188)
61.83683, (2.799561, 2.387841, 4.514730), (-0.056118, 0.010621, -0.013445, 0.998277)
61.85076, (2.888148, 2.383177, 4.508157), (-0.055073, 0.006319, -0.020389, 0.998254)
61.86499, (2.972547, 2.379777, 4.500539), (-0.054604, 0.001990, -0.026566, 0.998153)
61.87842, (3.053047, 2.375239, 4.495008), (-0.054203, -0.001230, -0.034126, 0.997946)
61.89226, (3.136394, 2.368072, 4.488059), (-0.054623, -0.004439, -0.041764, 0.997623)
61.9062, (3.219934, 2.360687, 4.482417), (-0.055476, -0.007499, -0.049868, 0.997186)
61.92022, (3.295688, 2.355815, 4.477496), (-0.054690, -0.008297, -0.057608, 0.996806)
61.934, (3.374602, 2.347710, 4.471509), (-0.053247, -0.010259, -0.064912, 0.996417)
61.94789, (3.449565, 2.339804, 4.464653), (-0.050888, -0.012116, -0.070724, 0.996123)
61.96214, (3.525329, 2.333162, 4.457877), (-0.048315, -0.014332, -0.075133, 0.995899)
61.97595, (3.599024, 2.331462, 4.453191), (-0.044525, -0.016602, -0.078385, 0.995790)
61.98967, (3.673656, 2.327350, 4.452565), (-0.042097, -0.019184, -0.082982, 0.995477)
62.00352, (3.743035, 2.326576, 4.456484), (-0.039692, -0.019977, -0.087247, 0.995195)
62.01802, (3.812797, 2.329077, 4.460079), (-0.038544, -0.021531, -0.091051, 0.994867)
62.03139, (3.883371, 2.332846, 4.462161), (-0.036175, -0.024179, -0.094723, 0.994552)
62.04522, (3.948363, 2.338690, 4.464108), (-0.034692, -0.026835, -0.098654, 0.994155)
62.05917, (4.013834, 2.342832, 4.467235), (-0.033979, -0.029619, -0.103153, 0.993644)
62.0731, (4.074316, 2.348680, 4.470074), (-0.032129, -0.031476, -0.106761, 0.993267)
62.08702, (4.133213, 2.349683, 4.474672), (-0.030186, -0.032597, -0.108665, 0.993085)
62.10084, (4.193285, 2.348439, 4.479253), (-0.028074, -0.033755, -0.110625, 0.992892)
62.11507, (4.249517, 2.348546, 4.484454), (-0.025192, -0.035111, -0.110914, 0.992890)
62.12917, (4.302703, 2.347202, 4.488132), (-0.023382, -0.036513, -0.111894, 0.992774)
62.14285, (4.354856, 2.345431, 4.495656), (-0.021898, -0.039376, -0.113209, 0.992549)
62.15657, (4.402012, 2.345616, 4.501347), (-0.019545, -0.041184, -0.115003, 0.992319)
62.17031, (4.448019, 2.342172, 4.504772), (-0.018142, -0.043098, -0.117235, 0.992003)
62.18451, (4.488876, 2.335982, 4.510300), (-0.015891, -0.045916, -0.119666, 0.991625)
62.19811, (4.528034, 2.327355, 4.514332), (-0.014552, -0.048530, -0.120421, 0.991429)
62.21231, (4.564663, 2.324079, 4.519711), (-0.011555, -0.051242, -0.119887, 0.991397)
62.22596, (4.599852, 2.313980, 4.525032), (-0.009770, -0.052707, -0.120799, 0.991229)
62.23999, (4.634893, 2.308991, 4.533622), (-0.007966, -0.055345, -0.120156, 0.991179)
62.25417, (4.664635, 2.301458, 4.536452), (-0.007009, -0.057352, -0.120600, 0.991018)
62.26793, (4.691751, 2.295443, 4.541183), (-0.005269, -0.059622, -0.120967, 0.990850)
62.28189, (4.719856, 2.287018, 4.548387), (-0.003180, -0.062412, -0.121070, 0.990675)
62.29574, (4.743767, 2.279983, 4.554106), (-0.000572, -0.064214, -0.121443, 0.990519)
62.30969, (4.769315, 2.272717, 4.560062), (0.002111, -0.066696, -0.121630, 0.990330)
62.32353, (4.790209, 2.263699, 4.563347), (0.003160, -0.068788, -0.121343, 0.990219)
62.3372, (4.809937, 2.262670, 4.568894), (0.006258, -0.070986, -0.121474, 0.990033)
62.35134, (4.823765, 2.259464, 4.574115), (0.007062, -0.072657, -0.121667, 0.989883)
62.365, (4.836609, 2.257590, 4.582510), (0.007914, -0.075021, -0.122301, 0.989622)
62.37891, (4.849429, 2.253368, 4.589095), (0.008857, -0.077792, -0.122915, 0.989324)
62.39329, (4.858141, 2.249084, 4.593948), (0.010164, -0.080179, -0.122152, 0.989215)
62.40672, (4.868811, 2.246252, 4.599329), (0.011406, -0.082056, -0.120824, 0.989211)
62.42055, (4.875397, 2.248621, 4.608508), (0.013502, -0.083264, -0.119379, 0.989259)
62.43469, (4.880099, 2.247617, 4.617723), (0.014569, -0.084186, -0.118564, 0.989264)
62.44888, (4.880463, 2.246599, 4.624843), (0.015665, -0.084811, -0.117897, 0.989274)
62.46277, (4.881723, 2.245389, 4.633100), (0.017418, -0.085852, -0.116832, 0.989281)
62.47718, (4.872764, 2.240647, 4.643424), (0.020775, -0.085693, -0.115558, 0.989379)
62.49031, (4.866815, 2.238243, 4.652772), (0.023453, -0.085669, -0.114169, 0.989483)
62.5044, (4.853946, 2.234534, 4.661897), (0.026562, -0.085057, -0.112372, 0.989663)
62.51792, (4.839340, 2.230995, 4.670930), (0.030053, -0.085121, -0.110358, 0.989784)
62.5322, (4.815895, 2.222629, 4.679152), (0.033362, -0.085164, -0.108412, 0.989889)
62.54582, (4.791019, 2.216046, 4.687816), (0.036777, -0.086039, -0.105601, 0.989997)
62.55985, (4.760487, 2.210348, 4.696650), (0.041629, -0.087646, -0.102077, 0.990033)
62.57372, (4.730384, 2.201637, 4.706185), (0.045138, -0.089785, -0.099101, 0.989990)
62.58762, (4.690145, 2.197716, 4.718059), (0.050071, -0.092191, -0.095156, 0.989919)
62.60155, (4.649954, 2.189368, 4.730436), (0.054638, -0.095302, -0.091852, 0.989695)
62.6154, (4.607217, 2.182597, 4.738222), (0.060209, -0.099954, -0.088567, 0.989212)
62.62938, (4.561219, 2.176135, 4.744633), (0.065388, -0.104050, -0.085558, 0.988725)
62.64335, (4.517853, 2.165545, 4.753502), (0.067271, -0.108896, -0.081850, 0.988391)
62.65738, (4.469842, 2.164850, 4.763543), (0.069575, -0.112336, -0.080934, 0.987922)
62.67124, (4.421953, 2.168802, 4.776358), (0.070911, -0.114615, -0.081105, 0.987551)
62.68584, (4.366128, 2.177745, 4.795013), (0.069388, -0.112746, -0.084252, 0.987611)
62.6992, (4.310008, 2.182531, 4.808808), (0.068430, -0.110675, -0.086269, 0.987738)
62.71309, (4.241243, 2.190140, 4.823005), (0.065680, -0.105208, -0.089828, 0.988205)
62.72699, (4.167763, 2.187334, 4.829865), (0.063899, -0.098719, -0.092436, 0.988750)
62.74094, (4.091254, 2.181336, 4.838218), (0.063132, -0.093495, -0.092059, 0.989342)
62.75477, (3.995425, 2.173084, 4.842532), (0.065070, -0.087772, -0.087761, 0.990131)
62.76867, (3.900063, 2.168316, 4.848344), (0.067681, -0.084561, -0.082610, 0.990679)
62.78292, (3.803875, 2.161956, 4.854682), (0.069867, -0.083251, -0.076906, 0.991097)
62.79669, (3.699728, 2.154619, 4.861606), (0.071625, -0.081078, -0.069865, 0.991673)
62.81041, (3.592664, 2.150922, 4.872783), (0.073395, -0.078605, -0.062158, 0.992255)
62.82427, (3.484757, 2.145653, 4.882597), (0.075810, -0.074839, -0.056131, 0.992724)
62.83878, (3.374832, 2.137922, 4.892625), (0.076648, -0.071100, -0.050578, 0.993233)
62.85213, (3.261654, 2.135519, 4.902432), (0.077272, -0.067068, -0.044969, 0.993735)
62.86612, (3.148121, 2.132294, 4.920739), (0.075781, -0.063648, -0.040055, 0.994285)
62.88004, (3.037813, 2.128731, 4.934841), (0.076171, -0.060277, -0.034848, 0.994661)
62.89415, (2.915748, 2.119975, 4.957536), (0.072918, -0.053848, -0.029600, 0.995443)
62.90773, (2.798696, 2.114933, 4.973310), (0.072360, -0.047879, -0.024976, 0.995916)
62.92169, (2.682163, 2.104229, 4.992195), (0.070739, -0.039969, -0.020609, 0.996481)
62.93551, (2.567156, 2.097614, 5.008261), (0.070330, -0.035117, -0.015812, 0.996780)
62.94948, (2.449807, 2.077743, 5.030168), (0.063642, -0.026520, -0.009876, 0.997572)
62.96343, (2.334051, 2.068518, 5.047581), (0.062214, -0.021071, -0.004882, 0.997828)
62.97733, (2.208805, 2.050611, 5.066305), (0.058855, -0.013925, 0.000437, 0.998169)
62.99104, (2.093114, 2.040247, 5.085113), (0.058090, -0.009377, 0.005631, 0.998251)
63.00491, (1.989988, 2.026664, 5.103390), (0.055903, -0.010888, 0.006323, 0.998357)
63.01881, (1.879981, 2.014995, 5.118889), (0.053073, -0.011252, 0.008290, 0.998493)
63.03265, (1.776292, 2.003140, 5.131767), (0.052277, -0.013148, 0.012263, 0.998471)
63.04657, (1.687830, 1.999375, 5.143605), (0.056311, -0.018749, 0.017721, 0.998080)
63.06034, (1.602195, 1.996388, 5.153491), (0.060535, -0.022908, 0.022684, 0.997645)
63.07422, (1.523074, 1.995313, 5.160775), (0.064531, -0.026673, 0.026809, 0.997199)
63.08823, (1.445268, 1.996564, 5.171585), (0.068543, -0.028637, 0.031274, 0.996747)
63.10248, (1.380576, 2.000194, 5.176082), (0.070967, -0.030400, 0.034756, 0.996409)
63.11629, (1.317069, 2.006105, 5.181163), (0.072507, -0.031746, 0.036628, 0.996189)
63.13019, (1.257178, 2.014681, 5.184365), (0.072443, -0.031255, 0.035566, 0.996248)
63.14465, (1.199265, 2.022467, 5.187035), (0.071198, -0.030811, 0.034827, 0.996378)
63.15772, (1.157197, 2.030391, 5.181727), (0.067053, -0.029898, 0.030548, 0.996833)
63.1715, (1.116108, 2.033359, 5.173537), (0.063216, -0.028999, 0.029752, 0.997135)
63.18537, (1.084456, 2.035338, 5.161668), (0.060702, -0.029372, 0.031262, 0.997234)
63.19934, (1.055329, 2.042598, 5.150189), (0.059682, -0.030214, 0.033862, 0.997185)
63.21322, (1.035368, 2.051613, 5.137573), (0.058835, -0.031489, 0.036127, 0.997117)
63.22711, (1.020546, 2.062312, 5.122092), (0.057902, -0.032604, 0.038383, 0.997051)
63.24111, (1.009752, 2.072378, 5.104648), (0.055902, -0.032769, 0.040033, 0.997095)
63.25545, (1.008870, 2.083070, 5.087256), (0.052653, -0.032716, 0.040158, 0.997269)
63.26903, (1.018029, 2.095851, 5.064202), (0.049279, -0.031069, 0.038456, 0.997561)
63.28271, (1.032208, 2.106514, 5.040969), (0.045502, -0.029227, 0.035886, 0.997892)
63.29704, (1.052114, 2.119861, 5.020565), (0.041799, -0.024077, 0.032521, 0.998306)
63.31046, (1.072245, 2.135350, 5.000101), (0.037415, -0.018003, 0.030335, 0.998677)
63.32435, (1.103022, 2.152321, 4.981306), (0.031765, -0.009316, 0.026949, 0.999089)
63.33806, (1.128161, 2.169509, 4.959968), (0.026894, -0.001501, 0.024129, 0.999346)
63.35201, (1.161511, 2.188904, 4.932331), (0.019800, 0.008238, 0.019337, 0.999583)
63.36585, (1.194377, 2.209342, 4.909079), (0.013931, 0.017409, 0.014203, 0.999651)
63.37969, (1.232618, 2.225428, 4.887874), (0.007727, 0.026443, 0.010371, 0.999567)
63.3938, (1.275274, 2.242541, 4.864070), (0.002158, 0.037428, 0.007636, 0.999268)
63.40738, (1.313913, 2.257246, 4.840363), (-0.003849, 0.048894, 0.004072, 0.998788)
63.42145, (1.348994, 2.273527, 4.819246), (-0.010022, 0.061614, 0.000528, 0.998050)
63.43551, (1.385847, 2.284818, 4.792027), (-0.016391, 0.071225, -0.003117, 0.997321)
63.44954, (1.420194, 2.292385, 4.765432), (-0.020403, 0.080422, -0.005355, 0.996538)
63.46304, (1.456230, 2.293522, 4.742375), (-0.024010, 0.088763, -0.007021, 0.995739)
63.47672, (1.489630, 2.296478, 4.717772), (-0.027514, 0.096679, -0.007914, 0.994904)
63.49074, (1.519142, 2.300425, 4.695909), (-0.032468, 0.102558, -0.008888, 0.994157)
63.50455, (1.538525, 2.304441, 4.677167), (-0.038429, 0.108906, -0.011163, 0.993246)
63.5181, (1.560915, 2.308416, 4.653084), (-0.043346, 0.115107, -0.014158, 0.992306)
63.53227, (1.580816, 2.303990, 4.630630), (-0.047423, 0.119490, -0.018960, 0.991521)
63.54592, (1.595166, 2.304705, 4.610312), (-0.049826, 0.124569, -0.021454, 0.990727)
63.55987, (1.609260, 2.303669, 4.591052), (-0.053365, 0.127433, -0.023199, 0.990139)
63.57377, (1.618028, 2.302160, 4.573659), (-0.056630, 0.129326, -0.025072, 0.989666)
63.58767, (1.617380, 2.300148, 4.556355), (-0.059321, 0.130200, -0.027117, 0.989340)
63.60154, (1.620040, 2.297775, 4.538955), (-0.060535, 0.131595, -0.031148, 0.988963)
63.61548, (1.620688, 2.292193, 4.522002), (-0.062658, 0.132463, -0.034428, 0.988606)
63.62944, (1.615341, 2.288191, 4.507402), (-0.064158, 0.133069, -0.036906, 0.988339)
63.64383, (1.607844, 2.285156, 4.492843), (-0.064977, 0.133461, -0.039341, 0.988139)
63.65748, (1.598613, 2.281864, 4.481595), (-0.065859, 0.133463, -0.041954, 0.987973)
63.6712, (1.584220, 2.278470, 4.471087), (-0.067774, 0.133479, -0.043325, 0.987782)
63.68513, (1.569811, 2.277536, 4.463020), (-0.069679, 0.133127, -0.044005, 0.987667)
63.69918, (1.554037, 2.274101, 4.454296), (-0.071429, 0.134005, -0.043828, 0.987431)
63.71306, (1.532486, 2.270139, 4.448082), (-0.072819, 0.136507, -0.042234, 0.987056)
63.72692, (1.510178, 2.265413, 4.445324), (-0.074452, 0.138582, -0.040619, 0.986713)
63.74111, (1.481072, 2.260617, 4.444334), (-0.074812, 0.141016, -0.038795, 0.986414)
63.75497, (1.450329, 2.252505, 4.441567), (-0.074960, 0.143107, -0.036409, 0.986193)
63.76884, (1.417243, 2.247543, 4.442682), (-0.073682, 0.145160, -0.033537, 0.986091)
63.78269, (1.381582, 2.242110, 4.447139), (-0.073743, 0.147742, -0.030461, 0.985802)
63.7966, (1.342784, 2.240411, 4.455805), (-0.073907, 0.150550, -0.027812, 0.985444)
63.81226, (1.298808, 2.238187, 4.467624), (-0.074573, 0.154162, -0.025181, 0.984906)
63.82597, (1.257036, 2.235692, 4.478217), (-0.075372, 0.157254, -0.022474, 0.984421)
63.83978, (1.208087, 2.234559, 4.494146), (-0.075587, 0.161915, -0.020097, 0.983700)
63.8532, (1.159494, 2.227839, 4.511033), (-0.077026, 0.165706, -0.017043, 0.983015)
63.86677, (1.104696, 2.225777, 4.535681), (-0.076785, 0.169391, -0.012357, 0.982476)
63.88052, (1.047941, 2.222584, 4.561117), (-0.075766, 0.172398, -0.007715, 0.982079)
63.89425, (0.990406, 2.216513, 4.585413), (-0.075650, 0.175370, -0.003313, 0.981586)
63.90807, (0.928116, 2.209175, 4.615568), (-0.075118, 0.178682, 0.001777, 0.981034)
63.92196, (0.863537, 2.205455, 4.649317), (-0.072119, 0.181697, 0.007101, 0.980681)
63.93592, (0.797885, 2.195654, 4.681740), (-0.070770, 0.185224, 0.013507, 0.980052)
63.94966, (0.731121, 2.188296, 4.714578), (-0.069482, 0.189323, 0.020708, 0.979235)
63.96373, (0.666409, 2.184079, 4.747099), (-0.067489, 0.192603, 0.027858, 0.978557)
63.97731, (0.597850, 2.176704, 4.780845), (-0.066111, 0.195677, 0.034952, 0.977813)
63.99102, (0.530873, 2.171111, 4.815776), (-0.064399, 0.198166, 0.041179, 0.977183)
64.00497, (0.460760, 2.162318, 4.852274), (-0.063582, 0.199274, 0.048153, 0.976693)
64.01887, (0.394886, 2.154090, 4.886197), (-0.062229, 0.199791, 0.053602, 0.976390)
64.03274, (0.326857, 2.144543, 4.918456), (-0.060825, 0.202196, 0.058505, 0.975702)
64.04655, (0.267992, 2.136101, 4.950285), (-0.058587, 0.202434, 0.064085, 0.975439)
64.06062, (0.203462, 2.126588, 4.982411), (-0.056283, 0.204627, 0.069600, 0.974739)
64.07456, (0.142850, 2.118841, 5.012931), (-0.053542, 0.205982, 0.074697, 0.974231)
64.08869, (0.085246, 2.113715, 5.044208), (-0.051241, 0.207389, 0.079891, 0.973644)
64.10205, (0.025266, 2.107432, 5.075428), (-0.049387, 0.208655, 0.085493, 0.972993)
64.11591, (-0.036557, 2.100257, 5.106774), (-0.047491, 0.210327, 0.090998, 0.972228)
64.12968, (-0.098384, 2.093081, 5.138123), (-0.045592, 0.211991, 0.096500, 0.971426)
64.14366, (-0.122477, 2.093616, 5.159865), (-0.049421, 0.212237, 0.095511, 0.971283)
64.15752, (-0.171461, 2.090666, 5.185428), (-0.048064, 0.214074, 0.098698, 0.970629)
64.17155, (-0.216725, 2.087214, 5.206384), (-0.046710, 0.215228, 0.101723, 0.970128)
64.18531, (-0.264501, 2.082924, 5.229710), (-0.045601, 0.216524, 0.105171, 0.969524)
64.19922, (-0.309265, 2.078990, 5.250755), (-0.044579, 0.217944, 0.108436, 0.968894)
64.21305, (-0.337492, 2.077136, 5.262849), (-0.044222, 0.218902, 0.110980, 0.968406)
64.22716, (-0.375516, 2.074820, 5.279418), (-0.044493, 0.220272, 0.115102, 0.967601)
64.2409, (-0.410833, 2.075391, 5.294146), (-0.045181, 0.221795, 0.117069, 0.966985)
64.25475, (-0.444396, 2.075235, 5.308992), (-0.045796, 0.223275, 0.119052, 0.966373)
64.26872, (-0.470883, 2.073932, 5.322000), (-0.046700, 0.225315, 0.120005, 0.965739)
64.28246, (-0.494871, 2.072473, 5.333016), (-0.047577, 0.227857, 0.121290, 0.964939)
64.29635, (-0.519094, 2.072121, 5.342131), (-0.048598, 0.230830, 0.123295, 0.963926)
64.31052, (-0.540014, 2.074336, 5.349244), (-0.050111, 0.233967, 0.125133, 0.962855)
64.32459, (-0.559982, 2.074590, 5.357492), (-0.051597, 0.236631, 0.127285, 0.961843)
64.33811, (-0.578991, 2.073139, 5.364458), (-0.053280, 0.239872, 0.129608, 0.960638)
64.35207, (-0.592965, 2.071191, 5.369357), (-0.054659, 0.241869, 0.130702, 0.959911)
64.3661, (-0.611575, 2.070019, 5.374113), (-0.055356, 0.244288, 0.131918, 0.959092)
64.38005, (-0.626280, 2.065907, 5.375638), (-0.056370, 0.246087, 0.132903, 0.958436)
64.39426, (-0.638015, 2.066001, 5.378048), (-0.056522, 0.248046, 0.134035, 0.957765)
64.40779, (-0.648403, 2.067282, 5.379811), (-0.057080, 0.249393, 0.135233, 0.957213)
64.42166, (-0.655804, 2.065178, 5.381835), (-0.058834, 0.250257, 0.136011, 0.956771)
64.43539, (-0.663923, 2.064104, 5.382240), (-0.059816, 0.250656, 0.136782, 0.956496)
64.44934, (-0.672393, 2.063395, 5.383106), (-0.060483, 0.251536, 0.138051, 0.956041)
64.46298, (-0.678847, 2.064015, 5.383344), (-0.060883, 0.252214, 0.139317, 0.955653)
64.47686, (-0.676818, 2.065541, 5.380706), (-0.061056, 0.252105, 0.139664, 0.955620)
64.4908, (-0.675306, 2.067753, 5.378447), (-0.061942, 0.252131, 0.140054, 0.955499)
64.50478, (-0.672740, 2.069154, 5.375114), (-0.062673, 0.252054, 0.140237, 0.955445)
64.51877, (-0.667875, 2.070404, 5.371142), (-0.063251, 0.252784, 0.139828, 0.955274)
64.53286, (-0.660923, 2.070057, 5.365385), (-0.063476, 0.253501, 0.139400, 0.955131)
64.54649, (-0.670585, 2.070426, 5.366963), (-0.063460, 0.254626, 0.139232, 0.954858)
64.56046, (-0.663025, 2.071757, 5.361316), (-0.063245, 0.255604, 0.138852, 0.954666)
64.57431, (-0.639136, 2.074463, 5.349245), (-0.063068, 0.256624, 0.138598, 0.954441)
64.58818, (-0.625776, 2.077316, 5.341484), (-0.062658, 0.257259, 0.138072, 0.954373)
64.6025, (-0.611013, 2.079464, 5.335262), (-0.062771, 0.258117, 0.137729, 0.954183)
64.61629, (-0.594455, 2.080534, 5.328710), (-0.064193, 0.258729, 0.137493, 0.953957)
64.63026, (-0.578460, 2.081943, 5.322722), (-0.065440, 0.259701, 0.136593, 0.953738)
64.64387, (-0.562159, 2.081709, 5.316795), (-0.065949, 0.260850, 0.135754, 0.953509)
64.65767, (-0.542380, 2.082132, 5.308120), (-0.065134, 0.261772, 0.134871, 0.953437)
64.67162, (-0.523662, 2.083726, 5.300503), (-0.063849, 0.262725, 0.133529, 0.953451)
64.6859, (-0.501123, 2.086034, 5.291321), (-0.062856, 0.262906, 0.131653, 0.953728)
64.69975, (-0.480177, 2.085760, 5.283993), (-0.062839, 0.263242, 0.130035, 0.953859)
64.71363, (-0.458517, 2.089067, 5.275520), (-0.062245, 0.263496, 0.127471, 0.954173)
64.72742, (-0.436819, 2.092586, 5.264993), (-0.061848, 0.263609, 0.124931, 0.954504)
64.74124, (-0.417017, 2.094936, 5.254035), (-0.062268, 0.263782, 0.122503, 0.954743)
64.75508, (-0.395250, 2.099253, 5.242219), (-0.062624, 0.263573, 0.119160, 0.955201)
64.76898, (-0.372768, 2.103106, 5.231227), (-0.063363, 0.263232, 0.115762, 0.955664)
64.78288, (-0.352292, 2.105874, 5.219977), (-0.064269, 0.263786, 0.111723, 0.955931)
64.79678, (-0.329553, 2.108496, 5.209115), (-0.064853, 0.264023, 0.107555, 0.956304)
64.8108, (-0.305199, 2.108926, 5.198483), (-0.066016, 0.263865, 0.103622, 0.956703)
64.82465, (-0.283245, 2.111160, 5.189097), (-0.066771, 0.263981, 0.099725, 0.957032)
64.83893, (-0.257106, 2.114173, 5.179085), (-0.066500, 0.263423, 0.096511, 0.957534)
64.85258, (-0.230703, 2.114801, 5.169996), (-0.066373, 0.263249, 0.093838, 0.957857)
64.86645, (-0.202834, 2.118778, 5.162250), (-0.064944, 0.263348, 0.090555, 0.958243)
64.88034, (-0.174615, 2.123950, 5.155120), (-0.063674, 0.263482, 0.087730, 0.958554)
64.89417, (-0.140073, 2.122626, 5.146729), (-0.064642, 0.262518, 0.083303, 0.959149)
64.90806, (-0.109207, 2.123600, 5.138395), (-0.065134, 0.262022, 0.079454, 0.959578)
64.92198, (-0.071220, 2.119544, 5.124025), (-0.067045, 0.259063, 0.069735, 0.961004)
64.93591, (-0.039953, 2.119875, 5.114275), (-0.067459, 0.258314, 0.065153, 0.961498)
64.94982, (-0.006066, 2.126576, 5.095514), (-0.066840, 0.254631, 0.053610, 0.963235)
64.96381, (0.026176, 2.128026, 5.083817), (-0.067133, 0.253352, 0.047838, 0.963856)
64.97783, (0.067587, 2.154759, 5.072713), (-0.065581, 0.246917, 0.034111, 0.966213)
64.99171, (0.115598, 2.169591, 5.062241), (-0.067195, 0.239056, 0.025936, 0.968331)
65.00549, (0.164732, 2.182395, 5.054865), (-0.070116, 0.230958, 0.019115, 0.970246)
65.0199, (0.212496, 2.196867, 5.046270), (-0.071775, 0.223704, 0.012061, 0.971936)
65.03355, (0.264318, 2.208920, 5.036979), (-0.073779, 0.215768, 0.004990, 0.973641)
65.04709, (0.320886, 2.221092, 5.026433), (-0.074444, 0.208267, -0.003374, 0.975229)
65.06116, (0.381533, 2.233417, 5.014310), (-0.074142, 0.200630, -0.011863, 0.976785)
65.07479, (0.438479, 2.242626, 5.003543), (-0.073999, 0.194673, -0.020427, 0.977860)
65.08864, (0.501852, 2.254354, 4.991514), (-0.073663, 0.187644, -0.029695, 0.979021)
65.10252, (0.564417, 2.268378, 4.980645), (-0.072981, 0.180792, -0.038145, 0.980068)
65.11633, (0.631594, 2.281649, 4.971844), (-0.071978, 0.174844, -0.046830, 0.980844)
65.1302, (0.703256, 2.291501, 4.960105), (-0.072218, 0.168801, -0.054783, 0.981473)
65.14422, (0.774060, 2.302741, 4.949180), (-0.071170, 0.164231, -0.060472, 0.981991)
65.15813, (0.846005, 2.312096, 4.937397), (-0.070291, 0.159460, -0.066197, 0.982471)
65.17186, (0.918158, 2.322286, 4.926273), (-0.069465, 0.154416, -0.071587, 0.982958)
65.18578, (0.993633, 2.330072, 4.913354), (-0.068140, 0.149768, -0.074331, 0.983566)
65.19955, (1.065683, 2.336832, 4.898322), (-0.065897, 0.145866, -0.075066, 0.984249)
65.21345, (1.136250, 2.343004, 4.885246), (-0.065812, 0.141434, -0.076821, 0.984766)
65.22777, (1.206585, 2.348334, 4.869752), (-0.065945, 0.136578, -0.078505, 0.985309)
65.24139, (1.275698, 2.352959, 4.853053), (-0.066006, 0.131467, -0.080556, 0.985835)
65.25551, (1.343769, 2.361394, 4.837410), (-0.063629, 0.125751, -0.082487, 0.986577)
65.26928, (1.410756, 2.361473, 4.820291), (-0.063153, 0.119667, -0.084376, 0.987204)
65.28294, (1.473974, 2.363231, 4.800901), (-0.061327, 0.113433, -0.085701, 0.987941)
65.29694, (1.536014, 2.367126, 4.780684), (-0.057546, 0.106465, -0.086187, 0.988901)
65.31047, (1.601852, 2.366424, 4.759400), (-0.054149, 0.097332, -0.084936, 0.990142)
65.32425, (1.667482, 2.379414, 4.742113), (-0.047812, 0.087271, -0.080972, 0.991737)
65.33839, (1.734558, 2.388990, 4.726685), (-0.043958, 0.077671, -0.080620, 0.992741)
65.35218, (1.801121, 2.403055, 4.714067), (-0.042346, 0.069612, -0.080446, 0.993423)
65.36594, (1.869163, 2.418226, 4.703534), (-0.041087, 0.063123, -0.081599, 0.993815)
65.37975, (1.933657, 2.432845, 4.694297), (-0.040714, 0.057072, -0.081886, 0.994173)
65.39364, (1.996163, 2.443956, 4.687903), (-0.041291, 0.049826, -0.084536, 0.994317)
65.40754, (2.051950, 2.450683, 4.681128), (-0.040693, 0.041291, -0.084951, 0.994697)
65.42145, (2.105034, 2.458408, 4.675243), (-0.036380, 0.032002, -0.083868, 0.995298)
65.43525, (2.158575, 2.457994, 4.668694), (-0.031218, 0.021281, -0.080531, 0.996036)
65.4496, (2.208345, 2.462482, 4.661799), (-0.024391, 0.010621, -0.075537, 0.996788)
65.46309, (2.255779, 2.464856, 4.653350), (-0.017723, -0.001160, -0.069785, 0.997404)
65.47685, (2.299628, 2.464359, 4.646122), (-0.011485, -0.013289, -0.064603, 0.997757)
65.49082, (2.345976, 2.463650, 4.640852), (-0.006038, -0.024788, -0.060314, 0.997853)
65.50468, (2.380001, 2.453560, 4.636545), (0.001684, -0.038613, -0.054647, 0.997757)
65.51868, (2.413263, 2.444839, 4.627916), (0.009796, -0.051251, -0.049900, 0.997390)
65.53272, (2.451499, 2.435262, 4.619006), (0.017376, -0.064230, -0.044918, 0.996772)
65.547, (2.486083, 2.425953, 4.608819), (0.023893, -0.075458, -0.039236, 0.996090)
65.56084, (2.523966, 2.415842, 4.600017), (0.028106, -0.085711, -0.034428, 0.995328)
65.57475, (2.559527, 2.405782, 4.591019), (0.032935, -0.094610, -0.030243, 0.994510)
65.5886, (2.593791, 2.393794, 4.581428), (0.037541, -0.104174, -0.026362, 0.993501)
65.60263, (2.619237, 2.377480, 4.568708), (0.041215, -0.111235, -0.026341, 0.992590)
65.61634, (2.653364, 2.366453, 4.559227), (0.046283, -0.121133, -0.022782, 0.991295)
65.63028, (2.676032, 2.352045, 4.544762), (0.050077, -0.126524, -0.022622, 0.990441)
65.64464, (2.709343, 2.340126, 4.536289), (0.054946, -0.135413, -0.020897, 0.989044)
65.65848, (2.728457, 2.318053, 4.517098), (0.054115, -0.129452, -0.023335, 0.989833)
65.67245, (2.752483, 2.300513, 4.500791), (0.058639, -0.131320, -0.022346, 0.989352)
65.68624, (2.771027, 2.282892, 4.484968), (0.063805, -0.133145, -0.021480, 0.988807)
65.70055, (2.793653, 2.268552, 4.470010), (0.068471, -0.135648, -0.020971, 0.988166)
65.71429, (2.815189, 2.255682, 4.452261), (0.071473, -0.137314, -0.020081, 0.987742)
65.72812, (2.833362, 2.246908, 4.434748), (0.071305, -0.138115, -0.019847, 0.987647)
65.74213, (2.851225, 2.235872, 4.417120), (0.072233, -0.140478, -0.019358, 0.987256)
65.75607, (2.868750, 2.224681, 4.398118), (0.072533, -0.143044, -0.019266, 0.986867)
65.77003, (2.886411, 2.211835, 4.377868), (0.074684, -0.145223, -0.018357, 0.986405)
65.7841, (2.904105, 2.200940, 4.354434), (0.077221, -0.146845, -0.016500, 0.986003)
65.79795, (2.920773, 2.191267, 4.331201), (0.079430, -0.148232, -0.014599, 0.985650)
65.8119, (2.940012, 2.179693, 4.308849), (0.080531, -0.149631, -0.013480, 0.985365)
65.82582, (2.958310, 2.168418, 4.288016), (0.082658, -0.151895, -0.012263, 0.984858)
65.83988, (2.976604, 2.157146, 4.267181), (0.084784, -0.154158, -0.011047, 0.984340)
65.85458, (2.994318, 2.144332, 4.235022), (0.085552, -0.150987, -0.009851, 0.984778)
65.86796, (3.012194, 2.133292, 4.207359), (0.087524, -0.149205, -0.007249, 0.984898)
65.88194, (3.030317, 2.121874, 4.183054), (0.089467, -0.150086, -0.005777, 0.984600)
65.89606, (3.051192, 2.116356, 4.155094), (0.089319, -0.146113, -0.004498, 0.985217)
65.90982, (3.069752, 2.107141, 4.131038), (0.090163, -0.144422, -0.002840, 0.985396)
65.92349, (3.089141, 2.098806, 4.105414), (0.089828, -0.138898, -0.001344, 0.986223)
65.93732, (3.106882, 2.093904, 4.077523), (0.089517, -0.133982, -0.000511, 0.986932)
65.95224, (3.126112, 2.090402, 4.047708), (0.088504, -0.129317, 0.000757, 0.987645)
65.96525, (3.144091, 2.083120, 4.019416), (0.088236, -0.125266, 0.001956, 0.988190)
65.9789, (3.160278, 2.076920, 3.992417), (0.088252, -0.121461, 0.003484, 0.988659)
65.9932, (3.173489, 2.070944, 3.960184), (0.087846, -0.116586, 0.005174, 0.989275)
66.00655, (3.189662, 2.069988, 3.929110), (0.087973, -0.112333, 0.006513, 0.989747)
66.02053, (3.204687, 2.067868, 3.900094), (0.088177, -0.108212, 0.007533, 0.990181)
66.03439, (3.216190, 2.071491, 3.874010), (0.086674, -0.103461, 0.009237, 0.990807)
66.04812, (3.226467, 2.069377, 3.848189), (0.083896, -0.098851, 0.011213, 0.991496)
66.06213, (3.228988, 2.076013, 3.824726), (0.082604, -0.093879, 0.016183, 0.992019)
66.07593, (3.235874, 2.079586, 3.794799), (0.080306, -0.090104, 0.019442, 0.992499)
66.08981, (3.243747, 2.088289, 3.767426), (0.078665, -0.087077, 0.024142, 0.992797)
66.10376, (3.249022, 2.093159, 3.744871), (0.075587, -0.083392, 0.028523, 0.993237)
66.11754, (3.253278, 2.097425, 3.729481), (0.069701, -0.080489, 0.033332, 0.993757)
66.13149, (3.255629, 2.101097, 3.714938), (0.062447, -0.079047, 0.038427, 0.994171)
66.14582, (3.250518, 2.102039, 3.696490), (0.054001, -0.076602, 0.039656, 0.994808)
66.15923, (3.248854, 2.113053, 3.680101), (0.049041, -0.075636, 0.039300, 0.995153)
66.17298, (3.250206, 2.117679, 3.665061), (0.044913, -0.074190, 0.037492, 0.995527)
66.18687, (3.253849, 2.126197, 3.652778), (0.043016, -0.071930, 0.035136, 0.995862)
66.2007, (3.255747, 2.135416, 3.635556), (0.041630, -0.067376, 0.033149, 0.996308)
66.21463, (3.274222, 2.144524, 3.614857), (0.049291, -0.062833, 0.030807, 0.996330)
66.22854, (3.291696, 2.146919, 3.600327), (0.053515, -0.058978, 0.031792, 0.996317)
66.24244, (3.303167, 2.147249, 3.590837), (0.055864, -0.055328, 0.033550, 0.996340)
66.25624, (3.313442, 2.142754, 3.589237), (0.054515, -0.050406, 0.032538, 0.996709)
66.27008, (3.316010, 2.156827, 3.588689), (0.056696, -0.044990, 0.032410, 0.996851)
66.28406, (3.332172, 2.164943, 3.581963), (0.053180, -0.045215, 0.031108, 0.997076)
66.29795, (3.339001, 2.180092, 3.566720), (0.050693, -0.045220, 0.025167, 0.997373)
66.31235, (3.351485, 2.190679, 3.566009), (0.055437, -0.041170, 0.023034, 0.997347)
66.32572, (3.349970, 2.181439, 3.572531), (0.044788, -0.038918, 0.020729, 0.998023)
66.33971, (3.358089, 2.178594, 3.579474), (0.040506, -0.036181, 0.020917, 0.998305)
66.35372, (3.364956, 2.176634, 3.575909), (0.040944, -0.031679, 0.022612, 0.998403)
66.3673, (3.371783, 2.172995, 3.570884), (0.043793, -0.030697, 0.028035, 0.998175)
66.3812, (3.367392, 2.160307, 3.568117), (0.045108, -0.030279, 0.033025, 0.997977)
66.395, (3.366724, 2.151666, 3.567590), (0.046382, -0.029843, 0.035921, 0.997832)
66.40918, (3.357010, 2.143146, 3.570059), (0.048571, -0.034074, 0.039828, 0.997444)
66.42312, (3.352720, 2.134733, 3.570963), (0.049751, -0.036183, 0.042074, 0.997219)
66.43676, (3.347721, 2.125106, 3.575003), (0.052164, -0.038440, 0.044653, 0.996899)
66.45063, (3.331192, 2.115386, 3.583605), (0.057142, -0.041462, 0.047304, 0.996383)
66.465, (3.318834, 2.109715, 3.587686), (0.054832, -0.044115, 0.048875, 0.996323)
66.47882, (3.315014, 2.105423, 3.598099), (0.055055, -0.045073, 0.050007, 0.996211)
66.49249, (3.307774, 2.098922, 3.602720), (0.055804, -0.046101, 0.051940, 0.996024)
66.50648, (3.323185, 2.097386, 3.617472), (0.055989, -0.039238, 0.058040, 0.995970)
66.52033, (3.325650, 2.097418, 3.630915), (0.053070, -0.035515, 0.059165, 0.996204)
66.53429, (3.323523, 2.097366, 3.643364), (0.051836, -0.029664, 0.059199, 0.996458)
66.54784, (3.318284, 2.100794, 3.650994), (0.047812, -0.026666, 0.057542, 0.996841)
66.56155, (3.309004, 2.102734, 3.661075), (0.040547, -0.024529, 0.055677, 0.997324)
66.57563, (3.307120, 2.111919, 3.674049), (0.037206, -0.023545, 0.053024, 0.997622)
66.5895, (3.305730, 2.116287, 3.681153), (0.036025, -0.022508, 0.050781, 0.997806)
66.60327, (3.305956, 2.122722, 3.688681), (0.034291, -0.022630, 0.048717, 0.997967)
66.61681, (3.295545, 2.128035, 3.703995), (0.036965, -0.020960, 0.049981, 0.997846)
66.63068, (3.290431, 2.103094, 3.722786), (0.036434, -0.015062, 0.056232, 0.997639)
66.64452, (3.290962, 2.097251, 3.737996), (0.032456, -0.011541, 0.065586, 0.997252)
66.65869, (3.303020, 2.120755, 3.748137), (0.029016, -0.012573, 0.065382, 0.997359)
66.67252, (3.300940, 2.142009, 3.748090), (0.020869, -0.013950, 0.062074, 0.997756)
66.68637, (3.290709, 2.147593, 3.766716), (0.019954, -0.012233, 0.060708, 0.997881)
66.70055, (3.302938, 2.130455, 3.756282), (0.006125, -0.013809, 0.066932, 0.997643)
66.71418, (3.292181, 2.156047, 3.762323), (0.002720, -0.015859, 0.071864, 0.997285)
66.7283, (3.278484, 2.182621, 3.747240), (0.000451, -0.020327, 0.071218, 0.997254)
66.74177, (3.268340, 2.208048, 3.743020), (0.006770, -0.021565, 0.066197, 0.997551)
66.75594, (3.267783, 2.223945, 3.739383), (0.010361, -0.022943, 0.065147, 0.997558)
66.7694, (3.262868, 2.248317, 3.741984), (0.012410, -0.022211, 0.062125, 0.997744)
66.78324, (3.270450, 2.259157, 3.746916), (0.011190, -0.020140, 0.062475, 0.997781)
66.79741, (3.274989, 2.269931, 3.762011), (0.009365, -0.013216, 0.062886, 0.997889)
66.8111, (3.284053, 2.304207, 3.776249), (0.010177, -0.008642, 0.062140, 0.997978)
66.82511, (3.300360, 2.311299, 3.793503), (0.002092, -0.004037, 0.064217, 0.997926)
66.83881, (3.306252, 2.352581, 3.804736), (-0.001952, -0.006017, 0.057238, 0.998341)
66.85262, (3.298780, 2.393113, 3.810773), (-0.000511, -0.008157, 0.045255, 0.998942)
66.86649, (3.290783, 2.410864, 3.829145), (-0.000657, -0.008211, 0.039476, 0.999187)
66.88042, (3.282698, 2.409983, 3.856179), (-0.007697, -0.005040, 0.041497, 0.999096)
66.89431, (3.272029, 2.428943, 3.879298), (-0.008489, -0.000001, 0.040679, 0.999136)
66.90864, (3.266104, 2.453407, 3.896651), (-0.008363, 0.004571, 0.036724, 0.999280)
66.92202, (3.262246, 2.485605, 3.914581), (0.002434, 0.009930, 0.028995, 0.999527)
66.93581, (3.247946, 2.497889, 3.921584), (0.007173, 0.016202, 0.025272, 0.999524)
66.94973, (3.242100, 2.502718, 3.946242), (0.008915, 0.021422, 0.022005, 0.999489)
66.96375, (3.225394, 2.512009, 3.956882), (0.010287, 0.026210, 0.020070, 0.999402)
66.97781, (3.219597, 2.506354, 3.972291), (0.004171, 0.029159, 0.022055, 0.999323)
66.99155, (3.217816, 2.501988, 3.980715), (-0.002194, 0.029766, 0.029858, 0.999108)
67.00526, (3.217956, 2.505008, 3.984921), (-0.007956, 0.028293, 0.032273, 0.999047)
67.01913, (3.220737, 2.509106, 3.985489), (-0.009915, 0.025562, 0.035084, 0.999008)
67.03301, (3.232905, 2.508719, 3.988760), (-0.001288, 0.021240, 0.042430, 0.998873)
67.04694, (3.243248, 2.518648, 3.992530), (-0.000048, 0.016873, 0.043329, 0.998918)
67.06102, (3.258390, 2.531017, 3.986246), (0.003320, 0.009501, 0.042117, 0.999062)
67.07465, (3.269080, 2.535247, 3.984120), (0.003559, 0.002545, 0.043084, 0.999062)
67.08852, (3.283112, 2.531365, 3.980434), (0.005446, -0.006996, 0.045850, 0.998909)
67.10242, (3.289775, 2.520628, 3.969749), (0.004054, -0.015921, 0.050966, 0.998565)
67.11625, (3.299441, 2.519909, 3.956800), (0.001861, -0.026456, 0.053083, 0.998238)
67.13024, (3.300835, 2.538077, 3.948386), (0.006901, -0.035299, 0.050550, 0.998074)
67.14408, (3.302752, 2.555143, 3.955404), (0.016298, -0.039782, 0.047862, 0.997928)
67.15798, (3.306637, 2.551472, 3.969165), (0.019897, -0.040259, 0.045998, 0.997932)
67.17203, (3.313644, 2.557797, 3.988868), (0.017952, -0.038988, 0.044841, 0.998072)
67.18581, (3.319528, 2.555609, 4.006148), (0.011718, -0.037470, 0.044700, 0.998229)
67.19978, (3.308954, 2.563875, 4.021662), (0.006983, -0.033117, 0.043358, 0.998486)
67.21368, (3.299127, 2.578239, 4.038872), (0.008310, -0.030162, 0.038869, 0.998754)
67.22797, (3.291426, 2.582315, 4.066110), (0.009639, -0.026109, 0.034451, 0.999019)
67.24142, (3.290454, 2.575370, 4.088914), (0.006631, -0.022283, 0.032595, 0.999198)
67.25522, (3.292814, 2.566379, 4.113180), (0.002448, -0.020100, 0.032364, 0.999271)
67.26915, (3.292892, 2.562551, 4.133872), (-0.000504, -0.018585, 0.030999, 0.999347)
67.28299, (3.295671, 2.556248, 4.153184), (-0.000780, -0.019669, 0.029736, 0.999364)
67.29729, (3.289983, 2.554104, 4.174820), (0.003480, -0.022113, 0.030489, 0.999284)
67.31091, (3.284173, 2.541553, 4.193768), (0.003064, -0.025227, 0.030084, 0.999224)
67.32463, (3.280633, 2.532452, 4.230275), (0.000762, -0.037423, 0.027883, 0.998910)
67.33852, (3.303556, 2.546301, 4.268622), (-0.004142, -0.050847, 0.035542, 0.998065)
67.35262, (3.286947, 2.545997, 4.302776), (-0.007418, -0.052006, 0.029236, 0.998191)
67.36674, (3.293597, 2.532494, 4.328907), (-0.010594, -0.058760, 0.034669, 0.997614)
67.38027, (3.298163, 2.522900, 4.362576), (-0.012425, -0.062777, 0.045033, 0.996934)
67.39389, (3.297043, 2.526793, 4.390953), (-0.010628, -0.062385, 0.052706, 0.996603)
67.40773, (3.287784, 2.524679, 4.410200), (-0.007034, -0.060855, 0.057861, 0.996443)
67.42158, (3.278751, 2.522564, 4.429785), (-0.000858, -0.059584, 0.061372, 0.996335)
67.43558, (3.273488, 2.514715, 4.452543), (0.004306, -0.057319, 0.062051, 0.996416)
67.44944, (3.265090, 2.504003, 4.473546), (0.011466, -0.054828, 0.061742, 0.996519)
67.46333, (3.257813, 2.497935, 4.497528), (0.016876, -0.053126, 0.060909, 0.996586)
67.47721, (3.252627, 2.490758, 4.521609), (0.017921, -0.051794, 0.059711, 0.996710)
67.49119, (3.248541, 2.482083, 4.545532), (0.018631, -0.051603, 0.060041, 0.996687)
67.50506, (3.237609, 2.478652, 4.567861), (0.016147, -0.052201, 0.061484, 0.996611)
67.51895, (3.235152, 2.473582, 4.588789), (0.014923, -0.054746, 0.060814, 0.996535)
67.53326, (3.232234, 2.464592, 4.607025), (0.013535, -0.057937, 0.060272, 0.996407)
67.54678, (3.228619, 2.460860, 4.623936), (0.013215, -0.060664, 0.059512, 0.996295)
67.56073, (3.218918, 2.466353, 4.640161), (0.017252, -0.062617, 0.058907, 0.996148)
67.5745, (3.209808, 2.470232, 4.656962), (0.021526, -0.063863, 0.058437, 0.996014)
67.58839, (3.204718, 2.467871, 4.674274), (0.021161, -0.065320, 0.057193, 0.995999)
67.6022, (3.201178, 2.465150, 4.694404), (0.017850, -0.065295, 0.053917, 0.996249)
67.61646, (3.194586, 2.464027, 4.712952), (0.015551, -0.065233, 0.051860, 0.996400)
67.63028, (3.187547, 2.461222, 4.728229), (0.010667, -0.064795, 0.050667, 0.996554)
67.64395, (3.180031, 2.461727, 4.742115), (0.008727, -0.063314, 0.049727, 0.996716)
67.65786, (3.176291, 2.466285, 4.754431), (0.008154, -0.062169, 0.047050, 0.996923)
67.67205, (3.172511, 2.472359, 4.767665), (0.010616, -0.059835, 0.044559, 0.997157)
67.68587, (3.165376, 2.481405, 4.778507), (0.013861, -0.056475, 0.044078, 0.997334)
67.69981, (3.158066, 2.490910, 4.790897), (0.017631, -0.053148, 0.044950, 0.997419)
67.71368, (3.156592, 2.493026, 4.805426), (0.019941, -0.050096, 0.044873, 0.997537)
67.72751, (3.161374, 2.489932, 4.816256), (0.017590, -0.049509, 0.044512, 0.997626)
67.74135, (3.165298, 2.488613, 4.832866), (0.016260, -0.048825, 0.044151, 0.997699)
67.7552, (3.169769, 2.491744, 4.845349), (0.012596, -0.046151, 0.045984, 0.997796)
67.76887, (3.172872, 2.498248, 4.860315), (0.013395, -0.042341, 0.052217, 0.997648)
67.78276, (3.176913, 2.500530, 4.871616), (0.014478, -0.039213, 0.059826, 0.997333)
67.79652, (3.177101, 2.503057, 4.873126), (0.021769, -0.040263, 0.075060, 0.996128)
67.81045, (3.187910, 2.499495, 4.879362), (0.024182, -0.042244, 0.082649, 0.995389)
67.82433, (3.188241, 2.497536, 4.878050), (0.039051, -0.047235, 0.092026, 0.993869)
67.83821, (3.189356, 2.505366, 4.880070), (0.042833, -0.054404, 0.098056, 0.992769)
67.85221, (3.200398, 2.507032, 4.884532), (0.052695, -0.063523, 0.097326, 0.991824)
67.86608, (3.209108, 2.508560, 4.892768), (0.058086, -0.072679, 0.094054, 0.991210)
67.88014, (3.215415, 2.500188, 4.901950), (0.058503, -0.078522, 0.087863, 0.991308)
67.89408, (3.218014, 2.487234, 4.911296), (0.054450, -0.081266, 0.086073, 0.991475)
67.90817, (3.214208, 2.482355, 4.918847), (0.048712, -0.081343, 0.083511, 0.991986)
67.92188, (3.212600, 2.485011, 4.928262), (0.052672, -0.081008, 0.080095, 0.992093)
67.93602, (3.213987, 2.476650, 4.925752), (0.047312, -0.080342, 0.073235, 0.992947)
67.94977, (3.218105, 2.472942, 4.929655), (0.044959, -0.079330, 0.067176, 0.993566)
67.96416, (3.217477, 2.488086, 4.931406), (0.047921, -0.077644, 0.061201, 0.993946)
67.97778, (3.219846, 2.496829, 4.933556), (0.050744, -0.077843, 0.057484, 0.994013)
67.99168, (3.229982, 2.503592, 4.940036), (0.055817, -0.079178, 0.055158, 0.993767)
68.00549, (3.242182, 2.504100, 4.944166), (0.056585, -0.080293, 0.053725, 0.993713)
68.01936, (3.256407, 2.514421, 4.945673), (0.053614, -0.080131, 0.052055, 0.993979)
68.03328, (3.265213, 2.518386, 4.949319), (0.046380, -0.079262, 0.054808, 0.994265)
68.04704, (3.271177, 2.527424, 4.950621), (0.043087, -0.077788, 0.062487, 0.994077)
68.06076, (3.284686, 2.533470, 4.949556), (0.036719, -0.075056, 0.068556, 0.994142)
68.07528, (3.296312, 2.541620, 4.946234), (0.032121, -0.073359, 0.073043, 0.994108)
68.08897, (3.303676, 2.554328, 4.941267), (0.032224, -0.071880, 0.075119, 0.994058)
68.10251, (3.308356, 2.560531, 4.933053), (0.032017, -0.071952, 0.077072, 0.993910)
68.11625, (3.313536, 2.569094, 4.923092), (0.029859, -0.073173, 0.077136, 0.993883)
68.13009, (3.316254, 2.581158, 4.912482), (0.029975, -0.072713, 0.075314, 0.994053)
68.14437, (3.322240, 2.590537, 4.906034), (0.028523, -0.072332, 0.076297, 0.994049)
68.15824, (3.318038, 2.623450, 4.893090), (0.050558, -0.065272, 0.065911, 0.994404)
68.17172, (3.316354, 2.612313, 4.878195), (0.051680, -0.059476, 0.060310, 0.995065)
68.18559, (3.314390, 2.616519, 4.866121), (0.055314, -0.052638, 0.055708, 0.995523)
68.1995, (3.292986, 2.631378, 4.864390), (0.076010, -0.039029, 0.058916, 0.994600)
68.21366, (3.300296, 2.628087, 4.837611), (0.068909, -0.025645, 0.052487, 0.995911)
68.22741, (3.309890, 2.617422, 4.830841), (0.057513, -0.014594, 0.041876, 0.997359)
68.24137, (3.310238, 2.615811, 4.824122), (0.048221, -0.007740, 0.033994, 0.998228)
68.25556, (3.308613, 2.621288, 4.815722), (0.042433, -0.002316, 0.027786, 0.998710)
68.26937, (3.313545, 2.623322, 4.810762), (0.037379, -0.000349, 0.023284, 0.999030)
68.28308, (3.322071, 2.628218, 4.808046), (0.034309, -0.002602, 0.021271, 0.999182)
68.29734, (3.330166, 2.633294, 4.801285), (0.031723, -0.005506, 0.019417, 0.999293)
68.31086, (3.340435, 2.640116, 4.792465), (0.029631, -0.012488, 0.018643, 0.999309)
68.32463, (3.345948, 2.648852, 4.784153), (0.029902, -0.017720, 0.019515, 0.999205)
68.3385, (3.354897, 2.660433, 4.777461), (0.034331, -0.023956, 0.022530, 0.998869)
68.35244, (3.369033, 2.672225, 4.775816), (0.037981, -0.027722, 0.025299, 0.998574)
68.36629, (3.384481, 2.681187, 4.777822), (0.041850, -0.027929, 0.029950, 0.998284)
68.38021, (3.388821, 2.679460, 4.767834), (0.033072, -0.027752, 0.037070, 0.998380)
68.39439, (3.392256, 2.695602, 4.763746), (0.035897, -0.025821, 0.044102, 0.998048)
68.4081, (3.396442, 2.710936, 4.757462), (0.042332, -0.024820, 0.049308, 0.997577)
68.42189, (3.404170, 2.712126, 4.749652), (0.040897, -0.025479, 0.052471, 0.997459)
68.43578, (3.413975, 2.714827, 4.743933), (0.037064, -0.027405, 0.053304, 0.997514)
68.45029, (3.423579, 2.715048, 4.738741), (0.034771, -0.030549, 0.052753, 0.997534)
68.46366, (3.428518, 2.722019, 4.733178), (0.034159, -0.032135, 0.054295, 0.997423)
68.47758, (3.430733, 2.728618, 4.727690), (0.034317, -0.034318, 0.055130, 0.997299)
68.49134, (3.433712, 2.727619, 4.721397), (0.033151, -0.033703, 0.054319, 0.997404)
68.5052, (3.436134, 2.725649, 4.716060), (0.030975, -0.031971, 0.053586, 0.997571)
68.51913, (3.438084, 2.724926, 4.710636), (0.028618, -0.028785, 0.050407, 0.997904)
68.53334, (3.438272, 2.725402, 4.706838), (0.028278, -0.025276, 0.047572, 0.998148)
68.54749, (3.439485, 2.723520, 4.702948), (0.027465, -0.023424, 0.045873, 0.998295)
68.56107, (3.442835, 2.721174, 4.703845), (0.030743, -0.020558, 0.043360, 0.998375)
68.57497, (3.444498, 2.717999, 4.690963), (0.023034, -0.019813, 0.041176, 0.998690)
68.589, (3.444451, 2.725078, 4.690660), (0.026703, -0.019168, 0.037144, 0.998769)
68.60396, (3.447952, 2.729671, 4.686983), (0.025532, -0.018211, 0.032599, 0.998976)
68.61754, (3.454320, 2.724069, 4.690150), (0.023476, -0.016523, 0.029647, 0.999148)
68.63113, (3.462825, 2.716864, 4.687618), (0.015986, -0.015628, 0.031428, 0.999256)
68.64498, (3.466544, 2.727573, 4.682467), (0.017459, -0.016828, 0.035265, 0.999084)
68.65881, (3.472240, 2.733250, 4.674339), (0.021921, -0.019227, 0.036687, 0.998901)
68.67255, (3.481849, 2.736728, 4.667552), (0.026555, -0.023354, 0.037002, 0.998689)
68.6866, (3.492004, 2.740065, 4.664481), (0.029376, -0.025802, 0.037213, 0.998542)
68.7004, (3.498114, 2.737169, 4.662584), (0.031237, -0.026171, 0.040473, 0.998349)
68.71463, (3.504802, 2.733655, 4.661412), (0.029100, -0.024554, 0.044452, 0.998286)
68.72805, (3.507822, 2.735378, 4.660308), (0.028478, -0.021981, 0.047252, 0.998235)
68.74194, (3.509609, 2.738785, 4.659304), (0.028991, -0.019384, 0.048109, 0.998233)
68.75581, (3.510752, 2.740781, 4.656008), (0.029751, -0.018387, 0.049109, 0.998181)
68.76981, (3.512293, 2.740948, 4.653778), (0.029886, -0.019282, 0.048932, 0.998169)
68.78365, (3.515187, 2.739819, 4.651715), (0.029515, -0.019102, 0.049217, 0.998169)
68.79751, (3.518376, 2.740519, 4.649147), (0.029763, -0.018743, 0.050134, 0.998123)
68.81149, (3.521564, 2.741218, 4.646579), (0.030012, -0.018384, 0.051051, 0.998076)
68.82508, (3.518404, 2.735863, 4.650120), (0.019513, -0.023434, 0.042619, 0.998626)
68.83881, (3.519528, 2.741421, 4.651105), (0.020773, -0.022638, 0.041711, 0.998657)
68.853, (3.522894, 2.740997, 4.649048), (0.018915, -0.022106, 0.042712, 0.998664)
68.86641, (3.522042, 2.742668, 4.649594), (0.017756, -0.021632, 0.044510, 0.998617)
68.88091, (3.521358, 2.745880, 4.650173), (0.016869, -0.021782, 0.044768, 0.998618)
68.89528, (3.521764, 2.749572, 4.650432), (0.015268, -0.021619, 0.044471, 0.998660)
68.90893, (3.521931, 2.752126, 4.650313), (0.013344, -0.021467, 0.046291, 0.998608)
68.92286, (3.521569, 2.755836, 4.651042), (0.013503, -0.020636, 0.046530, 0.998612)
68.93655, (3.521058, 2.758999, 4.650458), (0.012550, -0.020020, 0.047410, 0.998596)
68.95059, (3.516150, 2.765082, 4.642468), (0.013973, -0.020212, 0.048424, 0.998525)
68.96458, (3.517767, 2.768035, 4.638951), (0.015687, -0.020425, 0.048079, 0.998511)
68.9782, (3.519237, 2.769697, 4.637069), (0.016659, -0.020299, 0.048659, 0.998470)
68.99194, (3.520651, 2.768302, 4.637459), (0.016229, -0.019548, 0.050127, 0.998420)
69.0059, (3.521607, 2.766179, 4.636236), (0.015872, -0.018910, 0.052154, 0.998334)
69.01975, (3.520939, 2.770540, 4.633837), (0.016827, -0.018756, 0.053865, 0.998230)
69.03356, (3.521945, 2.768642, 4.630925), (0.017728, -0.019018, 0.054634, 0.998168)
69.04794, (3.522262, 2.766223, 4.626766), (0.019267, -0.019744, 0.054272, 0.998145)
69.06113, (3.518489, 2.760687, 4.617948), (0.021734, -0.019745, 0.054122, 0.998103)
69.07483, (3.514544, 2.757534, 4.614279), (0.024100, -0.019254, 0.053665, 0.998082)
69.08926, (3.513787, 2.753612, 4.613788), (0.026372, -0.018373, 0.052186, 0.998120)
69.10342, (3.514554, 2.751800, 4.613466), (0.027291, -0.018063, 0.051147, 0.998155)
69.11739, (3.514240, 2.747686, 4.614527), (0.025848, -0.016170, 0.050015, 0.998283)
69.13094, (3.512294, 2.749008, 4.614785), (0.024379, -0.014442, 0.050303, 0.998332)
69.14493, (3.510920, 2.748989, 4.616396), (0.023644, -0.013050, 0.050481, 0.998360)
69.15884, (3.510811, 2.746016, 4.613262), (0.021894, -0.012619, 0.050466, 0.998406)
69.17261, (3.510372, 2.745513, 4.614332), (0.019897, -0.012998, 0.050031, 0.998465)
69.18656, (3.510758, 2.745171, 4.615881), (0.016805, -0.013776, 0.049484, 0.998539)
69.20039, (3.510234, 2.747420, 4.617332), (0.016902, -0.014728, 0.049498, 0.998523)
69.21512, (3.507633, 2.752049, 4.617737), (0.018947, -0.015941, 0.050287, 0.998428)
69.22871, (3.504683, 2.756534, 4.617311), (0.019929, -0.017711, 0.050713, 0.998357)
69.24236, (3.502271, 2.760508, 4.617291), (0.018783, -0.019730, 0.050605, 0.998347)
69.25599, (3.501072, 2.763129, 4.618719), (0.016569, -0.021677, 0.050535, 0.998350)
69.2699, (3.500413, 2.765868, 4.621257), (0.017136, -0.022521, 0.050312, 0.998333)
69.28352, (3.499755, 2.767556, 4.623546), (0.015347, -0.022808, 0.052077, 0.998265)
69.29724, (3.498694, 2.768083, 4.624710), (0.015095, -0.023326, 0.054485, 0.998128)
69.31104, (3.497400, 2.769147, 4.624286), (0.016320, -0.024308, 0.055530, 0.998028)
69.32483, (3.496850, 2.769668, 4.623367), (0.018423, -0.025583, 0.056526, 0.997903)
69.33887, (3.496051, 2.769786, 4.621911), (0.020216, -0.026768, 0.057887, 0.997759)
69.35268, (3.494718, 2.769461, 4.620038), (0.021055, -0.028239, 0.059238, 0.997622)
69.36696, (3.493468, 2.767774, 4.617607), (0.023630, -0.029621, 0.058986, 0.997539)
69.38064, (3.491283, 2.766562, 4.614968), (0.025352, -0.030709, 0.059001, 0.997463)
69.39443, (3.488724, 2.764385, 4.612761), (0.027744, -0.031048, 0.058126, 0.997441)
69.40826, (3.485313, 2.761759, 4.609686), (0.027313, -0.031288, 0.057612, 0.997475)
69.42232, (3.482601, 2.758422, 4.606682), (0.027210, -0.031446, 0.055549, 0.997590)
69.4364, (3.481597, 2.756048, 4.605753), (0.027401, -0.030156, 0.053474, 0.997738)
69.45055, (3.478562, 2.753434, 4.603829), (0.025643, -0.028896, 0.053069, 0.997843)
69.46416, (3.476815, 2.752552, 4.604584), (0.024896, -0.027236, 0.053659, 0.997877)
69.47824, (3.475282, 2.751707, 4.601782), (0.023330, -0.026646, 0.053739, 0.997927)
69.49187, (3.474276, 2.750808, 4.601038), (0.021925, -0.025889, 0.053886, 0.997971)
69.50555, (3.474302, 2.751145, 4.600828), (0.021478, -0.025453, 0.054644, 0.997950)
69.51946, (3.472880, 2.750136, 4.599663), (0.020988, -0.025016, 0.054618, 0.997973)
69.53325, (3.471458, 2.749127, 4.598498), (0.020499, -0.024578, 0.054592, 0.997996)
69.54762, (3.470625, 2.759150, 4.597944), (0.023797, -0.027556, 0.057578, 0.997677)
69.56143, (3.471690, 2.761686, 4.600386), (0.019839, -0.027774, 0.058138, 0.997725)
69.57507, (3.473266, 2.764436, 4.604178), (0.016205, -0.026357, 0.058788, 0.997791)
69.58892, (3.474521, 2.767246, 4.608334), (0.012579, -0.024445, 0.061325, 0.997739)
69.60284, (3.474387, 2.770512, 4.612172), (0.012105, -0.022401, 0.066627, 0.997453)
69.61678, (3.471239, 2.776397, 4.611690), (0.018557, -0.022011, 0.069560, 0.997162)
69.63058, (3.465199, 2.785630, 4.601533), (0.024082, -0.024434, 0.070293, 0.996936)
69.64445, (3.464454, 2.787510, 4.600112), (0.026765, -0.026927, 0.070548, 0.996786)
69.65845, (3.465964, 2.787572, 4.604171), (0.026483, -0.027947, 0.070853, 0.996743)
69.67377, (3.464180, 2.787789, 4.604005), (0.022784, -0.027496, 0.072883, 0.996701)
69.68663, (3.462382, 2.786821, 4.605463), (0.020785, -0.026806, 0.074825, 0.996620)
69.70113, (3.459528, 2.785410, 4.606522), (0.020251, -0.026444, 0.074192, 0.996688)
69.71408, (3.455689, 2.784276, 4.605680), (0.020093, -0.027007, 0.071501, 0.996872)
69.72807, (3.450525, 2.783798, 4.603701), (0.021395, -0.026691, 0.069000, 0.997030)
69.74207, (3.442880, 2.778392, 4.601284), (0.020111, -0.026386, 0.066838, 0.997212)
69.75611, (3.442394, 2.771982, 4.603938), (0.016572, -0.025402, 0.065575, 0.997387)
69.80466, (3.442200, 2.771847, 4.603329), (0.015794, -0.025184, 0.065864, 0.997386)