152.8411, (-2.250654, 0.486661, 4.009357), (0.023254, -0.828971, 0.036682, 0.557603)
152.8546, (-2.253164, 0.486953, 4.005045), (0.022754, -0.828325, 0.036807, 0.558574)
152.8685, (-2.255617, 0.486799, 4.000755), (0.021607, -0.827401, 0.036238, 0.560025)
152.8821, (-2.257954, 0.486970, 3.996284), (0.021597, -0.826119, 0.037179, 0.561853)
152.8958, (-2.260302, 0.487107, 3.991876), (0.020799, -0.825072, 0.037638, 0.563389)
152.9097, (-2.262674, 0.486723, 3.988029), (0.021495, -0.823847, 0.039809, 0.565005)
152.9235, (-2.265141, 0.486462, 3.983737), (0.021396, -0.823113, 0.041112, 0.565984)
152.9373, (-2.267728, 0.486331, 3.979177), (0.020925, -0.822136, 0.042531, 0.567315)
152.9512, (-2.270012, 0.486307, 3.974798), (0.021065, -0.821188, 0.044209, 0.568553)
152.9655, (-2.272451, 0.486219, 3.970749), (0.020760, -0.821013, 0.045907, 0.568682)
152.9799, (-2.274749, 0.486484, 3.966615), (0.020929, -0.820538, 0.047755, 0.569208)
152.9946, (-2.277314, 0.486711, 3.962512), (0.021126, -0.820195, 0.049068, 0.569585)
153.0104, (-2.279856, 0.487171, 3.958326), (0.022196, -0.819505, 0.050394, 0.570420)
153.0264, (-2.284783, 0.487286, 3.950236), (0.022493, -0.818581, 0.050897, 0.571690)
153.0418, (-2.287135, 0.487313, 3.946529), (0.021773, -0.818362, 0.049789, 0.572128)
153.0714, (-2.289136, 0.486648, 3.943636), (0.018927, -0.818693, 0.046439, 0.572038)
153.0851, (-2.293764, 0.486196, 3.936083), (0.017487, -0.817918, 0.046468, 0.573189)
153.0984, (-2.296134, 0.485612, 3.932917), (0.016665, -0.817945, 0.047077, 0.573125)
153.1119, (-2.298481, 0.485003, 3.929703), (0.016795, -0.818219, 0.048168, 0.572639)
153.1251, (-2.300837, 0.484183, 3.926793), (0.018213, -0.818850, 0.049465, 0.571582)
153.1498, (-2.303154, 0.483097, 3.924116), (0.020913, -0.818950, 0.053983, 0.570938)
153.1643, (-2.305349, 0.482185, 3.921310), (0.021966, -0.819304, 0.056887, 0.570107)
153.1777, (-2.307604, 0.481739, 3.918599), (0.023150, -0.819928, 0.060069, 0.568836)
153.1912, (-2.310022, 0.481453, 3.915943), (0.024996, -0.820197, 0.063697, 0.567974)
153.2045, (-2.312557, 0.481149, 3.913082), (0.025338, -0.820458, 0.066814, 0.567224)
153.2178, (-2.315036, 0.480922, 3.910611), (0.024813, -0.820319, 0.068387, 0.567261)
153.2312, (-2.317223, 0.481068, 3.908148), (0.024575, -0.820375, 0.070599, 0.566919)
153.2445, (-2.319486, 0.481045, 3.906035), (0.024220, -0.821005, 0.070897, 0.565984)
153.258, (-2.321749, 0.480854, 3.903999), (0.023286, -0.821279, 0.071057, 0.565605)
153.2715, (-2.324166, 0.480571, 3.902302), (0.021709, -0.821421, 0.070428, 0.565541)
153.2849, (-2.326728, 0.480456, 3.900593), (0.020978, -0.821464, 0.070000, 0.565559)
153.2995, (-2.329368, 0.480275, 3.899159), (0.020560, -0.821652, 0.069322, 0.565385)
153.3145, (-2.332175, 0.480178, 3.897806), (0.020677, -0.821338, 0.069515, 0.565812)
153.33, (-2.335076, 0.479786, 3.896754), (0.021486, -0.821279, 0.069286, 0.565897)
153.3455, (-2.340503, 0.479063, 3.893970), (0.022722, -0.820889, 0.070255, 0.566295)
153.3608, (-2.343434, 0.478430, 3.893387), (0.023783, -0.819958, 0.071479, 0.567445)
153.3758, (-2.346294, 0.477760, 3.892654), (0.024233, -0.819150, 0.072826, 0.568421)
153.3906, (-2.349494, 0.477293, 3.891959), (0.024828, -0.818345, 0.074138, 0.569385)
153.4052, (-2.352631, 0.476743, 3.891304), (0.025465, -0.817315, 0.074912, 0.570733)
153.4198, (-2.355989, 0.476296, 3.891104), (0.025793, -0.816240, 0.075239, 0.572212)
153.4342, (-2.359348, 0.475730, 3.890845), (0.026125, -0.814946, 0.075202, 0.574043)
153.4487, (-2.362884, 0.475355, 3.890646), (0.026260, -0.813950, 0.076598, 0.575264)
153.4629, (-2.366214, 0.475138, 3.890507), (0.025991, -0.812904, 0.077704, 0.576606)
153.4769, (-2.369587, 0.474847, 3.890490), (0.026433, -0.812032, 0.077416, 0.577851)
153.4926, (-2.373136, 0.474545, 3.890397), (0.026283, -0.811699, 0.075656, 0.578559)
153.5076, (-2.376466, 0.474065, 3.890311), (0.026252, -0.811243, 0.074591, 0.579337)
153.5224, (-2.383193, 0.473356, 3.890212), (0.026875, -0.810194, 0.075034, 0.580718)
153.5376, (-2.386450, 0.473273, 3.890466), (0.026555, -0.810014, 0.076045, 0.580853)
153.5529, (-2.389843, 0.472883, 3.891165), (0.026822, -0.811017, 0.074211, 0.579676)
153.5681, (-2.393542, 0.472459, 3.891641), (0.027543, -0.811636, 0.073174, 0.578908)
153.5831, (-2.397038, 0.472273, 3.892080), (0.027484, -0.811916, 0.073952, 0.578418)
153.5984, (-2.400093, 0.471807, 3.893074), (0.028318, -0.812227, 0.074352, 0.577890)
153.6129, (-2.403389, 0.471481, 3.893895), (0.027898, -0.812614, 0.072984, 0.577542)
153.6275, (-2.406535, 0.471298, 3.895043), (0.028014, -0.812878, 0.071118, 0.577397)
153.6426, (-2.409988, 0.471394, 3.896286), (0.028985, -0.813533, 0.068880, 0.576696)
153.6707, (-2.413026, 0.471234, 3.897776), (0.028365, -0.813899, 0.065912, 0.576559)
153.6849, (-2.419607, 0.471090, 3.900314), (0.028671, -0.815057, 0.063225, 0.575207)
153.6992, (-2.422840, 0.470914, 3.901420), (0.028392, -0.815455, 0.060838, 0.574914)
153.7134, (-2.426231, 0.470671, 3.902924), (0.028845, -0.816062, 0.058417, 0.574281)
153.7276, (-2.429261, 0.470309, 3.904778), (0.028191, -0.816596, 0.055552, 0.573839)
153.7417, (-2.432430, 0.470019, 3.906530), (0.027624, -0.817356, 0.053590, 0.572970)
153.7556, (-2.435728, 0.469857, 3.908293), (0.027465, -0.818377, 0.051749, 0.571687)
153.7694, (-2.439035, 0.469643, 3.909982), (0.026780, -0.819066, 0.049714, 0.570913)
153.7834, (-2.442607, 0.469901, 3.911949), (0.026226, -0.820072, 0.048292, 0.569615)
153.7973, (-2.445908, 0.469771, 3.913508), (0.025999, -0.820652, 0.046558, 0.568934)
153.8113, (-2.450638, 0.471789, 3.915642), (0.028617, -0.820619, 0.049039, 0.568648)
153.8253, (-2.454386, 0.472374, 3.917307), (0.029046, -0.820870, 0.047594, 0.568388)
153.8403, (-2.459511, 0.474997, 3.919466), (0.033017, -0.820253, 0.046400, 0.569160)
153.8554, (-2.464445, 0.477454, 3.921267), (0.035975, -0.819618, 0.045491, 0.569967)
153.8707, (-2.469447, 0.479584, 3.922617), (0.037187, -0.818743, 0.040852, 0.571496)
153.9003, (-2.477479, 0.482124, 3.926614), (0.032030, -0.818190, 0.028337, 0.573356)
153.9149, (-2.485478, 0.484751, 3.930547), (0.029657, -0.818080, 0.021156, 0.573950)
153.9287, (-2.490127, 0.485808, 3.932715), (0.026926, -0.818460, 0.017220, 0.573674)
153.9421, (-2.494698, 0.486619, 3.934403), (0.025705, -0.817963, 0.013137, 0.574546)
153.9561, (-2.499576, 0.486840, 3.936446), (0.025329, -0.817756, 0.008349, 0.574946)
153.9808, (-2.499612, 0.485591, 3.936500), (0.026856, -0.818367, 0.011197, 0.573959)
153.9945, (-2.508205, 0.486356, 3.940121), (0.027992, -0.818101, 0.007397, 0.574346)
154.008, (-2.512485, 0.486208, 3.941700), (0.029096, -0.818589, 0.007070, 0.573598)
154.0219, (-2.516885, 0.486426, 3.943235), (0.031594, -0.819083, 0.008857, 0.572736)
154.0352, (-2.521176, 0.486756, 3.944737), (0.032553, -0.819133, 0.008429, 0.572617)
154.049, (-2.525243, 0.486529, 3.945604), (0.034636, -0.819808, 0.012262, 0.571458)
154.0628, (-2.529265, 0.486583, 3.946781), (0.035313, -0.820352, 0.012893, 0.570622)
154.077, (-2.533212, 0.486856, 3.947918), (0.036025, -0.821148, 0.013526, 0.569417)
154.0908, (-2.537250, 0.487152, 3.949071), (0.036694, -0.821879, 0.013964, 0.568308)
154.1063, (-2.540668, 0.487454, 3.949916), (0.035787, -0.823741, 0.015638, 0.565620)
154.1217, (-2.544402, 0.487536, 3.951008), (0.034577, -0.825275, 0.015069, 0.563471)
154.1372, (-2.552212, 0.488147, 3.952961), (0.034072, -0.827722, 0.014419, 0.559917)
154.1525, (-2.556038, 0.488217, 3.953192), (0.033119, -0.829675, 0.011557, 0.557144)
154.1682, (-2.559748, 0.488362, 3.953712), (0.033077, -0.831496, 0.009888, 0.554457)
154.1946, (-2.562384, 0.488065, 3.953859), (0.033949, -0.834851, 0.007254, 0.549381)
154.2088, (-2.569506, 0.487970, 3.955041), (0.034116, -0.838334, 0.005219, 0.544063)
154.2231, (-2.572487, 0.487433, 3.954935), (0.036025, -0.840429, 0.004724, 0.540702)
154.248, (-2.574906, 0.486799, 3.954333), (0.035176, -0.842610, 0.004697, 0.537354)
154.2622, (-2.581076, 0.486377, 3.954013), (0.034448, -0.847141, 0.003138, 0.530241)
154.2763, (-2.584122, 0.486548, 3.953165), (0.034532, -0.849657, 0.003754, 0.526191)
154.29, (-2.587113, 0.486598, 3.952214), (0.034878, -0.852103, 0.004023, 0.522196)
154.3157, (-2.586595, 0.487555, 3.951377), (0.033501, -0.853190, 0.004651, 0.520503)
154.3291, (-2.592128, 0.488902, 3.950305), (0.032871, -0.858150, 0.003319, 0.512335)
154.3428, (-2.594868, 0.489895, 3.949634), (0.032916, -0.861586, 0.000915, 0.506543)
154.3557, (-2.598042, 0.491127, 3.948773), (0.033806, -0.865008, -0.000462, 0.500617)
154.369, (-2.600811, 0.492014, 3.947558), (0.034234, -0.867677, -0.000394, 0.495948)
154.3822, (-2.603495, 0.492508, 3.946641), (0.031637, -0.870252, -0.003340, 0.491578)
154.3959, (-2.606707, 0.493891, 3.945862), (0.031191, -0.872857, -0.007061, 0.486927)
154.4096, (-2.609599, 0.494437, 3.945156), (0.031487, -0.874380, -0.009556, 0.484125)
154.4235, (-2.612693, 0.495779, 3.943986), (0.030376, -0.875818, -0.008537, 0.481609)
154.4372, (-2.615609, 0.495938, 3.943609), (0.028957, -0.876697, -0.010519, 0.480055)
154.451, (-2.618846, 0.496272, 3.943389), (0.026394, -0.877227, -0.013470, 0.479160)
154.4649, (-2.622567, 0.496586, 3.942986), (0.024945, -0.877325, -0.016384, 0.478968)
154.4787, (-2.626472, 0.496973, 3.942125), (0.024930, -0.876942, -0.017338, 0.479636)
154.4926, (-2.630435, 0.497015, 3.941174), (0.025759, -0.875450, -0.016355, 0.482345)
154.5065, (-2.634528, 0.497010, 3.940246), (0.025682, -0.874513, -0.013689, 0.484129)
154.5204, (-2.638829, 0.496931, 3.939031), (0.026033, -0.873779, -0.011964, 0.485479)
154.5344, (-2.642495, 0.496901, 3.938079), (0.025869, -0.873384, -0.012004, 0.486197)
154.5482, (-2.647119, 0.497171, 3.936961), (0.027989, -0.870833, -0.010284, 0.490673)
154.5622, (-2.651537, 0.497212, 3.936020), (0.029865, -0.868859, -0.008384, 0.494088)
154.5761, (-2.655883, 0.497111, 3.934766), (0.030973, -0.866478, -0.006621, 0.498210)
154.5899, (-2.660124, 0.497083, 3.933460), (0.031640, -0.863888, -0.006495, 0.502648)
154.6038, (-2.664269, 0.497478, 3.932202), (0.032778, -0.861020, -0.006546, 0.507472)
154.6176, (-2.668537, 0.497583, 3.930920), (0.034251, -0.858268, -0.007222, 0.512008)
154.6317, (-2.672913, 0.497286, 3.929469), (0.033328, -0.855102, -0.007464, 0.517333)
154.6454, (-2.677262, 0.497047, 3.928122), (0.033534, -0.851800, -0.007351, 0.522742)
154.6597, (-2.681262, 0.496917, 3.927135), (0.032485, -0.847332, -0.005304, 0.530043)
154.6744, (-2.684827, 0.496466, 3.925716), (0.031784, -0.842289, -0.006265, 0.538051)
154.7007, (-2.687588, 0.495874, 3.923763), (0.029106, -0.836242, -0.006382, 0.547551)
154.7168, (-2.694468, 0.494635, 3.920289), (0.025911, -0.827340, -0.007483, 0.561054)
154.7439, (-2.697057, 0.494149, 3.918332), (0.024194, -0.821872, -0.008132, 0.569100)
154.7579, (-2.702073, 0.493795, 3.914286), (0.019780, -0.813437, -0.008332, 0.581257)
154.7713, (-2.704089, 0.493865, 3.911913), (0.021305, -0.809844, -0.005158, 0.586236)
154.7855, (-2.705794, 0.493376, 3.909416), (0.022129, -0.805480, -0.001092, 0.592209)
154.7995, (-2.708141, 0.493931, 3.906478), (0.023623, -0.801130, 0.006277, 0.597992)
154.8151, (-2.710694, 0.494930, 3.903879), (0.024736, -0.796193, 0.012515, 0.604408)
154.8314, (-2.712792, 0.496252, 3.900836), (0.026540, -0.790673, 0.016976, 0.611427)
154.8585, (-2.716790, 0.498837, 3.895411), (0.021898, -0.781559, 0.016538, 0.623227)
154.8736, (-2.720633, 0.501340, 3.890926), (0.017632, -0.773324, 0.018516, 0.633495)
154.8998, (-2.721251, 0.502186, 3.889292), (0.010968, -0.769804, 0.015468, 0.637999)
154.9262, (-2.724521, 0.502918, 3.885384), (0.008808, -0.762368, 0.014364, 0.646925)
154.9411, (-2.726018, 0.502860, 3.883398), (0.008568, -0.757771, 0.014152, 0.652311)
154.9662, (-2.728213, 0.502286, 3.881722), (0.009516, -0.753152, 0.016901, 0.657561)
154.9806, (-2.732315, 0.502377, 3.878443), (0.011079, -0.742728, 0.019758, 0.669210)
154.9949, (-2.734622, 0.502298, 3.877081), (0.012512, -0.736593, 0.020341, 0.675915)
155.0197, (-2.736929, 0.502439, 3.876002), (0.011867, -0.728891, 0.018497, 0.684277)
155.0345, (-2.742045, 0.502961, 3.873528), (0.011401, -0.717036, 0.017296, 0.696729)
155.0489, (-2.744790, 0.503566, 3.872031), (0.012515, -0.709273, 0.017592, 0.704604)
155.0746, (-2.747539, 0.503021, 3.871497), (0.011974, -0.702362, 0.014241, 0.711577)
155.0892, (-2.752648, 0.503315, 3.868826), (0.013558, -0.688775, 0.015207, 0.724689)
155.1131, (-2.755506, 0.502216, 3.867424), (0.012215, -0.682009, 0.016646, 0.731052)
155.1277, (-2.760547, 0.501668, 3.865094), (0.010200, -0.669718, 0.020171, 0.742272)
155.1529, (-2.762368, 0.500991, 3.863736), (0.011116, -0.664004, 0.023230, 0.747286)
155.1671, (-2.764694, 0.500743, 3.863001), (0.011720, -0.658438, 0.025689, 0.752105)
155.1814, (-2.766790, 0.500029, 3.862103), (0.010095, -0.652621, 0.026995, 0.757137)
155.206, (-2.769039, 0.499792, 3.861904), (0.011372, -0.646216, 0.027316, 0.762581)
155.2204, (-2.773727, 0.499406, 3.860106), (0.011908, -0.632968, 0.028948, 0.773545)
155.2347, (-2.775784, 0.499218, 3.859323), (0.011447, -0.626647, 0.030016, 0.778641)
155.2486, (-2.777117, 0.498232, 3.858067), (0.009575, -0.620190, 0.029860, 0.783824)
155.2735, (-2.778291, 0.497938, 3.857473), (0.009702, -0.615457, 0.031085, 0.787498)
155.2875, (-2.781323, 0.497029, 3.856016), (0.009727, -0.605020, 0.031611, 0.795523)
155.3013, (-2.782944, 0.497086, 3.854784), (0.010210, -0.600000, 0.033164, 0.799247)
155.3151, (-2.784412, 0.496890, 3.854055), (0.010821, -0.596497, 0.033761, 0.801832)
155.3404, (-2.785107, 0.497422, 3.853583), (0.011385, -0.593233, 0.034421, 0.804214)
155.3543, (-2.787023, 0.497253, 3.852200), (0.011110, -0.584597, 0.033781, 0.810544)
155.3682, (-2.787929, 0.497614, 3.851438), (0.011285, -0.580096, 0.034349, 0.813746)
155.3817, (-2.788334, 0.497711, 3.851016), (0.011382, -0.576125, 0.032673, 0.816629)
155.3955, (-2.788558, 0.498405, 3.850042), (0.010150, -0.572268, 0.030573, 0.819434)
155.4093, (-2.788470, 0.498449, 3.849520), (0.008773, -0.568578, 0.029408, 0.822057)
155.4233, (-2.788635, 0.498444, 3.849093), (0.007095, -0.565714, 0.027943, 0.824097)
155.4372, (-2.788318, 0.498562, 3.848307), (0.006209, -0.564133, 0.029109, 0.825148)
155.4511, (-2.788038, 0.498321, 3.847419), (0.005575, -0.561945, 0.029294, 0.826637)
155.4656, (-2.787849, 0.498383, 3.846423), (0.004872, -0.559757, 0.029791, 0.828107)
155.492, (-2.785961, 0.498273, 3.844941), (0.004542, -0.560532, 0.030327, 0.827565)
155.5076, (-2.784026, 0.498179, 3.843315), (0.004494, -0.558026, 0.028761, 0.829313)
155.5219, (-2.782343, 0.498147, 3.842793), (0.006155, -0.558112, 0.029170, 0.829230)
155.5363, (-2.780578, 0.497873, 3.842339), (0.006309, -0.557098, 0.029848, 0.829886)
155.5507, (-2.778327, 0.498030, 3.842283), (0.006838, -0.557383, 0.031410, 0.829633)
155.5758, (-2.776074, 0.498252, 3.841806), (0.008890, -0.557501, 0.032552, 0.829490)
155.59, (-2.772329, 0.498545, 3.840698), (0.010195, -0.556208, 0.033833, 0.830292)
155.6158, (-2.768688, 0.499514, 3.841388), (0.011813, -0.556964, 0.029833, 0.829917)
155.6289, (-2.764151, 0.500062, 3.841226), (0.012422, -0.555460, 0.026655, 0.831023)
155.6423, (-2.762076, 0.500817, 3.841715), (0.013126, -0.554406, 0.022469, 0.831840)
155.6561, (-2.759996, 0.501307, 3.841711), (0.013781, -0.553253, 0.021049, 0.832633)
155.6699, (-2.757926, 0.501453, 3.841571), (0.014028, -0.553479, 0.018030, 0.832550)
155.6843, (-2.755734, 0.501441, 3.841645), (0.013207, -0.554204, 0.014312, 0.832153)
155.6982, (-2.753739, 0.501645, 3.841644), (0.012575, -0.555473, 0.012864, 0.831340)
155.7124, (-2.752002, 0.501944, 3.841717), (0.012896, -0.556276, 0.013334, 0.830790)
155.7262, (-2.749951, 0.501842, 3.841761), (0.011781, -0.556791, 0.014213, 0.830448)
155.7414, (-2.747895, 0.502047, 3.841753), (0.011807, -0.556752, 0.013114, 0.830491)
155.7679, (-2.745839, 0.502252, 3.841745), (0.011834, -0.556712, 0.012016, 0.830534)
155.7842, (-2.741662, 0.502474, 3.841893), (0.011557, -0.556700, 0.009966, 0.830574)
155.8117, (-2.734787, 0.501079, 3.849056), (0.005239, -0.544565, 0.018119, 0.838507)
155.8257, (-2.728879, 0.500701, 3.851906), (0.004977, -0.539764, 0.018252, 0.841604)
155.8395, (-2.725354, 0.500719, 3.853870), (0.005959, -0.536907, 0.018868, 0.843410)
155.8531, (-2.721730, 0.500755, 3.855684), (0.007147, -0.534216, 0.018251, 0.845121)
155.8667, (-2.718552, 0.500662, 3.857580), (0.007456, -0.532387, 0.017784, 0.846282)
155.8917, (-2.714758, 0.500254, 3.860518), (0.009670, -0.527311, 0.018055, 0.849426)
155.9056, (-2.707203, 0.499691, 3.864887), (0.009180, -0.520275, 0.017670, 0.853766)
155.9193, (-2.703146, 0.499811, 3.867446), (0.008390, -0.516214, 0.016417, 0.856261)
155.933, (-2.699281, 0.500082, 3.869928), (0.009078, -0.512743, 0.016224, 0.858341)
155.9472, (-2.695687, 0.500384, 3.872668), (0.010844, -0.508742, 0.017212, 0.860679)
155.9613, (-2.691561, 0.500253, 3.875272), (0.010130, -0.502935, 0.017207, 0.864094)
155.9754, (-2.687118, 0.500334, 3.878148), (0.009888, -0.499171, 0.015719, 0.866305)
155.9898, (-2.682187, 0.500909, 3.880721), (0.010752, -0.494551, 0.013992, 0.868970)
156.0042, (-2.677850, 0.501178, 3.883225), (0.011110, -0.489771, 0.013381, 0.871678)
156.0303, (-2.672911, 0.500913, 3.886094), (0.011249, -0.484216, 0.011625, 0.874799)
156.045, (-2.664116, 0.501268, 3.891462), (0.011735, -0.475993, 0.010907, 0.879303)
156.0596, (-2.659156, 0.501126, 3.893951), (0.011498, -0.470757, 0.008217, 0.882150)
156.0743, (-2.654149, 0.501493, 3.896174), (0.011022, -0.465598, 0.004765, 0.884915)
156.1001, (-2.649034, 0.501265, 3.898734), (0.012850, -0.462853, 0.001200, 0.886341)
156.1144, (-2.639727, 0.500674, 3.903088), (0.014317, -0.454068, -0.001153, 0.890851)
156.1398, (-2.635030, 0.499770, 3.905299), (0.015860, -0.450581, 0.000007, 0.892595)
156.154, (-2.625432, 0.499157, 3.909741), (0.016359, -0.442583, -0.000262, 0.896579)
156.1798, (-2.620643, 0.499273, 3.911556), (0.016183, -0.438461, 0.000836, 0.898604)
156.1941, (-2.615737, 0.499088, 3.913524), (0.016247, -0.434486, 0.001239, 0.900531)
156.2185, (-2.610751, 0.499150, 3.915757), (0.016226, -0.430723, 0.001706, 0.902337)
156.2325, (-2.600906, 0.498448, 3.919883), (0.015789, -0.422711, 0.002002, 0.906125)
156.2462, (-2.595907, 0.498601, 3.921893), (0.016610, -0.418377, 0.002918, 0.908117)
156.2711, (-2.590423, 0.498169, 3.923722), (0.017113, -0.414148, 0.003563, 0.910042)
156.2856, (-2.580074, 0.497868, 3.927713), (0.017205, -0.406777, 0.004260, 0.913356)
156.2992, (-2.574801, 0.497786, 3.929643), (0.018162, -0.402777, 0.003282, 0.915112)
156.3127, (-2.569601, 0.497859, 3.931736), (0.018884, -0.399442, 0.002849, 0.916560)
156.3267, (-2.564244, 0.497660, 3.933451), (0.019871, -0.395906, 0.000982, 0.918075)
156.352, (-2.559216, 0.497365, 3.934722), (0.020330, -0.392714, -0.001469, 0.919435)
156.3659, (-2.548775, 0.496654, 3.938639), (0.020692, -0.386522, -0.003929, 0.922040)
156.3797, (-2.543841, 0.496519, 3.940383), (0.021312, -0.383336, -0.004893, 0.923350)
156.3942, (-2.538760, 0.496250, 3.942033), (0.022207, -0.379770, -0.006264, 0.924793)
156.4084, (-2.533820, 0.495906, 3.943718), (0.021853, -0.376507, -0.007395, 0.926127)
156.4344, (-2.529485, 0.495800, 3.945462), (0.023040, -0.373356, -0.008245, 0.927365)
156.4497, (-2.520033, 0.495321, 3.948435), (0.023011, -0.366276, -0.009009, 0.930178)
156.4739, (-2.515322, 0.495021, 3.949324), (0.022777, -0.362949, -0.009822, 0.931479)
156.4884, (-2.506258, 0.494597, 3.952155), (0.023435, -0.357035, -0.009763, 0.933746)
156.5134, (-2.502261, 0.494485, 3.953235), (0.022870, -0.354917, -0.007333, 0.934590)
156.528, (-2.497916, 0.494291, 3.954426), (0.023179, -0.352489, -0.007162, 0.935501)
156.5538, (-2.493721, 0.493796, 3.955190), (0.022267, -0.349475, -0.007080, 0.936654)
156.5681, (-2.484901, 0.493322, 3.957907), (0.022116, -0.343465, -0.006971, 0.938879)
156.5927, (-2.480825, 0.493069, 3.958905), (0.020735, -0.341251, -0.007774, 0.939711)
156.6071, (-2.472438, 0.492392, 3.961150), (0.020036, -0.336206, -0.009000, 0.941532)
156.6325, (-2.468524, 0.491763, 3.962423), (0.020046, -0.333578, -0.010804, 0.942447)
156.6468, (-2.460259, 0.490794, 3.964818), (0.020111, -0.327243, -0.011088, 0.944661)
156.6609, (-2.456437, 0.490044, 3.965674), (0.019908, -0.322558, -0.012100, 0.946263)
156.675, (-2.452467, 0.489727, 3.966683), (0.020518, -0.318241, -0.012146, 0.947710)
156.6998, (-2.448989, 0.489006, 3.967380), (0.020910, -0.313200, -0.012550, 0.949374)
156.7143, (-2.441984, 0.487828, 3.969511), (0.023114, -0.304510, -0.010620, 0.952170)
156.7287, (-2.438525, 0.487549, 3.970662), (0.024959, -0.300135, -0.009253, 0.953525)
156.7549, (-2.435399, 0.487829, 3.971756), (0.024804, -0.295321, -0.009007, 0.955034)
156.7693, (-2.428462, 0.487287, 3.973879), (0.025290, -0.286680, -0.009107, 0.957649)
156.7938, (-2.424915, 0.486948, 3.974958), (0.025694, -0.282522, -0.008988, 0.958875)
156.8079, (-2.417821, 0.486269, 3.977114), (0.026501, -0.274189, -0.008748, 0.961271)
156.8335, (-2.417110, 0.490004, 3.979196), (0.025662, -0.266491, -0.012084, 0.963420)
156.8483, (-2.414453, 0.490729, 3.980534), (0.025836, -0.261177, -0.012304, 0.964867)
156.8737, (-2.411866, 0.491218, 3.981970), (0.025118, -0.255097, -0.013176, 0.966499)
156.8883, (-2.406604, 0.491917, 3.984762), (0.023197, -0.244547, -0.014770, 0.969248)
156.9128, (-2.404522, 0.492364, 3.986318), (0.022589, -0.238313, -0.015849, 0.970796)
156.9269, (-2.399872, 0.492950, 3.988950), (0.021970, -0.226811, -0.017656, 0.973531)
156.9526, (-2.397700, 0.492622, 3.990672), (0.021773, -0.221508, -0.019169, 0.974727)
156.9669, (-2.393626, 0.493023, 3.993458), (0.022291, -0.209651, -0.019421, 0.977329)
156.9809, (-2.391540, 0.492652, 3.994953), (0.022485, -0.203021, -0.019812, 0.978716)
156.9951, (-2.389599, 0.492963, 3.996764), (0.023013, -0.196430, -0.020431, 0.980035)
157.0202, (-2.388321, 0.493185, 3.998693), (0.023663, -0.187728, -0.021791, 0.981694)
157.0349, (-2.384793, 0.493571, 4.002370), (0.024142, -0.174149, -0.023682, 0.984139)
157.0484, (-2.383347, 0.493543, 4.004113), (0.024106, -0.166773, -0.025653, 0.985367)
157.0625, (-2.382370, 0.493526, 4.005920), (0.023164, -0.159681, -0.026439, 0.986543)
157.0763, (-2.381621, 0.493532, 4.007597), (0.023439, -0.152387, -0.027157, 0.987670)
157.0904, (-2.380672, 0.493700, 4.009244), (0.024270, -0.145285, -0.027338, 0.988714)
157.1044, (-2.379965, 0.493416, 4.010874), (0.024169, -0.138500, -0.026557, 0.989711)
157.1296, (-2.380113, 0.493357, 4.012586), (0.023847, -0.131056, -0.026554, 0.990732)
157.1438, (-2.378670, 0.493446, 4.016240), (0.023627, -0.117707, -0.027213, 0.992394)
157.1581, (-2.379138, 0.493262, 4.017905), (0.023090, -0.111425, -0.027077, 0.993136)
157.1723, (-2.379309, 0.492977, 4.019870), (0.022689, -0.105940, -0.025066, 0.993798)
157.1865, (-2.379768, 0.492711, 4.021430), (0.022171, -0.099515, -0.022836, 0.994527)
157.2009, (-2.380297, 0.492719, 4.022972), (0.022087, -0.093784, -0.021611, 0.995113)
157.2266, (-2.381341, 0.492846, 4.024078), (0.021327, -0.089052, -0.020862, 0.995580)
157.2408, (-2.382404, 0.492572, 4.027141), (0.019241, -0.078615, -0.019790, 0.996523)
157.2545, (-2.383335, 0.492626, 4.028813), (0.018760, -0.073952, -0.018849, 0.996907)
157.2687, (-2.384167, 0.492855, 4.030402), (0.020375, -0.069330, -0.018279, 0.997218)
157.2827, (-2.385504, 0.493110, 4.032327), (0.020455, -0.064460, -0.017297, 0.997561)
157.2966, (-2.386684, 0.492522, 4.033771), (0.016528, -0.060122, -0.017311, 0.997904)
157.3108, (-2.387981, 0.494038, 4.035100), (0.019989, -0.056150, -0.016164, 0.998092)
157.3249, (-2.389194, 0.494462, 4.036688), (0.021652, -0.052195, -0.016283, 0.998269)
157.3502, (-2.390793, 0.495213, 4.038925), (0.019665, -0.048368, -0.017212, 0.998488)
157.3644, (-2.393342, 0.496523, 4.042076), (0.019403, -0.038905, -0.016365, 0.998921)
157.3782, (-2.394722, 0.497067, 4.043603), (0.017804, -0.035338, -0.015336, 0.999099)
157.3925, (-2.396329, 0.498202, 4.045756), (0.017401, -0.031667, -0.014953, 0.999235)
157.4069, (-2.397679, 0.498587, 4.047604), (0.016018, -0.026813, -0.014473, 0.999407)
157.4214, (-2.398876, 0.498298, 4.049170), (0.010021, -0.022913, -0.013957, 0.999590)
157.4469, (-2.400155, 0.498825, 4.051511), (0.009872, -0.019146, -0.013370, 0.999679)
157.4612, (-2.403147, 0.499213, 4.055672), (0.007139, -0.009843, -0.011855, 0.999856)
157.4752, (-2.404436, 0.499273, 4.057737), (0.006333, -0.005523, -0.011791, 0.999895)
157.4994, (-2.405437, 0.499405, 4.059988), (0.007058, -0.001394, -0.013874, 0.999878)
157.5137, (-2.406917, 0.499761, 4.062270), (0.007600, 0.003660, -0.013222, 0.999877)
157.5278, (-2.408158, 0.499803, 4.064760), (0.007893, 0.009242, -0.012971, 0.999842)
157.5529, (-2.409589, 0.500355, 4.067160), (0.008621, 0.016082, -0.013379, 0.999744)
157.5668, (-2.412032, 0.501096, 4.071991), (0.009054, 0.026243, -0.014605, 0.999508)
157.5922, (-2.413177, 0.501280, 4.074645), (0.009289, 0.031753, -0.014421, 0.999349)
157.6062, (-2.415810, 0.502277, 4.079729), (0.010432, 0.042841, -0.014350, 0.998924)
157.6198, (-2.416988, 0.502535, 4.082346), (0.009983, 0.048839, -0.014530, 0.998651)
157.6338, (-2.417998, 0.502660, 4.084971), (0.009229, 0.054561, -0.014594, 0.998361)
157.6478, (-2.419271, 0.503058, 4.087670), (0.008960, 0.061182, -0.014262, 0.997985)
157.673, (-2.420342, 0.503379, 4.090621), (0.008670, 0.067755, -0.013705, 0.997570)
157.6869, (-2.422489, 0.503515, 4.096183), (0.007145, 0.079509, -0.013110, 0.996722)
157.7009, (-2.423653, 0.503779, 4.098882), (0.006845, 0.085287, -0.012963, 0.996249)
157.7153, (-2.424817, 0.504043, 4.101583), (0.006546, 0.091065, -0.012815, 0.995741)
157.7293, (-2.425899, 0.504018, 4.104279), (0.005835, 0.097467, -0.012351, 0.995145)
157.7437, (-2.426967, 0.503853, 4.107309), (0.005352, 0.104641, -0.012033, 0.994423)
157.7689, (-2.428811, 0.502396, 4.110958), (0.009136, 0.109730, -0.012085, 0.993846)
157.7833, (-2.431143, 0.501667, 4.116699), (0.010695, 0.118012, -0.011928, 0.992883)
157.7979, (-2.432552, 0.501480, 4.119497), (0.013302, 0.121481, -0.010743, 0.992447)
157.8125, (-2.433833, 0.500749, 4.122050), (0.014226, 0.125215, -0.009595, 0.991981)
157.8382, (-2.434497, 0.500740, 4.123519), (0.016415, 0.128381, -0.007967, 0.991557)
157.8524, (-2.436545, 0.500254, 4.128071), (0.017584, 0.137734, -0.007064, 0.990288)
157.8775, (-2.436601, 0.500917, 4.129804), (0.018402, 0.143706, -0.007923, 0.989418)
157.8915, (-2.437253, 0.501015, 4.134286), (0.019153, 0.153173, -0.009229, 0.987971)
157.9054, (-2.437614, 0.501182, 4.136297), (0.018972, 0.159364, -0.009783, 0.986989)
157.9194, (-2.438178, 0.501203, 4.138026), (0.018869, 0.165411, -0.009410, 0.985999)
157.9339, (-2.437451, 0.500934, 4.139393), (0.019051, 0.170331, -0.009667, 0.985155)
157.96, (-2.436788, 0.501389, 4.141016), (0.018573, 0.175975, -0.008376, 0.984184)
157.9744, (-2.436317, 0.501324, 4.144580), (0.017496, 0.186920, -0.007277, 0.982192)
157.9886, (-2.435111, 0.501290, 4.146033), (0.017144, 0.193072, -0.007585, 0.981005)
158.0129, (-2.433440, 0.501122, 4.147372), (0.017375, 0.199394, -0.007511, 0.979737)
158.0272, (-2.432111, 0.500914, 4.148787), (0.017385, 0.205896, -0.007660, 0.978389)
158.0417, (-2.430786, 0.500535, 4.150241), (0.017385, 0.211570, -0.007188, 0.977182)
158.0552, (-2.429100, 0.500564, 4.151723), (0.018480, 0.217212, -0.006175, 0.975930)
158.0796, (-2.426554, 0.500508, 4.152337), (0.019698, 0.223729, -0.005768, 0.974435)
158.0934, (-2.423042, 0.500071, 4.154652), (0.019689, 0.236663, -0.004530, 0.971382)
158.107, (-2.420168, 0.499804, 4.155663), (0.018756, 0.243444, -0.004220, 0.969725)
158.1207, (-2.417313, 0.499381, 4.156477), (0.017103, 0.251543, -0.003926, 0.967687)
158.1345, (-2.414593, 0.499326, 4.157533), (0.016805, 0.259125, -0.003798, 0.965690)
158.1597, (-2.411211, 0.499476, 4.158852), (0.016244, 0.267108, -0.003572, 0.963523)
158.1738, (-2.404657, 0.499504, 4.161614), (0.015856, 0.282156, -0.003805, 0.959230)
158.1874, (-2.400214, 0.500034, 4.162901), (0.017308, 0.288608, -0.005203, 0.957277)
158.2013, (-2.396478, 0.500210, 4.163736), (0.017029, 0.294542, -0.005678, 0.955470)
158.215, (-2.392591, 0.500958, 4.164516), (0.017086, 0.299661, -0.005306, 0.953878)
158.229, (-2.389292, 0.501207, 4.165471), (0.016101, 0.305478, -0.004576, 0.952052)
158.2426, (-2.385191, 0.501676, 4.166451), (0.014835, 0.308245, -0.003427, 0.951185)
158.2562, (-2.380980, 0.501581, 4.167047), (0.013036, 0.312194, -0.002592, 0.949926)
158.2705, (-2.376740, 0.501630, 4.167498), (0.010719, 0.316202, -0.001856, 0.948630)
158.2841, (-2.372132, 0.501890, 4.167950), (0.008885, 0.319402, -0.001419, 0.947577)
158.2982, (-2.367502, 0.502035, 4.168681), (0.007177, 0.322916, -0.001825, 0.946399)
158.312, (-2.363165, 0.501880, 4.169348), (0.005965, 0.327882, -0.003005, 0.944695)
158.3258, (-2.358257, 0.501875, 4.169494), (0.006158, 0.331563, -0.003403, 0.943407)
158.3398, (-2.353614, 0.501303, 4.169232), (0.005552, 0.335419, -0.003149, 0.942048)
158.3547, (-2.348608, 0.500817, 4.168973), (0.005747, 0.337991, -0.004127, 0.941123)
158.369, (-2.344261, 0.500432, 4.168946), (0.005265, 0.341427, -0.004106, 0.939885)
158.3832, (-2.339346, 0.499757, 4.168504), (0.004056, 0.342968, -0.004333, 0.939329)
158.4091, (-2.334436, 0.499483, 4.168000), (0.003708, 0.345229, -0.003655, 0.938504)
158.4243, (-2.324709, 0.498889, 4.167566), (0.001942, 0.349549, -0.003686, 0.936909)
158.4383, (-2.319576, 0.498392, 4.167002), (0.001277, 0.350007, -0.003068, 0.936741)
158.4525, (-2.314831, 0.497572, 4.166437), (0.000379, 0.351481, -0.002303, 0.936192)
158.4665, (-2.309432, 0.496748, 4.164877), (-0.000597, 0.351009, -0.000548, 0.936372)
158.4804, (-2.304325, 0.496063, 4.163639), (-0.001765, 0.351228, 0.001180, 0.936288)
158.4943, (-2.298969, 0.495278, 4.162292), (-0.003755, 0.350314, 0.002942, 0.936620)
158.5081, (-2.293650, 0.494566, 4.160977), (-0.005206, 0.350141, 0.003470, 0.936676)
158.5219, (-2.288059, 0.494067, 4.159651), (-0.005866, 0.349338, 0.003542, 0.936972)
158.5355, (-2.282304, 0.494106, 4.158173), (-0.004376, 0.349193, 0.001897, 0.937039)
158.5492, (-2.275516, 0.495178, 4.156897), (0.000133, 0.349068, -0.001635, 0.937096)
158.5629, (-2.268833, 0.495746, 4.156139), (0.000941, 0.350575, -0.004738, 0.936522)
158.5767, (-2.262085, 0.496934, 4.155936), (0.001204, 0.353500, -0.008085, 0.935399)
158.5904, (-2.255537, 0.498259, 4.155358), (0.000796, 0.356420, -0.011021, 0.934261)
158.6042, (-2.249440, 0.499744, 4.154540), (-0.001088, 0.358726, -0.013359, 0.933347)
158.6181, (-2.243320, 0.500711, 4.153365), (-0.004111, 0.360310, -0.014583, 0.932710)
158.632, (-2.237371, 0.501462, 4.152340), (-0.007894, 0.362611, -0.014283, 0.931798)
158.6459, (-2.231496, 0.501454, 4.151303), (-0.013002, 0.364008, -0.013675, 0.931205)
158.6599, (-2.225466, 0.501892, 4.150487), (-0.016698, 0.364621, -0.012703, 0.930920)
158.6737, (-2.219149, 0.502473, 4.150155), (-0.017645, 0.364342, -0.013002, 0.931007)
158.6876, (-2.212634, 0.502733, 4.149820), (-0.019397, 0.363254, -0.014174, 0.931381)
158.7016, (-2.206570, 0.503124, 4.149597), (-0.019872, 0.362923, -0.015956, 0.931471)
158.7155, (-2.200635, 0.502860, 4.149339), (-0.020082, 0.362983, -0.018423, 0.931397)
158.7294, (-2.194849, 0.502674, 4.148837), (-0.019856, 0.364094, -0.019592, 0.930944)
158.7434, (-2.189018, 0.502415, 4.148160), (-0.019655, 0.365031, -0.020717, 0.930557)
158.7573, (-2.183806, 0.501980, 4.147744), (-0.016481, 0.367507, -0.020865, 0.929641)
158.7712, (-2.178449, 0.501715, 4.147506), (-0.014893, 0.369014, -0.022025, 0.929044)
158.7851, (-2.172997, 0.501595, 4.147439), (-0.012788, 0.369834, -0.024098, 0.928697)
158.7991, (-2.167684, 0.501249, 4.147625), (-0.011512, 0.370619, -0.025530, 0.928363)
158.8131, (-2.162376, 0.500864, 4.147934), (-0.010352, 0.371485, -0.026693, 0.927997)
158.8271, (-2.157183, 0.500383, 4.148046), (-0.007874, 0.372448, -0.028170, 0.927592)
158.8409, (-2.152323, 0.499781, 4.148159), (-0.006072, 0.373813, -0.028030, 0.927060)
158.855, (-2.147239, 0.499071, 4.148272), (-0.004642, 0.374971, -0.028208, 0.926596)
158.8689, (-2.142035, 0.498588, 4.148458), (-0.002975, 0.376625, -0.028374, 0.925926)
158.8828, (-2.136935, 0.498434, 4.148867), (-0.000320, 0.379434, -0.028376, 0.924784)
158.8976, (-2.131895, 0.498157, 4.149378), (0.001345, 0.382200, -0.029261, 0.923615)
158.9113, (-2.126815, 0.497796, 4.149956), (0.002715, 0.384769, -0.030109, 0.922518)
158.9247, (-2.121882, 0.497629, 4.151449), (0.003157, 0.388051, -0.031136, 0.921107)
158.9387, (-2.116994, 0.497553, 4.152822), (0.004135, 0.390310, -0.032178, 0.920112)
158.9529, (-2.112500, 0.497466, 4.154266), (0.004774, 0.392546, -0.033414, 0.919113)
158.9671, (-2.108044, 0.497872, 4.155934), (0.006216, 0.393282, -0.034984, 0.918731)
158.9813, (-2.103676, 0.497924, 4.157544), (0.006976, 0.394373, -0.036544, 0.918197)
158.9956, (-2.099940, 0.498059, 4.159986), (0.008422, 0.395070, -0.038571, 0.917802)
159.0099, (-2.096173, 0.498272, 4.162330), (0.009387, 0.394597, -0.039570, 0.917954)
159.0231, (-2.092366, 0.498271, 4.164170), (0.010195, 0.393805, -0.040774, 0.918233)
159.0372, (-2.088987, 0.498312, 4.166479), (0.011271, 0.392688, -0.041780, 0.918653)
159.0509, (-2.085652, 0.497845, 4.169115), (0.010560, 0.390502, -0.041381, 0.919611)
159.0647, (-2.082328, 0.497782, 4.171723), (0.012638, 0.388954, -0.040964, 0.920259)
159.079, (-2.078734, 0.497188, 4.174317), (0.011372, 0.387376, -0.040314, 0.920970)
159.0924, (-2.075258, 0.496915, 4.177106), (0.011585, 0.386611, -0.039960, 0.921304)
159.1064, (-2.071666, 0.496691, 4.179398), (0.011985, 0.386282, -0.040418, 0.921417)
159.1205, (-2.068814, 0.496340, 4.182885), (0.010986, 0.385082, -0.040897, 0.921911)
159.1349, (-2.065745, 0.495854, 4.185991), (0.010931, 0.384112, -0.042230, 0.922256)
159.1489, (-2.062853, 0.495251, 4.189213), (0.011514, 0.383882, -0.043097, 0.922304)
159.1631, (-2.060005, 0.494375, 4.193007), (0.013472, 0.383059, -0.043404, 0.922605)
159.1774, (-2.057216, 0.493746, 4.196589), (0.015436, 0.382778, -0.043779, 0.922673)
159.191, (-2.054785, 0.493018, 4.200648), (0.016631, 0.381798, -0.043943, 0.923051)
159.2054, (-2.052567, 0.492533, 4.204705), (0.017833, 0.381084, -0.043904, 0.923325)
159.2191, (-2.050331, 0.491947, 4.208902), (0.018895, 0.379192, -0.044136, 0.924072)
159.2332, (-2.048196, 0.491426, 4.213430), (0.020245, 0.377808, -0.043744, 0.924629)
159.2472, (-2.046335, 0.491181, 4.218150), (0.022823, 0.376600, -0.044223, 0.925039)
159.2611, (-2.044533, 0.490569, 4.222815), (0.023779, 0.375083, -0.043989, 0.925642)
159.2754, (-2.043051, 0.490312, 4.227777), (0.025323, 0.373616, -0.044093, 0.926189)
159.2894, (-2.041354, 0.490289, 4.232738), (0.028005, 0.371941, -0.044680, 0.926758)
159.3037, (-2.039740, 0.490167, 4.238299), (0.030292, 0.370166, -0.044158, 0.927421)
159.3172, (-2.038420, 0.489646, 4.243849), (0.029660, 0.368800, -0.042757, 0.928051)
159.3311, (-2.037371, 0.489649, 4.249705), (0.030215, 0.366502, -0.042094, 0.928973)
159.3453, (-2.036474, 0.489651, 4.255624), (0.031218, 0.364087, -0.041353, 0.929923)
159.359, (-2.035717, 0.489295, 4.261755), (0.030740, 0.361820, -0.041115, 0.930834)
159.3729, (-2.034638, 0.489187, 4.267951), (0.031813, 0.359400, -0.040484, 0.931762)
159.3869, (-2.034375, 0.488493, 4.274496), (0.032245, 0.357277, -0.039960, 0.932586)
159.401, (-2.034169, 0.487825, 4.280926), (0.033470, 0.354862, -0.040084, 0.933459)
159.4148, (-2.034144, 0.487022, 4.287559), (0.034040, 0.352437, -0.039461, 0.934384)
159.4287, (-2.034101, 0.486074, 4.294335), (0.034500, 0.349980, -0.038745, 0.935320)
159.4425, (-2.034286, 0.484845, 4.301146), (0.035794, 0.346955, -0.037694, 0.936440)
159.4565, (-2.034195, 0.483925, 4.308032), (0.038136, 0.344197, -0.036786, 0.937401)
159.4704, (-2.035029, 0.481733, 4.315409), (0.038473, 0.341457, -0.035383, 0.938443)
159.4843, (-2.035757, 0.480423, 4.322507), (0.040569, 0.339374, -0.034365, 0.939148)
159.4982, (-2.036691, 0.478579, 4.329696), (0.041547, 0.336564, -0.033224, 0.940157)
159.5121, (-2.037276, 0.477199, 4.336938), (0.044027, 0.333834, -0.032332, 0.941048)
159.526, (-2.037767, 0.476397, 4.344153), (0.048452, 0.330708, -0.030168, 0.942006)
159.5398, (-2.038455, 0.476523, 4.351942), (0.054643, 0.328795, -0.030207, 0.942335)
159.5537, (-2.038742, 0.476932, 4.359794), (0.059591, 0.326912, -0.031478, 0.942649)
159.5675, (-2.038965, 0.477789, 4.368054), (0.063834, 0.325921, -0.033188, 0.942655)
159.5814, (-2.039093, 0.479248, 4.376260), (0.068343, 0.324234, -0.033939, 0.942895)
159.5951, (-2.039628, 0.480036, 4.384286), (0.070834, 0.322689, -0.034357, 0.943225)
159.6089, (-2.040954, 0.481515, 4.392246), (0.064124, 0.319471, -0.032115, 0.944879)
159.6227, (-2.042075, 0.482457, 4.399576), (0.061445, 0.315552, -0.029049, 0.946471)
159.6362, (-2.043252, 0.482616, 4.406462), (0.058038, 0.311443, -0.024586, 0.948172)
159.6499, (-2.043912, 0.482585, 4.413342), (0.056218, 0.308039, -0.020943, 0.949480)
159.6634, (-2.044327, 0.482727, 4.420374), (0.056775, 0.305343, -0.017842, 0.950381)
159.6769, (-2.044361, 0.482094, 4.427278), (0.056462, 0.302462, -0.017211, 0.951332)
159.6905, (-2.044475, 0.481639, 4.434360), (0.057313, 0.300330, -0.016772, 0.951964)
159.7041, (-2.044370, 0.481091, 4.441407), (0.059018, 0.297962, -0.016811, 0.952603)
159.7178, (-2.044668, 0.480218, 4.448035), (0.063770, 0.297265, -0.017636, 0.952500)
159.7318, (-2.045152, 0.479692, 4.454124), (0.067773, 0.296116, -0.017355, 0.952587)
159.7592, (-2.044842, 0.480331, 4.459457), (0.071451, 0.296163, -0.017694, 0.952297)
159.7729, (-2.044417, 0.481044, 4.471759), (0.074276, 0.295651, -0.016460, 0.952262)
159.7872, (-2.044113, 0.481685, 4.477870), (0.075052, 0.295914, -0.015548, 0.952135)
159.8013, (-2.044035, 0.481902, 4.484159), (0.076631, 0.294848, -0.014859, 0.952351)
159.8155, (-2.042956, 0.483263, 4.489231), (0.072287, 0.296850, -0.013060, 0.952095)
159.8294, (-2.041353, 0.486619, 4.492461), (0.054165, 0.301795, -0.016465, 0.951690)
159.843, (-2.040473, 0.487385, 4.497416), (0.047290, 0.301677, -0.017846, 0.952069)
159.8567, (-2.039769, 0.487751, 4.502194), (0.042887, 0.301646, -0.018710, 0.952271)
159.8705, (-2.039302, 0.487474, 4.506848), (0.040310, 0.301518, -0.018745, 0.952424)
159.8843, (-2.038797, 0.486622, 4.510707), (0.038379, 0.300996, -0.018417, 0.952675)
159.8982, (-2.038007, 0.486128, 4.514761), (0.038615, 0.300413, -0.017777, 0.952862)
159.9121, (-2.037262, 0.485406, 4.518618), (0.042091, 0.300400, -0.017266, 0.952728)
159.9254, (-2.036134, 0.484704, 4.522534), (0.046747, 0.300585, -0.017018, 0.952457)
159.9393, (-2.035235, 0.484290, 4.526678), (0.047730, 0.300586, -0.016394, 0.952419)
159.9532, (-2.034374, 0.484050, 4.530878), (0.048325, 0.300913, -0.016011, 0.952292)
159.9687, (-2.032756, 0.484138, 4.534366), (0.052106, 0.300832, -0.017986, 0.952083)
159.9845, (-2.031093, 0.484581, 4.537855), (0.057459, 0.300939, -0.019451, 0.951712)
160, (-2.028853, 0.484260, 4.545293), (0.059140, 0.301579, -0.019784, 0.951400)
160.0152, (-2.027754, 0.484183, 4.549189), (0.060244, 0.301666, -0.020031, 0.951298)
160.0303, (-2.026654, 0.484106, 4.553085), (0.061348, 0.301753, -0.020278, 0.951194)
160.0454, (-2.023264, 0.484700, 4.552954), (0.064269, 0.304931, -0.016730, 0.950056)
160.0599, (-2.020408, 0.484956, 4.555135), (0.064255, 0.307052, -0.015163, 0.949400)
160.0744, (-2.017481, 0.485170, 4.557375), (0.063902, 0.310585, -0.014669, 0.948282)
160.0889, (-2.015053, 0.485308, 4.559830), (0.064443, 0.312511, -0.014464, 0.947615)
160.1032, (-2.012848, 0.485500, 4.562427), (0.065293, 0.314522, -0.014060, 0.946898)
160.1176, (-2.008856, 0.485596, 4.562730), (0.063406, 0.323081, -0.014184, 0.944138)
160.1318, (-2.004971, 0.485175, 4.562912), (0.059898, 0.329300, -0.015604, 0.942195)
160.1465, (-2.001613, 0.484729, 4.564049), (0.058523, 0.333732, -0.016520, 0.940705)
160.1612, (-1.998317, 0.484224, 4.564776), (0.058548, 0.338567, -0.016580, 0.938973)
160.1759, (-1.995106, 0.483726, 4.565256), (0.058389, 0.342322, -0.016596, 0.937620)
160.1903, (-1.988769, 0.483367, 4.566751), (0.060512, 0.348657, -0.018665, 0.935109)
160.2058, (-1.985218, 0.482615, 4.566757), (0.061777, 0.352354, -0.021170, 0.933586)
160.2215, (-1.981711, 0.482226, 4.566947), (0.063487, 0.354949, -0.022897, 0.932447)
160.2371, (-1.977975, 0.482033, 4.566837), (0.066050, 0.357292, -0.025207, 0.931314)
160.2524, (-1.974987, 0.481601, 4.566661), (0.066736, 0.360695, -0.026263, 0.929923)
160.2675, (-1.970726, 0.481570, 4.566110), (0.068072, 0.360904, -0.027798, 0.929700)
160.2825, (-1.967426, 0.481600, 4.566339), (0.069441, 0.364296, -0.029317, 0.928228)
160.2973, (-1.962780, 0.481462, 4.565030), (0.069163, 0.365064, -0.028822, 0.927962)
160.3117, (-1.958578, 0.481905, 4.564531), (0.069640, 0.366362, -0.029923, 0.927380)
160.3261, (-1.954242, 0.482139, 4.562851), (0.065018, 0.368350, -0.030972, 0.926894)
160.3403, (-1.950023, 0.482284, 4.561760), (0.063093, 0.369992, -0.031745, 0.926346)
160.3546, (-1.946045, 0.482367, 4.560795), (0.062076, 0.372165, -0.032201, 0.925529)
160.3687, (-1.941719, 0.482428, 4.559089), (0.062251, 0.373585, -0.033183, 0.924910)
160.383, (-1.937162, 0.482469, 4.556885), (0.062004, 0.376094, -0.033737, 0.923889)
160.3969, (-1.932540, 0.482284, 4.554929), (0.060577, 0.378623, -0.034687, 0.922915)
160.4112, (-1.927880, 0.482260, 4.552855), (0.059894, 0.381622, -0.035916, 0.921676)
160.425, (-1.923059, 0.482002, 4.550646), (0.058798, 0.383535, -0.036741, 0.920920)
160.4389, (-1.918309, 0.481775, 4.548063), (0.057939, 0.385558, -0.037043, 0.920117)
160.4529, (-1.913513, 0.481566, 4.545801), (0.057387, 0.387948, -0.037773, 0.919117)
160.4668, (-1.908403, 0.481309, 4.543051), (0.055945, 0.390279, -0.037927, 0.918212)
160.481, (-1.903186, 0.480785, 4.539968), (0.053916, 0.391947, -0.039153, 0.917572)
160.495, (-1.898123, 0.480633, 4.537205), (0.052330, 0.394122, -0.040178, 0.916687)
160.509, (-1.892971, 0.480313, 4.534243), (0.051383, 0.396416, -0.040623, 0.915732)
160.5237, (-1.887429, 0.479897, 4.530850), (0.050777, 0.397778, -0.041254, 0.915146)
160.5359, (-1.881965, 0.479475, 4.527631), (0.050000, 0.399475, -0.041881, 0.914421)
160.5502, (-1.876434, 0.479007, 4.524343), (0.048388, 0.401083, -0.042443, 0.913778)
160.5629, (-1.871303, 0.478707, 4.521312), (0.047334, 0.403015, -0.043133, 0.912950)
160.5742, (-1.864260, 0.478565, 4.517621), (0.044928, 0.403083, -0.044498, 0.912976)
160.5882, (-1.863378, 0.478164, 4.517382), (0.044422, 0.402663, -0.042942, 0.913261)
160.6009, (-1.857296, 0.477928, 4.513685), (0.043736, 0.403921, -0.043018, 0.912735)
160.6139, (-1.850944, 0.477354, 4.509933), (0.041743, 0.404217, -0.042184, 0.912736)
160.627, (-1.844508, 0.476901, 4.506153), (0.040112, 0.404538, -0.041666, 0.912691)
160.6402, (-1.837820, 0.476293, 4.502088), (0.038004, 0.404732, -0.040772, 0.912735)
160.6534, (-1.831118, 0.476165, 4.497932), (0.037960, 0.405400, -0.040282, 0.912462)
160.6669, (-1.824311, 0.475772, 4.493834), (0.036784, 0.405648, -0.039923, 0.912416)
160.6811, (-1.816979, 0.475852, 4.489757), (0.036089, 0.404819, -0.039280, 0.912840)
160.694, (-1.810024, 0.475929, 4.485687), (0.034988, 0.404519, -0.038659, 0.913042)
160.7076, (-1.803019, 0.475767, 4.481211), (0.032406, 0.403774, -0.038113, 0.913490)
160.7215, (-1.796414, 0.475590, 4.476403), (0.029778, 0.403304, -0.036254, 0.913863)
160.7352, (-1.789935, 0.475351, 4.471778), (0.027088, 0.402306, -0.033849, 0.914478)
160.749, (-1.783231, 0.475702, 4.466824), (0.026395, 0.400185, -0.032542, 0.915476)
160.7629, (-1.775712, 0.477350, 4.462212), (0.030454, 0.397804, -0.034681, 0.916309)
160.7766, (-1.767317, 0.479357, 4.458244), (0.035481, 0.395287, -0.038974, 0.917044)
160.7906, (-1.758850, 0.481068, 4.454837), (0.037406, 0.395574, -0.042698, 0.916678)
160.8045, (-1.750535, 0.481858, 4.451282), (0.032498, 0.399709, -0.043910, 0.915013)
160.8184, (-1.743581, 0.482913, 4.446896), (0.027252, 0.402379, -0.042840, 0.914064)
160.8329, (-1.736792, 0.484310, 4.441954), (0.024044, 0.403706, -0.041781, 0.913618)
160.8464, (-1.730218, 0.485160, 4.436989), (0.019648, 0.404884, -0.039932, 0.913284)
160.8601, (-1.723053, 0.485667, 4.432825), (0.015373, 0.405330, -0.038158, 0.913244)
160.874, (-1.715609, 0.486217, 4.429384), (0.013994, 0.405789, -0.038014, 0.913069)
160.8879, (-1.708132, 0.486886, 4.426000), (0.014113, 0.405570, -0.038598, 0.913140)
160.9019, (-1.701042, 0.487057, 4.422415), (0.014538, 0.404863, -0.039348, 0.913415)
160.9158, (-1.694356, 0.487144, 4.418835), (0.015247, 0.404639, -0.040417, 0.913456)
160.9296, (-1.687783, 0.486468, 4.415364), (0.016428, 0.404258, -0.041441, 0.913558)
160.9437, (-1.681044, 0.486371, 4.412138), (0.019081, 0.404573, -0.042399, 0.913323)
160.9577, (-1.674143, 0.486206, 4.408906), (0.021205, 0.404782, -0.043194, 0.913146)
160.9715, (-1.667268, 0.485922, 4.406083), (0.024459, 0.406900, -0.042530, 0.912154)
160.986, (-1.660584, 0.485904, 4.403365), (0.026104, 0.410009, -0.040507, 0.910808)
160.9995, (-1.654073, 0.486305, 4.400615), (0.026856, 0.412250, -0.039600, 0.909814)
161.0133, (-1.647744, 0.487028, 4.398231), (0.025735, 0.413600, -0.038358, 0.909286)
161.0273, (-1.641611, 0.487349, 4.395753), (0.023389, 0.414552, -0.037399, 0.908956)
161.0413, (-1.635485, 0.487763, 4.393692), (0.021881, 0.415196, -0.036507, 0.908736)
161.0552, (-1.629067, 0.488056, 4.390941), (0.021677, 0.416241, -0.035968, 0.908284)
161.0692, (-1.623501, 0.488587, 4.390567), (0.018286, 0.414746, -0.035600, 0.909057)
161.083, (-1.617638, 0.489338, 4.388916), (0.018540, 0.414527, -0.037509, 0.909075)
161.0973, (-1.611916, 0.489710, 4.387333), (0.017281, 0.413936, -0.038449, 0.909330)
161.1111, (-1.606616, 0.490130, 4.385663), (0.016742, 0.414735, -0.038983, 0.908953)
161.1254, (-1.601387, 0.490834, 4.384176), (0.016356, 0.415449, -0.040018, 0.908589)
161.1392, (-1.595712, 0.491785, 4.382638), (0.017956, 0.415345, -0.041207, 0.908553)
161.1533, (-1.590238, 0.492089, 4.381509), (0.015778, 0.416366, -0.040839, 0.908142)
161.1673, (-1.584917, 0.492523, 4.380422), (0.011762, 0.417841, -0.040238, 0.907552)
161.1811, (-1.579471, 0.493710, 4.379632), (0.009981, 0.418713, -0.040536, 0.907159)
161.1951, (-1.574560, 0.494633, 4.379112), (0.008342, 0.419880, -0.042369, 0.906552)
161.2088, (-1.569693, 0.494993, 4.378747), (0.004763, 0.419710, -0.043764, 0.906590)
161.2228, (-1.565060, 0.495647, 4.378417), (0.004002, 0.419505, -0.046324, 0.906562)
161.2368, (-1.560592, 0.495594, 4.377905), (0.002667, 0.419370, -0.048206, 0.906531)
161.2507, (-1.556364, 0.495008, 4.377794), (0.000627, 0.418300, -0.048953, 0.906989)
161.2645, (-1.551855, 0.494630, 4.377736), (0.002606, 0.417741, -0.050829, 0.907140)
161.2785, (-1.547276, 0.494156, 4.377783), (0.004368, 0.417248, -0.051468, 0.907324)
161.2924, (-1.542677, 0.493579, 4.377877), (0.005512, 0.417120, -0.051409, 0.907379)
161.306, (-1.538030, 0.493220, 4.378591), (0.010036, 0.417968, -0.051277, 0.906958)
161.3198, (-1.533368, 0.492930, 4.379196), (0.012029, 0.419099, -0.051360, 0.906407)
161.3337, (-1.528699, 0.492459, 4.379551), (0.012045, 0.419932, -0.052211, 0.905973)
161.3477, (-1.524064, 0.492163, 4.380114), (0.012117, 0.421534, -0.053443, 0.905155)
161.3617, (-1.519608, 0.491425, 4.381140), (0.010884, 0.422982, -0.053836, 0.904472)
161.3757, (-1.515285, 0.491285, 4.382332), (0.012589, 0.423713, -0.055053, 0.904034)
161.3897, (-1.511314, 0.490587, 4.383493), (0.013452, 0.423959, -0.056018, 0.903847)
161.4039, (-1.507603, 0.489823, 4.384817), (0.013522, 0.423088, -0.056151, 0.904246)
161.4176, (-1.504099, 0.489122, 4.385920), (0.013760, 0.422119, -0.057151, 0.904633)
161.4317, (-1.500877, 0.488275, 4.387226), (0.013493, 0.421301, -0.057693, 0.904983)
161.4456, (-1.498048, 0.486734, 4.388463), (0.011706, 0.419949, -0.057116, 0.905673)
161.4594, (-1.495640, 0.485581, 4.389841), (0.012174, 0.418888, -0.057612, 0.906127)
161.4734, (-1.493505, 0.484600, 4.391539), (0.011357, 0.417373, -0.057998, 0.906812)
161.4874, (-1.491323, 0.483583, 4.393032), (0.010649, 0.415814, -0.058773, 0.907486)
161.5013, (-1.489683, 0.482542, 4.394788), (0.008894, 0.414255, -0.059472, 0.908172)
161.5152, (-1.487955, 0.481234, 4.396464), (0.007696, 0.412436, -0.059775, 0.908991)
161.5291, (-1.486744, 0.480142, 4.398133), (0.008670, 0.411273, -0.058854, 0.909569)
161.543, (-1.485080, 0.479490, 4.399547), (0.010293, 0.409792, -0.058193, 0.910263)
161.557, (-1.483065, 0.478491, 4.401036), (0.010278, 0.408679, -0.058307, 0.910756)
161.5709, (-1.481746, 0.481500, 4.403083), (0.021519, 0.405990, -0.061586, 0.911546)
161.5848, (-1.479018, 0.484173, 4.406091), (0.022525, 0.403210, -0.064786, 0.912533)
161.5987, (-1.477176, 0.485140, 4.408715), (0.018248, 0.401784, -0.064274, 0.913294)
161.6125, (-1.476100, 0.485185, 4.410480), (0.010118, 0.400864, -0.060483, 0.914083)
161.6265, (-1.475102, 0.484871, 4.411471), (0.007258, 0.400017, -0.056452, 0.914739)
161.6404, (-1.473225, 0.484747, 4.412696), (0.007084, 0.397682, -0.052896, 0.915970)
161.6576, (-1.470605, 0.484440, 4.414696), (0.010756, 0.396268, -0.050474, 0.916683)
161.6714, (-1.468072, 0.483872, 4.416914), (0.014087, 0.395495, -0.049137, 0.917045)
161.6854, (-1.465486, 0.483651, 4.418921), (0.018022, 0.394394, -0.049280, 0.917442)
161.6993, (-1.463094, 0.483715, 4.420729), (0.020454, 0.393448, -0.049775, 0.917771)
161.7233, (-1.460180, 0.483528, 4.422270), (0.019196, 0.393059, -0.050143, 0.917944)
161.7397, (-1.457448, 0.483417, 4.423801), (0.017873, 0.391686, -0.049413, 0.918597)
161.7527, (-1.452202, 0.483321, 4.426792), (0.018119, 0.389147, -0.047263, 0.919784)
161.7652, (-1.449187, 0.483568, 4.428014), (0.018402, 0.388166, -0.046231, 0.920246)
161.779, (-1.445833, 0.484247, 4.429498), (0.019504, 0.387011, -0.046751, 0.920683)
161.7927, (-1.442330, 0.484946, 4.431108), (0.020789, 0.385503, -0.048211, 0.921212)
161.8069, (-1.438433, 0.485864, 4.433006), (0.020934, 0.383341, -0.051299, 0.921944)
161.8207, (-1.434918, 0.486445, 4.434855), (0.019611, 0.380310, -0.053194, 0.923120)
161.8351, (-1.431609, 0.486937, 4.436468), (0.019786, 0.378667, -0.053711, 0.923761)
161.8489, (-1.427733, 0.487566, 4.438081), (0.020140, 0.372623, -0.056040, 0.926070)
161.8629, (-1.424323, 0.487677, 4.439319), (0.020683, 0.369241, -0.056328, 0.927394)
161.8767, (-1.421040, 0.487898, 4.440619), (0.020453, 0.366658, -0.054913, 0.928509)
161.8905, (-1.416951, 0.487882, 4.441347), (0.019442, 0.363276, -0.054056, 0.929909)
161.9046, (-1.412915, 0.488111, 4.442256), (0.019182, 0.361212, -0.052947, 0.930782)
161.9185, (-1.408512, 0.488165, 4.443222), (0.018809, 0.359638, -0.052267, 0.931437)
161.9324, (-1.404142, 0.488103, 4.444067), (0.017764, 0.357460, -0.051588, 0.932333)
161.9464, (-1.399638, 0.487698, 4.444631), (0.015534, 0.354940, -0.051373, 0.933347)
161.9602, (-1.394701, 0.487804, 4.445316), (0.014767, 0.352150, -0.051870, 0.934388)
161.9741, (-1.389730, 0.487849, 4.446174), (0.014165, 0.350105, -0.052189, 0.935148)
161.9878, (-1.384588, 0.487754, 4.446784), (0.013822, 0.347490, -0.053501, 0.936054)
162.0018, (-1.379487, 0.487771, 4.447167), (0.014436, 0.344048, -0.054430, 0.937262)
162.0157, (-1.374421, 0.487540, 4.447071), (0.014108, 0.340155, -0.054890, 0.938660)
162.0298, (-1.369232, 0.487572, 4.447106), (0.014408, 0.336469, -0.055442, 0.939951)
162.044, (-1.363763, 0.487404, 4.446909), (0.014995, 0.332445, -0.055739, 0.941355)
162.0574, (-1.358152, 0.487238, 4.446573), (0.014953, 0.328527, -0.055055, 0.942770)
162.0713, (-1.352491, 0.487436, 4.446254), (0.015035, 0.325048, -0.055292, 0.943960)
162.0849, (-1.346656, 0.487431, 4.445859), (0.014653, 0.320734, -0.054630, 0.945479)
162.0988, (-1.340370, 0.487012, 4.445169), (0.013901, 0.316575, -0.054835, 0.946879)
162.113, (-1.334325, 0.486856, 4.444370), (0.013748, 0.313614, -0.055305, 0.947839)
162.1266, (-1.327795, 0.486389, 4.443034), (0.012690, 0.308821, -0.055326, 0.949425)
162.1406, (-1.321531, 0.486240, 4.441580), (0.011376, 0.305183, -0.054851, 0.950645)
162.1545, (-1.314877, 0.486173, 4.439947), (0.011391, 0.300732, -0.055247, 0.952039)
162.1683, (-1.308547, 0.485521, 4.438063), (0.010726, 0.295993, -0.054826, 0.953555)
162.1823, (-1.302274, 0.485353, 4.436094), (0.011107, 0.291599, -0.055073, 0.954889)
162.1959, (-1.295687, 0.484962, 4.433918), (0.011356, 0.286442, -0.055140, 0.956442)
162.2098, (-1.289301, 0.484367, 4.431751), (0.011134, 0.281553, -0.055160, 0.957894)
162.2235, (-1.282762, 0.484342, 4.429593), (0.011610, 0.276312, -0.055053, 0.959420)
162.2376, (-1.275646, 0.484112, 4.426846), (0.011089, 0.268490, -0.055166, 0.961638)
162.253, (-1.269038, 0.483977, 4.424136), (0.010976, 0.261177, -0.053240, 0.963759)
162.2645, (-1.261970, 0.483977, 4.421469), (0.010136, 0.253774, -0.052000, 0.965812)
162.2778, (-1.254842, 0.484088, 4.418213), (0.009381, 0.247064, -0.051315, 0.967594)
162.2914, (-1.247893, 0.483813, 4.415051), (0.006944, 0.241082, -0.048883, 0.969248)
162.3048, (-1.240566, 0.484100, 4.411619), (0.007267, 0.235390, -0.047441, 0.970715)
162.3186, (-1.232752, 0.485363, 4.408369), (0.011874, 0.228898, -0.047183, 0.972234)
162.3321, (-1.225081, 0.486564, 4.405499), (0.016311, 0.223579, -0.046929, 0.973419)
162.3476, (-1.216881, 0.487486, 4.402946), (0.021134, 0.219539, -0.047500, 0.974218)
162.3637, (-1.208858, 0.488464, 4.400487), (0.020387, 0.216432, -0.045760, 0.975012)
162.3791, (-1.193539, 0.490482, 4.394636), (0.019405, 0.207945, -0.044976, 0.976913)
162.3943, (-1.185700, 0.491076, 4.391262), (0.011174, 0.205979, -0.041466, 0.977614)
162.4093, (-1.177701, 0.491778, 4.387675), (0.005374, 0.203413, -0.040274, 0.978250)
162.4241, (-1.169840, 0.492598, 4.385324), (0.002659, 0.200048, -0.040639, 0.978939)
162.4384, (-1.162123, 0.493394, 4.383222), (0.001316, 0.198208, -0.041916, 0.979263)
162.4529, (-1.154275, 0.494082, 4.381395), (-0.000320, 0.196664, -0.044297, 0.979470)
162.4674, (-1.146542, 0.494928, 4.380085), (0.000160, 0.195097, -0.048249, 0.979597)
162.4815, (-1.139444, 0.495099, 4.378442), (-0.001074, 0.193757, -0.050473, 0.979750)
162.4955, (-1.132560, 0.495579, 4.376601), (-0.002681, 0.191914, -0.051712, 0.980045)
162.5096, (-1.125890, 0.496160, 4.374587), (-0.003661, 0.190150, -0.053210, 0.980305)
162.5237, (-1.119079, 0.497036, 4.372634), (-0.003465, 0.188872, -0.052340, 0.980600)
162.54, (-1.113057, 0.497137, 4.371051), (-0.001270, 0.187875, -0.051263, 0.980854)
162.5562, (-1.101037, 0.497037, 4.367930), (-0.005661, 0.185118, -0.050621, 0.981395)
162.572, (-1.095351, 0.497302, 4.366302), (-0.007910, 0.182127, -0.050715, 0.981935)
162.5875, (-1.090552, 0.497201, 4.364911), (-0.010568, 0.179357, -0.052330, 0.982335)
162.6024, (-1.085364, 0.496823, 4.363943), (-0.013301, 0.176152, -0.053736, 0.982805)
162.6173, (-1.080126, 0.496411, 4.363384), (-0.012913, 0.174009, -0.054575, 0.983146)
162.6324, (-1.075410, 0.496640, 4.362823), (-0.008842, 0.172810, -0.055598, 0.983345)
162.6463, (-1.071033, 0.496477, 4.362388), (-0.005898, 0.172515, -0.055887, 0.983403)
162.6608, (-1.066232, 0.497072, 4.361668), (-0.003780, 0.171143, -0.057336, 0.983569)
162.6752, (-1.061435, 0.498123, 4.361596), (-0.002502, 0.169556, -0.058997, 0.983750)
162.6896, (-1.057148, 0.499013, 4.361908), (-0.002720, 0.168661, -0.061345, 0.983760)
162.704, (-1.053018, 0.499993, 4.362417), (-0.005298, 0.167089, -0.062892, 0.983920)
162.719, (-1.048513, 0.500573, 4.362242), (-0.006755, 0.165128, -0.064083, 0.984165)
162.734, (-1.039913, 0.502344, 4.362489), (-0.012072, 0.159358, -0.067241, 0.984854)
162.75, (-1.035820, 0.503240, 4.363004), (-0.014964, 0.155939, -0.068389, 0.985283)
162.766, (-1.033039, 0.502854, 4.366212), (-0.018700, 0.151007, -0.068597, 0.985973)
162.7815, (-1.029533, 0.502746, 4.367582), (-0.019090, 0.147100, -0.067546, 0.986628)
162.7966, (-1.026416, 0.502429, 4.369414), (-0.021293, 0.143533, -0.066779, 0.987160)
162.8117, (-1.022986, 0.502169, 4.370983), (-0.025069, 0.140781, -0.067238, 0.987437)
162.8266, (-1.019939, 0.502386, 4.372545), (-0.027674, 0.138568, -0.067969, 0.987630)
162.8409, (-1.017590, 0.502007, 4.374166), (-0.030546, 0.136993, -0.069333, 0.987671)
162.8555, (-1.014749, 0.501414, 4.375710), (-0.033482, 0.133696, -0.068065, 0.988115)
162.8701, (-1.012089, 0.501507, 4.378533), (-0.035188, 0.132589, -0.067246, 0.988261)
162.8855, (-1.009634, 0.500988, 4.380564), (-0.037880, 0.132374, -0.067538, 0.988171)
162.9011, (-1.005451, 0.499575, 4.385273), (-0.045536, 0.133335, -0.068229, 0.987671)
162.9163, (-1.003835, 0.499218, 4.387838), (-0.047355, 0.135243, -0.068306, 0.987320)
162.932, (-1.002674, 0.497677, 4.390444), (-0.051746, 0.137748, -0.067989, 0.986775)
162.9476, (-1.003326, 0.496486, 4.393406), (-0.054604, 0.141977, -0.065729, 0.986175)
162.9626, (-1.003523, 0.495433, 4.396150), (-0.056433, 0.143173, -0.064214, 0.985999)
162.9781, (-1.003556, 0.496766, 4.398523), (-0.045973, 0.143065, -0.064287, 0.986553)
162.9946, (-1.002782, 0.499185, 4.401760), (-0.030316, 0.142711, -0.064687, 0.987183)
163.0209, (-1.001281, 0.501689, 4.408852), (-0.018794, 0.146515, -0.066758, 0.986774)
163.0374, (-1.001591, 0.502053, 4.412894), (-0.028391, 0.148711, -0.063040, 0.986461)
163.0517, (-1.001778, 0.503822, 4.412187), (-0.030170, 0.143881, -0.055691, 0.987566)
163.0663, (-1.001363, 0.503809, 4.412697), (-0.032849, 0.141717, -0.049335, 0.988131)
163.0937, (-0.999826, 0.501814, 4.413730), (-0.042198, 0.142592, -0.043103, 0.987942)
163.1078, (-0.998229, 0.501576, 4.415591), (-0.040626, 0.143301, -0.041473, 0.987975)
163.1221, (-0.996902, 0.501389, 4.417715), (-0.038681, 0.143877, -0.041208, 0.987980)
163.1358, (-0.994962, 0.500578, 4.420081), (-0.035906, 0.142812, -0.042617, 0.988180)
163.1497, (-0.993695, 0.500041, 4.422225), (-0.031101, 0.141294, -0.043348, 0.988529)
163.1635, (-0.992403, 0.499535, 4.424018), (-0.026647, 0.138941, -0.042892, 0.989012)
163.1774, (-0.991207, 0.499544, 4.425422), (-0.021335, 0.135217, -0.040970, 0.989739)
163.1913, (-0.989783, 0.499753, 4.426716), (-0.017876, 0.132042, -0.038984, 0.990316)
163.2054, (-0.987882, 0.501129, 4.428187), (-0.012324, 0.126050, -0.038623, 0.991195)
163.2193, (-0.986196, 0.501724, 4.429657), (-0.010580, 0.123028, -0.040204, 0.991532)
163.2339, (-0.983838, 0.501949, 4.430688), (-0.009686, 0.120043, -0.041593, 0.991850)
163.2496, (-0.982148, 0.502185, 4.432151), (-0.007339, 0.117661, -0.041176, 0.992173)
163.2658, (-0.976067, 0.503062, 4.433342), (-0.015243, 0.110420, -0.045511, 0.992725)
163.2811, (-0.973653, 0.503254, 4.434444), (-0.015657, 0.107633, -0.046199, 0.992993)
163.2962, (-0.969964, 0.503226, 4.435488), (-0.017168, 0.106315, -0.046977, 0.993074)
163.3112, (-0.966004, 0.502908, 4.436062), (-0.020916, 0.106199, -0.047633, 0.992983)
163.3396, (-0.961912, 0.502876, 4.437077), (-0.022971, 0.108108, -0.048968, 0.992667)
163.3539, (-0.954801, 0.502428, 4.439022), (-0.025757, 0.107520, -0.050729, 0.992574)
163.3685, (-0.950704, 0.502195, 4.440247), (-0.024826, 0.106844, -0.051605, 0.992625)
163.3827, (-0.946819, 0.501935, 4.441464), (-0.024100, 0.106274, -0.052504, 0.992657)
163.3968, (-0.942481, 0.501585, 4.442905), (-0.021624, 0.104505, -0.052260, 0.992915)
163.4111, (-0.938187, 0.501792, 4.444296), (-0.017966, 0.102093, -0.052452, 0.993229)
163.4249, (-0.933677, 0.501735, 4.445606), (-0.015966, 0.099607, -0.051659, 0.993557)
163.4393, (-0.928950, 0.501739, 4.446761), (-0.014870, 0.097410, -0.051137, 0.993819)
163.4533, (-0.924174, 0.501878, 4.447788), (-0.013662, 0.095307, -0.050864, 0.994054)
163.48, (-0.917515, 0.502261, 4.449041), (-0.014852, 0.091344, -0.049885, 0.994458)
163.4959, (-0.906534, 0.502355, 4.451539), (-0.015974, 0.087310, -0.049003, 0.994847)
163.51, (-0.900508, 0.502636, 4.452639), (-0.016899, 0.085579, -0.049269, 0.994969)
163.5244, (-0.893955, 0.502556, 4.453729), (-0.018722, 0.083321, -0.050221, 0.995080)
163.5388, (-0.887235, 0.502033, 4.454844), (-0.021869, 0.081785, -0.050679, 0.995120)
163.553, (-0.881328, 0.502013, 4.455997), (-0.022591, 0.079824, -0.050803, 0.995257)
163.5782, (-0.873242, 0.501265, 4.457335), (-0.025096, 0.077169, -0.051735, 0.995359)
163.5923, (-0.860070, 0.500616, 4.459615), (-0.027141, 0.072969, -0.052376, 0.995588)
163.6064, (-0.853589, 0.500390, 4.460784), (-0.028149, 0.070879, -0.052644, 0.995697)
163.6204, (-0.845511, 0.499099, 4.461877), (-0.026936, 0.066292, -0.051981, 0.996081)
163.6344, (-0.837939, 0.498391, 4.462923), (-0.027357, 0.061342, -0.051269, 0.996424)
163.6485, (-0.830957, 0.497717, 4.463946), (-0.027836, 0.058164, -0.050933, 0.996618)
163.6628, (-0.822912, 0.496549, 4.465100), (-0.026741, 0.052854, -0.049805, 0.997001)
163.6886, (-0.815146, 0.496858, 4.465819), (-0.022801, 0.048488, -0.047524, 0.997432)
163.7026, (-0.798937, 0.497679, 4.467956), (-0.015716, 0.039048, -0.046914, 0.998012)
163.7165, (-0.791307, 0.498903, 4.469806), (-0.012899, 0.035891, -0.047801, 0.998129)
163.7305, (-0.783270, 0.500433, 4.471696), (-0.010759, 0.033351, -0.049779, 0.998145)
163.7444, (-0.775149, 0.500863, 4.472885), (-0.011899, 0.031168, -0.048400, 0.998271)
163.7585, (-0.767462, 0.500766, 4.473868), (-0.015391, 0.029072, -0.046981, 0.998354)
163.7726, (-0.760102, 0.501049, 4.474401), (-0.022545, 0.026676, -0.042864, 0.998470)
163.7868, (-0.752724, 0.501452, 4.474965), (-0.027650, 0.023382, -0.040678, 0.998516)
163.801, (-0.745096, 0.501885, 4.476089), (-0.032010, 0.017660, -0.041429, 0.998472)
163.8271, (-0.739004, 0.501428, 4.477423), (-0.034284, 0.013229, -0.045352, 0.998295)
163.8427, (-0.725609, 0.502086, 4.479976), (-0.033550, 0.005411, -0.048657, 0.998237)
163.8573, (-0.719812, 0.502659, 4.481646), (-0.027329, 0.001073, -0.052781, 0.998232)
163.8719, (-0.714172, 0.503339, 4.482879), (-0.021365, -0.001510, -0.054885, 0.998263)
163.8978, (-0.709122, 0.503719, 4.483489), (-0.016241, -0.002276, -0.056793, 0.998251)
163.9129, (-0.698165, 0.505347, 4.485483), (-0.016280, -0.005882, -0.058745, 0.998123)
163.9263, (-0.693101, 0.506295, 4.486187), (-0.016760, -0.007742, -0.059327, 0.998068)
163.9405, (-0.688739, 0.506802, 4.486964), (-0.019138, -0.010319, -0.059242, 0.998007)
163.9546, (-0.684113, 0.507311, 4.487967), (-0.020095, -0.012849, -0.060920, 0.997858)
163.98, (-0.680972, 0.508301, 4.489522), (-0.020765, -0.016616, -0.061430, 0.997757)
163.9942, (-0.671429, 0.509595, 4.491793), (-0.020866, -0.022463, -0.063696, 0.997498)
164.0079, (-0.668982, 0.509730, 4.492782), (-0.023537, -0.024908, -0.065400, 0.997271)
164.0218, (-0.664641, 0.510323, 4.493930), (-0.023881, -0.027674, -0.066540, 0.997114)
164.0361, (-0.663027, 0.510065, 4.494108), (-0.024397, -0.027700, -0.066109, 0.997129)
164.0501, (-0.660264, 0.509908, 4.494741), (-0.026328, -0.028173, -0.065815, 0.997087)
164.0645, (-0.657632, 0.510358, 4.495557), (-0.027221, -0.028807, -0.065419, 0.997071)
164.0787, (-0.655489, 0.510911, 4.496711), (-0.028193, -0.030967, -0.065394, 0.996980)
164.1044, (-0.653696, 0.511293, 4.498144), (-0.027877, -0.032135, -0.065688, 0.996933)
164.1205, (-0.649997, 0.511540, 4.500481), (-0.030126, -0.036468, -0.066510, 0.996664)
164.1476, (-0.649565, 0.511220, 4.501338), (-0.032967, -0.038893, -0.068278, 0.996363)
164.1616, (-0.646053, 0.511252, 4.503590), (-0.035458, -0.042747, -0.069515, 0.996034)
164.176, (-0.645716, 0.510469, 4.504954), (-0.038260, -0.042388, -0.069444, 0.995950)
164.1902, (-0.645558, 0.509293, 4.506432), (-0.043508, -0.041131, -0.069935, 0.995753)
164.2157, (-0.645473, 0.509130, 4.508288), (-0.043339, -0.040228, -0.070596, 0.995751)
164.2298, (-0.644708, 0.508450, 4.511858), (-0.044331, -0.038164, -0.072401, 0.995659)
164.2439, (-0.645286, 0.508054, 4.514320), (-0.047056, -0.035278, -0.074412, 0.995492)
164.2582, (-0.646028, 0.508284, 4.516133), (-0.048228, -0.034342, -0.075551, 0.995383)
164.2724, (-0.647240, 0.510104, 4.517611), (-0.040902, -0.035074, -0.076004, 0.995651)
164.2981, (-0.648745, 0.511668, 4.519730), (-0.032547, -0.036295, -0.074175, 0.996053)
164.3123, (-0.649804, 0.512537, 4.523307), (-0.030127, -0.036122, -0.073908, 0.996155)
164.3262, (-0.651632, 0.510791, 4.523634), (-0.040653, -0.037388, -0.069181, 0.996074)
164.3403, (-0.652264, 0.510267, 4.523892), (-0.043463, -0.039869, -0.064595, 0.996167)
164.3545, (-0.652703, 0.510766, 4.524532), (-0.041293, -0.043684, -0.057643, 0.996526)
164.369, (-0.652444, 0.510811, 4.526863), (-0.039199, -0.046865, -0.054111, 0.996664)
164.3833, (-0.652578, 0.510231, 4.528825), (-0.039863, -0.047558, -0.052080, 0.996713)
164.4088, (-0.651722, 0.509154, 4.530436), (-0.040476, -0.048956, -0.052992, 0.996573)
164.4231, (-0.650290, 0.508198, 4.533005), (-0.038027, -0.052702, -0.050884, 0.996588)
164.4377, (-0.648809, 0.507340, 4.534630), (-0.034089, -0.054063, -0.048757, 0.996764)
164.4639, (-0.646717, 0.506586, 4.536920), (-0.030619, -0.055403, -0.045053, 0.996977)
164.479, (-0.643444, 0.507452, 4.541315), (-0.020384, -0.059336, -0.040297, 0.997216)
164.5033, (-0.640795, 0.508264, 4.543522), (-0.022850, -0.062399, -0.044166, 0.996812)
164.5176, (-0.636072, 0.509493, 4.546583), (-0.019775, -0.068942, -0.044867, 0.996415)
164.5314, (-0.633658, 0.509700, 4.548193), (-0.019788, -0.072565, -0.045621, 0.996123)
164.5455, (-0.630542, 0.509599, 4.550150), (-0.020216, -0.077039, -0.046443, 0.995741)
164.5598, (-0.626681, 0.509606, 4.552681), (-0.019870, -0.080800, -0.046089, 0.995466)
164.5742, (-0.623002, 0.509709, 4.554672), (-0.019532, -0.082275, -0.046021, 0.995355)
164.5885, (-0.618020, 0.510313, 4.557509), (-0.019556, -0.084987, -0.048084, 0.995029)
164.6143, (-0.613573, 0.510227, 4.560658), (-0.021678, -0.085581, -0.050072, 0.994836)
164.6282, (-0.605543, 0.510043, 4.564948), (-0.023519, -0.089184, -0.051685, 0.994395)
164.6428, (-0.600280, 0.509327, 4.566494), (-0.024647, -0.090419, -0.053024, 0.994186)
164.6579, (-0.594696, 0.508557, 4.568305), (-0.026165, -0.092659, -0.052774, 0.993954)
164.6727, (-0.590403, 0.508397, 4.570243), (-0.026154, -0.094433, -0.053432, 0.993752)
164.6987, (-0.584974, 0.507490, 4.572504), (-0.025987, -0.096943, -0.053913, 0.993489)
164.7131, (-0.574577, 0.505953, 4.576634), (-0.024371, -0.102284, -0.054414, 0.992967)
164.7383, (-0.569803, 0.505502, 4.578614), (-0.024369, -0.104528, -0.054858, 0.992709)
164.7531, (-0.559489, 0.503857, 4.582474), (-0.024218, -0.109715, -0.055560, 0.992114)
164.7781, (-0.550214, 0.502737, 4.583616), (-0.019567, -0.119300, -0.053974, 0.991197)
164.7923, (-0.542553, 0.502262, 4.585668), (-0.019080, -0.125402, -0.052972, 0.990507)
164.8167, (-0.535345, 0.501756, 4.587165), (-0.020347, -0.130232, -0.051607, 0.989931)
164.8307, (-0.523081, 0.500596, 4.590817), (-0.019834, -0.137605, -0.051283, 0.988960)
164.8447, (-0.516949, 0.500017, 4.592643), (-0.019577, -0.141288, -0.051119, 0.988454)
164.8694, (-0.504386, 0.499441, 4.593563), (-0.029746, -0.147954, -0.050203, 0.987271)
164.8835, (-0.489091, 0.498217, 4.597054), (-0.032508, -0.156648, -0.049339, 0.985886)
164.8976, (-0.480981, 0.497597, 4.598769), (-0.032974, -0.161627, -0.049132, 0.985076)
164.9232, (-0.472572, 0.498044, 4.601273), (-0.025049, -0.166286, -0.046040, 0.984684)
164.9373, (-0.456777, 0.498462, 4.605741), (-0.018780, -0.174137, -0.043283, 0.983591)
164.9514, (-0.449292, 0.500074, 4.608647), (-0.012953, -0.175375, -0.042037, 0.983519)
164.9658, (-0.441535, 0.501155, 4.611585), (-0.012292, -0.177339, -0.041686, 0.983190)
164.9911, (-0.434007, 0.503985, 4.612996), (-0.019204, -0.175428, -0.044092, 0.983317)
165.0051, (-0.418553, 0.506979, 4.616574), (-0.020244, -0.179063, -0.043624, 0.982661)
165.0307, (-0.412874, 0.509013, 4.617886), (-0.025509, -0.177927, -0.046104, 0.982632)
165.0444, (-0.398720, 0.511972, 4.621970), (-0.027290, -0.181430, -0.046994, 0.981901)
165.0582, (-0.393365, 0.512809, 4.623472), (-0.029780, -0.185034, -0.049344, 0.981041)
165.0723, (-0.387645, 0.512857, 4.624971), (-0.030284, -0.188785, -0.051150, 0.980218)
165.0868, (-0.381866, 0.512676, 4.626503), (-0.031706, -0.191776, -0.051123, 0.979594)
165.1125, (-0.377222, 0.510971, 4.627583), (-0.029757, -0.193912, -0.047607, 0.979411)
165.1268, (-0.365990, 0.510723, 4.630473), (-0.029149, -0.197649, -0.046084, 0.978755)
165.1411, (-0.361454, 0.509707, 4.630798), (-0.026997, -0.196396, -0.043427, 0.979191)
165.1651, (-0.357093, 0.509575, 4.631242), (-0.022176, -0.195914, -0.043391, 0.979410)
165.1801, (-0.352761, 0.509576, 4.632370), (-0.019230, -0.196525, -0.043941, 0.979325)
165.1945, (-0.348757, 0.509510, 4.633494), (-0.016934, -0.196626, -0.044994, 0.979299)
165.2187, (-0.346047, 0.509546, 4.633780), (-0.014477, -0.196123, -0.045748, 0.979405)
165.2329, (-0.338471, 0.509549, 4.635243), (-0.012105, -0.197550, -0.045568, 0.979158)
165.2582, (-0.336055, 0.510352, 4.635749), (-0.011981, -0.198441, -0.046598, 0.978931)
165.2723, (-0.330280, 0.511052, 4.637444), (-0.012039, -0.199750, -0.048446, 0.978575)
165.2862, (-0.328146, 0.511737, 4.638192), (-0.013723, -0.200119, -0.050188, 0.978389)
165.3003, (-0.325876, 0.512160, 4.639165), (-0.015252, -0.201077, -0.052390, 0.978055)
165.3256, (-0.324850, 0.512209, 4.639770), (-0.018546, -0.200239, -0.053596, 0.978104)
165.3397, (-0.321740, 0.512304, 4.641101), (-0.020658, -0.199218, -0.054957, 0.978195)
165.3539, (-0.320690, 0.511971, 4.641617), (-0.022240, -0.198141, -0.054950, 0.978379)
165.3685, (-0.320132, 0.511472, 4.642113), (-0.023512, -0.196773, -0.053943, 0.978682)
165.3824, (-0.319427, 0.510910, 4.642569), (-0.024818, -0.195430, -0.053873, 0.978922)
165.408, (-0.319844, 0.510158, 4.642764), (-0.026391, -0.193378, -0.053905, 0.979287)
165.4223, (-0.318837, 0.509210, 4.643726), (-0.028851, -0.190797, -0.054741, 0.979677)
165.4361, (-0.318827, 0.508784, 4.644055), (-0.029686, -0.189097, -0.055563, 0.979936)
165.4498, (-0.318914, 0.509150, 4.644781), (-0.026467, -0.187834, -0.056804, 0.980200)
165.464, (-0.319320, 0.508900, 4.645758), (-0.025878, -0.185671, -0.059053, 0.980494)
165.478, (-0.319970, 0.507587, 4.646209), (-0.029711, -0.183526, -0.062127, 0.980600)
165.4926, (-0.320155, 0.507824, 4.646854), (-0.027159, -0.181993, -0.062466, 0.980938)
165.507, (-0.320797, 0.509174, 4.648890), (-0.015108, -0.179221, -0.059285, 0.981905)
165.5343, (-0.320673, 0.509748, 4.650146), (-0.014328, -0.174482, -0.057432, 0.982880)
165.5497, (-0.320309, 0.510830, 4.651974), (-0.013581, -0.170546, -0.056447, 0.983638)
165.5642, (-0.320427, 0.511283, 4.652586), (-0.016093, -0.169519, -0.055299, 0.983843)
165.5904, (-0.320138, 0.511548, 4.653583), (-0.022143, -0.172300, -0.054746, 0.983273)
165.6051, (-0.319536, 0.512103, 4.655727), (-0.025765, -0.173100, -0.054631, 0.983050)
165.6196, (-0.318919, 0.511576, 4.656749), (-0.028380, -0.174660, -0.055441, 0.982657)
165.6448, (-0.316656, 0.510304, 4.657742), (-0.027865, -0.178581, -0.055590, 0.981958)
165.6592, (-0.314368, 0.509599, 4.660053), (-0.025135, -0.181160, -0.054473, 0.981622)
165.6731, (-0.312676, 0.508996, 4.661490), (-0.021244, -0.182944, -0.053310, 0.981447)
165.6878, (-0.310761, 0.508631, 4.663131), (-0.013240, -0.184695, -0.051707, 0.981346)
165.7016, (-0.308365, 0.508628, 4.664725), (-0.006960, -0.187387, -0.050318, 0.980972)
165.727, (-0.305513, 0.509267, 4.665965), (-0.002825, -0.192718, -0.050194, 0.979966)
165.7411, (-0.301050, 0.509732, 4.668823), (0.001114, -0.198545, -0.049008, 0.978865)
165.7662, (-0.296972, 0.510283, 4.670759), (-0.000964, -0.203615, -0.047539, 0.977896)
165.7801, (-0.290550, 0.510648, 4.674264), (-0.003482, -0.210010, -0.047145, 0.976556)
165.794, (-0.287074, 0.510875, 4.676080), (-0.006114, -0.213676, -0.048903, 0.975661)
165.808, (-0.283174, 0.510817, 4.678012), (-0.011278, -0.218222, -0.051769, 0.974460)
165.8223, (-0.279254, 0.510599, 4.680110), (-0.014195, -0.223025, -0.054941, 0.973160)
165.8365, (-0.275827, 0.511037, 4.682159), (-0.014489, -0.226751, -0.055568, 0.972258)
165.8627, (-0.269538, 0.507628, 4.686143), (-0.015877, -0.229860, -0.059224, 0.971290)
165.8775, (-0.260532, 0.506313, 4.691752), (-0.013857, -0.236193, -0.059748, 0.969769)
165.9028, (-0.255264, 0.505145, 4.695035), (-0.012221, -0.237061, -0.059822, 0.969574)
165.9175, (-0.245725, 0.503349, 4.700156), (-0.011720, -0.241423, -0.061341, 0.968408)
165.9432, (-0.239687, 0.502257, 4.703833), (-0.010218, -0.244133, -0.059548, 0.967858)
165.9574, (-0.234004, 0.501280, 4.707274), (-0.009887, -0.246584, -0.056338, 0.967432)
165.982, (-0.227647, 0.500988, 4.710908), (-0.009828, -0.248761, -0.053141, 0.967056)
165.9963, (-0.216279, 0.499997, 4.717992), (-0.010339, -0.253468, -0.050681, 0.965960)
166.0103, (-0.210269, 0.499660, 4.722036), (-0.011252, -0.255086, -0.049123, 0.965604)
166.0338, (-0.203386, 0.499988, 4.726009), (-0.014348, -0.254797, -0.045631, 0.965811)
166.0479, (-0.191022, 0.500005, 4.733699), (-0.015629, -0.257715, -0.042191, 0.965173)
166.0619, (-0.184352, 0.500980, 4.738491), (-0.015085, -0.258583, -0.040090, 0.965039)
166.0763, (-0.178030, 0.502787, 4.743569), (-0.011206, -0.258604, -0.037497, 0.965190)
166.0905, (-0.172172, 0.503807, 4.749032), (-0.010444, -0.257589, -0.036845, 0.965496)
166.1163, (-0.166500, 0.503773, 4.752946), (-0.020015, -0.254105, -0.038137, 0.966217)
166.1306, (-0.154015, 0.504318, 4.760688), (-0.026231, -0.255192, -0.035598, 0.965879)
166.1447, (-0.148001, 0.504563, 4.764858), (-0.028450, -0.255936, -0.034132, 0.965672)
166.1589, (-0.142565, 0.504841, 4.769351), (-0.028233, -0.254977, -0.032377, 0.965992)
166.1732, (-0.137274, 0.505506, 4.774354), (-0.026620, -0.254341, -0.032392, 0.966206)
166.199, (-0.133372, 0.506666, 4.779530), (-0.020332, -0.253364, -0.036746, 0.966459)
166.2134, (-0.123390, 0.507821, 4.788183), (-0.017587, -0.252134, -0.038304, 0.966774)
166.2385, (-0.119063, 0.508226, 4.791712), (-0.014566, -0.251663, -0.039626, 0.966894)
166.253, (-0.110174, 0.508854, 4.798995), (-0.011826, -0.251544, -0.039705, 0.966959)
166.2668, (-0.105303, 0.509316, 4.803082), (-0.010832, -0.251318, -0.039926, 0.967020)
166.2921, (-0.104328, 0.508330, 4.804182), (-0.015306, -0.254144, -0.035920, 0.966378)
166.3065, (-0.100897, 0.508240, 4.807405), (-0.016153, -0.254091, -0.034502, 0.966430)
166.3206, (-0.097594, 0.508744, 4.810696), (-0.015051, -0.254216, -0.033436, 0.966452)
166.3448, (-0.095356, 0.509232, 4.814054), (-0.014044, -0.254086, -0.034220, 0.966474)
166.3594, (-0.089389, 0.509510, 4.820664), (-0.012205, -0.253686, -0.034594, 0.966591)
166.3737, (-0.086932, 0.509477, 4.823703), (-0.010333, -0.253288, -0.033847, 0.966743)
166.3987, (-0.084542, 0.509100, 4.826197), (-0.008503, -0.252908, -0.032850, 0.966895)
166.413, (-0.079373, 0.509169, 4.832217), (-0.005943, -0.252639, -0.032377, 0.967001)
166.4384, (-0.077741, 0.509227, 4.835468), (-0.005169, -0.251501, -0.034526, 0.967227)
166.4526, (-0.073612, 0.509296, 4.841710), (-0.002782, -0.250383, -0.036162, 0.967467)
166.4667, (-0.071938, 0.509054, 4.844650), (-0.001686, -0.249106, -0.037002, 0.967768)
166.4808, (-0.070143, 0.508669, 4.847334), (-0.000477, -0.247249, -0.037705, 0.968218)
166.5059, (-0.068993, 0.508295, 4.850051), (0.001191, -0.243073, -0.036913, 0.969305)
166.5202, (-0.066037, 0.508179, 4.855961), (0.001642, -0.237349, -0.037261, 0.970708)
166.5343, (-0.065143, 0.508426, 4.858873), (0.001149, -0.233931, -0.037862, 0.971515)
166.5486, (-0.064454, 0.508793, 4.861649), (0.000610, -0.230751, -0.038468, 0.972252)
166.5629, (-0.063958, 0.508712, 4.864081), (-0.000887, -0.228329, -0.039254, 0.972792)
166.5883, (-0.064319, 0.508452, 4.865647), (-0.003912, -0.226246, -0.038921, 0.973284)
166.6032, (-0.063799, 0.508597, 4.870047), (-0.005180, -0.222931, -0.039437, 0.974023)
166.6278, (-0.064297, 0.508384, 4.871954), (-0.006632, -0.222249, -0.039623, 0.974162)
166.6419, (-0.064594, 0.507619, 4.875932), (-0.010468, -0.218518, -0.040100, 0.974953)
166.6671, (-0.065509, 0.507329, 4.877399), (-0.011367, -0.216368, -0.038763, 0.975476)
166.6816, (-0.066152, 0.507514, 4.878969), (-0.011724, -0.214224, -0.037828, 0.975981)
166.696, (-0.067120, 0.508140, 4.880705), (-0.010792, -0.212960, -0.038546, 0.976241)
166.7198, (-0.068643, 0.507992, 4.881985), (-0.012672, -0.213005, -0.042141, 0.976060)
166.7341, (-0.070405, 0.508020, 4.884731), (-0.012970, -0.211513, -0.043222, 0.976333)
166.7486, (-0.071826, 0.508444, 4.885799), (-0.010010, -0.212439, -0.041025, 0.976262)
166.7738, (-0.073512, 0.508281, 4.886901), (-0.011038, -0.214021, -0.039577, 0.975965)
166.7884, (-0.075586, 0.508675, 4.889453), (-0.012790, -0.215299, -0.039529, 0.975664)
166.8135, (-0.076192, 0.509603, 4.890733), (-0.011568, -0.217575, -0.038126, 0.975230)
166.8285, (-0.077678, 0.510804, 4.893610), (-0.010961, -0.217948, -0.038310, 0.975147)
166.8421, (-0.078211, 0.511340, 4.895046), (-0.011484, -0.217601, -0.039782, 0.975159)
166.8676, (-0.078003, 0.512002, 4.896669), (-0.015354, -0.217698, -0.044308, 0.974889)
166.882, (-0.078344, 0.512415, 4.898798), (-0.019259, -0.218261, -0.046948, 0.974570)
166.8962, (-0.078102, 0.512256, 4.900187), (-0.019866, -0.220057, -0.046941, 0.974154)
166.9224, (-0.077436, 0.512251, 4.902583), (-0.017240, -0.221326, -0.045550, 0.973983)
166.9368, (-0.076821, 0.512965, 4.906852), (-0.015899, -0.222479, -0.046408, 0.973703)
166.9512, (-0.076273, 0.513459, 4.908928), (-0.014547, -0.222302, -0.047559, 0.973709)
166.9657, (-0.074994, 0.513731, 4.911184), (-0.013388, -0.222688, -0.050012, 0.973514)
166.9912, (-0.073723, 0.513884, 4.912716), (-0.013604, -0.222900, -0.050481, 0.973438)
167.006, (-0.071572, 0.514360, 4.915988), (-0.015374, -0.224276, -0.050774, 0.973081)
167.0203, (-0.069812, 0.514610, 4.917740), (-0.017185, -0.225021, -0.050143, 0.972911)
167.0348, (-0.068303, 0.514863, 4.919719), (-0.017136, -0.225270, -0.049616, 0.972881)
167.0606, (-0.066007, 0.514605, 4.922397), (-0.017986, -0.225519, -0.049893, 0.972794)
167.0752, (-0.062368, 0.514961, 4.927063), (-0.018882, -0.226340, -0.051346, 0.972511)
167.0896, (-0.060095, 0.514853, 4.930095), (-0.019214, -0.227545, -0.052199, 0.972178)
167.1042, (-0.057697, 0.514566, 4.932940), (-0.019223, -0.227267, -0.051634, 0.972273)
167.13, (-0.054906, 0.514409, 4.935587), (-0.019174, -0.227063, -0.050864, 0.972362)
167.1446, (-0.049681, 0.514301, 4.940514), (-0.019559, -0.227457, -0.051153, 0.972247)
167.159, (-0.047267, 0.514229, 4.943101), (-0.019724, -0.227792, -0.051452, 0.972149)
167.1735, (-0.044966, 0.514162, 4.945641), (-0.019975, -0.228086, -0.051618, 0.972067)
167.1994, (-0.039094, 0.513766, 4.951533), (-0.017421, -0.227722, -0.053284, 0.972111)
167.2147, (-0.032558, 0.513457, 4.958063), (-0.017026, -0.229218, -0.053373, 0.971762)
167.229, (-0.028711, 0.513002, 4.961579), (-0.017379, -0.230468, -0.054017, 0.971424)
167.2552, (-0.023778, 0.512886, 4.966006), (-0.015999, -0.231512, -0.052676, 0.971273)
167.2699, (-0.015674, 0.512212, 4.973774), (-0.015914, -0.230531, -0.050776, 0.971609)
167.2967, (-0.010628, 0.511978, 4.978608), (-0.016553, -0.227735, -0.049998, 0.972298)
167.3113, (-0.001284, 0.510714, 4.986554), (-0.018168, -0.224310, -0.048978, 0.973117)
167.3257, (0.004498, 0.509633, 4.990332), (-0.019494, -0.222443, -0.047316, 0.973602)
167.3404, (0.010585, 0.508301, 4.994695), (-0.019695, -0.219777, -0.044228, 0.974348)
167.3664, (0.016264, 0.506588, 4.999678), (-0.020852, -0.214628, -0.040342, 0.975640)
167.3811, (0.027052, 0.504476, 5.008359), (-0.021583, -0.209805, -0.036592, 0.976820)
167.3958, (0.033164, 0.503463, 5.012671), (-0.021352, -0.207985, -0.033338, 0.977331)
167.4218, (0.039536, 0.504282, 5.017922), (-0.012324, -0.205833, -0.028114, 0.978106)
167.4365, (0.051337, 0.505215, 5.028480), (-0.003444, -0.200240, -0.021832, 0.979498)
167.4511, (0.057014, 0.505468, 5.033795), (0.000289, -0.196059, -0.020719, 0.980373)
167.4777, (0.063133, 0.507313, 5.038044), (-0.010275, -0.189396, -0.022219, 0.981596)
167.4922, (0.075322, 0.508355, 5.047018), (-0.015774, -0.183334, -0.018912, 0.982742)
167.507, (0.080879, 0.508827, 5.051068), (-0.020618, -0.179571, -0.017361, 0.983376)
167.522, (0.086670, 0.508439, 5.055779), (-0.024739, -0.176253, -0.016779, 0.983891)
167.5473, (0.092131, 0.507560, 5.060843), (-0.025290, -0.172514, -0.016310, 0.984547)
167.5619, (0.103108, 0.506332, 5.070352), (-0.024145, -0.163314, -0.013523, 0.986186)
167.5763, (0.108304, 0.505557, 5.074603), (-0.022497, -0.157218, -0.011606, 0.987240)
167.5908, (0.113856, 0.505227, 5.079277), (-0.022975, -0.153140, -0.010124, 0.987886)
167.6169, (0.118318, 0.504122, 5.082704), (-0.006930, -0.140689, -0.007815, 0.989999)
167.6315, (0.128944, 0.503105, 5.091678), (-0.003311, -0.130106, -0.004590, 0.991484)
167.6451, (0.134257, 0.502597, 5.096166), (-0.001501, -0.124807, -0.002977, 0.992176)
167.6589, (0.138313, 0.503556, 5.100240), (0.008513, -0.113726, 0.002669, 0.993472)
167.673, (0.141454, 0.505790, 5.102334), (0.012588, -0.106881, 0.003763, 0.994185)
167.6873, (0.145607, 0.505531, 5.105883), (0.011469, -0.102660, 0.004429, 0.994641)
167.7016, (0.149545, 0.504814, 5.109528), (0.010969, -0.098439, 0.006846, 0.995059)
167.7158, (0.153717, 0.504454, 5.113513), (0.011449, -0.094962, 0.010446, 0.995360)
167.7414, (0.157758, 0.503900, 5.117455), (0.011913, -0.091539, 0.012163, 0.995656)
167.7555, (0.166028, 0.503075, 5.125340), (0.014455, -0.082076, 0.014443, 0.996417)
167.7695, (0.170104, 0.502434, 5.129266), (0.016424, -0.076948, 0.015432, 0.996780)
167.7844, (0.174073, 0.501960, 5.133030), (0.019168, -0.070931, 0.017210, 0.997149)
167.7979, (0.178195, 0.500979, 5.136522), (0.021180, -0.065249, 0.017930, 0.997483)
167.8118, (0.181223, 0.500731, 5.139639), (0.024608, -0.058060, 0.020079, 0.997808)
167.8257, (0.185105, 0.500247, 5.143384), (0.026564, -0.052590, 0.021679, 0.998027)
167.8397, (0.188988, 0.499762, 5.147129), (0.028519, -0.047118, 0.023277, 0.998211)
167.8536, (0.192870, 0.499277, 5.150874), (0.030473, -0.041644, 0.024875, 0.998358)
167.8673, (0.196752, 0.498792, 5.154620), (0.032425, -0.036169, 0.026472, 0.998469)
167.8812, (0.199097, 0.502432, 5.159253), (0.037498, -0.033148, 0.023614, 0.998468)
167.895, (0.201510, 0.503387, 5.162225), (0.038930, -0.022628, 0.022655, 0.998729)
167.9087, (0.204776, 0.504181, 5.166361), (0.036230, -0.014966, 0.022452, 0.998979)
167.9225, (0.208103, 0.504883, 5.170268), (0.035309, -0.008414, 0.022079, 0.999097)
167.9367, (0.210967, 0.505346, 5.174129), (0.032860, -0.002388, 0.020560, 0.999246)
167.9509, (0.213205, 0.505660, 5.178851), (0.029059, 0.003115, 0.016660, 0.999434)
167.9649, (0.215521, 0.505801, 5.183149), (0.029573, 0.009022, 0.015682, 0.999399)
167.9788, (0.217844, 0.505147, 5.187141), (0.029442, 0.013448, 0.014919, 0.999365)
167.9929, (0.219526, 0.504233, 5.190934), (0.031472, 0.015967, 0.014658, 0.999270)
168.0069, (0.220833, 0.503256, 5.194956), (0.032693, 0.018917, 0.014760, 0.999177)
168.0209, (0.222312, 0.502569, 5.199143), (0.034535, 0.021572, 0.014690, 0.999063)
168.0349, (0.223488, 0.502146, 5.203414), (0.036849, 0.024226, 0.014688, 0.998919)
168.049, (0.224623, 0.501602, 5.207794), (0.038037, 0.026980, 0.013292, 0.998824)
168.063, (0.225895, 0.501016, 5.212174), (0.038895, 0.029604, 0.012288, 0.998729)
168.0771, (0.226415, 0.501345, 5.216677), (0.040118, 0.032175, 0.010995, 0.998616)
168.0908, (0.226874, 0.500690, 5.220828), (0.039706, 0.035265, 0.010214, 0.998537)
168.1048, (0.227304, 0.500102, 5.225129), (0.039630, 0.038684, 0.010771, 0.998407)
168.1192, (0.227541, 0.499417, 5.229492), (0.039637, 0.042754, 0.010717, 0.998242)
168.1469, (0.227601, 0.498698, 5.233832), (0.038598, 0.045855, 0.011291, 0.998138)
168.1609, (0.228256, 0.497875, 5.242744), (0.039815, 0.052720, 0.010615, 0.997759)
168.1727, (0.228184, 0.497414, 5.247252), (0.040710, 0.056114, 0.010286, 0.997541)
168.1854, (0.227829, 0.496783, 5.251933), (0.041607, 0.058367, 0.009971, 0.997378)
168.198, (0.226253, 0.496061, 5.256666), (0.042939, 0.061333, 0.009759, 0.997146)
168.2107, (0.225362, 0.495268, 5.261061), (0.044191, 0.064309, 0.009408, 0.996907)
168.2239, (0.224381, 0.494515, 5.265517), (0.045376, 0.066250, 0.010309, 0.996718)
168.237, (0.223761, 0.494356, 5.265511), (0.044977, 0.065956, 0.011532, 0.996742)
168.2498, (0.222205, 0.493554, 5.270113), (0.044513, 0.068601, 0.013760, 0.996556)
168.2627, (0.221219, 0.492702, 5.274622), (0.043985, 0.071203, 0.014412, 0.996387)
168.276, (0.219439, 0.492310, 5.279065), (0.043867, 0.073910, 0.016312, 0.996166)
168.2893, (0.217566, 0.491909, 5.283559), (0.044139, 0.076688, 0.017154, 0.995930)
168.3026, (0.215878, 0.491467, 5.288197), (0.044028, 0.078629, 0.017385, 0.995780)
168.3163, (0.213376, 0.491077, 5.292660), (0.043646, 0.080659, 0.017274, 0.995636)
168.3297, (0.211334, 0.490828, 5.297231), (0.044381, 0.081715, 0.016981, 0.995522)
168.3436, (0.208904, 0.490654, 5.301739), (0.046042, 0.083085, 0.017784, 0.995319)
168.3572, (0.206748, 0.490544, 5.306376), (0.048615, 0.084511, 0.019166, 0.995051)
168.3712, (0.204269, 0.490766, 5.310948), (0.051785, 0.087273, 0.021373, 0.994608)
168.3848, (0.201942, 0.491141, 5.315302), (0.052594, 0.089916, 0.023093, 0.994292)
168.3994, (0.199850, 0.491660, 5.319622), (0.052192, 0.092817, 0.024133, 0.994022)
168.4128, (0.198159, 0.492514, 5.324071), (0.052619, 0.096236, 0.025303, 0.993645)
168.4269, (0.196382, 0.492967, 5.328638), (0.052753, 0.101584, 0.026498, 0.993074)
168.441, (0.194657, 0.492806, 5.332816), (0.051799, 0.107533, 0.026837, 0.992489)
168.4552, (0.193336, 0.493140, 5.337124), (0.052045, 0.112769, 0.026920, 0.991892)
168.4694, (0.192105, 0.492444, 5.340865), (0.053400, 0.120166, 0.026100, 0.990973)
168.4835, (0.190746, 0.491602, 5.345393), (0.055106, 0.127563, 0.026019, 0.989957)
168.4975, (0.189162, 0.490907, 5.349494), (0.058640, 0.134538, 0.027376, 0.988793)
168.5116, (0.188469, 0.490046, 5.353412), (0.060477, 0.139522, 0.028838, 0.987950)
168.5258, (0.187711, 0.489720, 5.357210), (0.062614, 0.145071, 0.029553, 0.986996)
168.5402, (0.187095, 0.489499, 5.361428), (0.064030, 0.150046, 0.029975, 0.986148)
168.5537, (0.186900, 0.489385, 5.366126), (0.063699, 0.154345, 0.028590, 0.985547)
168.5677, (0.186586, 0.489510, 5.370575), (0.065395, 0.158422, 0.027177, 0.984829)
168.5818, (0.185902, 0.488941, 5.374408), (0.066248, 0.164156, 0.025434, 0.983879)
168.5959, (0.186019, 0.488792, 5.378092), (0.066233, 0.168167, 0.025761, 0.983194)
168.6098, (0.186024, 0.488597, 5.381374), (0.068323, 0.172423, 0.024873, 0.982336)
168.6239, (0.186263, 0.488316, 5.384737), (0.069528, 0.175985, 0.024702, 0.981624)
168.6379, (0.186472, 0.488169, 5.388251), (0.072553, 0.179610, 0.025089, 0.980738)
168.6519, (0.187192, 0.487848, 5.391932), (0.076610, 0.184351, 0.025235, 0.979545)
168.6659, (0.187631, 0.487926, 5.395631), (0.080456, 0.189722, 0.026497, 0.978177)
168.6801, (0.188325, 0.487830, 5.398555), (0.082446, 0.195031, 0.026168, 0.976975)
168.6945, (0.188750, 0.488707, 5.401726), (0.082387, 0.198905, 0.025870, 0.976207)
168.7079, (0.189321, 0.489115, 5.405338), (0.081867, 0.201478, 0.024177, 0.975766)
168.7221, (0.190154, 0.489098, 5.408659), (0.080697, 0.204452, 0.024547, 0.975236)
168.7363, (0.191452, 0.489256, 5.411548), (0.081768, 0.207580, 0.024418, 0.974489)
168.7502, (0.192293, 0.489399, 5.414207), (0.081300, 0.211069, 0.025252, 0.973757)
168.7643, (0.193119, 0.489428, 5.416907), (0.080040, 0.214386, 0.025832, 0.973121)
168.7781, (0.194700, 0.489613, 5.420098), (0.078632, 0.216613, 0.024586, 0.972775)
168.7922, (0.196378, 0.489667, 5.423729), (0.076545, 0.218918, 0.023413, 0.972455)
168.8062, (0.197720, 0.489636, 5.427079), (0.076079, 0.222424, 0.022069, 0.971727)
168.8198, (0.199597, 0.489146, 5.429832), (0.077545, 0.224692, 0.021205, 0.971108)
168.834, (0.201133, 0.488369, 5.432256), (0.078574, 0.226431, 0.021254, 0.970620)
168.8477, (0.202862, 0.487788, 5.434876), (0.081831, 0.228337, 0.020821, 0.969914)
168.8617, (0.204469, 0.487220, 5.437791), (0.084126, 0.231061, 0.020935, 0.969069)
168.8759, (0.206917, 0.486576, 5.440286), (0.085885, 0.233475, 0.020723, 0.968341)
168.8899, (0.209471, 0.486334, 5.442831), (0.087906, 0.237391, 0.020786, 0.967205)
168.9038, (0.212292, 0.486091, 5.445364), (0.089243, 0.240382, 0.020580, 0.966348)
168.9179, (0.215072, 0.485769, 5.448011), (0.089562, 0.244923, 0.020741, 0.965174)
168.9318, (0.218133, 0.485380, 5.450593), (0.090622, 0.248410, 0.020338, 0.964192)
168.9456, (0.221143, 0.485040, 5.453130), (0.091542, 0.252139, 0.021043, 0.963122)
168.96, (0.224013, 0.484900, 5.455372), (0.092555, 0.254683, 0.021593, 0.962343)
168.9737, (0.227005, 0.484677, 5.457621), (0.091372, 0.256400, 0.020351, 0.962027)
168.9874, (0.230032, 0.484688, 5.460123), (0.091752, 0.258638, 0.019367, 0.961412)
169.0011, (0.232897, 0.484352, 5.462475), (0.091857, 0.261434, 0.019101, 0.960651)
169.0153, (0.236533, 0.483933, 5.464129), (0.091483, 0.262382, 0.019581, 0.960418)
169.0292, (0.239648, 0.483647, 5.466141), (0.091642, 0.264013, 0.019645, 0.959955)
169.043, (0.242968, 0.483368, 5.468060), (0.091696, 0.263612, 0.019513, 0.960062)
169.0571, (0.246459, 0.483068, 5.470080), (0.091931, 0.263066, 0.018938, 0.960201)
169.071, (0.249811, 0.482726, 5.472041), (0.091087, 0.262994, 0.018563, 0.960309)
169.0849, (0.253386, 0.482402, 5.474013), (0.090667, 0.261640, 0.017831, 0.960732)
169.0993, (0.256941, 0.481780, 5.476029), (0.090411, 0.260222, 0.017603, 0.961146)
169.1128, (0.260403, 0.481435, 5.477900), (0.090048, 0.258758, 0.017844, 0.961570)
169.1267, (0.263807, 0.481378, 5.479774), (0.090265, 0.256859, 0.017733, 0.962061)
169.1409, (0.267395, 0.481012, 5.481597), (0.087763, 0.253207, 0.017778, 0.963259)
169.1547, (0.271004, 0.481118, 5.483526), (0.086464, 0.249395, 0.017969, 0.964367)
169.1686, (0.274736, 0.480991, 5.485447), (0.084273, 0.245603, 0.018073, 0.965531)
169.1825, (0.278349, 0.480812, 5.487378), (0.081919, 0.240770, 0.019313, 0.966926)
169.1965, (0.281965, 0.480578, 5.489294), (0.080151, 0.236889, 0.020766, 0.968002)
169.2103, (0.285520, 0.480131, 5.490674), (0.077911, 0.230531, 0.022025, 0.969691)
169.2243, (0.288727, 0.480539, 5.492625), (0.078759, 0.225519, 0.023744, 0.970760)
169.2382, (0.292522, 0.480701, 5.494432), (0.078533, 0.220184, 0.024152, 0.971992)
169.2527, (0.296628, 0.481667, 5.496665), (0.080615, 0.212744, 0.024444, 0.973470)
169.2659, (0.300484, 0.483203, 5.499330), (0.082509, 0.206354, 0.023886, 0.974700)
169.2798, (0.304293, 0.484350, 5.501651), (0.082950, 0.200850, 0.023985, 0.975809)
169.2937, (0.307837, 0.486310, 5.504107), (0.083197, 0.195209, 0.023978, 0.976932)
169.3075, (0.311415, 0.487918, 5.506281), (0.080363, 0.189874, 0.023710, 0.978227)
169.3215, (0.314898, 0.488947, 5.507993), (0.074164, 0.185513, 0.024134, 0.979542)
169.3353, (0.318878, 0.489969, 5.509563), (0.069006, 0.180321, 0.024984, 0.980866)
169.3493, (0.322738, 0.490552, 5.511152), (0.064239, 0.177527, 0.028004, 0.981618)
169.3632, (0.327027, 0.490853, 5.512847), (0.060719, 0.173731, 0.029084, 0.982489)
169.3771, (0.331120, 0.490557, 5.514887), (0.057595, 0.170564, 0.030940, 0.983175)
169.3909, (0.334898, 0.490664, 5.517047), (0.056095, 0.167332, 0.031740, 0.983792)
169.4048, (0.338966, 0.490723, 5.519222), (0.054668, 0.163107, 0.030723, 0.984614)
169.4187, (0.342802, 0.490628, 5.521588), (0.055243, 0.158867, 0.028591, 0.985339)
169.4326, (0.346437, 0.490253, 5.523764), (0.056930, 0.155708, 0.026066, 0.985817)
169.4465, (0.350156, 0.489795, 5.525634), (0.059836, 0.152510, 0.024914, 0.986174)
169.4603, (0.353690, 0.489401, 5.527526), (0.062727, 0.148868, 0.025349, 0.986540)
169.4743, (0.357361, 0.489009, 5.529386), (0.065971, 0.145151, 0.025803, 0.986871)
169.4882, (0.360605, 0.488997, 5.531414), (0.068693, 0.141368, 0.027633, 0.987184)
169.502, (0.364109, 0.489344, 5.533467), (0.070825, 0.136000, 0.027827, 0.987782)
169.5159, (0.367133, 0.489645, 5.535490), (0.071875, 0.130784, 0.027896, 0.988409)
169.5298, (0.370183, 0.489614, 5.537469), (0.071786, 0.125399, 0.028266, 0.989102)
169.5437, (0.372960, 0.489704, 5.539395), (0.072513, 0.120367, 0.027205, 0.989704)
169.558, (0.375657, 0.489062, 5.540892), (0.073536, 0.113521, 0.027132, 0.990439)
169.5715, (0.377964, 0.489281, 5.543104), (0.077539, 0.106963, 0.027881, 0.990843)
169.5854, (0.380662, 0.488727, 5.544943), (0.079036, 0.100046, 0.027965, 0.991445)
169.5993, (0.382486, 0.488423, 5.547274), (0.081579, 0.091279, 0.028331, 0.992074)
169.6134, (0.384114, 0.488145, 5.549520), (0.083398, 0.081626, 0.027875, 0.992776)
169.6272, (0.385920, 0.487780, 5.551582), (0.084483, 0.074077, 0.027639, 0.993283)
169.6413, (0.387585, 0.487628, 5.553754), (0.084217, 0.065071, 0.028051, 0.993925)
169.6551, (0.389421, 0.487379, 5.555798), (0.084795, 0.057061, 0.028253, 0.994362)
169.6687, (0.391248, 0.487135, 5.558283), (0.085862, 0.049562, 0.028114, 0.994676)
169.6827, (0.392483, 0.486745, 5.560719), (0.086286, 0.044411, 0.028041, 0.994885)
169.6969, (0.393771, 0.486429, 5.562963), (0.086797, 0.038266, 0.029074, 0.995066)
169.7102, (0.394543, 0.486659, 5.565390), (0.089342, 0.032905, 0.029352, 0.995025)
169.7241, (0.395475, 0.486296, 5.567660), (0.090821, 0.027954, 0.029953, 0.995024)
169.7381, (0.396090, 0.486272, 5.570180), (0.092142, 0.023985, 0.030195, 0.994999)
169.752, (0.396867, 0.486458, 5.572949), (0.093744, 0.019450, 0.030777, 0.994930)
169.7655, (0.397085, 0.486717, 5.575397), (0.094405, 0.015466, 0.032157, 0.994894)
169.7795, (0.397956, 0.486732, 5.577794), (0.095589, 0.010021, 0.032632, 0.994835)
169.7935, (0.397992, 0.487809, 5.580940), (0.095086, 0.006495, 0.032667, 0.994912)
169.8069, (0.398668, 0.488030, 5.583468), (0.096004, 0.001348, 0.033070, 0.994831)
169.8207, (0.399344, 0.488251, 5.585997), (0.096920, -0.003798, 0.033472, 0.994722)
169.8345, (0.399525, 0.489306, 5.589041), (0.097962, -0.007760, 0.034405, 0.994565)
169.8484, (0.399945, 0.489638, 5.591725), (0.096523, -0.012342, 0.034957, 0.994640)
169.8625, (0.400512, 0.489988, 5.594315), (0.097167, -0.017292, 0.035426, 0.994487)
169.8763, (0.399527, 0.490948, 5.596004), (0.091053, -0.019042, 0.033357, 0.995105)
169.8903, (0.398408, 0.489782, 5.597094), (0.085603, -0.018554, 0.026582, 0.995802)
169.9042, (0.398501, 0.489929, 5.599348), (0.084941, -0.022488, 0.025952, 0.995794)
169.9181, (0.396982, 0.489145, 5.599681), (0.087375, -0.021200, 0.026726, 0.995591)
169.932, (0.395463, 0.488638, 5.600831), (0.084950, -0.022663, 0.026221, 0.995782)
169.9458, (0.393895, 0.488112, 5.602202), (0.082676, -0.025300, 0.025203, 0.995937)
169.9596, (0.391622, 0.487352, 5.603005), (0.079937, -0.028283, 0.025559, 0.996071)
169.9742, (0.389269, 0.488143, 5.603791), (0.084922, -0.033768, 0.027406, 0.995438)
169.9875, (0.387263, 0.488112, 5.604730), (0.088304, -0.039189, 0.027739, 0.994936)
170.0012, (0.384406, 0.487625, 5.605382), (0.088826, -0.044907, 0.027185, 0.994663)
170.0151, (0.381272, 0.488236, 5.606071), (0.091293, -0.049743, 0.027377, 0.994204)
170.0289, (0.378051, 0.489175, 5.606483), (0.093762, -0.055459, 0.026568, 0.993694)
170.0427, (0.374702, 0.489809, 5.606822), (0.093437, -0.061696, 0.026239, 0.993365)
170.0567, (0.370437, 0.490576, 5.607009), (0.089987, -0.069363, 0.024798, 0.993215)
170.0704, (0.366444, 0.491530, 5.607351), (0.088037, -0.078083, 0.025474, 0.992725)
170.0844, (0.362154, 0.492171, 5.607183), (0.086323, -0.087618, 0.027263, 0.992032)
170.0982, (0.358381, 0.491930, 5.606841), (0.084286, -0.096118, 0.028352, 0.991390)
170.1121, (0.354363, 0.491889, 5.606222), (0.082390, -0.105356, 0.029876, 0.990565)
170.126, (0.350310, 0.491646, 5.605398), (0.080575, -0.113455, 0.030541, 0.989799)
170.1397, (0.346223, 0.491578, 5.604815), (0.079131, -0.123864, 0.030345, 0.988673)
170.1534, (0.341871, 0.491186, 5.603983), (0.077012, -0.133210, 0.029401, 0.987654)
170.1671, (0.337780, 0.490931, 5.602951), (0.077115, -0.142647, 0.028684, 0.986348)
170.1808, (0.333763, 0.490629, 5.602020), (0.077569, -0.151771, 0.029088, 0.984938)
170.1944, (0.329679, 0.490129, 5.601134), (0.077671, -0.159662, 0.029898, 0.983657)
170.2079, (0.325613, 0.490174, 5.600390), (0.079445, -0.166819, 0.030380, 0.982312)
170.2215, (0.321449, 0.490246, 5.599538), (0.079049, -0.175711, 0.029484, 0.980820)
170.2353, (0.317027, 0.490491, 5.598592), (0.079062, -0.185447, 0.028499, 0.979054)
170.2489, (0.312340, 0.490653, 5.597568), (0.079862, -0.194657, 0.027771, 0.977220)
170.2624, (0.307613, 0.490759, 5.596597), (0.079423, -0.205801, 0.028793, 0.974941)
170.2761, (0.303359, 0.490723, 5.595514), (0.080137, -0.218033, 0.029133, 0.972209)
170.2897, (0.299207, 0.490426, 5.594111), (0.078916, -0.230106, 0.030518, 0.969481)
170.3058, (0.295147, 0.490660, 5.593080), (0.077770, -0.242113, 0.031680, 0.966607)
170.3215, (0.290851, 0.490699, 5.591872), (0.076438, -0.253255, 0.032365, 0.963832)
170.3368, (0.283180, 0.490248, 5.589017), (0.071215, -0.275532, 0.032691, 0.958093)
170.3519, (0.279944, 0.489653, 5.587412), (0.068728, -0.286397, 0.031764, 0.955115)
170.3669, (0.276890, 0.488946, 5.586119), (0.066664, -0.296561, 0.031496, 0.952164)
170.3816, (0.274154, 0.487689, 5.585311), (0.065140, -0.306355, 0.031003, 0.949180)
170.396, (0.270951, 0.487240, 5.584614), (0.066392, -0.315690, 0.032593, 0.945976)
170.4104, (0.268113, 0.486342, 5.583774), (0.068098, -0.324837, 0.034264, 0.942693)
170.4247, (0.265498, 0.485891, 5.583610), (0.071573, -0.334887, 0.035896, 0.938850)
170.4389, (0.262906, 0.485370, 5.583909), (0.073949, -0.344340, 0.036725, 0.935207)
170.4552, (0.260088, 0.485266, 5.583863), (0.075554, -0.352633, 0.036997, 0.931973)
170.4713, (0.257678, 0.485239, 5.583699), (0.077051, -0.360867, 0.037336, 0.928679)
170.4874, (0.252448, 0.485341, 5.583378), (0.078309, -0.379097, 0.038861, 0.921218)
170.5164, (0.250498, 0.486203, 5.584293), (0.080666, -0.387490, 0.039008, 0.917509)
170.5339, (0.245869, 0.486758, 5.584798), (0.083398, -0.405143, 0.040522, 0.909540)
170.5493, (0.243724, 0.487097, 5.584982), (0.083406, -0.413712, 0.040806, 0.905661)
170.5762, (0.239070, 0.488167, 5.585487), (0.081640, -0.431135, 0.040498, 0.897674)
170.5921, (0.236974, 0.488234, 5.585935), (0.079480, -0.440177, 0.038664, 0.893550)
170.6179, (0.232777, 0.488320, 5.587258), (0.078207, -0.457730, 0.038098, 0.884825)
170.6462, (0.230871, 0.487991, 5.588377), (0.077195, -0.466090, 0.038595, 0.880518)
170.662, (0.226612, 0.487783, 5.589676), (0.075859, -0.483877, 0.039443, 0.870949)
170.688, (0.224787, 0.487096, 5.590145), (0.076914, -0.494169, 0.041470, 0.864963)
170.704, (0.220709, 0.486527, 5.591744), (0.078313, -0.512480, 0.044430, 0.853966)
170.7294, (0.219303, 0.486401, 5.593522), (0.079781, -0.523908, 0.046531, 0.846753)
170.7566, (0.215703, 0.486382, 5.597463), (0.082506, -0.542158, 0.047948, 0.834840)
170.7723, (0.212628, 0.486159, 5.601267), (0.083853, -0.558996, 0.049729, 0.823419)
170.799, (0.210556, 0.486435, 5.605489), (0.085137, -0.573078, 0.050030, 0.813529)
170.8153, (0.208443, 0.487413, 5.610334), (0.087850, -0.588136, 0.053536, 0.802192)
170.8406, (0.208643, 0.487305, 5.612841), (0.086121, -0.591049, 0.050983, 0.800403)
170.8664, (0.207276, 0.487777, 5.618469), (0.083412, -0.603782, 0.051135, 0.791123)
170.8922, (0.206719, 0.488066, 5.624084), (0.079845, -0.617088, 0.050063, 0.781231)
170.918, (0.206314, 0.488705, 5.629334), (0.079572, -0.628492, 0.053514, 0.771883)
170.9453, (0.207088, 0.489415, 5.633703), (0.078076, -0.640425, 0.056153, 0.761976)
170.9729, (0.208051, 0.490899, 5.638203), (0.077889, -0.653163, 0.060275, 0.750786)
171.0008, (0.208407, 0.491988, 5.642422), (0.072066, -0.666018, 0.060423, 0.739984)
171.0289, (0.208780, 0.493315, 5.646854), (0.067551, -0.679701, 0.060427, 0.727868)
171.0567, (0.209767, 0.493489, 5.650615), (0.063796, -0.692837, 0.060029, 0.715754)
171.0849, (0.210508, 0.493661, 5.653792), (0.062332, -0.705395, 0.060036, 0.703511)
171.113, (0.210882, 0.493628, 5.656737), (0.063875, -0.717086, 0.060608, 0.691400)
171.1407, (0.212045, 0.493011, 5.660520), (0.064635, -0.727914, 0.062260, 0.679770)
171.1687, (0.213665, 0.492223, 5.663492), (0.062707, -0.737943, 0.064693, 0.668822)
171.1969, (0.215113, 0.492175, 5.666185), (0.061129, -0.748105, 0.067720, 0.657279)
171.225, (0.216099, 0.492493, 5.667902), (0.061264, -0.757873, 0.067653, 0.645986)
171.2533, (0.218189, 0.492700, 5.670644), (0.059990, -0.768181, 0.066106, 0.633979)
171.2813, (0.219619, 0.492501, 5.673949), (0.057347, -0.776794, 0.066534, 0.623599)
171.3094, (0.221642, 0.493061, 5.676194), (0.057144, -0.786159, 0.067248, 0.611692)
171.3376, (0.223149, 0.492536, 5.677708), (0.054546, -0.794593, 0.065336, 0.601147)
171.3656, (0.224962, 0.492935, 5.678299), (0.053222, -0.802503, 0.064899, 0.590715)
171.3936, (0.226684, 0.492926, 5.679350), (0.052348, -0.810357, 0.066738, 0.579765)
171.422, (0.227648, 0.492754, 5.681726), (0.049832, -0.817446, 0.069323, 0.569644)
171.4496, (0.228980, 0.492659, 5.682878), (0.046790, -0.824578, 0.068486, 0.559636)
171.4776, (0.229821, 0.492739, 5.682902), (0.045993, -0.831858, 0.068006, 0.548883)
171.5057, (0.231412, 0.492533, 5.682518), (0.044534, -0.836730, 0.068193, 0.541525)
171.5336, (0.232253, 0.492884, 5.682209), (0.044361, -0.841720, 0.066307, 0.533987)
171.5616, (0.232385, 0.492637, 5.681630), (0.044789, -0.845023, 0.066115, 0.528733)
171.5897, (0.233228, 0.493306, 5.680104), (0.043442, -0.848353, 0.067557, 0.523303)
171.6177, (0.233991, 0.494025, 5.677408), (0.043724, -0.851674, 0.065485, 0.518124)
171.6459, (0.234831, 0.494057, 5.674488), (0.042766, -0.855071, 0.064152, 0.512746)
171.6741, (0.236466, 0.494341, 5.670007), (0.040589, -0.859749, 0.064051, 0.505056)
171.7021, (0.237804, 0.493923, 5.666040), (0.039588, -0.864201, 0.063687, 0.497527)
171.7299, (0.239378, 0.493627, 5.661572), (0.037833, -0.867264, 0.064466, 0.492206)
171.7574, (0.240727, 0.493243, 5.657516), (0.036532, -0.870706, 0.063937, 0.486259)
171.785, (0.242308, 0.492785, 5.651803), (0.034486, -0.871088, 0.065357, 0.485535)
171.8128, (0.243996, 0.492578, 5.646298), (0.032794, -0.872938, 0.066052, 0.482226)
171.8409, (0.245949, 0.492922, 5.639059), (0.029863, -0.873700, 0.064492, 0.481246)
171.869, (0.248387, 0.493936, 5.632055), (0.029584, -0.874006, 0.062550, 0.480964)
171.8952, (0.250379, 0.494438, 5.624950), (0.029787, -0.875500, 0.058559, 0.478732)
171.9229, (0.252447, 0.494362, 5.617593), (0.028275, -0.875452, 0.058394, 0.478930)
171.9509, (0.254260, 0.494444, 5.609796), (0.026900, -0.875149, 0.059254, 0.479458)
171.9793, (0.255683, 0.494696, 5.601322), (0.028925, -0.873808, 0.059430, 0.481759)
172.0084, (0.256778, 0.494444, 5.592085), (0.030119, -0.873284, 0.061237, 0.482409)
172.0361, (0.257525, 0.494847, 5.582496), (0.030275, -0.872172, 0.064900, 0.483929)
172.0636, (0.258493, 0.495391, 5.572573), (0.029575, -0.871772, 0.064551, 0.484740)
172.0913, (0.259476, 0.495420, 5.562504), (0.027474, -0.871447, 0.064114, 0.485505)
172.1191, (0.260316, 0.495355, 5.552841), (0.025606, -0.871539, 0.064082, 0.485446)
172.1468, (0.261326, 0.495494, 5.543345), (0.024627, -0.871303, 0.064340, 0.485886)
172.1746, (0.261618, 0.495599, 5.532773), (0.023292, -0.871064, 0.067069, 0.486011)
172.2024, (0.261879, 0.494564, 5.520617), (0.024866, -0.870826, 0.063750, 0.486805)
172.2303, (0.262583, 0.494543, 5.510136), (0.024477, -0.869834, 0.064980, 0.488434)
172.2582, (0.262710, 0.494533, 5.499511), (0.024397, -0.869478, 0.061308, 0.489546)
172.286, (0.262631, 0.494278, 5.488856), (0.024127, -0.868422, 0.059864, 0.491608)
172.3139, (0.262392, 0.494798, 5.478229), (0.024442, -0.867092, 0.058760, 0.494067)
172.3418, (0.262255, 0.494640, 5.467387), (0.024431, -0.865691, 0.054210, 0.497036)
172.3699, (0.262142, 0.494796, 5.456652), (0.023915, -0.863378, 0.051816, 0.501320)
172.3978, (0.261159, 0.494435, 5.446044), (0.023977, -0.859614, 0.047443, 0.508172)
172.4257, (0.260289, 0.494194, 5.435810), (0.022394, -0.855942, 0.046401, 0.514499)
172.4535, (0.259316, 0.494639, 5.425788), (0.021946, -0.852245, 0.045026, 0.520739)
172.4814, (0.258787, 0.494820, 5.415493), (0.021339, -0.848814, 0.042962, 0.526511)
172.509, (0.258747, 0.494819, 5.406425), (0.021854, -0.847437, 0.040551, 0.528894)
172.537, (0.257840, 0.494088, 5.397779), (0.022300, -0.846632, 0.042627, 0.530000)
172.5648, (0.256738, 0.494246, 5.388628), (0.021604, -0.845463, 0.046637, 0.531555)
172.5928, (0.255270, 0.494656, 5.379040), (0.023454, -0.844638, 0.048154, 0.532653)
172.6207, (0.253495, 0.495151, 5.370091), (0.022210, -0.843759, 0.048693, 0.534047)
172.6488, (0.250479, 0.496093, 5.361017), (0.020577, -0.843327, 0.048836, 0.534782)
172.6764, (0.247328, 0.496355, 5.351828), (0.019701, -0.842373, 0.048807, 0.536318)
172.7031, (0.244444, 0.496230, 5.343231), (0.017747, -0.842181, 0.049852, 0.536592)
172.7307, (0.241300, 0.495791, 5.335030), (0.015307, -0.842745, 0.050804, 0.535692)
172.7589, (0.237292, 0.495225, 5.327196), (0.013415, -0.842999, 0.053191, 0.535111)
172.7871, (0.233452, 0.494884, 5.319067), (0.011855, -0.843271, 0.054592, 0.534577)
172.8152, (0.228028, 0.493646, 5.312103), (0.012982, -0.844371, 0.056926, 0.532568)
172.8432, (0.223925, 0.493093, 5.304377), (0.012101, -0.844548, 0.058487, 0.532139)
172.871, (0.218613, 0.492937, 5.297608), (0.011018, -0.844782, 0.058802, 0.531756)
172.8989, (0.211319, 0.492271, 5.291646), (0.011160, -0.845630, 0.055791, 0.530729)
172.927, (0.204888, 0.491966, 5.285671), (0.009969, -0.847299, 0.054928, 0.528175)
172.9548, (0.197875, 0.490577, 5.280180), (0.009258, -0.848839, 0.054784, 0.525725)
172.983, (0.191244, 0.489094, 5.275445), (0.007586, -0.849277, 0.053296, 0.525196)
173.0108, (0.183634, 0.487553, 5.271181), (0.007838, -0.849646, 0.051074, 0.524816)
173.0386, (0.176336, 0.485530, 5.267399), (0.006770, -0.850279, 0.050717, 0.523839)
173.0663, (0.169097, 0.484984, 5.263895), (0.006869, -0.850994, 0.055735, 0.522165)
173.0942, (0.160151, 0.487630, 5.259919), (0.011866, -0.851627, 0.065015, 0.519965)
173.122, (0.150384, 0.492393, 5.254849), (0.019144, -0.851612, 0.066510, 0.519584)
173.1499, (0.142758, 0.497711, 5.250460), (0.018753, -0.853991, 0.053006, 0.517240)
173.1777, (0.135537, 0.500994, 5.246634), (0.015339, -0.856724, 0.043536, 0.513706)
173.2053, (0.128342, 0.501555, 5.243229), (0.008658, -0.861500, 0.032840, 0.506621)
173.2332, (0.120944, 0.501264, 5.239245), (0.006306, -0.865107, 0.025802, 0.500884)
173.261, (0.113369, 0.498701, 5.235241), (0.005523, -0.867767, 0.022915, 0.496412)
173.2888, (0.106303, 0.495687, 5.230602), (0.007500, -0.868544, 0.028538, 0.494733)
173.3168, (0.100525, 0.494089, 5.226933), (0.011752, -0.868707, 0.032750, 0.494102)
173.3449, (0.094029, 0.494348, 5.221896), (0.019242, -0.868902, 0.037362, 0.493197)
173.3728, (0.087212, 0.495328, 5.216313), (0.025370, -0.868741, 0.039627, 0.493027)
173.4008, (0.081111, 0.498244, 5.210594), (0.030296, -0.867707, 0.042000, 0.494370)
173.4285, (0.075417, 0.500256, 5.204716), (0.031069, -0.867745, 0.036447, 0.494697)
173.4564, (0.069403, 0.501865, 5.199277), (0.033031, -0.867798, 0.034694, 0.494603)
173.4845, (0.063803, 0.501143, 5.190589), (0.023018, -0.867975, 0.027905, 0.495290)
173.5125, (0.057948, 0.500024, 5.183129), (0.019544, -0.867736, 0.028256, 0.495836)
173.5401, (0.052278, 0.498672, 5.175318), (0.017976, -0.865700, 0.029483, 0.499371)
173.5679, (0.047349, 0.497457, 5.167189), (0.017975, -0.862082, 0.031226, 0.505487)
173.596, (0.042598, 0.495835, 5.158418), (0.020940, -0.859666, 0.034237, 0.509278)
173.6237, (0.038401, 0.493524, 5.149405), (0.021238, -0.857310, 0.038071, 0.512952)
173.6517, (0.035003, 0.492419, 5.139860), (0.022354, -0.854451, 0.042049, 0.517345)
173.6801, (0.031270, 0.490665, 5.128891), (0.023617, -0.851502, 0.041330, 0.522186)
173.7074, (0.027938, 0.489728, 5.118143), (0.022719, -0.846805, 0.044598, 0.529543)
173.7351, (0.025022, 0.489093, 5.106814), (0.019997, -0.842604, 0.043261, 0.536420)
173.7629, (0.022274, 0.488802, 5.093441), (0.017940, -0.838188, 0.041463, 0.543508)
173.7907, (0.020289, 0.487722, 5.080825), (0.014439, -0.834832, 0.039766, 0.548877)
173.8191, (0.019048, 0.486077, 5.067147), (0.010879, -0.832300, 0.037277, 0.552964)
173.8468, (0.018357, 0.485211, 5.053435), (0.010985, -0.829795, 0.037002, 0.556732)
173.8744, (0.017681, 0.485294, 5.039170), (0.014046, -0.828067, 0.040998, 0.558952)
173.9021, (0.016377, 0.487233, 5.024663), (0.018798, -0.825621, 0.046669, 0.561977)
173.93, (0.014332, 0.489910, 5.009146), (0.019591, -0.822823, 0.047327, 0.565984)
173.9579, (0.013624, 0.491738, 4.994785), (0.013474, -0.821959, 0.038401, 0.568091)
173.9859, (0.011954, 0.492570, 4.981088), (0.007305, -0.821694, 0.034532, 0.568835)
174.0137, (0.009783, 0.492125, 4.967430), (0.001597, -0.820436, 0.035062, 0.570660)
174.0415, (0.006594, 0.491473, 4.955629), (0.003175, -0.818294, 0.037961, 0.573537)
174.0691, (0.002932, 0.491189, 4.943829), (0.008323, -0.814607, 0.044667, 0.578232)
174.0968, (-0.000426, 0.490487, 4.932312), (0.009635, -0.810239, 0.047570, 0.584086)
174.125, (-0.004545, 0.490733, 4.922309), (0.013251, -0.806027, 0.044811, 0.590032)
174.1528, (-0.008022, 0.489680, 4.911878), (0.012113, -0.804052, 0.045481, 0.592694)
174.1807, (-0.011993, 0.487927, 4.902470), (0.011397, -0.801196, 0.049428, 0.596248)
174.209, (-0.016104, 0.487460, 4.893071), (0.012589, -0.799140, 0.056383, 0.598363)
174.2362, (-0.020061, 0.487728, 4.884925), (0.014680, -0.797132, 0.059784, 0.600659)
174.2641, (-0.024336, 0.488500, 4.877252), (0.016421, -0.794339, 0.061250, 0.604156)
174.2919, (-0.028862, 0.489166, 4.869309), (0.014373, -0.792348, 0.058416, 0.607096)
174.3198, (-0.033459, 0.489822, 4.862059), (0.012913, -0.790930, 0.055527, 0.609246)
174.3477, (-0.039512, 0.490042, 4.855365), (0.010005, -0.792094, 0.050754, 0.608204)
174.3756, (-0.046052, 0.489741, 4.848484), (0.009916, -0.792268, 0.049020, 0.608120)
174.4034, (-0.053014, 0.488872, 4.841702), (0.010945, -0.793140, 0.048554, 0.607002)
174.4311, (-0.060522, 0.487092, 4.834988), (0.010452, -0.793213, 0.051896, 0.606639)
174.459, (-0.068800, 0.485887, 4.829018), (0.011188, -0.793419, 0.056953, 0.605903)
174.487, (-0.077910, 0.485071, 4.822899), (0.011338, -0.793813, 0.059190, 0.605168)
174.5149, (-0.088085, 0.484355, 4.817396), (0.012502, -0.795908, 0.059059, 0.602401)
174.5429, (-0.098301, 0.482905, 4.812622), (0.011891, -0.797681, 0.058459, 0.600122)
174.5708, (-0.108525, 0.481759, 4.809232), (0.012307, -0.799249, 0.060037, 0.597868)
174.5988, (-0.119001, 0.480492, 4.806339), (0.014672, -0.799349, 0.059341, 0.597750)
174.6265, (-0.129468, 0.479069, 4.804276), (0.016919, -0.800551, 0.055486, 0.596451)
174.6544, (-0.140395, 0.477544, 4.802466), (0.019762, -0.801996, 0.051787, 0.594752)
174.6823, (-0.150473, 0.475336, 4.801840), (0.020978, -0.803925, 0.048523, 0.592377)
174.7103, (-0.160405, 0.473375, 4.801091), (0.021357, -0.806136, 0.046716, 0.589496)
174.7381, (-0.169984, 0.472007, 4.801165), (0.020426, -0.808859, 0.043370, 0.586045)
174.7664, (-0.182969, 0.475875, 4.800468), (0.032008, -0.810092, 0.055027, 0.582837)
174.7941, (-0.195529, 0.478303, 4.799173), (0.038097, -0.810027, 0.056843, 0.582386)
174.8218, (-0.207266, 0.479517, 4.798323), (0.042606, -0.811168, 0.058654, 0.580303)
174.8495, (-0.219004, 0.480731, 4.797473), (0.047114, -0.812284, 0.060464, 0.578203)
174.8773, (-0.228755, 0.491063, 4.794929), (0.040735, -0.812106, 0.024816, 0.581558)
174.9053, (-0.239262, 0.489775, 4.791782), (0.026856, -0.811387, 0.013922, 0.583726)
174.9331, (-0.249685, 0.489151, 4.789117), (0.028609, -0.810750, 0.014632, 0.584510)
174.9607, (-0.259743, 0.487604, 4.786642), (0.029243, -0.809440, 0.018939, 0.586168)
174.9887, (-0.270606, 0.486171, 4.784364), (0.027453, -0.806848, 0.025317, 0.589578)
175.0167, (-0.281273, 0.486220, 4.782613), (0.029604, -0.803327, 0.032857, 0.593894)
175.0445, (-0.292300, 0.486444, 4.780442), (0.035382, -0.798122, 0.039120, 0.600183)
175.0721, (-0.302487, 0.486916, 4.778671), (0.039171, -0.793053, 0.043104, 0.606362)
175.1002, (-0.312513, 0.487633, 4.777082), (0.040233, -0.786941, 0.044327, 0.614118)
175.1278, (-0.323179, 0.487800, 4.776531), (0.040305, -0.780491, 0.044041, 0.622310)
175.1556, (-0.334406, 0.488080, 4.775748), (0.039835, -0.772314, 0.044409, 0.632433)
175.1832, (-0.344914, 0.487885, 4.774832), (0.039453, -0.762276, 0.043363, 0.644592)
175.2111, (-0.354927, 0.487403, 4.773176), (0.039252, -0.752188, 0.040610, 0.656524)
175.2387, (-0.365432, 0.486678, 4.771732), (0.040750, -0.741777, 0.041173, 0.668140)
175.2665, (-0.375429, 0.486017, 4.770123), (0.042700, -0.732293, 0.042982, 0.678290)
175.2941, (-0.385437, 0.485229, 4.767678), (0.044827, -0.721623, 0.044914, 0.689372)
175.3219, (-0.395065, 0.484890, 4.765404), (0.045894, -0.710162, 0.046639, 0.700991)
175.3494, (-0.404625, 0.484553, 4.762114), (0.046093, -0.697020, 0.045995, 0.714090)
175.3772, (-0.414408, 0.484197, 4.758981), (0.044545, -0.683203, 0.044044, 0.727537)
175.4047, (-0.424324, 0.483984, 4.755647), (0.041406, -0.667993, 0.043225, 0.741756)
175.4323, (-0.433779, 0.483766, 4.751647), (0.039554, -0.652377, 0.042460, 0.755670)
175.4601, (-0.443153, 0.483312, 4.746902), (0.035185, -0.635685, 0.040380, 0.770089)
175.4877, (-0.452448, 0.483221, 4.741621), (0.033807, -0.619998, 0.040285, 0.782839)
175.5153, (-0.461885, 0.482403, 4.735211), (0.031809, -0.605979, 0.039838, 0.793845)
175.5428, (-0.470453, 0.481035, 4.726579), (0.030958, -0.592796, 0.039912, 0.803767)
175.5705, (-0.479217, 0.480526, 4.718574), (0.030428, -0.579960, 0.040080, 0.813089)
175.5981, (-0.488360, 0.480396, 4.710618), (0.030786, -0.566132, 0.040093, 0.822763)
175.6257, (-0.496991, 0.480404, 4.702744), (0.028656, -0.553106, 0.037671, 0.831765)
175.6534, (-0.505895, 0.482354, 4.694227), (0.033514, -0.538784, 0.039234, 0.840863)
175.681, (-0.516314, 0.486048, 4.681418), (0.042661, -0.524045, 0.040671, 0.849649)
175.7087, (-0.524340, 0.488146, 4.671890), (0.035802, -0.513113, 0.032571, 0.856955)
175.7363, (-0.531087, 0.489815, 4.660824), (0.033382, -0.504316, 0.031521, 0.862298)
175.7643, (-0.540523, 0.490156, 4.651669), (0.030390, -0.493561, 0.034499, 0.868495)
175.7918, (-0.549264, 0.491826, 4.644318), (0.032084, -0.484549, 0.033477, 0.873535)
175.8196, (-0.556799, 0.493158, 4.634837), (0.031126, -0.473413, 0.028565, 0.879827)
175.8474, (-0.564639, 0.493436, 4.628394), (0.029711, -0.460630, 0.023891, 0.886773)
175.875, (-0.573330, 0.493032, 4.622372), (0.030024, -0.447396, 0.022880, 0.893539)
175.9027, (-0.580983, 0.492459, 4.616403), (0.032348, -0.435724, 0.024042, 0.899178)
175.9305, (-0.588678, 0.491209, 4.610870), (0.034479, -0.425990, 0.027899, 0.903640)
175.9583, (-0.596327, 0.490607, 4.606325), (0.038195, -0.416726, 0.033145, 0.907625)
175.9861, (-0.602605, 0.490571, 4.601650), (0.039344, -0.407297, 0.036710, 0.911709)
176.0138, (-0.609138, 0.491018, 4.598061), (0.038690, -0.396355, 0.038202, 0.916486)
176.0415, (-0.615421, 0.492187, 4.596050), (0.038660, -0.383854, 0.038523, 0.921780)
176.0691, (-0.621286, 0.492856, 4.593809), (0.033355, -0.371511, 0.035171, 0.927163)
176.0969, (-0.627111, 0.493060, 4.592385), (0.029768, -0.357994, 0.033421, 0.932651)
176.1247, (-0.631959, 0.492945, 4.591687), (0.027727, -0.342712, 0.032535, 0.938467)
176.1524, (-0.637004, 0.492302, 4.591636), (0.025777, -0.324197, 0.031495, 0.945114)
176.1801, (-0.642044, 0.491482, 4.591431), (0.026125, -0.306444, 0.031649, 0.951004)
176.2078, (-0.646021, 0.490653, 4.591043), (0.025398, -0.289998, 0.033716, 0.956096)
176.2356, (-0.650369, 0.490873, 4.591453), (0.025471, -0.270600, 0.033440, 0.961774)
176.2637, (-0.654233, 0.490264, 4.592363), (0.025525, -0.253709, 0.030781, 0.966454)
176.2915, (-0.658207, 0.489914, 4.593373), (0.029326, -0.237645, 0.030399, 0.970433)
176.3196, (-0.661043, 0.488342, 4.594364), (0.027330, -0.219490, 0.029474, 0.974786)
176.3484, (-0.663341, 0.490228, 4.596067), (0.027028, -0.199642, 0.024993, 0.979177)
176.3756, (-0.666451, 0.492111, 4.597726), (0.018066, -0.180914, 0.017250, 0.983182)
176.4033, (-0.670707, 0.493993, 4.599382), (0.008746, -0.167751, 0.008867, 0.985751)
176.4312, (-0.675389, 0.495295, 4.600398), (0.001986, -0.162926, 0.004251, 0.986627)
176.4591, (-0.680130, 0.495123, 4.600299), (0.000403, -0.161970, 0.004321, 0.986786)
176.487, (-0.685179, 0.495038, 4.600564), (-0.002088, -0.163221, 0.007637, 0.986558)
176.5147, (-0.690105, 0.496183, 4.601779), (-0.005028, -0.164813, 0.005638, 0.986296)
176.5427, (-0.695492, 0.497035, 4.603157), (-0.013301, -0.162703, -0.001350, 0.986584)
176.5705, (-0.700588, 0.497780, 4.604022), (-0.018360, -0.159476, -0.004620, 0.987020)
176.5983, (-0.707455, 0.496811, 4.605552), (-0.023357, -0.162008, -0.011154, 0.986450)
176.6263, (-0.714701, 0.495956, 4.607391), (-0.024924, -0.162411, -0.009492, 0.986363)
176.6536, (-0.721870, 0.496034, 4.609251), (-0.028055, -0.161776, -0.008226, 0.986394)
176.6814, (-0.729340, 0.496956, 4.611897), (-0.029023, -0.163581, -0.009478, 0.986057)
176.7092, (-0.737664, 0.497784, 4.615167), (-0.026602, -0.162685, -0.011331, 0.986254)
176.7369, (-0.745517, 0.499347, 4.617792), (-0.029478, -0.161394, -0.014327, 0.986346)
176.7647, (-0.753169, 0.500245, 4.620296), (-0.031176, -0.160803, -0.016165, 0.986362)
176.7926, (-0.760646, 0.503464, 4.623441), (-0.031912, -0.158863, -0.019192, 0.986598)
176.8203, (-0.768466, 0.503868, 4.626266), (-0.050045, -0.151960, -0.023596, 0.986837)
176.8484, (-0.775207, 0.504132, 4.628732), (-0.051172, -0.150989, -0.022533, 0.986953)
176.8759, (-0.782695, 0.503985, 4.632844), (-0.053585, -0.146929, -0.019398, 0.987504)
176.9037, (-0.789397, 0.505171, 4.635280), (-0.060487, -0.143263, -0.016330, 0.987700)
176.9315, (-0.795658, 0.507868, 4.635577), (-0.063017, -0.142517, -0.013585, 0.987691)
176.959, (-0.802105, 0.510092, 4.636684), (-0.077725, -0.143310, -0.017994, 0.986457)
176.9868, (-0.807850, 0.512692, 4.638641), (-0.085958, -0.140333, -0.020648, 0.986150)
177.0146, (-0.813207, 0.515111, 4.640389), (-0.092052, -0.132289, -0.019547, 0.986734)
177.0423, (-0.819356, 0.517926, 4.640928), (-0.094631, -0.123757, -0.019391, 0.987600)
177.0701, (-0.825951, 0.520002, 4.641493), (-0.097058, -0.115197, -0.017574, 0.988434)
177.0979, (-0.831497, 0.520561, 4.642008), (-0.102262, -0.107236, -0.015451, 0.988840)
177.1257, (-0.836763, 0.523038, 4.643778), (-0.105027, -0.097137, -0.012854, 0.989631)
177.1534, (-0.842605, 0.523848, 4.644529), (-0.112390, -0.086395, -0.013465, 0.989810)
177.1812, (-0.849184, 0.524987, 4.643429), (-0.117001, -0.075116, -0.013627, 0.990193)
177.2091, (-0.856458, 0.525824, 4.643960), (-0.122367, -0.064091, -0.013925, 0.990316)
177.2368, (-0.864052, 0.526559, 4.643369), (-0.126671, -0.055309, -0.015221, 0.990285)
177.2646, (-0.872949, 0.526757, 4.643533), (-0.127522, -0.044526, -0.012438, 0.990758)
177.2923, (-0.882412, 0.527143, 4.643091), (-0.129050, -0.037687, -0.008506, 0.990885)
177.3211, (-0.892268, 0.527468, 4.641268), (-0.132134, -0.030351, -0.006441, 0.990746)
177.348, (-0.902946, 0.527604, 4.640015), (-0.138060, -0.024091, -0.004317, 0.990121)
177.3757, (-0.913521, 0.527773, 4.636994), (-0.140886, -0.016515, -0.003861, 0.989881)
177.4034, (-0.924805, 0.528176, 4.634077), (-0.147940, -0.009360, -0.003507, 0.988946)
177.4313, (-0.936849, 0.528479, 4.630273), (-0.150782, -0.002601, -0.003651, 0.988557)
177.4592, (-0.949668, 0.527504, 4.625697), (-0.155552, -0.000386, -0.004112, 0.987819)
177.4865, (-0.962745, 0.527315, 4.621491), (-0.156688, 0.001199, -0.002969, 0.987643)
177.5142, (-0.975340, 0.528359, 4.617318), (-0.148648, 0.002232, -0.002399, 0.988885)
177.5419, (-0.988392, 0.528922, 4.612662), (-0.141292, 0.004605, -0.002701, 0.989954)
177.5697, (-1.001204, 0.529749, 4.607043), (-0.142783, 0.008075, -0.001129, 0.989721)
177.5977, (-1.013602, 0.532323, 4.601586), (-0.149627, 0.008909, -0.001984, 0.988700)
177.6255, (-1.025698, 0.533978, 4.597052), (-0.158284, 0.007825, -0.004675, 0.987352)
177.6534, (-1.038202, 0.534046, 4.592930), (-0.159626, 0.003541, -0.004990, 0.987159)
177.6812, (-1.049922, 0.532734, 4.589280), (-0.154601, -0.001099, -0.002821, 0.987972)
177.7089, (-1.061111, 0.531354, 4.585290), (-0.147452, -0.003102, 0.000283, 0.989064)
177.7373, (-1.071531, 0.530706, 4.581618), (-0.141450, -0.005395, -0.000628, 0.989931)
177.7645, (-1.081740, 0.529685, 4.578332), (-0.138644, -0.006657, -0.000423, 0.990320)
177.7922, (-1.091152, 0.529201, 4.575647), (-0.134419, -0.009631, 0.000808, 0.990877)
177.8202, (-1.100337, 0.529225, 4.573775), (-0.132605, -0.011565, 0.001481, 0.991100)
177.8478, (-1.108987, 0.529166, 4.570832), (-0.133694, -0.014822, 0.000752, 0.990912)
177.8757, (-1.117399, 0.529224, 4.568626), (-0.135618, -0.016975, 0.000210, 0.990616)
177.9035, (-1.125844, 0.529201, 4.566417), (-0.135992, -0.022220, 0.000320, 0.990461)
177.9313, (-1.133856, 0.528591, 4.564600), (-0.135457, -0.030117, 0.000848, 0.990325)
177.9591, (-1.141430, 0.527780, 4.563069), (-0.132502, -0.039508, 0.001210, 0.990394)
177.9868, (-1.148576, 0.526645, 4.561609), (-0.129332, -0.050166, 0.001861, 0.990330)
178.0149, (-1.155463, 0.525724, 4.561663), (-0.125518, -0.060903, 0.002583, 0.990217)
178.0425, (-1.162114, 0.525195, 4.561854), (-0.120402, -0.070897, 0.002866, 0.990186)
178.0705, (-1.168925, 0.523906, 4.562353), (-0.114398, -0.082008, 0.001911, 0.990042)
178.0984, (-1.175503, 0.522787, 4.563555), (-0.108871, -0.094530, 0.001288, 0.989550)
178.1262, (-1.181626, 0.520886, 4.564796), (-0.099775, -0.104215, 0.002303, 0.989535)
178.1539, (-1.188284, 0.518951, 4.566883), (-0.091295, -0.117209, 0.002010, 0.988900)
178.1816, (-1.195246, 0.516493, 4.569327), (-0.082272, -0.131867, 0.001356, 0.987847)
178.2095, (-1.202367, 0.514337, 4.571606), (-0.071274, -0.146892, 0.002926, 0.986577)
178.2372, (-1.209141, 0.511687, 4.575160), (-0.060887, -0.161882, 0.005433, 0.984915)
178.2651, (-1.215479, 0.509311, 4.578773), (-0.053541, -0.173947, 0.008581, 0.983261)
178.2926, (-1.221665, 0.507840, 4.583264), (-0.047588, -0.187400, 0.010820, 0.981071)
178.3205, (-1.227758, 0.506633, 4.588079), (-0.043076, -0.198625, 0.012996, 0.979042)
178.3489, (-1.233630, 0.505155, 4.592868), (-0.037387, -0.209350, 0.013846, 0.977028)
178.3765, (-1.239246, 0.503541, 4.597902), (-0.032218, -0.223072, 0.015752, 0.974142)
178.4043, (-1.244344, 0.501808, 4.603858), (-0.026664, -0.234777, 0.018088, 0.971515)
178.4321, (-1.249707, 0.500606, 4.610305), (-0.021335, -0.248480, 0.017717, 0.968240)
178.4598, (-1.255409, 0.498541, 4.616394), (-0.017344, -0.263674, 0.017606, 0.964295)
178.4878, (-1.260215, 0.497050, 4.623517), (-0.009646, -0.280649, 0.018263, 0.959588)
178.5157, (-1.265495, 0.495189, 4.631187), (-0.006089, -0.296717, 0.018888, 0.954760)
178.5434, (-1.270875, 0.493340, 4.639329), (-0.002145, -0.312696, 0.019376, 0.949653)
178.5712, (-1.275659, 0.491336, 4.648349), (-0.001141, -0.328055, 0.018268, 0.944481)
178.5992, (-1.280030, 0.489856, 4.658361), (0.000226, -0.342323, 0.017886, 0.939412)
178.6274, (-1.284003, 0.488279, 4.668033), (-0.000709, -0.357755, 0.016966, 0.933661)
178.6543, (-1.288254, 0.486461, 4.678543), (-0.001094, -0.373476, 0.015745, 0.927505)
178.682, (-1.292346, 0.485455, 4.689051), (-0.001651, -0.391497, 0.018382, 0.919995)
178.7097, (-1.297206, 0.486794, 4.700745), (0.008454, -0.411660, 0.022832, 0.911012)
178.7376, (-1.302551, 0.488134, 4.712275), (0.011775, -0.424134, 0.025360, 0.905168)
178.7654, (-1.306371, 0.490051, 4.722138), (0.009391, -0.437828, 0.020830, 0.898768)
178.7931, (-1.310643, 0.490364, 4.731697), (0.008561, -0.453862, 0.017567, 0.890858)
178.8211, (-1.314965, 0.489681, 4.742290), (0.005967, -0.470027, 0.021850, 0.882361)
178.849, (-1.319759, 0.489209, 4.753554), (0.005987, -0.486129, 0.026186, 0.873474)
178.8768, (-1.324890, 0.488688, 4.763515), (0.010188, -0.502426, 0.030342, 0.864028)
178.9047, (-1.329128, 0.488201, 4.773114), (0.012612, -0.514471, 0.031277, 0.856844)
178.9327, (-1.332537, 0.488166, 4.783599), (0.016691, -0.524550, 0.033550, 0.850555)
178.9604, (-1.337442, 0.487944, 4.794587), (0.017003, -0.529506, 0.033100, 0.847490)
178.9886, (-1.341905, 0.487471, 4.804013), (0.015333, -0.534844, 0.030089, 0.844276)
179.0167, (-1.346912, 0.486623, 4.811671), (0.018030, -0.542164, 0.029190, 0.839572)
179.0445, (-1.352138, 0.485591, 4.818567), (0.023839, -0.550181, 0.032335, 0.834079)
179.0721, (-1.357812, 0.485875, 4.825690), (0.031566, -0.558755, 0.037747, 0.827872)
179.0999, (-1.364690, 0.487087, 4.831914), (0.037920, -0.564775, 0.038959, 0.823452)
179.1277, (-1.371016, 0.487993, 4.838498), (0.039521, -0.572489, 0.036691, 0.818137)
179.1555, (-1.377620, 0.487943, 4.843579), (0.038393, -0.579438, 0.035884, 0.813320)
179.1832, (-1.385317, 0.487244, 4.849731), (0.038266, -0.585899, 0.037089, 0.808630)
179.211, (-1.394085, 0.486787, 4.855786), (0.037435, -0.590166, 0.037174, 0.805556)
179.2389, (-1.403259, 0.485806, 4.861709), (0.039894, -0.593996, 0.034820, 0.802723)
179.2668, (-1.412438, 0.483532, 4.866633), (0.042069, -0.596784, 0.035273, 0.800522)
179.2946, (-1.422147, 0.481713, 4.871394), (0.047125, -0.601235, 0.037822, 0.796785)
179.3227, (-1.432597, 0.479844, 4.875543), (0.050795, -0.604197, 0.038975, 0.794259)
179.3506, (-1.443062, 0.477841, 4.879517), (0.054115, -0.606857, 0.038343, 0.792039)
179.3783, (-1.454145, 0.476211, 4.882926), (0.058066, -0.608490, 0.038159, 0.790514)
179.406, (-1.465763, 0.473513, 4.885558), (0.058813, -0.610601, 0.036111, 0.788925)
179.4339, (-1.477632, 0.471628, 4.887695), (0.061775, -0.613152, 0.036889, 0.786681)
179.4615, (-1.489698, 0.469326, 4.888422), (0.063951, -0.616078, 0.036413, 0.784240)
179.4893, (-1.501695, 0.467287, 4.888280), (0.065253, -0.620359, 0.035747, 0.780781)
179.5171, (-1.513425, 0.465298, 4.886474), (0.064846, -0.626574, 0.034845, 0.775878)
179.5446, (-1.525304, 0.463758, 4.884350), (0.065365, -0.633910, 0.033482, 0.769912)
179.5724, (-1.537409, 0.462784, 4.881719), (0.065741, -0.640939, 0.036527, 0.763899)
179.6, (-1.549951, 0.463417, 4.879242), (0.065714, -0.644127, 0.041891, 0.760938)
179.6278, (-1.563272, 0.467324, 4.877305), (0.074292, -0.645769, 0.051456, 0.758166)
179.6554, (-1.576445, 0.469787, 4.875022), (0.071858, -0.647737, 0.047480, 0.756980)
179.6834, (-1.587390, 0.472226, 4.872875), (0.067399, -0.650328, 0.042890, 0.755441)
179.7113, (-1.598969, 0.473242, 4.871166), (0.065909, -0.655763, 0.043190, 0.750843)
179.7389, (-1.610885, 0.474479, 4.869092), (0.065260, -0.659199, 0.044542, 0.747806)
179.7665, (-1.622853, 0.475838, 4.867356), (0.064960, -0.663153, 0.045302, 0.744282)
179.7943, (-1.634364, 0.475739, 4.865887), (0.063610, -0.665773, 0.044678, 0.742095)
179.8223, (-1.643816, 0.472910, 4.868627), (0.073580, -0.655643, 0.035905, 0.750619)
179.8499, (-1.654964, 0.471883, 4.868492), (0.074959, -0.653146, 0.034869, 0.752706)
179.8776, (-1.666016, 0.470788, 4.868861), (0.076655, -0.651794, 0.037763, 0.753566)
179.9054, (-1.676805, 0.470608, 4.869513), (0.080508, -0.649651, 0.042278, 0.754774)
179.9332, (-1.687167, 0.471463, 4.870472), (0.085114, -0.648208, 0.048323, 0.755147)
179.961, (-1.697150, 0.472484, 4.871501), (0.085313, -0.646354, 0.050251, 0.756587)
179.9888, (-1.706761, 0.473688, 4.873127), (0.082943, -0.645327, 0.048525, 0.757839)
180.0167, (-1.715919, 0.474053, 4.875093), (0.080121, -0.643979, 0.047523, 0.759351)
180.0446, (-1.724903, 0.474113, 4.878003), (0.077780, -0.641920, 0.047652, 0.761327)
180.0722, (-1.733748, 0.474220, 4.881405), (0.076391, -0.638569, 0.045317, 0.764422)
180.1, (-1.742613, 0.473971, 4.884972), (0.076351, -0.635036, 0.043212, 0.767485)
180.128, (-1.751237, 0.473749, 4.889326), (0.076868, -0.630889, 0.043205, 0.770846)
180.1557, (-1.760135, 0.474103, 4.894273), (0.076736, -0.627164, 0.043697, 0.773865)
180.1838, (-1.769719, 0.474585, 4.899520), (0.076792, -0.624479, 0.042094, 0.776117)
180.2116, (-1.779327, 0.474738, 4.905057), (0.075612, -0.621967, 0.041480, 0.778280)
180.2393, (-1.789174, 0.474796, 4.911190), (0.074959, -0.621178, 0.042477, 0.778919)
180.2669, (-1.798445, 0.475010, 4.917792), (0.070122, -0.619299, 0.038858, 0.781052)
180.2946, (-1.808291, 0.475186, 4.924423), (0.066487, -0.618953, 0.034420, 0.781852)
180.3225, (-1.817849, 0.474479, 4.931388), (0.063467, -0.621353, 0.031057, 0.780338)
180.3503, (-1.827307, 0.473946, 4.938324), (0.061695, -0.624090, 0.030363, 0.778321)
180.3781, (-1.837231, 0.473477, 4.945889), (0.058806, -0.628168, 0.028904, 0.775314)
180.4054, (-1.846990, 0.472855, 4.953903), (0.057366, -0.632190, 0.028203, 0.772172)
180.4332, (-1.856043, 0.472597, 4.962357), (0.054867, -0.635349, 0.028644, 0.769741)
180.461, (-1.865174, 0.472182, 4.971462), (0.050065, -0.640871, 0.022888, 0.765672)
180.4888, (-1.874735, 0.471328, 4.981222), (0.044266, -0.644874, 0.020339, 0.762735)
180.5172, (-1.883909, 0.471122, 4.991070), (0.038930, -0.649883, 0.020749, 0.758753)
180.5443, (-1.893280, 0.472662, 5.001489), (0.037470, -0.655594, 0.021521, 0.753876)
180.572, (-1.904033, 0.477100, 5.012463), (0.044641, -0.660052, 0.028347, 0.749357)
180.5997, (-1.915341, 0.482279, 5.021967), (0.047395, -0.661972, 0.020191, 0.747756)
180.6274, (-1.923848, 0.485840, 5.031672), (0.042694, -0.665280, 0.008692, 0.745322)
180.6554, (-1.932190, 0.487559, 5.040936), (0.036465, -0.667753, 0.004257, 0.743477)
180.6831, (-1.940955, 0.487834, 5.050439), (0.028229, -0.671760, 0.005497, 0.740210)
180.7107, (-1.950466, 0.488923, 5.059221), (0.028217, -0.674261, 0.003443, 0.737946)
180.7383, (-1.959387, 0.487824, 5.067427), (0.031136, -0.677781, 0.003247, 0.734597)
180.7661, (-1.967607, 0.486333, 5.075657), (0.035631, -0.681559, 0.008976, 0.730841)
180.7938, (-1.977270, 0.485551, 5.082596), (0.035260, -0.683497, 0.010846, 0.729020)
180.8216, (-1.986363, 0.485634, 5.088985), (0.035863, -0.686143, 0.011672, 0.726489)
180.8493, (-1.995556, 0.485298, 5.096171), (0.036082, -0.688975, 0.012405, 0.723780)
180.8771, (-2.004019, 0.485284, 5.101490), (0.037827, -0.694069, 0.012689, 0.718802)
180.9048, (-2.012069, 0.484444, 5.101593), (0.056942, -0.700141, 0.023905, 0.711329)
180.9326, (-2.020231, 0.483468, 5.104620), (0.064578, -0.701904, 0.030849, 0.708667)
180.9602, (-2.027819, 0.482427, 5.107243), (0.067396, -0.705681, 0.037878, 0.704299)
180.9881, (-2.036342, 0.481298, 5.109614), (0.068762, -0.708816, 0.041359, 0.700815)
181.016, (-2.045292, 0.480446, 5.111485), (0.069377, -0.712662, 0.040741, 0.696879)
181.0438, (-2.054284, 0.478338, 5.112808), (0.072595, -0.716857, 0.039221, 0.692321)
181.0717, (-2.063231, 0.475223, 5.112463), (0.076856, -0.720180, 0.042835, 0.688185)
181.0996, (-2.072138, 0.472623, 5.111670), (0.081066, -0.723100, 0.048631, 0.684244)
181.127, (-2.081902, 0.470910, 5.110288), (0.086606, -0.727442, 0.052483, 0.678655)
181.155, (-2.091503, 0.468567, 5.108005), (0.092769, -0.731444, 0.055843, 0.673250)
181.1825, (-2.101296, 0.466861, 5.105743), (0.098324, -0.734500, 0.062328, 0.668549)
181.2101, (-2.110519, 0.464020, 5.102211), (0.100513, -0.736979, 0.063877, 0.665341)
181.2379, (-2.120979, 0.462003, 5.099213), (0.104268, -0.736744, 0.068151, 0.664599)
181.2657, (-2.131246, 0.459654, 5.095765), (0.105203, -0.736748, 0.071817, 0.664061)
181.2936, (-2.141644, 0.457013, 5.091331), (0.105660, -0.735467, 0.073757, 0.665195)
181.3213, (-2.151308, 0.454637, 5.087304), (0.106833, -0.734264, 0.078536, 0.665790)
181.3493, (-2.160550, 0.452421, 5.082443), (0.106053, -0.731769, 0.082612, 0.668164)
181.3771, (-2.170113, 0.451367, 5.076998), (0.105287, -0.727801, 0.084413, 0.672380)
181.4047, (-2.178958, 0.450902, 5.071926), (0.103533, -0.724152, 0.082986, 0.676756)
181.4328, (-2.187491, 0.450800, 5.066415), (0.101353, -0.719739, 0.084218, 0.681624)
181.4607, (-2.196006, 0.450658, 5.060409), (0.097415, -0.715304, 0.082323, 0.687076)
181.4885, (-2.203832, 0.451918, 5.053493), (0.095718, -0.711023, 0.080867, 0.691914)
181.5163, (-2.212743, 0.454301, 5.046686), (0.100143, -0.706537, 0.087131, 0.695115)
181.5438, (-2.221571, 0.456429, 5.039319), (0.101330, -0.702797, 0.090588, 0.698286)
181.5715, (-2.230259, 0.457887, 5.032517), (0.101888, -0.698687, 0.092845, 0.702022)
181.5997, (-2.236964, 0.459800, 5.024531), (0.098756, -0.698257, 0.092990, 0.702878)
181.6271, (-2.242789, 0.459138, 5.019780), (0.093690, -0.700958, 0.095766, 0.700506)
181.655, (-2.250957, 0.459291, 5.014170), (0.097776, -0.698137, 0.097359, 0.702543)
181.6827, (-2.257644, 0.459512, 5.008893), (0.099765, -0.694616, 0.096818, 0.705820)
181.7103, (-2.263912, 0.458714, 5.004212), (0.097725, -0.691704, 0.094842, 0.709225)
181.738, (-2.270470, 0.458612, 4.999596), (0.096658, -0.687510, 0.094757, 0.713449)
181.7658, (-2.276667, 0.458553, 4.995669), (0.095625, -0.684388, 0.090916, 0.717080)
181.7937, (-2.282396, 0.458736, 4.992036), (0.095504, -0.682462, 0.092058, 0.718784)
181.8217, (-2.287760, 0.459549, 4.988215), (0.093761, -0.680042, 0.091643, 0.721355)
181.8496, (-2.292717, 0.461306, 4.985074), (0.089618, -0.678006, 0.088067, 0.724238)
181.8773, (-2.297129, 0.463233, 4.982602), (0.084205, -0.676316, 0.082805, 0.727083)
181.9051, (-2.301014, 0.464742, 4.980671), (0.075239, -0.675237, 0.076707, 0.729733)
181.9328, (-2.305457, 0.467390, 4.979001), (0.069639, -0.674102, 0.068042, 0.732194)
181.9604, (-2.309142, 0.469661, 4.977273), (0.065257, -0.672443, 0.060828, 0.734753)
181.9884, (-2.312940, 0.471500, 4.976313), (0.060327, -0.672184, 0.051416, 0.736129)
182.0161, (-2.316070, 0.473810, 4.975376), (0.060379, -0.671679, 0.050191, 0.736670)
182.044, (-2.320118, 0.475302, 4.974520), (0.060277, -0.672215, 0.049220, 0.736255)
182.0716, (-2.323772, 0.475605, 4.973841), (0.057333, -0.669753, 0.047802, 0.738822)
182.0992, (-2.327877, 0.476824, 4.974087), (0.055876, -0.669406, 0.046412, 0.739337)
182.1275, (-2.332352, 0.477892, 4.974418), (0.054294, -0.668839, 0.043869, 0.740123)
182.155, (-2.337113, 0.479569, 4.974692), (0.050794, -0.668684, 0.041541, 0.740646)
182.1826, (-2.341293, 0.480503, 4.974854), (0.047621, -0.670886, 0.036291, 0.739140)
182.2104, (-2.346239, 0.481206, 4.975190), (0.043989, -0.673509, 0.033009, 0.737130)
182.2381, (-2.350971, 0.481563, 4.976105), (0.040313, -0.676166, 0.029311, 0.735062)
182.266, (-2.356206, 0.482475, 4.976896), (0.038695, -0.679576, 0.027312, 0.732074)
182.2936, (-2.361300, 0.482973, 4.977524), (0.036910, -0.683999, 0.024564, 0.728135)
182.3214, (-2.366674, 0.483325, 4.978270), (0.036520, -0.690617, 0.022461, 0.721949)
182.3495, (-2.373284, 0.483596, 4.978747), (0.035965, -0.697993, 0.021797, 0.714869)
182.3771, (-2.379902, 0.483632, 4.979790), (0.035726, -0.705874, 0.021353, 0.707114)
182.4046, (-2.387164, 0.483614, 4.981711), (0.035483, -0.715003, 0.020002, 0.697934)
182.4327, (-2.395343, 0.483351, 4.983138), (0.035188, -0.723340, 0.018988, 0.689333)
182.46, (-2.403537, 0.483172, 4.985078), (0.037861, -0.732584, 0.019334, 0.679348)
182.4877, (-2.412905, 0.481853, 4.987641), (0.040132, -0.741633, 0.020303, 0.669297)
182.5154, (-2.423447, 0.480883, 4.990733), (0.039902, -0.749597, 0.021109, 0.660354)
182.543, (-2.433846, 0.479606, 4.993745), (0.040021, -0.757165, 0.022090, 0.651622)
182.5707, (-2.444899, 0.477507, 4.997666), (0.040940, -0.764444, 0.023283, 0.642967)
182.5985, (-2.455842, 0.474993, 5.002491), (0.040377, -0.772255, 0.026965, 0.633455)
182.6262, (-2.467486, 0.473091, 5.007584), (0.041148, -0.780209, 0.033496, 0.623264)
182.6541, (-2.479697, 0.471592, 5.013144), (0.041207, -0.788921, 0.037984, 0.611934)
182.6818, (-2.491943, 0.471819, 5.019657), (0.048884, -0.796175, 0.051870, 0.600855)
182.7094, (-2.505259, 0.472679, 5.025294), (0.058715, -0.802353, 0.065062, 0.590381)
182.7372, (-2.517877, 0.474892, 5.030518), (0.060806, -0.804652, 0.067822, 0.586718)
182.7651, (-2.527669, 0.475551, 5.036981), (0.055338, -0.809916, 0.062671, 0.580557)
182.7928, (-2.538594, 0.476420, 5.042366), (0.047733, -0.816006, 0.058458, 0.573095)
182.8205, (-2.549356, 0.477283, 5.047065), (0.047664, -0.824563, 0.057653, 0.560804)
182.8483, (-2.558454, 0.477852, 5.051405), (0.049141, -0.830407, 0.058676, 0.551875)
182.8764, (-2.566058, 0.478495, 5.055868), (0.050119, -0.835203, 0.057454, 0.544632)
182.9041, (-2.574034, 0.478792, 5.059318), (0.050410, -0.838932, 0.057362, 0.538852)
182.9318, (-2.581847, 0.478613, 5.061672), (0.049371, -0.843514, 0.056121, 0.531880)
182.9598, (-2.588398, 0.478614, 5.063617), (0.048588, -0.850142, 0.059229, 0.520951)
182.9873, (-2.595409, 0.479354, 5.064908), (0.051278, -0.855300, 0.062797, 0.511752)
183.0149, (-2.602821, 0.480387, 5.066607), (0.055618, -0.858673, 0.064788, 0.505361)
183.0428, (-2.610096, 0.481176, 5.067642), (0.058362, -0.859257, 0.067105, 0.503754)
183.0706, (-2.617140, 0.481313, 5.068732), (0.055798, -0.860473, 0.066591, 0.502034)
183.0984, (-2.625396, 0.480896, 5.071047), (0.055290, -0.861130, 0.065550, 0.501101)
183.1263, (-2.634141, 0.479920, 5.071567), (0.054770, -0.859869, 0.066673, 0.503171)
183.1541, (-2.642522, 0.478297, 5.072183), (0.053931, -0.858753, 0.068361, 0.504938)
183.1818, (-2.650514, 0.477019, 5.071850), (0.055748, -0.857552, 0.071081, 0.506404)
183.2095, (-2.658439, 0.475769, 5.070744), (0.057587, -0.857284, 0.072412, 0.506462)
183.2374, (-2.666135, 0.474560, 5.069351), (0.061914, -0.857643, 0.074332, 0.505064)
183.265, (-2.673450, 0.473009, 5.067511), (0.065842, -0.858309, 0.076287, 0.503141)
183.2925, (-2.680846, 0.472214, 5.065435), (0.069870, -0.859103, 0.079837, 0.500685)
183.3203, (-2.688479, 0.470966, 5.062957), (0.071421, -0.859116, 0.078990, 0.500579)
183.3482, (-2.696158, 0.470178, 5.060485), (0.071897, -0.858343, 0.076893, 0.502162)
183.3761, (-2.704083, 0.469360, 5.056647), (0.072548, -0.856852, 0.075200, 0.504862)
183.4037, (-2.710602, 0.467980, 5.052578), (0.072066, -0.856062, 0.073684, 0.506493)
183.4318, (-2.716733, 0.466783, 5.047805), (0.071022, -0.855237, 0.075095, 0.507825)
183.4593, (-2.722981, 0.465651, 5.042938), (0.070267, -0.854082, 0.076060, 0.509727)
183.487, (-2.728855, 0.464441, 5.037789), (0.068871, -0.851458, 0.077530, 0.514068)
183.5149, (-2.735219, 0.463503, 5.032557), (0.067201, -0.848445, 0.081637, 0.518614)
183.5427, (-2.741056, 0.463065, 5.027232), (0.063300, -0.843725, 0.083989, 0.526371)
183.5704, (-2.747996, 0.463133, 5.021972), (0.061041, -0.835856, 0.084672, 0.538934)
183.5983, (-2.755074, 0.463117, 5.017129), (0.057164, -0.828814, 0.082551, 0.550440)
183.6261, (-2.761950, 0.462809, 5.011985), (0.052784, -0.821472, 0.081608, 0.561906)
183.6537, (-2.769665, 0.464920, 5.006527), (0.056392, -0.812774, 0.089697, 0.572864)
183.6815, (-2.776717, 0.465711, 5.000743), (0.055624, -0.804621, 0.092365, 0.583918)
183.7092, (-2.783667, 0.467827, 4.994001), (0.054496, -0.795217, 0.088653, 0.597329)
183.7368, (-2.789723, 0.469778, 4.989463), (0.046852, -0.787458, 0.079300, 0.609448)
183.7645, (-2.796921, 0.470802, 4.985318), (0.041622, -0.778922, 0.072477, 0.621527)
183.7919, (-2.803786, 0.471006, 4.981499), (0.037258, -0.769604, 0.065494, 0.634060)
183.8198, (-2.809855, 0.470337, 4.978547), (0.040973, -0.758286, 0.062048, 0.647668)
183.8475, (-2.816592, 0.470201, 4.975540), (0.040958, -0.747702, 0.061581, 0.659903)
183.8751, (-2.822912, 0.470175, 4.972445), (0.043172, -0.736619, 0.062687, 0.672011)
183.9026, (-2.828940, 0.469789, 4.969830), (0.042968, -0.727230, 0.063841, 0.682067)
183.9304, (-2.834973, 0.469408, 4.967255), (0.043626, -0.718479, 0.066532, 0.690984)
183.9582, (-2.840668, 0.469651, 4.965115), (0.045012, -0.708841, 0.071742, 0.700265)
183.9861, (-2.846622, 0.470739, 4.963196), (0.045515, -0.701017, 0.073747, 0.707859)
184.0135, (-2.851453, 0.471677, 4.962324), (0.043010, -0.692662, 0.072444, 0.716325)
184.0413, (-2.856230, 0.472269, 4.962250), (0.040190, -0.683476, 0.069153, 0.725578)
184.0687, (-2.861668, 0.473184, 4.962174), (0.040197, -0.673468, 0.065269, 0.735232)
184.0965, (-2.866979, 0.473275, 4.963037), (0.040677, -0.662922, 0.062314, 0.744981)
184.1244, (-2.872802, 0.473203, 4.963402), (0.039523, -0.652425, 0.060858, 0.754371)
184.1523, (-2.878255, 0.473607, 4.963950), (0.039485, -0.641667, 0.059998, 0.763613)
184.1803, (-2.883723, 0.474047, 4.965071), (0.038998, -0.632307, 0.058314, 0.771536)
184.2079, (-2.889231, 0.474403, 4.966680), (0.037756, -0.624189, 0.057411, 0.778246)
184.2356, (-2.895118, 0.475427, 4.968702), (0.036990, -0.616365, 0.056813, 0.784537)
184.2634, (-2.900906, 0.476294, 4.970540), (0.034935, -0.608228, 0.053701, 0.791173)
184.2914, (-2.906776, 0.477064, 4.972506), (0.031632, -0.601832, 0.048341, 0.796531)
184.3192, (-2.912460, 0.477805, 4.974898), (0.031997, -0.595585, 0.046083, 0.801331)
184.3466, (-2.918390, 0.478364, 4.977620), (0.032400, -0.589459, 0.043482, 0.805976)
184.3745, (-2.924192, 0.478628, 4.980285), (0.033148, -0.585434, 0.041305, 0.808989)
184.402, (-2.929867, 0.478528, 4.982616), (0.033940, -0.582642, 0.039249, 0.811071)
184.4299, (-2.935508, 0.477946, 4.985715), (0.035098, -0.580886, 0.039859, 0.812250)
184.4579, (-2.941215, 0.477655, 4.988862), (0.036842, -0.579018, 0.039265, 0.813535)
184.4854, (-2.947525, 0.477121, 4.991882), (0.038326, -0.578365, 0.036456, 0.814062)
184.5132, (-2.953820, 0.476791, 4.995181), (0.039896, -0.577505, 0.036295, 0.814603)
184.5409, (-2.960324, 0.476640, 4.998981), (0.040911, -0.577065, 0.034305, 0.814951)
184.5688, (-2.967778, 0.476733, 5.002554), (0.042058, -0.577434, 0.031864, 0.814731)
184.5963, (-2.975049, 0.476919, 5.006129), (0.041935, -0.579149, 0.030373, 0.813576)
184.6236, (-2.982793, 0.476960, 5.009571), (0.039900, -0.582393, 0.027567, 0.811459)
184.6514, (-2.990965, 0.477738, 5.013080), (0.036924, -0.585858, 0.023930, 0.809219)
184.6794, (-2.999835, 0.479824, 5.017154), (0.036292, -0.590795, 0.022433, 0.805693)
184.7073, (-3.008932, 0.482021, 5.021028), (0.034032, -0.594696, 0.019125, 0.803003)
184.7351, (-3.017474, 0.484883, 5.024786), (0.029692, -0.598986, 0.014564, 0.800076)
184.7629, (-3.025996, 0.487055, 5.029150), (0.026993, -0.603362, 0.008740, 0.796963)
184.7904, (-3.034685, 0.488689, 5.033385), (0.023496, -0.607606, 0.004227, 0.793880)
184.8183, (-3.043968, 0.488330, 5.038625), (0.020688, -0.612634, 0.000048, 0.790096)
184.8467, (-3.052711, 0.488778, 5.043061), (0.017321, -0.616506, -0.004450, 0.787147)
184.8738, (-3.061394, 0.489742, 5.048094), (0.021927, -0.620389, -0.000280, 0.783988)
184.9014, (-3.070484, 0.490218, 5.052629), (0.021564, -0.624927, -0.001912, 0.780383)
184.9292, (-3.079340, 0.490582, 5.056709), (0.023846, -0.629613, 0.000039, 0.776543)
184.9571, (-3.087750, 0.490979, 5.061308), (0.025724, -0.635621, 0.001556, 0.771571)
184.9846, (-3.095721, 0.491313, 5.065228), (0.027992, -0.642820, 0.004620, 0.765492)
185.0123, (-3.104220, 0.491240, 5.068679), (0.028743, -0.650819, 0.005354, 0.758670)
185.0401, (-3.112945, 0.491821, 5.071668), (0.030828, -0.660636, 0.005076, 0.750056)
185.0678, (-3.121367, 0.491979, 5.073618), (0.034571, -0.672171, 0.007167, 0.739554)
185.0958, (-3.130049, 0.491844, 5.075403), (0.038584, -0.681993, 0.009206, 0.730282)
185.1235, (-3.138412, 0.491157, 5.076663), (0.040996, -0.691033, 0.011369, 0.721571)
185.151, (-3.146636, 0.490799, 5.076608), (0.041601, -0.699744, 0.015710, 0.713008)
185.1789, (-3.155404, 0.490566, 5.075876), (0.041329, -0.709261, 0.021217, 0.703414)
185.2066, (-3.163796, 0.489527, 5.074463), (0.041067, -0.717990, 0.025145, 0.694386)
185.2342, (-3.172479, 0.489023, 5.072766), (0.043328, -0.727781, 0.028426, 0.683849)
185.262, (-3.180496, 0.488944, 5.070536), (0.046291, -0.735509, 0.031191, 0.675212)
185.2897, (-3.188492, 0.488740, 5.067818), (0.048808, -0.741341, 0.032671, 0.668554)
185.3176, (-3.196374, 0.488700, 5.065292), (0.051829, -0.746436, 0.033364, 0.662597)
185.3457, (-3.203648, 0.487223, 5.061647), (0.054591, -0.751427, 0.034497, 0.656649)
185.3734, (-3.211339, 0.486202, 5.058142), (0.055312, -0.756426, 0.037227, 0.650672)
185.4008, (-3.218289, 0.485457, 5.053753), (0.056920, -0.760259, 0.038379, 0.645983)
185.4286, (-3.225321, 0.484077, 5.048797), (0.056918, -0.763202, 0.039525, 0.642434)
185.4564, (-3.231634, 0.483411, 5.043430), (0.055596, -0.765471, 0.040013, 0.639815)
185.4845, (-3.236917, 0.482639, 5.036485), (0.053487, -0.767565, 0.036183, 0.637710)
185.5123, (-3.241824, 0.482067, 5.029691), (0.052490, -0.770678, 0.035308, 0.634077)
185.54, (-3.246451, 0.480899, 5.021381), (0.050392, -0.774611, 0.033304, 0.629547)
185.5678, (-3.249966, 0.479954, 5.012992), (0.049279, -0.778953, 0.033030, 0.624270)
185.5957, (-3.251976, 0.480038, 5.004063), (0.051367, -0.784782, 0.040116, 0.616335)
185.6236, (-3.255182, 0.481134, 4.994887), (0.056356, -0.790589, 0.045757, 0.608029)
185.6514, (-3.257794, 0.482338, 4.986010), (0.054215, -0.797085, 0.046431, 0.599633)
185.6795, (-3.258882, 0.483912, 4.977693), (0.050658, -0.803611, 0.047665, 0.591077)
185.7071, (-3.259564, 0.486060, 4.970727), (0.045591, -0.812118, 0.044128, 0.580033)
185.7348, (-3.260668, 0.487340, 4.963405), (0.045553, -0.819583, 0.038959, 0.569817)
185.7629, (-3.260170, 0.488098, 4.955761), (0.043938, -0.825888, 0.036464, 0.560936)
185.7901, (-3.259077, 0.487713, 4.949317), (0.043851, -0.834038, 0.032349, 0.549010)
185.8179, (-3.257853, 0.487562, 4.942282), (0.046005, -0.841160, 0.033707, 0.537770)
185.8455, (-3.256513, 0.487606, 4.934789), (0.047520, -0.849060, 0.035529, 0.524954)
185.8733, (-3.253704, 0.487890, 4.927310), (0.048280, -0.858636, 0.034617, 0.509131)
185.9009, (-3.250369, 0.487505, 4.920071), (0.045931, -0.868265, 0.034584, 0.492759)
185.9288, (-3.246464, 0.487051, 4.913617), (0.042818, -0.877296, 0.035629, 0.476707)
185.9564, (-3.243038, 0.486983, 4.907617), (0.040192, -0.886676, 0.035926, 0.459239)
185.9845, (-3.238369, 0.487108, 4.901641), (0.037639, -0.895466, 0.035377, 0.442122)
186.0127, (-3.233120, 0.486931, 4.897347), (0.037673, -0.904383, 0.037186, 0.423426)
186.041, (-3.227590, 0.485691, 4.894784), (0.037123, -0.912268, 0.038731, 0.406066)
186.0689, (-3.222805, 0.485577, 4.892488), (0.036817, -0.918045, 0.040732, 0.392656)
186.0971, (-3.217859, 0.485619, 4.891407), (0.035852, -0.923214, 0.040686, 0.380441)
186.1254, (-3.213037, 0.485569, 4.891524), (0.033827, -0.928394, 0.039378, 0.367953)
186.1535, (-3.208144, 0.486556, 4.892007), (0.033067, -0.933153, 0.038401, 0.355891)
186.1818, (-3.203834, 0.487704, 4.892993), (0.032367, -0.937214, 0.037839, 0.345181)
186.2101, (-3.198450, 0.488202, 4.894452), (0.029331, -0.941195, 0.036663, 0.334586)
186.2378, (-3.193808, 0.488318, 4.896381), (0.025620, -0.944846, 0.031887, 0.324952)
186.2659, (-3.188822, 0.487880, 4.898728), (0.023375, -0.948685, 0.030396, 0.313889)
186.294, (-3.183233, 0.487119, 4.901379), (0.021059, -0.952759, 0.032735, 0.301222)
186.3221, (-3.177795, 0.485354, 4.904441), (0.017890, -0.956894, 0.035064, 0.287757)
186.3503, (-3.172040, 0.484242, 4.907749), (0.014334, -0.960704, 0.037488, 0.274657)
186.3783, (-3.166613, 0.482995, 4.911834), (0.010890, -0.964425, 0.039460, 0.261168)
186.4065, (-3.162045, 0.483053, 4.916303), (0.009704, -0.968199, 0.044247, 0.246047)
186.4346, (-3.157921, 0.483697, 4.920323), (0.009721, -0.971533, 0.048676, 0.231645)
186.4627, (-3.153661, 0.484484, 4.924188), (0.009347, -0.974308, 0.050290, 0.219335)
186.4912, (-3.149536, 0.484587, 4.928855), (0.005600, -0.977398, 0.046560, 0.206143)
186.519, (-3.145768, 0.484110, 4.933407), (0.003491, -0.980074, 0.043997, 0.193669)
186.547, (-3.143175, 0.482100, 4.937166), (0.004195, -0.982378, 0.044666, 0.181442)
186.5751, (-3.140234, 0.480641, 4.940857), (0.006134, -0.984572, 0.048684, 0.167957)
186.6031, (-3.136922, 0.478494, 4.944624), (0.007345, -0.986325, 0.052272, 0.156131)
186.6308, (-3.134415, 0.476328, 4.948174), (0.007070, -0.987625, 0.055132, 0.146654)
186.6587, (-3.131488, 0.474660, 4.951504), (0.005209, -0.988790, 0.056200, 0.138235)
186.6866, (-3.128730, 0.474203, 4.954027), (0.007444, -0.990067, 0.056431, 0.128564)
186.7145, (-3.125968, 0.473363, 4.956577), (0.009880, -0.991196, 0.056029, 0.119560)
186.742, (-3.122404, 0.473194, 4.958037), (0.013813, -0.992072, 0.053837, 0.112713)
186.77, (-3.117694, 0.472984, 4.959678), (0.016803, -0.992689, 0.055731, 0.105738)
186.7979, (-3.112001, 0.474234, 4.961694), (0.019197, -0.992980, 0.061355, 0.099291)
186.8262, (-3.102222, 0.475694, 4.963112), (0.023570, -0.993347, 0.068176, 0.089768)
186.8541, (-3.092549, 0.475960, 4.964505), (0.023507, -0.994045, 0.069722, 0.080379)
186.8822, (-3.082186, 0.476948, 4.965124), (0.022609, -0.995053, 0.069763, 0.067024)
186.9102, (-3.071799, 0.477246, 4.965716), (0.018165, -0.995954, 0.069093, 0.054507)
186.9383, (-3.060189, 0.477788, 4.966018), (0.014061, -0.996543, 0.070175, 0.042181)
186.9662, (-3.048579, 0.478045, 4.966748), (0.010244, -0.997074, 0.068615, 0.032099)
186.994, (-3.036766, 0.477476, 4.967398), (0.005527, -0.997487, 0.067004, 0.022366)
187.0221, (-3.024768, 0.476899, 4.967377), (0.000203, -0.997613, 0.067453, 0.014800)
187.05, (-3.013021, 0.476977, 4.967831), (-0.001815, -0.997729, 0.066839, 0.008159)
187.0779, (-3.001474, 0.476762, 4.967830), (-0.003464, -0.997767, 0.066707, 0.000553)
187.1057, (-2.989627, 0.476957, 4.967949), (-0.006063, -0.997866, 0.064770, -0.005584)
187.1336, (-2.977958, 0.477812, 4.967158), (-0.007258, -0.997908, 0.063173, -0.011702)
187.1613, (-2.967365, 0.478447, 4.966656), (-0.008079, -0.998291, 0.056885, -0.010657)
187.1892, (-2.957753, 0.479095, 4.965556), (-0.005113, -0.998678, 0.050780, -0.006177)
187.2169, (-2.948193, 0.480180, 4.963866), (-0.003826, -0.998670, 0.051339, 0.002753)
187.2448, (-2.939198, 0.483160, 4.961864), (0.000063, -0.998340, 0.055733, 0.014547)
187.2724, (-2.929665, 0.485213, 4.959074), (0.004413, -0.998283, 0.050812, 0.028823)
187.3002, (-2.920487, 0.486874, 4.957283), (0.005990, -0.998198, 0.042738, 0.041698)
187.3282, (-2.910566, 0.487636, 4.955339), (0.004872, -0.998084, 0.032984, 0.052114)
187.3559, (-2.900074, 0.487691, 4.951253), (0.005439, -0.997743, 0.029799, 0.059925)
187.3837, (-2.889772, 0.487226, 4.948859), (0.006192, -0.997233, 0.030234, 0.067635)
187.4116, (-2.879332, 0.486453, 4.947380), (0.004347, -0.996462, 0.031765, 0.077694)
187.4394, (-2.869494, 0.485845, 4.946198), (0.003596, -0.995671, 0.032268, 0.087092)
187.4671, (-2.859642, 0.485622, 4.944280), (0.004683, -0.994692, 0.032222, 0.097613)
187.4947, (-2.849999, 0.485538, 4.942710), (0.006212, -0.993509, 0.030652, 0.109373)
187.5224, (-2.840661, 0.485902, 4.941929), (0.006946, -0.992543, 0.029438, 0.118082)
187.5504, (-2.831613, 0.486234, 4.940886), (0.007164, -0.991498, 0.028288, 0.126809)
187.5786, (-2.822809, 0.486732, 4.940225), (0.006413, -0.990362, 0.026919, 0.135710)
187.606, (-2.814156, 0.487832, 4.938547), (0.006528, -0.989427, 0.023977, 0.142889)
187.6333, (-2.805783, 0.489320, 4.936710), (0.007513, -0.988442, 0.021749, 0.149846)
187.6612, (-2.798012, 0.490935, 4.935718), (0.005295, -0.987991, 0.020494, 0.153056)
187.6894, (-2.790220, 0.492274, 4.934011), (0.003410, -0.987578, 0.017028, 0.156169)
187.7176, (-2.782780, 0.494076, 4.932589), (0.002684, -0.986989, 0.013855, 0.160170)
187.7449, (-2.776187, 0.495814, 4.931406), (0.001236, -0.986212, 0.007716, 0.165304)
187.7726, (-2.770000, 0.497156, 4.930536), (0.000257, -0.985065, -0.000519, 0.172184)
187.8006, (-2.764392, 0.498635, 4.929238), (-0.002054, -0.983428, -0.006192, 0.181183)
187.8285, (-2.758376, 0.500052, 4.927507), (-0.003944, -0.982023, -0.011419, 0.188375)
187.8567, (-2.752887, 0.500832, 4.925981), (-0.005119, -0.980855, -0.016506, 0.193973)
187.8868, (-2.747768, 0.500612, 4.924071), (-0.008098, -0.979202, -0.019812, 0.201758)
187.9126, (-2.743317, 0.501335, 4.922075), (-0.010316, -0.977520, -0.022737, 0.209360)
187.9404, (-2.739781, 0.501947, 4.918618), (-0.009886, -0.975722, -0.026515, 0.217176)
187.9675, (-2.735724, 0.502635, 4.915150), (-0.011015, -0.973759, -0.028141, 0.225568)
187.9951, (-2.731668, 0.503212, 4.911991), (-0.012477, -0.971963, -0.032096, 0.232599)
188.023, (-2.727567, 0.503840, 4.909070), (-0.013733, -0.970014, -0.035509, 0.240047)
188.0503, (-2.724937, 0.502535, 4.904529), (-0.015619, -0.969008, -0.040145, 0.243243)
188.078, (-2.723428, 0.501520, 4.898622), (-0.014955, -0.967386, -0.032813, 0.250728)
188.1056, (-2.720469, 0.501057, 4.894074), (-0.013487, -0.965964, -0.032501, 0.256274)
188.1339, (-2.718126, 0.500723, 4.888546), (-0.011741, -0.964536, -0.031620, 0.261788)
188.1613, (-2.715958, 0.500176, 4.882692), (-0.010594, -0.962657, -0.031746, 0.268648)
188.1888, (-2.714077, 0.499451, 4.877119), (-0.009474, -0.960909, -0.035420, 0.274428)
188.2165, (-2.712571, 0.497865, 4.870716), (-0.007183, -0.958732, -0.040076, 0.281382)
188.2439, (-2.710821, 0.496537, 4.864474), (-0.004493, -0.956883, -0.041391, 0.287473)
188.2717, (-2.709442, 0.494705, 4.857923), (-0.001976, -0.954861, -0.041582, 0.294121)
188.2986, (-2.708108, 0.493118, 4.850688), (-0.000110, -0.952655, -0.040730, 0.301314)
188.3263, (-2.706852, 0.492048, 4.843874), (0.002178, -0.950917, -0.038973, 0.306975)
188.3551, (-2.705712, 0.491179, 4.836307), (0.005258, -0.949332, -0.041297, 0.311507)
188.382, (-2.704965, 0.492939, 4.828760), (0.011795, -0.948114, -0.038774, 0.315336)
188.4095, (-2.703772, 0.494897, 4.821107), (0.019274, -0.946184, -0.037162, 0.320911)
188.4371, (-2.702683, 0.496992, 4.813986), (0.026168, -0.944732, -0.037916, 0.324591)
188.4642, (-2.700598, 0.498779, 4.807070), (0.031858, -0.942173, -0.046714, 0.330322)
188.4922, (-2.698922, 0.499668, 4.800600), (0.034713, -0.939989, -0.048907, 0.335892)
188.5199, (-2.696670, 0.499845, 4.793128), (0.034597, -0.937582, -0.052104, 0.342095)
188.5474, (-2.694435, 0.499860, 4.786006), (0.034454, -0.935499, -0.053988, 0.347476)
188.575, (-2.691551, 0.499547, 4.778930), (0.032874, -0.934238, -0.052933, 0.351164)
188.6027, (-2.689041, 0.498357, 4.771623), (0.031762, -0.932898, -0.050756, 0.355128)
188.6303, (-2.686666, 0.496691, 4.764911), (0.030891, -0.931091, -0.047868, 0.360310)
188.6586, (-2.684519, 0.495275, 4.759171), (0.030570, -0.928166, -0.040920, 0.368644)
188.6864, (-2.681957, 0.494119, 4.754059), (0.030299, -0.923157, -0.034802, 0.381644)
188.7137, (-2.679663, 0.493481, 4.748529), (0.031559, -0.917435, -0.028812, 0.395584)
188.7415, (-2.677701, 0.493792, 4.743155), (0.031994, -0.911038, -0.024749, 0.410334)
188.7689, (-2.675264, 0.494719, 4.737350), (0.032272, -0.905053, -0.020152, 0.423594)
188.7963, (-2.672142, 0.495112, 4.731693), (0.030985, -0.898009, -0.019577, 0.438448)
188.8238, (-2.668893, 0.495339, 4.726706), (0.028564, -0.891123, -0.018308, 0.452492)
188.8509, (-2.665417, 0.495257, 4.721105), (0.025774, -0.883567, -0.018450, 0.467232)
188.8782, (-2.661967, 0.495823, 4.715901), (0.022898, -0.875507, -0.015569, 0.482411)
188.9057, (-2.658726, 0.496126, 4.710390), (0.021024, -0.867847, -0.013502, 0.496203)
188.9333, (-2.652489, 0.496334, 4.703396), (0.021721, -0.858129, -0.017445, 0.512679)
188.9608, (-2.647294, 0.496445, 4.697250), (0.020545, -0.850406, -0.016236, 0.525475)
188.9883, (-2.641140, 0.496263, 4.689899), (0.018079, -0.841668, -0.013590, 0.539521)
189.0156, (-2.634068, 0.495634, 4.683026), (0.014244, -0.832178, -0.011907, 0.554198)
189.0434, (-2.627133, 0.495771, 4.675673), (0.012035, -0.823266, -0.012832, 0.567384)
189.0715, (-2.618965, 0.494866, 4.667664), (0.010051, -0.814152, -0.012054, 0.580440)
189.1002, (-2.609502, 0.493500, 4.659741), (0.006668, -0.804458, -0.008584, 0.593911)
189.127, (-2.600583, 0.493343, 4.651694), (0.004288, -0.794382, -0.007746, 0.607355)
189.1548, (-2.591336, 0.492144, 4.644181), (0.004268, -0.783654, -0.007529, 0.621138)
189.1823, (-2.580888, 0.491081, 4.636189), (0.004603, -0.771391, -0.003872, 0.636333)
189.2099, (-2.570571, 0.491166, 4.628103), (0.005964, -0.759509, -0.001189, 0.650469)
189.2377, (-2.560043, 0.490543, 4.619827), (0.006644, -0.747171, 0.000686, 0.664598)
189.2655, (-2.548427, 0.489973, 4.612720), (0.003793, -0.734742, 0.001552, 0.678334)
189.2929, (-2.537281, 0.489654, 4.605569), (0.002473, -0.721779, 0.000390, 0.692119)
189.3208, (-2.526337, 0.489545, 4.597424), (0.003919, -0.708595, -0.000726, 0.705605)
189.3486, (-2.514678, 0.489213, 4.589665), (0.004604, -0.696257, -0.002377, 0.717774)
189.3777, (-2.503376, 0.488772, 4.581189), (0.005891, -0.684266, -0.002921, 0.729203)
189.4075, (-2.493426, 0.488649, 4.573107), (0.009214, -0.672382, -0.001871, 0.740145)
189.4322, (-2.482777, 0.488185, 4.565088), (0.007229, -0.660337, -0.002964, 0.750929)
189.5006, (-2.477452, 0.488099, 4.561638), (0.005487, -0.655583, 0.000579, 0.755103)
